999
cadpy:sourcePath=总装图_Overall_Assembly.py
999
cadpy:sourceHash=7b7a47d6e19e74e7130221acce242a12b7b83b1d64821d92f71af20eb6999cea
  0
SECTION
  2
HEADER
  9
$ACADVER
  1
AC1027
  9
$ACADMAINTVER
 70
105
  9
$DWGCODEPAGE
  3
ANSI_1252
  9
$LASTSAVEDBY
  1
ezdxf
  9
$REQUIREDVERSIONS
160
0
  9
$INSBASE
 10
0.0
 20
0.0
 30
0.0
  9
$EXTMIN
 10
1e+20
 20
1e+20
 30
1e+20
  9
$EXTMAX
 10
-1e+20
 20
-1e+20
 30
-1e+20
  9
$LIMMIN
 10
0.0
 20
0.0
  9
$LIMMAX
 10
420.0
 20
297.0
  9
$ORTHOMODE
 70
0
  9
$REGENMODE
 70
1
  9
$FILLMODE
 70
1
  9
$QTEXTMODE
 70
0
  9
$MIRRTEXT
 70
1
  9
$LTSCALE
 40
1.0
  9
$ATTMODE
 70
1
  9
$TEXTSIZE
 40
2.5
  9
$TRACEWID
 40
1.0
  9
$TEXTSTYLE
  7
OpenSans
  9
$CLAYER
  8
0
  9
$CELTYPE
  6
ByLayer
  9
$CECOLOR
 62
256
  9
$CELTSCALE
 40
1.0
  9
$DISPSILH
 70
0
  9
$DIMSCALE
 40
1.0
  9
$DIMASZ
 40
0.175
  9
$DIMEXO
 40
0.125
  9
$DIMDLI
 40
3.75
  9
$DIMRND
 40
0.0
  9
$DIMDLE
 40
0.0
  9
$DIMEXE
 40
0.375
  9
$DIMTP
 40
0.0
  9
$DIMTM
 40
0.0
  9
$DIMTXT
 40
0.25
  9
$DIMCEN
 40
2.5
  9
$DIMTSZ
 40
0.0
  9
$DIMTOL
 70
0
  9
$DIMLIM
 70
0
  9
$DIMTIH
 70
0
  9
$DIMTOH
 70
0
  9
$DIMSE1
 70
0
  9
$DIMSE2
 70
0
  9
$DIMTAD
 70
1
  9
$DIMZIN
 70
12
  9
$DIMBLK
  1
ARCHTICK
  9
$DIMASO
 70
1
  9
$DIMSHO
 70
1
  9
$DIMPOST
  1

  9
$DIMAPOST
  1

  9
$DIMALT
 70
0
  9
$DIMALTD
 70
3
  9
$DIMALTF
 40
0.03937007874
  9
$DIMLFAC
 40
100.0
  9
$DIMTOFL
 70
1
  9
$DIMTVP
 40
0.0
  9
$DIMTIX
 70
0
  9
$DIMSOXD
 70
0
  9
$DIMSAH
 70
0
  9
$DIMBLK1
  1

  9
$DIMBLK2
  1

  9
$DIMSTYLE
  2
EZDXF
  9
$DIMCLRD
 70
0
  9
$DIMCLRE
 70
0
  9
$DIMCLRT
 70
0
  9
$DIMTFAC
 40
0.5
  9
$DIMGAP
 40
0.1
  9
$DIMJUST
 70
0
  9
$DIMSD1
 70
0
  9
$DIMSD2
 70
0
  9
$DIMTOLJ
 70
0
  9
$DIMTZIN
 70
8
  9
$DIMALTZ
 70
0
  9
$DIMALTTZ
 70
0
  9
$DIMUPT
 70
1
  9
$DIMDEC
 70
2
  9
$DIMTDEC
 70
2
  9
$DIMALTU
 70
2
  9
$DIMALTTD
 70
3
  9
$DIMTXSTY
  7
OpenSansCondensed-Light
  9
$DIMAUNIT
 70
0
  9
$DIMADEC
 70
2
  9
$DIMALTRND
 40
0.0
  9
$DIMAZIN
 70
3
  9
$DIMDSEP
 70
46
  9
$DIMATFIT
 70
3
  9
$DIMFRAC
 70
0
  9
$DIMLDRBLK
  1

  9
$DIMLUNIT
 70
2
  9
$DIMLWD
 70
-2
  9
$DIMLWE
 70
-2
  9
$DIMTMOVE
 70
2
  9
$DIMFXL
 40
1.0
  9
$DIMFXLON
 70
0
  9
$DIMJOGANG
 40
0.785398163397
  9
$DIMTFILL
 70
0
  9
$DIMTFILLCLR
 70
0
  9
$DIMARCSYM
 70
0
  9
$DIMLTYPE
  6

  9
$DIMLTEX1
  6

  9
$DIMLTEX2
  6

  9
$DIMTXTDIRECTION
 70
0
  9
$LUNITS
 70
2
  9
$LUPREC
 70
4
  9
$SKETCHINC
 40
1.0
  9
$FILLETRAD
 40
10.0
  9
$AUNITS
 70
0
  9
$AUPREC
 70
2
  9
$MENU
  1
.
  9
$ELEVATION
 40
0.0
  9
$PELEVATION
 40
0.0
  9
$THICKNESS
 40
0.0
  9
$LIMCHECK
 70
0
  9
$CHAMFERA
 40
0.0
  9
$CHAMFERB
 40
0.0
  9
$CHAMFERC
 40
0.0
  9
$CHAMFERD
 40
0.0
  9
$SKPOLY
 70
0
  9
$TDCREATE
 40
2461238.0380208334
  9
$TDUCREATE
 40
2458532.153996898
  9
$TDUPDATE
 40
2461238.0380324074
  9
$TDUUPDATE
 40
2458532.1544311
  9
$TDINDWG
 40
0.0
  9
$TDUSRTIMER
 40
0.0
  9
$USRTIMER
 70
1
  9
$ANGBASE
 50
0.0
  9
$ANGDIR
 70
0
  9
$PDMODE
 70
0
  9
$PDSIZE
 40
0.0
  9
$PLINEWID
 40
0.0
  9
$SPLFRAME
 70
0
  9
$SPLINETYPE
 70
6
  9
$SPLINESEGS
 70
8
  9
$HANDSEED
  5
642
  9
$SURFTAB1
 70
6
  9
$SURFTAB2
 70
6
  9
$SURFTYPE
 70
6
  9
$SURFU
 70
6
  9
$SURFV
 70
6
  9
$UCSBASE
  2

  9
$UCSNAME
  2

  9
$UCSORG
 10
0.0
 20
0.0
 30
0.0
  9
$UCSXDIR
 10
1.0
 20
0.0
 30
0.0
  9
$UCSYDIR
 10
0.0
 20
1.0
 30
0.0
  9
$UCSORTHOREF
  2

  9
$UCSORTHOVIEW
 70
0
  9
$UCSORGTOP
 10
0.0
 20
0.0
 30
0.0
  9
$UCSORGBOTTOM
 10
0.0
 20
0.0
 30
0.0
  9
$UCSORGLEFT
 10
0.0
 20
0.0
 30
0.0
  9
$UCSORGRIGHT
 10
0.0
 20
0.0
 30
0.0
  9
$UCSORGFRONT
 10
0.0
 20
0.0
 30
0.0
  9
$UCSORGBACK
 10
0.0
 20
0.0
 30
0.0
  9
$PUCSBASE
  2

  9
$PUCSNAME
  2

  9
$PUCSORG
 10
0.0
 20
0.0
 30
0.0
  9
$PUCSXDIR
 10
1.0
 20
0.0
 30
0.0
  9
$PUCSYDIR
 10
0.0
 20
1.0
 30
0.0
  9
$PUCSORTHOREF
  2

  9
$PUCSORTHOVIEW
 70
0
  9
$PUCSORGTOP
 10
0.0
 20
0.0
 30
0.0
  9
$PUCSORGBOTTOM
 10
0.0
 20
0.0
 30
0.0
  9
$PUCSORGLEFT
 10
0.0
 20
0.0
 30
0.0
  9
$PUCSORGRIGHT
 10
0.0
 20
0.0
 30
0.0
  9
$PUCSORGFRONT
 10
0.0
 20
0.0
 30
0.0
  9
$PUCSORGBACK
 10
0.0
 20
0.0
 30
0.0
  9
$USERI1
 70
0
  9
$USERI2
 70
0
  9
$USERI3
 70
0
  9
$USERI4
 70
0
  9
$USERI5
 70
0
  9
$USERR1
 40
0.0
  9
$USERR2
 40
0.0
  9
$USERR3
 40
0.0
  9
$USERR4
 40
0.0
  9
$USERR5
 40
0.0
  9
$WORLDVIEW
 70
1
  9
$SHADEDGE
 70
3
  9
$SHADEDIF
 70
70
  9
$TILEMODE
 70
1
  9
$MAXACTVP
 70
64
  9
$PINSBASE
 10
0.0
 20
0.0
 30
0.0
  9
$PLIMCHECK
 70
0
  9
$PEXTMIN
 10
1e+20
 20
1e+20
 30
1e+20
  9
$PEXTMAX
 10
-1e+20
 20
-1e+20
 30
-1e+20
  9
$PLIMMIN
 10
0.0
 20
0.0
  9
$PLIMMAX
 10
420.0
 20
297.0
  9
$UNITMODE
 70
0
  9
$VISRETAIN
 70
1
  9
$PLINEGEN
 70
0
  9
$PSLTSCALE
 70
1
  9
$TREEDEPTH
 70
3020
  9
$CMLSTYLE
  2
Standard
  9
$CMLJUST
 70
0
  9
$CMLSCALE
 40
20.0
  9
$PROXYGRAPHICS
 70
1
  9
$MEASUREMENT
 70
1
  9
$CELWEIGHT
370
-1
  9
$ENDCAPS
280
0
  9
$JOINSTYLE
280
0
  9
$LWDISPLAY
290
0
  9
$INSUNITS
 70
4
  9
$HYPERLINKBASE
  1

  9
$STYLESHEET
  1

  9
$XEDIT
290
1
  9
$CEPSNTYPE
380
0
  9
$PSTYLEMODE
290
1
  9
$FINGERPRINTGUID
  2
{57DFF5CD-3107-4246-B6F7-7331F24EB93D}
  9
$VERSIONGUID
  2
{4D1E9362-F4C1-42E3-AD26-69AD904C8424}
  9
$EXTNAMES
290
1
  9
$PSVPSCALE
 40
0.0
  9
$OLESTARTUP
290
0
  9
$SORTENTS
280
127
  9
$INDEXCTL
280
0
  9
$HIDETEXT
280
1
  9
$XCLIPFRAME
280
1
  9
$HALOGAP
280
0
  9
$OBSCOLOR
 70
257
  9
$OBSLTYPE
280
0
  9
$INTERSECTIONDISPLAY
280
0
  9
$INTERSECTIONCOLOR
 70
257
  9
$DIMASSOC
280
2
  9
$PROJECTNAME
  1

  9
$CAMERADISPLAY
290
0
  9
$LENSLENGTH
 40
50.0
  9
$CAMERAHEIGHT
 40
0.0
  9
$STEPSPERSEC
 40
24.0
  9
$STEPSIZE
 40
100.0
  9
$3DDWFPREC
 40
2.0
  9
$PSOLWIDTH
 40
0.005
  9
$PSOLHEIGHT
 40
0.08
  9
$LOFTANG1
 40
1.570796326795
  9
$LOFTANG2
 40
1.570796326795
  9
$LOFTMAG1
 40
0.0
  9
$LOFTMAG2
 40
0.0
  9
$LOFTPARAM
 70
7
  9
$LOFTNORMALS
280
1
  9
$LATITUDE
 40
37.795
  9
$LONGITUDE
 40
-122.394
  9
$NORTHDIRECTION
 40
0.0
  9
$TIMEZONE
 70
-8000
  9
$LIGHTGLYPHDISPLAY
280
1
  9
$TILEMODELIGHTSYNCH
280
1
  9
$CMATERIAL
347
20
  9
$SOLIDHIST
280
0
  9
$SHOWHIST
280
1
  9
$DWFFRAME
280
2
  9
$DGNFRAME
280
2
  9
$REALWORLDSCALE
290
1
  9
$INTERFERECOLOR
 62
256
  9
$CSHADOW
280
0
  9
$SHADOWPLANELOCATION
 40
0.0
  0
ENDSEC
  0
SECTION
  2
CLASSES
  0
CLASS
  1
ACDBDICTIONARYWDFLT
  2
AcDbDictionaryWithDefault
  3
ObjectDBX Classes
 90
0
 91
0
280
0
281
0
  0
CLASS
  1
SUN
  2
AcDbSun
  3
SCENEOE
 90
1153
 91
0
280
0
281
0
  0
CLASS
  1
VISUALSTYLE
  2
AcDbVisualStyle
  3
ObjectDBX Classes
 90
4095
 91
0
280
0
281
0
  0
CLASS
  1
MATERIAL
  2
AcDbMaterial
  3
ObjectDBX Classes
 90
1153
 91
0
280
0
281
0
  0
CLASS
  1
SCALE
  2
AcDbScale
  3
ObjectDBX Classes
 90
1153
 91
0
280
0
281
0
  0
CLASS
  1
TABLESTYLE
  2
AcDbTableStyle
  3
ObjectDBX Classes
 90
4095
 91
0
280
0
281
0
  0
CLASS
  1
MLEADERSTYLE
  2
AcDbMLeaderStyle
  3
ACDB_MLEADERSTYLE_CLASS
 90
4095
 91
0
280
0
281
0
  0
CLASS
  1
DICTIONARYVAR
  2
AcDbDictionaryVar
  3
ObjectDBX Classes
 90
0
 91
0
280
0
281
0
  0
CLASS
  1
CELLSTYLEMAP
  2
AcDbCellStyleMap
  3
ObjectDBX Classes
 90
1152
 91
0
280
0
281
0
  0
CLASS
  1
MENTALRAYRENDERSETTINGS
  2
AcDbMentalRayRenderSettings
  3
SCENEOE
 90
1024
 91
0
280
0
281
0
  0
CLASS
  1
ACDBDETAILVIEWSTYLE
  2
AcDbDetailViewStyle
  3
ObjectDBX Classes
 90
1025
 91
0
280
0
281
0
  0
CLASS
  1
ACDBSECTIONVIEWSTYLE
  2
AcDbSectionViewStyle
  3
ObjectDBX Classes
 90
1025
 91
0
280
0
281
0
  0
CLASS
  1
RASTERVARIABLES
  2
AcDbRasterVariables
  3
ISM
 90
0
 91
0
280
0
281
0
  0
CLASS
  1
ACDBPLACEHOLDER
  2
AcDbPlaceHolder
  3
ObjectDBX Classes
 90
0
 91
0
280
0
281
0
  0
CLASS
  1
LAYOUT
  2
AcDbLayout
  3
ObjectDBX Classes
 90
0
 91
0
280
0
281
0
  0
ENDSEC
  0
SECTION
  2
TABLES
  0
TABLE
  2
VPORT
  5
8
330
0
100
AcDbSymbolTable
 70
1
  0
VPORT
  5
23
330
8
100
AcDbSymbolTableRecord
100
AcDbViewportTableRecord
  2
*Active
 70
0
 10
0.0
 20
0.0
 11
1.0
 21
1.0
 12
0.0
 22
0.0
 13
0.0
 23
0.0
 14
0.5
 24
0.5
 15
0.5
 25
0.5
 16
0.0
 26
0.0
 36
1.0
 17
0.0
 27
0.0
 37
0.0
 40
1000.0
 41
1.34
 42
50.0
 43
0.0
 44
0.0
 50
0.0
 51
0.0
 71
0
 72
1000
 73
1
 74
3
 75
0
 76
0
 77
0
 78
0
281
0
 65
0
146
0.0
  0
ENDTAB
  0
TABLE
  2
LTYPE
  5
2
330
0
100
AcDbSymbolTable
 70
21
  0
LTYPE
  5
24
330
2
100
AcDbSymbolTableRecord
100
AcDbLinetypeTableRecord
  2
ByBlock
 70
0
  3

 72
65
 73
0
 40
0.0
  0
LTYPE
  5
25
330
2
100
AcDbSymbolTableRecord
100
AcDbLinetypeTableRecord
  2
ByLayer
 70
0
  3

 72
65
 73
0
 40
0.0
  0
LTYPE
  5
26
330
2
100
AcDbSymbolTableRecord
100
AcDbLinetypeTableRecord
  2
Continuous
 70
0
  3

 72
65
 73
0
 40
0.0
  0
LTYPE
  5
2F
330
2
100
AcDbSymbolTableRecord
100
AcDbLinetypeTableRecord
  2
CENTER
 70
0
  3
Center ____ _ ____ _ ____ _ ____ _ ____ _ ____
 72
65
 73
4
 40
5.08
 49
3.175
 74
0
 49
-0.635
 74
0
 49
0.635
 74
0
 49
-0.635
 74
0
  0
LTYPE
  5
30
330
2
100
AcDbSymbolTableRecord
100
AcDbLinetypeTableRecord
  2
CENTERX2
 70
0
  3
Center (2x) ________  __  ________  __  ________
 72
65
 73
4
 40
8.89
 49
6.35
 74
0
 49
-0.635
 74
0
 49
1.27
 74
0
 49
-0.635
 74
0
  0
LTYPE
  5
31
330
2
100
AcDbSymbolTableRecord
100
AcDbLinetypeTableRecord
  2
CENTER2
 70
0
  3
Center (.5x) ____ _ ____ _ ____ _ ____ _ ____
 72
65
 73
4
 40
2.54
 49
1.587
 74
0
 49
-0.318
 74
0
 49
0.318
 74
0
 49
-0.318
 74
0
  0
LTYPE
  5
32
330
2
100
AcDbSymbolTableRecord
100
AcDbLinetypeTableRecord
  2
DASHED
 70
0
  3
Dashed __ __ __ __ __ __ __ __ __ __ __ __ __ _
 72
65
 73
2
 40
1.524
 49
1.27
 74
0
 49
-0.254
 74
0
  0
LTYPE
  5
33
330
2
100
AcDbSymbolTableRecord
100
AcDbLinetypeTableRecord
  2
DASHEDX2
 70
0
  3
Dashed (2x) ____  ____  ____  ____  ____  ____
 72
65
 73
2
 40
3.048
 49
2.54
 74
0
 49
-0.508
 74
0
  0
LTYPE
  5
34
330
2
100
AcDbSymbolTableRecord
100
AcDbLinetypeTableRecord
  2
DASHED2
 70
0
  3
Dashed (.5x) _ _ _ _ _ _ _ _ _ _ _ _ _ _
 72
65
 73
2
 40
0.762
 49
0.635
 74
0
 49
-0.127
 74
0
  0
LTYPE
  5
35
330
2
100
AcDbSymbolTableRecord
100
AcDbLinetypeTableRecord
  2
PHANTOM
 70
0
  3
Phantom ______  __  __  ______  __  __  ______
 72
65
 73
6
 40
6.35
 49
3.175
 74
0
 49
-0.635
 74
0
 49
0.635
 74
0
 49
-0.635
 74
0
 49
0.635
 74
0
 49
-0.635
 74
0
  0
LTYPE
  5
36
330
2
100
AcDbSymbolTableRecord
100
AcDbLinetypeTableRecord
  2
PHANTOMX2
 70
0
  3
Phantom (2x)____________    ____    ____    ____________
 72
65
 73
6
 40
10.795
 49
6.35
 74
0
 49
-0.635
 74
0
 49
1.27
 74
0
 49
-0.635
 74
0
 49
1.27
 74
0
 49
-0.635
 74
0
  0
LTYPE
  5
37
330
2
100
AcDbSymbolTableRecord
100
AcDbLinetypeTableRecord
  2
PHANTOM2
 70
0
  3
Phantom (.5x) ___ _ _ ___ _ _ ___ _ _ ___ _ _ ___
 72
65
 73
6
 40
3.175
 49
1.587
 74
0
 49
-0.318
 74
0
 49
0.318
 74
0
 49
-0.318
 74
0
 49
0.318
 74
0
 49
-0.318
 74
0
  0
LTYPE
  5
38
330
2
100
AcDbSymbolTableRecord
100
AcDbLinetypeTableRecord
  2
DASHDOT
 70
0
  3
Dash dot __ . __ . __ . __ . __ . __ . __ . __
 72
65
 73
4
 40
3.556
 49
2.54
 74
0
 49
-0.508
 74
0
 49
0.0
 74
0
 49
-0.508
 74
0
  0
LTYPE
  5
39
330
2
100
AcDbSymbolTableRecord
100
AcDbLinetypeTableRecord
  2
DASHDOTX2
 70
0
  3
Dash dot (2x) ____  .  ____  .  ____  .  ____
 72
65
 73
4
 40
6.096
 49
5.08
 74
0
 49
-0.508
 74
0
 49
0.0
 74
0
 49
-0.508
 74
0
  0
LTYPE
  5
3A
330
2
100
AcDbSymbolTableRecord
100
AcDbLinetypeTableRecord
  2
DASHDOT2
 70
0
  3
Dash dot (.5x) _ . _ . _ . _ . _ . _ . _ . _
 72
65
 73
4
 40
1.778
 49
1.27
 74
0
 49
-0.254
 74
0
 49
0.0
 74
0
 49
-0.254
 74
0
  0
LTYPE
  5
3B
330
2
100
AcDbSymbolTableRecord
100
AcDbLinetypeTableRecord
  2
DOT
 70
0
  3
Dot .  .  .  .  .  .  .  .  .  .  .  .  .  .  .  .
 72
65
 73
2
 40
0.508
 49
0.0
 74
0
 49
-0.508
 74
0
  0
LTYPE
  5
3C
330
2
100
AcDbSymbolTableRecord
100
AcDbLinetypeTableRecord
  2
DOTX2
 70
0
  3
Dot (2x) .    .    .    .    .    .    .    . 
 72
65
 73
2
 40
1.016
 49
0.0
 74
0
 49
-1.016
 74
0
  0
LTYPE
  5
3D
330
2
100
AcDbSymbolTableRecord
100
AcDbLinetypeTableRecord
  2
DOT2
 70
0
  3
Dot (.5) . . . . . . . . . . . . . . . . . . . 
 72
65
 73
2
 40
0.254
 49
0.0
 74
0
 49
-0.254
 74
0
  0
LTYPE
  5
3E
330
2
100
AcDbSymbolTableRecord
100
AcDbLinetypeTableRecord
  2
DIVIDE
 70
0
  3
Divide __ . . __ . . __ . . __ . . __ . . __
 72
65
 73
6
 40
4.064
 49
2.54
 74
0
 49
-0.508
 74
0
 49
0.0
 74
0
 49
-0.508
 74
0
 49
0.0
 74
0
 49
-0.508
 74
0
  0
LTYPE
  5
3F
330
2
100
AcDbSymbolTableRecord
100
AcDbLinetypeTableRecord
  2
DIVIDEX2
 70
0
  3
Divide (2x) ____  . .  ____  . .  ____  . .  ____
 72
65
 73
6
 40
6.604
 49
5.08
 74
0
 49
-0.508
 74
0
 49
0.0
 74
0
 49
-0.508
 74
0
 49
0.0
 74
0
 49
-0.508
 74
0
  0
LTYPE
  5
40
330
2
100
AcDbSymbolTableRecord
100
AcDbLinetypeTableRecord
  2
DIVIDE2
 70
0
  3
Divide(.5x) _ . _ . _ . _ . _ . _ . _ . _
 72
65
 73
6
 40
2.032
 49
1.27
 74
0
 49
-0.254
 74
0
 49
0.0
 74
0
 49
-0.254
 74
0
 49
0.0
 74
0
 49
-0.254
 74
0
  0
ENDTAB
  0
TABLE
  2
LAYER
  5
1
330
0
100
AcDbSymbolTable
 70
10
  0
LAYER
  5
27
330
1
100
AcDbSymbolTableRecord
100
AcDbLayerTableRecord
  2
0
 70
0
 62
7
  6
Continuous
370
-3
390
13
347
21
  0
LAYER
  5
28
330
1
100
AcDbSymbolTableRecord
100
AcDbLayerTableRecord
  2
Defpoints
 70
0
 62
7
  6
Continuous
290
0
370
-3
390
13
347
21
  0
LAYER
  5
8A
330
1
100
AcDbSymbolTableRecord
100
AcDbLayerTableRecord
  2
BORDER
 70
0
 62
7
  6
CONTINUOUS
370
-3
390
13
347
21
  0
LAYER
  5
8B
330
1
100
AcDbSymbolTableRecord
100
AcDbLayerTableRecord
  2
OBJECT
 70
0
 62
7
  6
CONTINUOUS
370
-3
390
13
347
21
  0
LAYER
  5
8C
330
1
100
AcDbSymbolTableRecord
100
AcDbLayerTableRecord
  2
HIDDEN
 70
0
 62
5
  6
DASHED
370
-3
390
13
347
21
  0
LAYER
  5
8D
330
1
100
AcDbSymbolTableRecord
100
AcDbLayerTableRecord
  2
CENTER
 70
0
 62
1
  6
CENTER
370
-3
390
13
347
21
  0
LAYER
  5
8E
330
1
100
AcDbSymbolTableRecord
100
AcDbLayerTableRecord
  2
DIM
 70
0
 62
4
  6
CONTINUOUS
370
-3
390
13
347
21
  0
LAYER
  5
8F
330
1
100
AcDbSymbolTableRecord
100
AcDbLayerTableRecord
  2
TEXT
 70
0
 62
7
  6
CONTINUOUS
370
-3
390
13
347
21
  0
LAYER
  5
90
330
1
100
AcDbSymbolTableRecord
100
AcDbLayerTableRecord
  2
HATCH
 70
0
 62
3
  6
CONTINUOUS
370
-3
390
13
347
21
  0
LAYER
  5
91
330
1
100
AcDbSymbolTableRecord
100
AcDbLayerTableRecord
  2
BOM
 70
0
 62
7
  6
CONTINUOUS
370
-3
390
13
347
21
  0
ENDTAB
  0
TABLE
  2
STYLE
  5
5
330
0
100
AcDbSymbolTable
 70
27
  0
STYLE
  5
29
330
5
100
AcDbSymbolTableRecord
100
AcDbTextStyleTableRecord
  2
Standard
 70
0
 40
0.0
 41
1.0
 50
0.0
 71
0
 42
2.5
  3
txt
  4

  0
STYLE
  5
41
330
5
100
AcDbSymbolTableRecord
100
AcDbTextStyleTableRecord
  2
OpenSans-Light
 70
0
 40
0.0
 41
1.0
 50
0.0
 71
0
 42
2.5
  3
OpenSans-Light.ttf
  4

  0
STYLE
  5
42
330
5
100
AcDbSymbolTableRecord
100
AcDbTextStyleTableRecord
  2
OpenSans-Light-Italic
 70
0
 40
0.0
 41
1.0
 50
0.0
 71
0
 42
2.5
  3
OpenSans-LightItalic.ttf
  4

  0
STYLE
  5
43
330
5
100
AcDbSymbolTableRecord
100
AcDbTextStyleTableRecord
  2
OpenSans
 70
0
 40
0.0
 41
1.0
 50
0.0
 71
0
 42
2.5
  3
OpenSans-Regular.ttf
  4

  0
STYLE
  5
44
330
5
100
AcDbSymbolTableRecord
100
AcDbTextStyleTableRecord
  2
OpenSans-Italic
 70
0
 40
0.0
 41
1.0
 50
0.0
 71
0
 42
2.5
  3
OpenSans-Italic.ttf
  4

  0
STYLE
  5
45
330
5
100
AcDbSymbolTableRecord
100
AcDbTextStyleTableRecord
  2
OpenSans-SemiBold
 70
0
 40
0.0
 41
1.0
 50
0.0
 71
0
 42
2.5
  3
OpenSans-SemiBold.ttf
  4

  0
STYLE
  5
46
330
5
100
AcDbSymbolTableRecord
100
AcDbTextStyleTableRecord
  2
OpenSans-SemiBoldItalic
 70
0
 40
0.0
 41
1.0
 50
0.0
 71
0
 42
2.5
  3
OpenSans-SemiBoldItalic.ttf
  4

  0
STYLE
  5
47
330
5
100
AcDbSymbolTableRecord
100
AcDbTextStyleTableRecord
  2
OpenSans-Bold
 70
0
 40
0.0
 41
1.0
 50
0.0
 71
0
 42
2.5
  3
OpenSans-Bold.ttf
  4

  0
STYLE
  5
48
330
5
100
AcDbSymbolTableRecord
100
AcDbTextStyleTableRecord
  2
OpenSans-BoldItalic
 70
0
 40
0.0
 41
1.0
 50
0.0
 71
0
 42
2.5
  3
OpenSans-BoldItalic.ttf
  4

  0
STYLE
  5
49
330
5
100
AcDbSymbolTableRecord
100
AcDbTextStyleTableRecord
  2
OpenSans-ExtraBold
 70
0
 40
0.0
 41
1.0
 50
0.0
 71
0
 42
2.5
  3
OpenSans-ExtraBold.ttf
  4

  0
STYLE
  5
4A
330
5
100
AcDbSymbolTableRecord
100
AcDbTextStyleTableRecord
  2
OpenSans-ExtraBoldItalic
 70
0
 40
0.0
 41
1.0
 50
0.0
 71
0
 42
2.5
  3
OpenSans-ExtraBoldItalic.ttf
  4

  0
STYLE
  5
4B
330
5
100
AcDbSymbolTableRecord
100
AcDbTextStyleTableRecord
  2
OpenSansCondensed-Bold
 70
0
 40
0.0
 41
1.0
 50
0.0
 71
0
 42
2.5
  3
OpenSansCondensed-Bold.ttf
  4

  0
STYLE
  5
4C
330
5
100
AcDbSymbolTableRecord
100
AcDbTextStyleTableRecord
  2
OpenSansCondensed-Light
 70
0
 40
0.0
 41
1.0
 50
0.0
 71
0
 42
2.5
  3
OpenSansCondensed-Light.ttf
  4

  0
STYLE
  5
4D
330
5
100
AcDbSymbolTableRecord
100
AcDbTextStyleTableRecord
  2
OpenSansCondensed-Italic
 70
0
 40
0.0
 41
1.0
 50
0.0
 71
0
 42
2.5
  3
OpenSansCondensed-LightItalic.ttf
  4

  0
STYLE
  5
4E
330
5
100
AcDbSymbolTableRecord
100
AcDbTextStyleTableRecord
  2
LiberationSans
 70
0
 40
0.0
 41
1.0
 50
0.0
 71
0
 42
2.5
  3
LiberationSans-Regular.ttf
  4

  0
STYLE
  5
4F
330
5
100
AcDbSymbolTableRecord
100
AcDbTextStyleTableRecord
  2
LiberationSans-Bold
 70
0
 40
0.0
 41
1.0
 50
0.0
 71
0
 42
2.5
  3
LiberationSans-Bold.ttf
  4

  0
STYLE
  5
50
330
5
100
AcDbSymbolTableRecord
100
AcDbTextStyleTableRecord
  2
LiberationSans-BoldItalic
 70
0
 40
0.0
 41
1.0
 50
0.0
 71
0
 42
2.5
  3
LiberationSans-BoldItalic.ttf
  4

  0
STYLE
  5
51
330
5
100
AcDbSymbolTableRecord
100
AcDbTextStyleTableRecord
  2
LiberationSans-Italic
 70
0
 40
0.0
 41
1.0
 50
0.0
 71
0
 42
2.5
  3
LiberationSans-Italic.ttf
  4

  0
STYLE
  5
52
330
5
100
AcDbSymbolTableRecord
100
AcDbTextStyleTableRecord
  2
LiberationSerif
 70
0
 40
0.0
 41
1.0
 50
0.0
 71
0
 42
2.5
  3
LiberationSerif-Regular.ttf
  4

  0
STYLE
  5
53
330
5
100
AcDbSymbolTableRecord
100
AcDbTextStyleTableRecord
  2
LiberationSerif-Bold
 70
0
 40
0.0
 41
1.0
 50
0.0
 71
0
 42
2.5
  3
LiberationSerif-Bold.ttf
  4

  0
STYLE
  5
54
330
5
100
AcDbSymbolTableRecord
100
AcDbTextStyleTableRecord
  2
LiberationSerif-BoldItalic
 70
0
 40
0.0
 41
1.0
 50
0.0
 71
0
 42
2.5
  3
LiberationSerif-BoldItalic.ttf
  4

  0
STYLE
  5
55
330
5
100
AcDbSymbolTableRecord
100
AcDbTextStyleTableRecord
  2
LiberationSerif-Italic
 70
0
 40
0.0
 41
1.0
 50
0.0
 71
0
 42
2.5
  3
LiberationSerif-Italic.ttf
  4

  0
STYLE
  5
56
330
5
100
AcDbSymbolTableRecord
100
AcDbTextStyleTableRecord
  2
LiberationMono
 70
0
 40
0.0
 41
1.0
 50
0.0
 71
0
 42
2.5
  3
LiberationMono-Regular.ttf
  4

  0
STYLE
  5
57
330
5
100
AcDbSymbolTableRecord
100
AcDbTextStyleTableRecord
  2
LiberationMono-Bold
 70
0
 40
0.0
 41
1.0
 50
0.0
 71
0
 42
2.5
  3
LiberationMono-Bold.ttf
  4

  0
STYLE
  5
58
330
5
100
AcDbSymbolTableRecord
100
AcDbTextStyleTableRecord
  2
LiberationMono-BoldItalic
 70
0
 40
0.0
 41
1.0
 50
0.0
 71
0
 42
2.5
  3
LiberationMono-BoldItalic.ttf
  4

  0
STYLE
  5
59
330
5
100
AcDbSymbolTableRecord
100
AcDbTextStyleTableRecord
  2
LiberationMono-Italic
 70
0
 40
0.0
 41
1.0
 50
0.0
 71
0
 42
2.5
  3
LiberationMono-Italic.ttf
  4

  0
STYLE
  5
92
330
5
100
AcDbSymbolTableRecord
100
AcDbTextStyleTableRecord
  2
CJK
 70
0
 40
0.0
 41
1.0
 50
0.0
 71
0
 42
2.5
  3
simhei.ttf
  4

  0
ENDTAB
  0
TABLE
  2
VIEW
  5
7
330
0
100
AcDbSymbolTable
 70
0
  0
ENDTAB
  0
TABLE
  2
UCS
  5
6
330
0
100
AcDbSymbolTable
 70
0
  0
ENDTAB
  0
TABLE
  2
APPID
  5
3
330
0
100
AcDbSymbolTable
 70
3
  0
APPID
  5
2A
330
3
100
AcDbSymbolTableRecord
100
AcDbRegAppTableRecord
  2
ACAD
 70
0
  0
APPID
  5
63F
330
3
100
AcDbSymbolTableRecord
100
AcDbRegAppTableRecord
  2
HATCHBACKGROUNDCOLOR
 70
0
  0
APPID
  5
640
330
3
100
AcDbSymbolTableRecord
100
AcDbRegAppTableRecord
  2
EZDXF
 70
0
  0
ENDTAB
  0
TABLE
  2
DIMSTYLE
  5
4
330
0
100
AcDbSymbolTable
 70
12
100
AcDbDimStyleTable
  0
DIMSTYLE
105
2B
330
4
100
AcDbSymbolTableRecord
100
AcDbDimStyleTableRecord
  2
Standard
 70
0
 40
1.0
 41
2.5
 42
0.625
 43
3.75
 44
1.25
 45
0.0
 46
0.0
 47
0.0
 48
0.0
 49
2.5
140
2.5
141
2.5
142
0.0
143
0.03937007874
144
1.0
145
0.0
146
1.0
147
0.625
148
0.0
 69
0
 70
0
 71
0
 72
0
 73
0
 74
0
 75
0
 76
0
 77
1
 78
8
 79
3
170
0
171
3
172
1
173
0
174
0
175
0
176
0
177
0
178
0
179
2
271
2
272
2
273
2
274
3
275
0
276
0
277
2
278
44
279
0
280
0
281
0
282
0
283
0
284
8
285
0
286
0
288
0
289
3
290
0
371
-2
372
-2
  0
DIMSTYLE
105
73
330
4
100
AcDbSymbolTableRecord
100
AcDbDimStyleTableRecord
  2
EZDXF
 70
0
 40
1.0
 41
0.175
 42
0.125
 43
3.75
 44
0.375
 45
0.0
 46
0.0
 47
0.0
 48
0.0
 49
2.5
140
0.25
141
2.5
142
0.0
143
0.03937007874
144
100.0
145
0.0
146
0.5
147
0.1
148
0.0
 69
0
 70
0
 71
0
 72
0
 73
0
 74
0
 75
0
 76
0
 77
1
 78
12
 79
3
170
0
171
3
172
1
173
0
174
0
175
0
176
0
177
0
178
0
179
2
271
2
272
2
273
2
274
3
275
0
276
0
277
2
278
46
279
2
280
0
281
0
282
0
283
0
284
8
285
0
286
0
288
1
289
3
290
0
340
4C
342
74
371
-2
372
-2
  0
DIMSTYLE
105
7C
330
4
100
AcDbSymbolTableRecord
100
AcDbDimStyleTableRecord
  2
EZ_M_100_H25_CM
 70
0
 40
1.0
 41
0.25
 42
0.125
 43
3.75
 44
0.375
 45
0.0
 46
0.0
 47
0.0
 48
0.0
 49
2.5
140
0.25
141
2.5
142
0.125
143
0.03937007874
144
100.0
145
0.0
146
0.5
147
0.1
148
0.0
 69
0
 70
0
 71
0
 72
0
 73
0
 74
0
 75
0
 76
0
 77
1
 78
12
 79
3
170
0
171
3
172
1
173
0
174
0
175
0
176
0
177
0
178
0
179
2
271
2
272
2
273
2
274
3
275
0
276
0
277
2
278
46
279
2
280
0
281
0
282
0
283
0
284
8
285
0
286
0
288
1
289
3
290
0
340
4C
371
-2
372
-2
  0
DIMSTYLE
105
7D
330
4
100
AcDbSymbolTableRecord
100
AcDbDimStyleTableRecord
  2
EZ_M_50_H25_CM
 70
0
 40
1.0
 41
0.125
 42
0.0625
 43
3.75
 44
0.1875
 45
0.0
 46
0.0
 47
0.0
 48
0.0
 49
2.5
140
0.125
141
2.5
142
0.0625
143
0.03937007874
144
100.0
145
0.0
146
0.5
147
0.05
148
0.0
 69
0
 70
0
 71
0
 72
0
 73
0
 74
0
 75
0
 76
0
 77
1
 78
12
 79
3
170
0
171
3
172
1
173
0
174
0
175
0
176
0
177
0
178
0
179
2
271
2
272
2
273
2
274
3
275
0
276
0
277
2
278
46
279
2
280
0
281
0
282
0
283
0
284
8
285
0
286
0
288
1
289
3
290
0
340
4C
371
-2
372
-2
  0
DIMSTYLE
105
7E
330
4
100
AcDbSymbolTableRecord
100
AcDbDimStyleTableRecord
  2
EZ_M_25_H25_CM
 70
0
 40
1.0
 41
0.0625
 42
0.03125
 43
3.75
 44
0.09375
 45
0.0
 46
0.0
 47
0.0
 48
0.0
 49
2.5
140
0.0625
141
2.5
142
0.03125
143
0.03937007874
144
100.0
145
0.0
146
0.5
147
0.025
148
0.0
 69
0
 70
0
 71
0
 72
0
 73
0
 74
0
 75
0
 76
0
 77
1
 78
12
 79
3
170
0
171
3
172
1
173
0
174
0
175
0
176
0
177
0
178
0
179
2
271
2
272
2
273
2
274
3
275
0
276
0
277
2
278
46
279
2
280
0
281
0
282
0
283
0
284
8
285
0
286
0
288
1
289
3
290
0
340
4C
371
-2
372
-2
  0
DIMSTYLE
105
7F
330
4
100
AcDbSymbolTableRecord
100
AcDbDimStyleTableRecord
  2
EZ_M_20_H25_CM
 70
0
 40
1.0
 41
0.05
 42
0.025
 43
3.75
 44
0.07500000000000001
 45
0.0
 46
0.0
 47
0.0
 48
0.0
 49
2.5
140
0.05
141
2.5
142
0.025
143
0.03937007874
144
100.0
145
0.0
146
0.5
147
0.020000000000000004
148
0.0
 69
0
 70
0
 71
0
 72
0
 73
0
 74
0
 75
0
 76
0
 77
1
 78
12
 79
3
170
0
171
3
172
1
173
0
174
0
175
0
176
0
177
0
178
0
179
2
271
2
272
2
273
2
274
3
275
0
276
0
277
2
278
46
279
2
280
0
281
0
282
0
283
0
284
8
285
0
286
0
288
1
289
3
290
0
340
4C
371
-2
372
-2
  0
DIMSTYLE
105
80
330
4
100
AcDbSymbolTableRecord
100
AcDbDimStyleTableRecord
  2
EZ_M_10_H25_CM
 70
0
 40
1.0
 41
0.025
 42
0.0125
 43
3.75
 44
0.037500000000000006
 45
0.0
 46
0.0
 47
0.0
 48
0.0
 49
2.5
140
0.025
141
2.5
142
0.0125
143
0.03937007874
144
100.0
145
0.0
146
0.5
147
0.010000000000000002
148
0.0
 69
0
 70
0
 71
0
 72
0
 73
0
 74
0
 75
0
 76
0
 77
1
 78
12
 79
3
170
0
171
3
172
1
173
0
174
0
175
0
176
0
177
0
178
0
179
2
271
2
272
2
273
2
274
3
275
0
276
0
277
2
278
46
279
2
280
0
281
0
282
0
283
0
284
8
285
0
286
0
288
1
289
3
290
0
340
4C
371
-2
372
-2
  0
DIMSTYLE
105
81
330
4
100
AcDbSymbolTableRecord
100
AcDbDimStyleTableRecord
  2
EZ_M_5_H25_CM
 70
0
 40
1.0
 41
0.0125
 42
0.00625
 43
3.75
 44
0.018750000000000003
 45
0.0
 46
0.0
 47
0.0
 48
0.0
 49
2.5
140
0.0125
141
2.5
142
0.00625
143
0.03937007874
144
100.0
145
0.0
146
0.5
147
0.005000000000000001
148
0.0
 69
0
 70
0
 71
0
 72
0
 73
0
 74
0
 75
0
 76
0
 77
1
 78
12
 79
3
170
0
171
3
172
1
173
0
174
0
175
0
176
0
177
0
178
0
179
2
271
2
272
2
273
2
274
3
275
0
276
0
277
2
278
46
279
2
280
0
281
0
282
0
283
0
284
8
285
0
286
0
288
1
289
3
290
0
340
4C
371
-2
372
-2
  0
DIMSTYLE
105
82
330
4
100
AcDbSymbolTableRecord
100
AcDbDimStyleTableRecord
  2
EZ_M_1_H25_CM
 70
0
 40
1.0
 41
0.0025
 42
0.00125
 43
3.75
 44
0.00375
 45
0.0
 46
0.0
 47
0.0
 48
0.0
 49
2.5
140
0.0025
141
2.5
142
0.00125
143
0.03937007874
144
100.0
145
0.0
146
0.5
147
0.001
148
0.0
 69
0
 70
0
 71
0
 72
0
 73
0
 74
0
 75
0
 76
0
 77
1
 78
12
 79
3
170
0
171
3
172
1
173
0
174
0
175
0
176
0
177
0
178
0
179
2
271
2
272
2
273
2
274
3
275
0
276
0
277
2
278
46
279
2
280
0
281
0
282
0
283
0
284
8
285
0
286
0
288
1
289
3
290
0
340
4C
371
-2
372
-2
  0
DIMSTYLE
105
83
330
4
100
AcDbSymbolTableRecord
100
AcDbDimStyleTableRecord
  2
EZ_RADIUS
 70
0
 40
1.0
 41
0.25
 42
0.125
 43
3.75
 44
0.375
 45
0.0
 46
0.0
 47
0.0
 48
0.0
 49
2.5
140
0.25
141
0.0
142
0.0
143
0.03937007874
144
100.0
145
0.0
146
0.5
147
0.1
148
0.0
 69
0
 70
0
 71
0
 72
0
 73
0
 74
0
 75
0
 76
0
 77
1
 78
12
 79
3
170
0
171
3
172
0
173
0
174
0
175
0
176
0
177
0
178
0
179
2
271
2
272
2
273
2
274
3
275
0
276
0
277
2
278
46
279
1
280
0
281
0
282
0
283
0
284
8
285
0
286
0
288
1
289
3
290
0
340
4C
342
84
371
-2
372
-2
  0
DIMSTYLE
105
88
330
4
100
AcDbSymbolTableRecord
100
AcDbDimStyleTableRecord
  2
EZ_RADIUS_INSIDE
 70
0
 40
1.0
 41
0.25
 42
0.125
 43
3.75
 44
0.375
 45
0.0
 46
0.0
 47
0.0
 48
0.0
 49
2.5
140
0.25
141
0.0
142
0.0
143
0.03937007874
144
100.0
145
0.0
146
0.5
147
0.1
148
0.0
 69
0
 70
0
 71
0
 72
0
 73
0
 74
0
 75
0
 76
0
 77
0
 78
12
 79
3
170
0
171
3
172
0
173
0
174
1
175
0
176
0
177
0
178
0
179
2
271
2
272
2
273
2
274
3
275
0
276
0
277
2
278
46
279
0
280
0
281
0
282
0
283
0
284
8
285
0
286
0
288
1
289
0
290
0
340
4C
342
84
371
-2
372
-2
  0
DIMSTYLE
105
89
330
4
100
AcDbSymbolTableRecord
100
AcDbDimStyleTableRecord
  2
EZ_CURVED
 70
0
 40
1.0
 41
0.25
 42
0.125
 43
3.75
 44
0.375
 45
0.0
 46
0.0
 47
0.0
 48
0.0
 49
2.5
140
0.25
141
2.5
142
0.0
143
0.03937007874
144
100.0
145
0.0
146
0.5
147
0.1
148
0.0
 69
0
 70
0
 71
0
 72
0
 73
0
 74
0
 75
0
 76
0
 77
1
 78
12
 79
2
 90
2
170
0
171
3
172
1
173
0
174
0
175
0
176
0
177
0
178
0
179
2
271
2
272
2
273
2
274
3
275
0
276
0
277
2
278
46
279
2
280
0
281
0
282
0
283
0
284
8
285
0
286
0
288
1
289
3
290
0
340
4C
371
-2
372
-2
  0
ENDTAB
  0
TABLE
  2
BLOCK_RECORD
  5
9
330
0
100
AcDbSymbolTable
 70
5
  0
BLOCK_RECORD
  5
17
330
9
100
AcDbSymbolTableRecord
100
AcDbBlockTableRecord
  2
*Model_Space
340
1A
 70
0
280
1
281
0
  0
BLOCK_RECORD
  5
1B
330
9
100
AcDbSymbolTableRecord
100
AcDbBlockTableRecord
  2
*Paper_Space
340
1E
 70
0
280
1
281
0
  0
BLOCK_RECORD
  5
74
330
9
100
AcDbSymbolTableRecord
100
AcDbBlockTableRecord
  2
_ARCHTICK
340
0
 70
0
280
1
281
0
  0
BLOCK_RECORD
  5
78
330
9
100
AcDbSymbolTableRecord
100
AcDbBlockTableRecord
  2
_CLOSEDFILLED
340
0
 70
0
280
1
281
0
  0
BLOCK_RECORD
  5
84
330
9
100
AcDbSymbolTableRecord
100
AcDbBlockTableRecord
  2
_CLOSEDBLANK
340
0
 70
0
280
1
281
0
  0
ENDTAB
  0
ENDSEC
  0
SECTION
  2
BLOCKS
  0
BLOCK
  5
18
330
17
100
AcDbEntity
  8
0
100
AcDbBlockBegin
  2
*Model_Space
 70
0
 10
0.0
 20
0.0
 30
0.0
  3
*Model_Space
  1

  0
ENDBLK
  5
19
330
17
100
AcDbEntity
  8
0
100
AcDbBlockEnd
  0
BLOCK
  5
1C
330
1B
100
AcDbEntity
  8
0
100
AcDbBlockBegin
  2
*Paper_Space
 70
0
 10
0.0
 20
0.0
 30
0.0
  3
*Paper_Space
  1

  0
ENDBLK
  5
1D
330
1B
100
AcDbEntity
  8
0
100
AcDbBlockEnd
  0
BLOCK
  5
75
330
74
100
AcDbEntity
  8
0
100
AcDbBlockBegin
  2
_ARCHTICK
 70
0
 10
0.0
 20
0.0
 30
0.0
  3
_ARCHTICK
  1

  0
LWPOLYLINE
  5
77
330
74
100
AcDbEntity
  8
0
  6
BYBLOCK
 62
0
100
AcDbPolyline
 90
2
 70
0
 43
0.15
 10
-0.5
 20
-0.5
 10
0.5
 20
0.5
  0
ENDBLK
  5
76
330
74
100
AcDbEntity
  8
0
100
AcDbBlockEnd
  0
BLOCK
  5
79
330
78
100
AcDbEntity
  8
0
100
AcDbBlockBegin
  2
_CLOSEDFILLED
 70
0
 10
0.0
 20
0.0
 30
0.0
  3
_CLOSEDFILLED
  1

  0
SOLID
  5
7B
330
78
100
AcDbEntity
  8
0
  6
BYBLOCK
 62
0
100
AcDbTrace
 10
-1.0
 20
0.16439898372402537
 30
0.0
 11
0.0
 21
0.0
 31
0.0
 12
-1.0
 22
-0.16439898372402537
 32
0.0
 13
-1.0
 23
-0.16439898372402537
 33
0.0
  0
ENDBLK
  5
7A
330
78
100
AcDbEntity
  8
0
100
AcDbBlockEnd
  0
BLOCK
  5
85
330
84
100
AcDbEntity
  8
0
100
AcDbBlockBegin
  2
_CLOSEDBLANK
 70
0
 10
0.0
 20
0.0
 30
0.0
  3
_CLOSEDBLANK
  1

  0
LWPOLYLINE
  5
87
330
84
100
AcDbEntity
  8
0
  6
BYBLOCK
 62
0
100
AcDbPolyline
 90
3
 70
1
 10
-1.0
 20
0.16439898372402537
 10
0.0
 20
0.0
 10
-1.0
 20
-0.16439898372402537
  0
ENDBLK
  5
86
330
84
100
AcDbEntity
  8
0
100
AcDbBlockEnd
  0
ENDSEC
  0
SECTION
  2
ENTITIES
  0
LWPOLYLINE
  5
93
330
17
100
AcDbEntity
  8
BORDER
370
50
100
AcDbPolyline
 90
4
 70
1
 10
10.0
 20
10.0
 10
584.0
 20
10.0
 10
584.0
 20
410.0
 10
10.0
 20
410.0
  0
LWPOLYLINE
  5
94
330
17
100
AcDbEntity
  8
BORDER
370
25
100
AcDbPolyline
 90
4
 70
1
 10
15.0
 20
15.0
 10
579.0
 20
15.0
 10
579.0
 20
405.0
 10
15.0
 20
405.0
  0
TEXT
  5
95
330
17
100
AcDbEntity
  8
TEXT
100
AcDbText
 10
148.5
 20
408.0
 30
0.0
 40
3.0
  1
1
  7
CJK
 72
1
 11
148.5
 21
408.0
 31
0.0
100
AcDbText
 73
2
  0
TEXT
  5
96
330
17
100
AcDbEntity
  8
TEXT
100
AcDbText
 10
297.0
 20
408.0
 30
0.0
 40
3.0
  1
2
  7
CJK
 72
1
 11
297.0
 21
408.0
 31
0.0
100
AcDbText
 73
2
  0
TEXT
  5
97
330
17
100
AcDbEntity
  8
TEXT
100
AcDbText
 10
445.5
 20
408.0
 30
0.0
 40
3.0
  1
3
  7
CJK
 72
1
 11
445.5
 21
408.0
 31
0.0
100
AcDbText
 73
2
  0
TEXT
  5
98
330
17
100
AcDbEntity
  8
TEXT
100
AcDbText
 10
12.0
 20
140.0
 30
0.0
 40
3.0
  1
A
  7
CJK
 72
1
 11
12.0
 21
140.0
 31
0.0
100
AcDbText
 73
2
  0
TEXT
  5
99
330
17
100
AcDbEntity
  8
TEXT
100
AcDbText
 10
582.0
 20
140.0
 30
0.0
 40
3.0
  1
A
  7
CJK
 72
1
 11
582.0
 21
140.0
 31
0.0
100
AcDbText
 73
2
  0
TEXT
  5
9A
330
17
100
AcDbEntity
  8
TEXT
100
AcDbText
 10
12.0
 20
280.0
 30
0.0
 40
3.0
  1
B
  7
CJK
 72
1
 11
12.0
 21
280.0
 31
0.0
100
AcDbText
 73
2
  0
TEXT
  5
9B
330
17
100
AcDbEntity
  8
TEXT
100
AcDbText
 10
582.0
 20
280.0
 30
0.0
 40
3.0
  1
B
  7
CJK
 72
1
 11
582.0
 21
280.0
 31
0.0
100
AcDbText
 73
2
  0
LWPOLYLINE
  5
9C
330
17
100
AcDbEntity
  8
BORDER
370
35
100
AcDbPolyline
 90
4
 70
1
 10
399.0
 20
15.0
 10
579.0
 20
15.0
 10
579.0
 20
70.0
 10
399.0
 20
70.0
  0
LINE
  5
9D
330
17
100
AcDbEntity
  8
BORDER
370
25
100
AcDbLine
 10
399.0
 20
27.0
 30
0.0
 11
579.0
 21
27.0
 31
0.0
  0
LINE
  5
9E
330
17
100
AcDbEntity
  8
BORDER
370
25
100
AcDbLine
 10
399.0
 20
39.0
 30
0.0
 11
579.0
 21
39.0
 31
0.0
  0
LINE
  5
9F
330
17
100
AcDbEntity
  8
BORDER
370
25
100
AcDbLine
 10
399.0
 20
53.0
 30
0.0
 11
579.0
 21
53.0
 31
0.0
  0
LINE
  5
A0
330
17
100
AcDbEntity
  8
BORDER
370
25
100
AcDbLine
 10
434.0
 20
15.0
 30
0.0
 11
434.0
 21
39.0
 31
0.0
  0
LINE
  5
A1
330
17
100
AcDbEntity
  8
BORDER
370
25
100
AcDbLine
 10
509.0
 20
15.0
 30
0.0
 11
509.0
 21
39.0
 31
0.0
  0
LINE
  5
A2
330
17
100
AcDbEntity
  8
BORDER
370
25
100
AcDbLine
 10
544.0
 20
15.0
 30
0.0
 11
544.0
 21
39.0
 31
0.0
  0
TEXT
  5
A3
330
17
100
AcDbEntity
  8
TEXT
100
AcDbText
 10
403.0
 20
58.0
 30
0.0
 40
5.0
  1
阶梯轴自动上料检测系统总装图
  7
CJK
 11
403.0
 21
58.0
 31
0.0
100
AcDbText
  0
TEXT
  5
A4
330
17
100
AcDbEntity
  8
TEXT
100
AcDbText
 10
403.0
 20
49.0
 30
0.0
 40
3.5
  1
Stepped-Shaft Feeding Inspection Overall Assembly
  7
CJK
 11
403.0
 21
49.0
 31
0.0
100
AcDbText
  0
TEXT
  5
A5
330
17
100
AcDbEntity
  8
TEXT
100
AcDbText
 10
402.0
 20
30.0
 30
0.0
 40
2.6
  1
图号/DWG NO.
  7
CJK
 11
402.0
 21
30.0
 31
0.0
100
AcDbText
  0
TEXT
  5
A6
330
17
100
AcDbEntity
  8
TEXT
100
AcDbText
 10
437.0
 20
30.0
 30
0.0
 40
3.0
  1
AFI-000
  7
CJK
 11
437.0
 21
30.0
 31
0.0
100
AcDbText
  0
TEXT
  5
A7
330
17
100
AcDbEntity
  8
TEXT
100
AcDbText
 10
512.0
 20
30.0
 30
0.0
 40
2.6
  1
比例/SCALE
  7
CJK
 11
512.0
 21
30.0
 31
0.0
100
AcDbText
  0
TEXT
  5
A8
330
17
100
AcDbEntity
  8
TEXT
100
AcDbText
 10
547.0
 20
30.0
 30
0.0
 40
3.0
  1
1:5
  7
CJK
 11
547.0
 21
30.0
 31
0.0
100
AcDbText
  0
TEXT
  5
A9
330
17
100
AcDbEntity
  8
TEXT
100
AcDbText
 10
402.0
 20
19.0
 30
0.0
 40
2.6
  1
材料/MAT.
  7
CJK
 11
402.0
 21
19.0
 31
0.0
100
AcDbText
  0
TEXT
  5
AA
330
17
100
AcDbEntity
  8
TEXT
100
AcDbText
 10
437.0
 20
19.0
 30
0.0
 40
2.8
  1
见明细栏 / SEE BOM
  7
CJK
 11
437.0
 21
19.0
 31
0.0
100
AcDbText
  0
TEXT
  5
AB
330
17
100
AcDbEntity
  8
TEXT
100
AcDbText
 10
512.0
 20
19.0
 30
0.0
 40
2.6
  1
图幅/SHEET
  7
CJK
 11
512.0
 21
19.0
 31
0.0
100
AcDbText
  0
TEXT
  5
AC
330
17
100
AcDbEntity
  8
TEXT
100
AcDbText
 10
547.0
 20
19.0
 30
0.0
 40
3.0
  1
A2
  7
CJK
 11
547.0
 21
19.0
 31
0.0
100
AcDbText
  0
TEXT
  5
AD
330
17
100
AcDbEntity
  8
TEXT
100
AcDbText
 10
403.0
 20
42.0
 30
0.0
 40
2.7
  1
设计/DESIGN: ZIBIN LIU    日期/DATE: 2026-07-16    版本/REV: A
  7
CJK
 11
403.0
 21
42.0
 31
0.0
100
AcDbText
  0
LWPOLYLINE
  5
AE
330
17
100
AcDbEntity
  8
OBJECT
370
18
100
AcDbPolyline
 90
2
 70
0
 10
138.93261608154023
 20
125.21211778029446
 10
138.93261608154023
 20
129.41596828992073
  0
LWPOLYLINE
  5
AF
330
17
100
AcDbEntity
  8
OBJECT
370
18
100
AcDbPolyline
 90
2
 70
0
 10
286.06738391845977
 20
125.21211778029446
 10
286.06738391845977
 20
129.41596828992073
  0
LWPOLYLINE
  5
B0
330
17
100
AcDbEntity
  8
OBJECT
370
18
100
AcDbPolyline
 90
2
 70
0
 10
138.93261608154023
 20
125.21211778029446
 10
286.06738391845977
 20
125.21211778029446
  0
LWPOLYLINE
  5
B1
330
17
100
AcDbEntity
  8
OBJECT
370
18
100
AcDbPolyline
 90
2
 70
0
 10
138.93261608154023
 20
129.41596828992073
 10
286.06738391845977
 20
129.41596828992073
  0
LWPOLYLINE
  5
B2
330
17
100
AcDbEntity
  8
OBJECT
370
18
100
AcDbPolyline
 90
2
 70
0
 10
136.83069082672708
 20
125.21211778029446
 10
136.83069082672708
 20
127.3140430351076
  0
LWPOLYLINE
  5
B3
330
17
100
AcDbEntity
  8
OBJECT
370
18
100
AcDbPolyline
 90
2
 70
0
 10
136.83069082672708
 20
125.21211778029446
 10
138.93261608154023
 20
125.21211778029446
  0
LWPOLYLINE
  5
B4
330
17
100
AcDbEntity
  8
OBJECT
370
18
100
AcDbPolyline
 90
2
 70
0
 10
288.16930917327295
 20
125.21211778029446
 10
288.16930917327295
 20
127.3140430351076
  0
LWPOLYLINE
  5
B5
330
17
100
AcDbEntity
  8
OBJECT
370
18
100
AcDbPolyline
 90
2
 70
0
 10
286.06738391845977
 20
125.21211778029446
 10
288.16930917327295
 20
125.21211778029446
  0
LWPOLYLINE
  5
B6
330
17
100
AcDbEntity
  8
OBJECT
370
18
100
AcDbPolyline
 90
2
 70
0
 10
189.11608154020385
 20
193.5246885617214
 10
235.88391845979615
 20
193.5246885617214
  0
LWPOLYLINE
  5
B7
330
17
100
AcDbEntity
  8
OBJECT
370
18
100
AcDbPolyline
 90
2
 70
0
 10
136.83069082672708
 20
127.3140430351076
 10
136.83069082672708
 20
156.74099660249152
  0
LWPOLYLINE
  5
B8
330
17
100
AcDbEntity
  8
OBJECT
370
18
100
AcDbPolyline
 90
2
 70
0
 10
141.03454133635336
 20
127.3140430351076
 10
141.03454133635336
 20
164.0977349943375
  0
LWPOLYLINE
  5
B9
330
17
100
AcDbEntity
  8
OBJECT
370
18
100
AcDbPolyline
 90
2
 70
0
 10
136.83069082672708
 20
127.3140430351076
 10
141.03454133635336
 20
127.3140430351076
  0
LWPOLYLINE
  5
BA
330
17
100
AcDbEntity
  8
OBJECT
370
18
100
AcDbPolyline
 90
2
 70
0
 10
135.35934314835788
 20
125.00192525481314
 10
142.50588901472253
 20
125.00192525481314
  0
LWPOLYLINE
  5
BB
330
17
100
AcDbEntity
  8
OBJECT
370
18
100
AcDbPolyline
 90
2
 70
0
 10
142.50588901472253
 20
122.9
 10
142.50588901472253
 20
125.00192525481314
  0
LWPOLYLINE
  5
BC
330
17
100
AcDbEntity
  8
OBJECT
370
18
100
AcDbPolyline
 90
2
 70
0
 10
135.35934314835788
 20
122.9
 10
142.50588901472253
 20
122.9
  0
LWPOLYLINE
  5
BD
330
17
100
AcDbEntity
  8
OBJECT
370
18
100
AcDbPolyline
 90
2
 70
0
 10
283.96545866364664
 20
127.3140430351076
 10
283.96545866364664
 20
164.0977349943375
  0
LWPOLYLINE
  5
BE
330
17
100
AcDbEntity
  8
OBJECT
370
18
100
AcDbPolyline
 90
2
 70
0
 10
288.16930917327295
 20
127.3140430351076
 10
288.16930917327295
 20
156.74099660249152
  0
LWPOLYLINE
  5
BF
330
17
100
AcDbEntity
  8
OBJECT
370
18
100
AcDbPolyline
 90
2
 70
0
 10
283.96545866364664
 20
127.3140430351076
 10
288.16930917327295
 20
127.3140430351076
  0
LWPOLYLINE
  5
C0
330
17
100
AcDbEntity
  8
OBJECT
370
18
100
AcDbPolyline
 90
2
 70
0
 10
282.4941109852775
 20
125.00192525481314
 10
289.6406568516421
 20
125.00192525481314
  0
LWPOLYLINE
  5
C1
330
17
100
AcDbEntity
  8
OBJECT
370
18
100
AcDbPolyline
 90
2
 70
0
 10
289.6406568516421
 20
122.9
 10
289.6406568516421
 20
125.00192525481314
  0
LWPOLYLINE
  5
C2
330
17
100
AcDbEntity
  8
OBJECT
370
18
100
AcDbPolyline
 90
2
 70
0
 10
282.4941109852775
 20
122.9
 10
289.6406568516421
 20
122.9
  0
LWPOLYLINE
  5
C3
330
17
100
AcDbEntity
  8
OBJECT
370
18
100
AcDbPolyline
 90
2
 70
0
 10
134.72876557191393
 20
197.4132502831257
 10
134.72876557191393
 20
199.09479048697622
  0
LWPOLYLINE
  5
C4
330
17
100
AcDbEntity
  8
OBJECT
370
18
100
AcDbPolyline
 90
2
 70
0
 10
290.2712344280861
 20
197.4132502831257
 10
290.2712344280861
 20
199.09479048697622
  0
LWPOLYLINE
  5
C5
330
17
100
AcDbEntity
  8
OBJECT
370
18
100
AcDbPolyline
 90
2
 70
0
 10
134.72876557191393
 20
197.4132502831257
 10
134.9915062287656
 20
197.4132502831257
  0
LWPOLYLINE
  5
C6
330
17
100
AcDbEntity
  8
OBJECT
370
18
100
AcDbPolyline
 90
2
 70
0
 10
138.66987542468857
 20
197.4132502831257
 10
185.43771234428087
 20
197.4132502831257
  0
LWPOLYLINE
  5
C7
330
17
100
AcDbEntity
  8
OBJECT
370
18
100
AcDbPolyline
 90
2
 70
0
 10
189.11608154020385
 20
197.4132502831257
 10
235.88391845979615
 20
197.4132502831257
  0
LWPOLYLINE
  5
C8
330
17
100
AcDbEntity
  8
OBJECT
370
18
100
AcDbPolyline
 90
2
 70
0
 10
239.56228765571913
 20
197.4132502831257
 10
286.3301245753114
 20
197.4132502831257
  0
LWPOLYLINE
  5
C9
330
17
100
AcDbEntity
  8
OBJECT
370
18
100
AcDbPolyline
 90
2
 70
0
 10
290.0084937712344
 20
197.4132502831257
 10
290.2712344280861
 20
197.4132502831257
  0
LWPOLYLINE
  5
CA
330
17
100
AcDbEntity
  8
OBJECT
370
18
100
AcDbPolyline
 90
2
 70
0
 10
134.72876557191393
 20
199.09479048697622
 10
134.9915062287656
 20
199.09479048697622
  0
LWPOLYLINE
  5
CB
330
17
100
AcDbEntity
  8
OBJECT
370
18
100
AcDbPolyline
 90
2
 70
0
 10
138.66987542468857
 20
199.09479048697622
 10
185.43771234428087
 20
199.09479048697622
  0
LWPOLYLINE
  5
CC
330
17
100
AcDbEntity
  8
OBJECT
370
18
100
AcDbPolyline
 90
2
 70
0
 10
189.11608154020385
 20
199.09479048697622
 10
235.88391845979615
 20
199.09479048697622
  0
LWPOLYLINE
  5
CD
330
17
100
AcDbEntity
  8
OBJECT
370
18
100
AcDbPolyline
 90
2
 70
0
 10
239.56228765571913
 20
199.09479048697622
 10
286.3301245753114
 20
199.09479048697622
  0
LWPOLYLINE
  5
CE
330
17
100
AcDbEntity
  8
OBJECT
370
18
100
AcDbPolyline
 90
2
 70
0
 10
290.0084937712344
 20
199.09479048697622
 10
290.2712344280861
 20
199.09479048697622
  0
LWPOLYLINE
  5
CF
330
17
100
AcDbEntity
  8
OBJECT
370
18
100
AcDbPolyline
 90
2
 70
0
 10
246.1308040770102
 20
129.41596828992073
 10
246.1308040770102
 20
164.0977349943375
  0
LWPOLYLINE
  5
D0
330
17
100
AcDbEntity
  8
OBJECT
370
18
100
AcDbPolyline
 90
2
 70
0
 10
249.28369195922988
 20
142.02751981879956
 10
249.28369195922988
 20
164.0977349943375
  0
LWPOLYLINE
  5
D1
330
17
100
AcDbEntity
  8
OBJECT
370
18
100
AcDbPolyline
 90
2
 70
0
 10
280.8125707814269
 20
142.02751981879956
 10
280.8125707814269
 20
164.0977349943375
  0
LWPOLYLINE
  5
D2
330
17
100
AcDbEntity
  8
OBJECT
370
18
100
AcDbPolyline
 90
2
 70
0
 10
249.28369195922988
 20
142.02751981879956
 10
280.8125707814269
 20
142.02751981879956
  0
LWPOLYLINE
  5
D3
330
17
100
AcDbEntity
  8
OBJECT
370
18
100
AcDbPolyline
 90
2
 70
0
 10
166.04745186862968
 20
231.35934314835788
 10
166.04745186862968
 20
231.4644394110985
  0
LWPOLYLINE
  5
D4
330
17
100
AcDbEntity
  8
OBJECT
370
18
100
AcDbPolyline
 90
2
 70
0
 10
171.51245753114384
 20
231.35934314835788
 10
171.51245753114384
 20
231.4644394110985
  0
LWPOLYLINE
  5
D5
330
17
100
AcDbEntity
  8
OBJECT
370
18
100
AcDbPolyline
 90
2
 70
0
 10
166.04745186862968
 20
231.4644394110985
 10
171.51245753114384
 20
231.4644394110985
  0
LWPOLYLINE
  5
D6
330
17
100
AcDbEntity
  8
OBJECT
370
18
100
AcDbPolyline
 90
2
 70
0
 10
158.45099810675933
 20
231.35934314835788
 10
158.45099810675933
 20
231.9058437146093
  0
LWPOLYLINE
  5
D7
330
17
100
AcDbEntity
  8
OBJECT
370
18
100
AcDbPolyline
 90
2
 70
0
 10
163.9160037692735
 20
231.35934314835788
 10
163.9160037692735
 20
231.9058437146093
  0
LWPOLYLINE
  5
D8
330
17
100
AcDbEntity
  8
OBJECT
370
18
100
AcDbPolyline
 90
2
 70
0
 10
158.45099810675933
 20
231.9058437146093
 10
163.9160037692735
 20
231.9058437146093
  0
LWPOLYLINE
  5
D9
330
17
100
AcDbEntity
  8
OBJECT
370
18
100
AcDbPolyline
 90
2
 70
0
 10
189.11608154020385
 20
218.3274065685164
 10
218.17519818799548
 20
218.3274065685164
  0
LWPOLYLINE
  5
DA
330
17
100
AcDbEntity
  8
OBJECT
370
18
100
AcDbPolyline
 90
2
 70
0
 10
219.43635334088336
 20
218.3274065685164
 10
235.62117780294452
 20
218.3274065685164
  0
LWPOLYLINE
  5
DB
330
17
100
AcDbEntity
  8
OBJECT
370
18
100
AcDbPolyline
 90
2
 70
0
 10
189.11608154020385
 20
220.21913929784824
 10
234.04473386183466
 20
220.21913929784824
  0
LWPOLYLINE
  5
DC
330
17
100
AcDbEntity
  8
OBJECT
370
18
100
AcDbPolyline
 90
2
 70
0
 10
189.11608154020385
 20
224.6331823329558
 10
198.94258210645526
 20
224.6331823329558
  0
LWPOLYLINE
  5
DD
330
17
100
AcDbEntity
  8
OBJECT
370
18
100
AcDbPolyline
 90
2
 70
0
 10
200.8343148357871
 20
224.6331823329558
 10
213.65605889014722
 20
224.6331823329558
  0
LWPOLYLINE
  5
DE
330
17
100
AcDbEntity
  8
OBJECT
370
18
100
AcDbPolyline
 90
2
 70
0
 10
215.54779161947906
 20
224.6331823329558
 10
228.36953567383918
 20
224.6331823329558
  0
LWPOLYLINE
  5
DF
330
17
100
AcDbEntity
  8
OBJECT
370
18
100
AcDbPolyline
 90
2
 70
0
 10
230.26126840317102
 20
224.6331823329558
 10
233.25651189127973
 20
224.6331823329558
  0
LWPOLYLINE
  5
E0
330
17
100
AcDbEntity
  8
OBJECT
370
18
100
AcDbPolyline
 90
2
 70
0
 10
235.62117780294452
 20
216.75096262740658
 10
235.62117780294452
 20
218.6426953567384
  0
LWPOLYLINE
  5
E1
330
17
100
AcDbEntity
  8
OBJECT
370
18
100
AcDbPolyline
 90
2
 70
0
 10
235.62117780294452
 20
216.75096262740658
 10
235.88391845979615
 20
216.75096262740658
  0
LWPOLYLINE
  5
E2
330
17
100
AcDbEntity
  8
OBJECT
370
18
100
AcDbPolyline
 90
2
 70
0
 10
235.62117780294452
 20
218.6426953567384
 10
235.88391845979615
 20
218.6426953567384
  0
LWPOLYLINE
  5
E3
330
17
100
AcDbEntity
  8
OBJECT
370
18
100
AcDbPolyline
 90
2
 70
0
 10
193.0571913929785
 20
225.05356738391845
 10
193.0571913929785
 20
224.6331823329558
  0
LWPOLYLINE
  5
E4
330
17
100
AcDbEntity
  8
OBJECT
370
18
100
AcDbPolyline
 90
2
 70
0
 10
190.85016987542468
 20
225.47395243488108
 10
190.85016987542468
 20
224.6331823329558
  0
LWPOLYLINE
  5
E5
330
17
100
AcDbEntity
  8
OBJECT
370
18
100
AcDbPolyline
 90
2
 70
0
 10
198.8374858437146
 20
225.05356738391845
 10
198.8374858437146
 20
224.6331823329558
  0
LWPOLYLINE
  5
E6
330
17
100
AcDbEntity
  8
OBJECT
370
18
100
AcDbPolyline
 90
2
 70
0
 10
192.5317100792752
 20
225.05356738391845
 10
192.5317100792752
 20
224.6331823329558
  0
LWPOLYLINE
  5
E7
330
17
100
AcDbEntity
  8
OBJECT
370
18
100
AcDbPolyline
 90
2
 70
0
 10
196.63046432616082
 20
225.47395243488108
 10
196.63046432616082
 20
224.6331823329558
  0
LWPOLYLINE
  5
E8
330
17
100
AcDbEntity
  8
OBJECT
370
18
100
AcDbPolyline
 90
2
 70
0
 10
194.73873159682898
 20
225.47395243488108
 10
194.73873159682898
 20
224.6331823329558
  0
LWPOLYLINE
  5
E9
330
17
100
AcDbEntity
  8
OBJECT
370
18
100
AcDbPolyline
 90
2
 70
0
 10
204.61778029445074
 20
225.05356738391845
 10
204.61778029445074
 20
224.6331823329558
  0
LWPOLYLINE
  5
EA
330
17
100
AcDbEntity
  8
OBJECT
370
18
100
AcDbPolyline
 90
2
 70
0
 10
198.31200453001134
 20
225.05356738391845
 10
198.31200453001134
 20
224.6331823329558
  0
LWPOLYLINE
  5
EB
330
17
100
AcDbEntity
  8
OBJECT
370
18
100
AcDbPolyline
 90
2
 70
0
 10
202.41075877689696
 20
225.47395243488108
 10
202.41075877689696
 20
224.6331823329558
  0
LWPOLYLINE
  5
EC
330
17
100
AcDbEntity
  8
OBJECT
370
18
100
AcDbPolyline
 90
2
 70
0
 10
210.39807474518688
 20
225.05356738391845
 10
210.39807474518688
 20
224.6331823329558
  0
LWPOLYLINE
  5
ED
330
17
100
AcDbEntity
  8
OBJECT
370
18
100
AcDbPolyline
 90
2
 70
0
 10
204.09229898074744
 20
225.05356738391845
 10
204.09229898074744
 20
224.6331823329558
  0
LWPOLYLINE
  5
EE
330
17
100
AcDbEntity
  8
OBJECT
370
18
100
AcDbPolyline
 90
2
 70
0
 10
208.19105322763306
 20
225.47395243488108
 10
208.19105322763306
 20
224.6331823329558
  0
LWPOLYLINE
  5
EF
330
17
100
AcDbEntity
  8
OBJECT
370
18
100
AcDbPolyline
 90
2
 70
0
 10
206.29932049830126
 20
225.47395243488108
 10
206.29932049830126
 20
224.6331823329558
  0
LWPOLYLINE
  5
F0
330
17
100
AcDbEntity
  8
OBJECT
370
18
100
AcDbPolyline
 90
2
 70
0
 10
216.17836919592298
 20
225.05356738391845
 10
216.17836919592298
 20
224.6331823329558
  0
LWPOLYLINE
  5
F1
330
17
100
AcDbEntity
  8
OBJECT
370
18
100
AcDbPolyline
 90
2
 70
0
 10
209.87259343148358
 20
225.05356738391845
 10
209.87259343148358
 20
224.6331823329558
  0
LWPOLYLINE
  5
F2
330
17
100
AcDbEntity
  8
OBJECT
370
18
100
AcDbPolyline
 90
2
 70
0
 10
212.07961494903736
 20
225.47395243488108
 10
212.07961494903736
 20
224.6331823329558
  0
LWPOLYLINE
  5
F3
330
17
100
AcDbEntity
  8
OBJECT
370
18
100
AcDbPolyline
 90
2
 70
0
 10
221.95866364665912
 20
225.05356738391845
 10
221.95866364665912
 20
224.6331823329558
  0
LWPOLYLINE
  5
F4
330
17
100
AcDbEntity
  8
OBJECT
370
18
100
AcDbPolyline
 90
2
 70
0
 10
215.65288788221972
 20
225.05356738391845
 10
215.65288788221972
 20
224.6331823329558
  0
LWPOLYLINE
  5
F5
330
17
100
AcDbEntity
  8
OBJECT
370
18
100
AcDbPolyline
 90
2
 70
0
 10
219.75164212910533
 20
225.47395243488108
 10
219.75164212910533
 20
224.6331823329558
  0
LWPOLYLINE
  5
F6
330
17
100
AcDbEntity
  8
OBJECT
370
18
100
AcDbPolyline
 90
2
 70
0
 10
217.8599093997735
 20
225.47395243488108
 10
217.8599093997735
 20
224.6331823329558
  0
LWPOLYLINE
  5
F7
330
17
100
AcDbEntity
  8
OBJECT
370
18
100
AcDbPolyline
 90
2
 70
0
 10
227.73895809739525
 20
225.05356738391845
 10
227.73895809739525
 20
224.6331823329558
  0
LWPOLYLINE
  5
F8
330
17
100
AcDbEntity
  8
OBJECT
370
18
100
AcDbPolyline
 90
2
 70
0
 10
221.43318233295582
 20
225.05356738391845
 10
221.43318233295582
 20
224.6331823329558
  0
LWPOLYLINE
  5
F9
330
17
100
AcDbEntity
  8
OBJECT
370
18
100
AcDbPolyline
 90
2
 70
0
 10
225.53193657984144
 20
225.47395243488108
 10
225.53193657984144
 20
224.6331823329558
  0
LWPOLYLINE
  5
FA
330
17
100
AcDbEntity
  8
OBJECT
370
18
100
AcDbPolyline
 90
2
 70
0
 10
223.64020385050964
 20
225.47395243488108
 10
223.64020385050964
 20
224.6331823329558
  0
LWPOLYLINE
  5
FB
330
17
100
AcDbEntity
  8
OBJECT
370
18
100
AcDbPolyline
 90
2
 70
0
 10
227.21347678369196
 20
225.05356738391845
 10
227.21347678369196
 20
224.6331823329558
  0
LWPOLYLINE
  5
FC
330
17
100
AcDbEntity
  8
OBJECT
370
18
100
AcDbPolyline
 90
2
 70
0
 10
231.31223103057758
 20
225.47395243488108
 10
231.31223103057758
 20
224.6331823329558
  0
LWPOLYLINE
  5
FD
330
17
100
AcDbEntity
  8
OBJECT
370
18
100
AcDbPolyline
 90
2
 70
0
 10
232.9937712344281
 20
225.05356738391845
 10
232.9937712344281
 20
224.6331823329558
  0
LWPOLYLINE
  5
FE
330
17
100
AcDbEntity
  8
OBJECT
370
18
100
AcDbPolyline
 90
2
 70
0
 10
231.41732729331824
 20
207.1872027180068
 10
231.41732729331824
 20
209.28912797281993
  0
LWPOLYLINE
  5
FF
330
17
100
AcDbEntity
  8
OBJECT
370
18
100
AcDbPolyline
 90
2
 70
0
 10
231.41732729331824
 20
207.1872027180068
 10
235.88391845979615
 20
207.1872027180068
  0
LWPOLYLINE
  5
100
330
17
100
AcDbEntity
  8
OBJECT
370
18
100
AcDbPolyline
 90
2
 70
0
 10
231.41732729331824
 20
209.28912797281993
 10
235.88391845979615
 20
209.28912797281993
  0
LWPOLYLINE
  5
101
330
17
100
AcDbEntity
  8
OBJECT
370
18
100
AcDbPolyline
 90
2
 70
0
 10
234.57021517553792
 20
210.86557191392978
 10
234.57021517553792
 20
213.2827859569649
  0
LWPOLYLINE
  5
102
330
17
100
AcDbEntity
  8
OBJECT
370
18
100
AcDbPolyline
 90
2
 70
0
 10
235.57139536269855
 20
210.5502831257078
 10
235.88391845979615
 20
210.5502831257078
  0
LWPOLYLINE
  5
103
330
17
100
AcDbEntity
  8
OBJECT
370
18
100
AcDbPolyline
 90
2
 70
0
 10
234.57021517553792
 20
213.2827859569649
 10
235.88391845979615
 20
213.2827859569649
  0
LWPOLYLINE
  5
104
330
17
100
AcDbEntity
  8
OBJECT
370
18
100
AcDbPolyline
 90
2
 70
0
 10
228.26443941109852
 20
218.11721404303512
 10
228.26443941109852
 20
213.07259343148357
  0
LWPOLYLINE
  5
105
330
17
100
AcDbEntity
  8
OBJECT
370
18
100
AcDbPolyline
 90
2
 70
0
 10
219.43635334088336
 20
213.07259343148357
 10
228.26443941109852
 20
213.07259343148357
  0
LWPOLYLINE
  5
106
330
17
100
AcDbEntity
  8
OBJECT
370
18
100
AcDbPolyline
 90
2
 70
0
 10
228.26443941109852
 20
214.75413363533409
 10
235.88391845979615
 20
214.75413363533409
  0
LWPOLYLINE
  5
107
330
17
100
AcDbEntity
  8
OBJECT
370
18
100
AcDbPolyline
 90
2
 70
0
 10
218.17519818799548
 20
212.33691959229898
 10
218.17519818799548
 20
218.8528878822197
  0
LWPOLYLINE
  5
108
330
17
100
AcDbEntity
  8
OBJECT
370
18
100
AcDbPolyline
 90
2
 70
0
 10
219.43635334088336
 20
212.33691959229898
 10
219.43635334088336
 20
218.8528878822197
  0
LWPOLYLINE
  5
109
330
17
100
AcDbEntity
  8
OBJECT
370
18
100
AcDbPolyline
 90
2
 70
0
 10
218.17519818799548
 20
212.33691959229898
 10
219.43635334088336
 20
212.33691959229898
  0
LWPOLYLINE
  5
10A
330
17
100
AcDbEntity
  8
OBJECT
370
18
100
AcDbPolyline
 90
2
 70
0
 10
218.17519818799548
 20
218.8528878822197
 10
219.43635334088336
 20
218.8528878822197
  0
LWPOLYLINE
  5
10B
330
17
100
AcDbEntity
  8
OBJECT
370
18
100
AcDbPolyline
 90
2
 70
0
 10
255.06398640996602
 20
231.35934314835788
 10
255.06398640996602
 20
246.0728199320498
  0
LWPOLYLINE
  5
10C
330
17
100
AcDbEntity
  8
OBJECT
370
18
100
AcDbPolyline
 90
2
 70
0
 10
258.2168742921857
 20
231.35934314835788
 10
258.2168742921857
 20
246.0728199320498
  0
LWPOLYLINE
  5
10D
330
17
100
AcDbEntity
  8
OBJECT
370
18
100
AcDbPolyline
 90
2
 70
0
 10
255.06398640996602
 20
246.0728199320498
 10
258.2168742921857
 20
246.0728199320498
  0
LWPOLYLINE
  5
10E
330
17
100
AcDbEntity
  8
OBJECT
370
18
100
AcDbPolyline
 90
2
 70
0
 10
250.33465458663647
 20
243.70815402038505
 10
250.33465458663647
 20
249.48844847112116
  0
LWPOLYLINE
  5
10F
330
17
100
AcDbEntity
  8
OBJECT
370
18
100
AcDbPolyline
 90
2
 70
0
 10
262.9462061155153
 20
243.70815402038505
 10
262.9462061155153
 20
249.48844847112116
  0
LWPOLYLINE
  5
110
330
17
100
AcDbEntity
  8
OBJECT
370
18
100
AcDbPolyline
 90
2
 70
0
 10
250.33465458663647
 20
243.70815402038505
 10
255.06398640996602
 20
243.70815402038505
  0
LWPOLYLINE
  5
111
330
17
100
AcDbEntity
  8
OBJECT
370
18
100
AcDbPolyline
 90
2
 70
0
 10
258.2168742921857
 20
243.70815402038505
 10
262.9462061155153
 20
243.70815402038505
  0
LWPOLYLINE
  5
112
330
17
100
AcDbEntity
  8
OBJECT
370
18
100
AcDbPolyline
 90
2
 70
0
 10
250.33465458663647
 20
249.48844847112116
 10
262.9462061155153
 20
249.48844847112116
  0
LWPOLYLINE
  5
113
330
17
100
AcDbEntity
  8
OBJECT
370
18
100
AcDbPolyline
 90
2
 70
0
 10
233.25651189127973
 20
220.84971687429217
 10
233.25651189127973
 20
260.7862967157418
  0
LWPOLYLINE
  5
114
330
17
100
AcDbEntity
  8
OBJECT
370
18
100
AcDbPolyline
 90
2
 70
0
 10
239.03680634201584
 20
256.5824462061155
 10
239.03680634201584
 20
260.7862967157418
  0
LWPOLYLINE
  5
115
330
17
100
AcDbEntity
  8
OBJECT
370
18
100
AcDbPolyline
 90
2
 70
0
 10
233.25651189127973
 20
220.84971687429217
 10
234.04473386183466
 20
220.84971687429217
  0
LWPOLYLINE
  5
116
330
17
100
AcDbEntity
  8
OBJECT
370
18
100
AcDbPolyline
 90
2
 70
0
 10
233.25651189127973
 20
260.7862967157418
 10
239.03680634201584
 20
260.7862967157418
  0
LWPOLYLINE
  5
117
330
17
100
AcDbEntity
  8
OBJECT
370
18
100
AcDbPolyline
 90
2
 70
0
 10
274.2440543601359
 20
256.5824462061155
 10
274.2440543601359
 20
260.7862967157418
  0
LWPOLYLINE
  5
118
330
17
100
AcDbEntity
  8
OBJECT
370
18
100
AcDbPolyline
 90
2
 70
0
 10
280.024348810872
 20
231.35934314835788
 10
280.024348810872
 20
236.61415628539072
  0
LWPOLYLINE
  5
119
330
17
100
AcDbEntity
  8
OBJECT
370
18
100
AcDbPolyline
 90
2
 70
0
 10
280.024348810872
 20
249.22570781426953
 10
280.024348810872
 20
260.7862967157418
  0
LWPOLYLINE
  5
11A
330
17
100
AcDbEntity
  8
OBJECT
370
18
100
AcDbPolyline
 90
2
 70
0
 10
274.2440543601359
 20
260.7862967157418
 10
280.024348810872
 20
260.7862967157418
  0
LWPOLYLINE
  5
11B
330
17
100
AcDbEntity
  8
OBJECT
370
18
100
AcDbPolyline
 90
2
 70
0
 10
232.9937712344281
 20
255.7942242355606
 10
232.9937712344281
 20
261.5745186862967
  0
LWPOLYLINE
  5
11C
330
17
100
AcDbEntity
  8
OBJECT
370
18
100
AcDbPolyline
 90
2
 70
0
 10
280.28708946772366
 20
255.7942242355606
 10
280.28708946772366
 20
261.5745186862967
  0
LWPOLYLINE
  5
11D
330
17
100
AcDbEntity
  8
OBJECT
370
18
100
AcDbPolyline
 90
2
 70
0
 10
232.9937712344281
 20
255.7942242355606
 10
234.04473386183466
 20
255.7942242355606
  0
LWPOLYLINE
  5
11E
330
17
100
AcDbEntity
  8
OBJECT
370
18
100
AcDbPolyline
 90
2
 70
0
 10
279.23612684031707
 20
255.7942242355606
 10
280.28708946772366
 20
255.7942242355606
  0
LWPOLYLINE
  5
11F
330
17
100
AcDbEntity
  8
OBJECT
370
18
100
AcDbPolyline
 90
2
 70
0
 10
232.9937712344281
 20
261.5745186862967
 10
280.28708946772366
 20
261.5745186862967
  0
LWPOLYLINE
  5
120
330
17
100
AcDbEntity
  8
OBJECT
370
18
100
AcDbPolyline
 90
2
 70
0
 10
234.04473386183466
 20
218.74779161947905
 10
234.04473386183466
 20
256.5824462061155
  0
LWPOLYLINE
  5
121
330
17
100
AcDbEntity
  8
OBJECT
370
18
100
AcDbPolyline
 90
2
 70
0
 10
279.23612684031707
 20
231.35934314835788
 10
279.23612684031707
 20
236.61415628539072
  0
LWPOLYLINE
  5
122
330
17
100
AcDbEntity
  8
OBJECT
370
18
100
AcDbPolyline
 90
2
 70
0
 10
279.23612684031707
 20
249.22570781426953
 10
279.23612684031707
 20
256.5824462061155
  0
LWPOLYLINE
  5
123
330
17
100
AcDbEntity
  8
OBJECT
370
18
100
AcDbPolyline
 90
2
 70
0
 10
234.04473386183466
 20
218.74779161947905
 10
235.88391845979615
 20
218.74779161947905
  0
LWPOLYLINE
  5
124
330
17
100
AcDbEntity
  8
OBJECT
370
18
100
AcDbPolyline
 90
2
 70
0
 10
234.04473386183466
 20
256.5824462061155
 10
279.23612684031707
 20
256.5824462061155
  0
LWPOLYLINE
  5
125
330
17
100
AcDbEntity
  8
OBJECT
370
18
100
AcDbPolyline
 90
2
 70
0
 10
198.62729331823328
 20
226.94530011325028
 10
198.62729331823328
 20
229.46761041902604
  0
LWPOLYLINE
  5
126
330
17
100
AcDbEntity
  8
OBJECT
370
18
100
AcDbPolyline
 90
2
 70
0
 10
201.14960362400907
 20
226.94530011325028
 10
201.14960362400907
 20
229.46761041902604
  0
LWPOLYLINE
  5
127
330
17
100
AcDbEntity
  8
OBJECT
370
18
100
AcDbPolyline
 90
2
 70
0
 10
198.62729331823328
 20
226.94530011325028
 10
201.14960362400907
 20
226.94530011325028
  0
LWPOLYLINE
  5
128
330
17
100
AcDbEntity
  8
OBJECT
370
18
100
AcDbPolyline
 90
2
 70
0
 10
198.62729331823328
 20
229.46761041902604
 10
201.14960362400907
 20
229.46761041902604
  0
LWPOLYLINE
  5
129
330
17
100
AcDbEntity
  8
OBJECT
370
18
100
AcDbPolyline
 90
2
 70
0
 10
198.94258210645526
 20
222.47870894677237
 10
198.94258210645526
 20
226.94530011325028
  0
LWPOLYLINE
  5
12A
330
17
100
AcDbEntity
  8
OBJECT
370
18
100
AcDbPolyline
 90
2
 70
0
 10
200.8343148357871
 20
222.47870894677237
 10
200.8343148357871
 20
226.94530011325028
  0
LWPOLYLINE
  5
12B
330
17
100
AcDbEntity
  8
OBJECT
370
18
100
AcDbPolyline
 90
2
 70
0
 10
198.94258210645526
 20
222.47870894677237
 10
200.8343148357871
 20
222.47870894677237
  0
LWPOLYLINE
  5
12C
330
17
100
AcDbEntity
  8
OBJECT
370
18
100
AcDbPolyline
 90
2
 70
0
 10
213.34077010192524
 20
226.94530011325028
 10
213.34077010192524
 20
229.46761041902604
  0
LWPOLYLINE
  5
12D
330
17
100
AcDbEntity
  8
OBJECT
370
18
100
AcDbPolyline
 90
2
 70
0
 10
215.863080407701
 20
226.94530011325028
 10
215.863080407701
 20
229.46761041902604
  0
LWPOLYLINE
  5
12E
330
17
100
AcDbEntity
  8
OBJECT
370
18
100
AcDbPolyline
 90
2
 70
0
 10
213.34077010192524
 20
226.94530011325028
 10
215.863080407701
 20
226.94530011325028
  0
LWPOLYLINE
  5
12F
330
17
100
AcDbEntity
  8
OBJECT
370
18
100
AcDbPolyline
 90
2
 70
0
 10
213.34077010192524
 20
229.46761041902604
 10
215.863080407701
 20
229.46761041902604
  0
LWPOLYLINE
  5
130
330
17
100
AcDbEntity
  8
OBJECT
370
18
100
AcDbPolyline
 90
2
 70
0
 10
213.65605889014722
 20
222.47870894677237
 10
213.65605889014722
 20
226.94530011325028
  0
LWPOLYLINE
  5
131
330
17
100
AcDbEntity
  8
OBJECT
370
18
100
AcDbPolyline
 90
2
 70
0
 10
215.54779161947906
 20
222.47870894677237
 10
215.54779161947906
 20
226.94530011325028
  0
LWPOLYLINE
  5
132
330
17
100
AcDbEntity
  8
OBJECT
370
18
100
AcDbPolyline
 90
2
 70
0
 10
213.65605889014722
 20
222.47870894677237
 10
215.54779161947906
 20
222.47870894677237
  0
LWPOLYLINE
  5
133
330
17
100
AcDbEntity
  8
OBJECT
370
18
100
AcDbPolyline
 90
2
 70
0
 10
228.0542468856172
 20
226.94530011325028
 10
228.0542468856172
 20
229.46761041902604
  0
LWPOLYLINE
  5
134
330
17
100
AcDbEntity
  8
OBJECT
370
18
100
AcDbPolyline
 90
2
 70
0
 10
230.57655719139296
 20
226.94530011325028
 10
230.57655719139296
 20
229.46761041902604
  0
LWPOLYLINE
  5
135
330
17
100
AcDbEntity
  8
OBJECT
370
18
100
AcDbPolyline
 90
2
 70
0
 10
228.0542468856172
 20
226.94530011325028
 10
230.57655719139296
 20
226.94530011325028
  0
LWPOLYLINE
  5
136
330
17
100
AcDbEntity
  8
OBJECT
370
18
100
AcDbPolyline
 90
2
 70
0
 10
228.0542468856172
 20
229.46761041902604
 10
230.57655719139296
 20
229.46761041902604
  0
LWPOLYLINE
  5
137
330
17
100
AcDbEntity
  8
OBJECT
370
18
100
AcDbPolyline
 90
2
 70
0
 10
228.36953567383918
 20
222.47870894677237
 10
228.36953567383918
 20
226.94530011325028
  0
LWPOLYLINE
  5
138
330
17
100
AcDbEntity
  8
OBJECT
370
18
100
AcDbPolyline
 90
2
 70
0
 10
230.26126840317102
 20
222.47870894677237
 10
230.26126840317102
 20
226.94530011325028
  0
LWPOLYLINE
  5
139
330
17
100
AcDbEntity
  8
OBJECT
370
18
100
AcDbPolyline
 90
2
 70
0
 10
228.36953567383918
 20
222.47870894677237
 10
230.26126840317102
 20
222.47870894677237
  0
LWPOLYLINE
  5
13A
330
17
100
AcDbEntity
  8
OBJECT
370
18
100
AcDbPolyline
 90
2
 70
0
 10
198.8374858437146
 20
206.1362400906002
 10
198.8374858437146
 20
218.3274065685164
  0
LWPOLYLINE
  5
13B
330
17
100
AcDbEntity
  8
OBJECT
370
18
100
AcDbPolyline
 90
2
 70
0
 10
226.1625141562854
 20
206.1362400906002
 10
226.1625141562854
 20
213.07259343148357
  0
LWPOLYLINE
  5
13C
330
17
100
AcDbEntity
  8
OBJECT
370
18
100
AcDbPolyline
 90
2
 70
0
 10
226.1625141562854
 20
218.11721404303512
 10
226.1625141562854
 20
218.3274065685164
  0
LWPOLYLINE
  5
13D
330
17
100
AcDbEntity
  8
OBJECT
370
18
100
AcDbPolyline
 90
2
 70
0
 10
198.8374858437146
 20
206.1362400906002
 10
226.1625141562854
 20
206.1362400906002
  0
LWPOLYLINE
  5
13E
330
17
100
AcDbEntity
  8
OBJECT
370
18
100
AcDbPolyline
 90
2
 70
0
 10
199.8884484711212
 20
207.71268403171007
 10
199.8884484711212
 20
218.3274065685164
  0
LWPOLYLINE
  5
13F
330
17
100
AcDbEntity
  8
OBJECT
370
18
100
AcDbPolyline
 90
2
 70
0
 10
225.1115515288788
 20
207.71268403171007
 10
225.1115515288788
 20
209.81460928652322
  0
LWPOLYLINE
  5
140
330
17
100
AcDbEntity
  8
OBJECT
370
18
100
AcDbPolyline
 90
2
 70
0
 10
225.1115515288788
 20
210.86557191392978
 10
225.1115515288788
 20
213.07259343148357
  0
LWPOLYLINE
  5
141
330
17
100
AcDbEntity
  8
OBJECT
370
18
100
AcDbPolyline
 90
2
 70
0
 10
225.1115515288788
 20
218.11721404303512
 10
225.1115515288788
 20
218.3274065685164
  0
LWPOLYLINE
  5
142
330
17
100
AcDbEntity
  8
OBJECT
370
18
100
AcDbPolyline
 90
2
 70
0
 10
199.8884484711212
 20
207.71268403171007
 10
225.1115515288788
 20
207.71268403171007
  0
LWPOLYLINE
  5
143
330
17
100
AcDbEntity
  8
OBJECT
370
18
100
AcDbPolyline
 90
2
 70
0
 10
224.1656851642129
 20
209.81460928652322
 10
224.1656851642129
 20
210.86557191392978
  0
LWPOLYLINE
  5
144
330
17
100
AcDbEntity
  8
OBJECT
370
18
100
AcDbPolyline
 90
2
 70
0
 10
226.05741789354474
 20
209.81460928652322
 10
226.05741789354474
 20
210.86557191392978
  0
LWPOLYLINE
  5
145
330
17
100
AcDbEntity
  8
OBJECT
370
18
100
AcDbPolyline
 90
2
 70
0
 10
224.1656851642129
 20
209.81460928652322
 10
226.05741789354474
 20
209.81460928652322
  0
LWPOLYLINE
  5
146
330
17
100
AcDbEntity
  8
OBJECT
370
18
100
AcDbPolyline
 90
2
 70
0
 10
224.1656851642129
 20
210.86557191392978
 10
226.05741789354474
 20
210.86557191392978
  0
LWPOLYLINE
  5
147
330
17
100
AcDbEntity
  8
OBJECT
370
18
100
AcDbPolyline
 90
2
 70
0
 10
226.54417953150056
 20
209.81460928652322
 10
226.54417953150056
 20
210.86557191392978
  0
LWPOLYLINE
  5
148
330
17
100
AcDbEntity
  8
OBJECT
370
18
100
AcDbPolyline
 90
2
 70
0
 10
228.4359122608324
 20
209.81460928652322
 10
228.4359122608324
 20
210.86557191392978
  0
LWPOLYLINE
  5
149
330
17
100
AcDbEntity
  8
OBJECT
370
18
100
AcDbPolyline
 90
2
 70
0
 10
226.54417953150056
 20
209.81460928652322
 10
228.4359122608324
 20
209.81460928652322
  0
LWPOLYLINE
  5
14A
330
17
100
AcDbEntity
  8
OBJECT
370
18
100
AcDbPolyline
 90
2
 70
0
 10
226.54417953150056
 20
210.86557191392978
 10
228.4359122608324
 20
210.86557191392978
  0
LWPOLYLINE
  5
14B
330
17
100
AcDbEntity
  8
OBJECT
370
18
100
AcDbPolyline
 90
2
 70
0
 10
228.9226738987893
 20
209.81460928652322
 10
228.9226738987893
 20
210.86557191392978
  0
LWPOLYLINE
  5
14C
330
17
100
AcDbEntity
  8
OBJECT
370
18
100
AcDbPolyline
 90
2
 70
0
 10
230.8144066281211
 20
209.81460928652322
 10
230.8144066281211
 20
210.86557191392978
  0
LWPOLYLINE
  5
14D
330
17
100
AcDbEntity
  8
OBJECT
370
18
100
AcDbPolyline
 90
2
 70
0
 10
228.9226738987893
 20
209.81460928652322
 10
230.8144066281211
 20
209.81460928652322
  0
LWPOLYLINE
  5
14E
330
17
100
AcDbEntity
  8
OBJECT
370
18
100
AcDbPolyline
 90
2
 70
0
 10
228.9226738987893
 20
210.86557191392978
 10
230.8144066281211
 20
210.86557191392978
  0
LWPOLYLINE
  5
14F
330
17
100
AcDbEntity
  8
OBJECT
370
18
100
AcDbPolyline
 90
2
 70
0
 10
231.301168266078
 20
209.81460928652322
 10
231.301168266078
 20
210.86557191392978
  0
LWPOLYLINE
  5
150
330
17
100
AcDbEntity
  8
OBJECT
370
18
100
AcDbPolyline
 90
2
 70
0
 10
233.19290099540984
 20
209.81460928652322
 10
233.19290099540984
 20
210.86557191392978
  0
LWPOLYLINE
  5
151
330
17
100
AcDbEntity
  8
OBJECT
370
18
100
AcDbPolyline
 90
2
 70
0
 10
231.301168266078
 20
209.81460928652322
 10
233.19290099540984
 20
209.81460928652322
  0
LWPOLYLINE
  5
152
330
17
100
AcDbEntity
  8
OBJECT
370
18
100
AcDbPolyline
 90
2
 70
0
 10
231.301168266078
 20
210.86557191392978
 10
233.19290099540984
 20
210.86557191392978
  0
LWPOLYLINE
  5
153
330
17
100
AcDbEntity
  8
OBJECT
370
18
100
AcDbPolyline
 90
2
 70
0
 10
233.67966263336672
 20
209.81460928652322
 10
233.67966263336672
 20
210.86557191392978
  0
LWPOLYLINE
  5
154
330
17
100
AcDbEntity
  8
OBJECT
370
18
100
AcDbPolyline
 90
2
 70
0
 10
235.57139536269855
 20
209.81460928652322
 10
235.57139536269855
 20
210.86557191392978
  0
LWPOLYLINE
  5
155
330
17
100
AcDbEntity
  8
OBJECT
370
18
100
AcDbPolyline
 90
2
 70
0
 10
233.67966263336672
 20
209.81460928652322
 10
235.57139536269855
 20
209.81460928652322
  0
LWPOLYLINE
  5
156
330
17
100
AcDbEntity
  8
OBJECT
370
18
100
AcDbPolyline
 90
2
 70
0
 10
233.67966263336672
 20
210.86557191392978
 10
235.57139536269855
 20
210.86557191392978
  0
LWPOLYLINE
  5
157
330
17
100
AcDbEntity
  8
OBJECT
370
18
100
AcDbPolyline
 90
2
 70
0
 10
134.9915062287656
 20
156.74099660249152
 10
134.9915062287656
 20
232.41030577576444
  0
LWPOLYLINE
  5
158
330
17
100
AcDbEntity
  8
OBJECT
370
18
100
AcDbPolyline
 90
2
 70
0
 10
138.66987542468857
 20
156.74099660249152
 10
138.66987542468857
 20
232.41030577576444
  0
LWPOLYLINE
  5
159
330
17
100
AcDbEntity
  8
OBJECT
370
18
100
AcDbPolyline
 90
2
 70
0
 10
134.9915062287656
 20
156.74099660249152
 10
138.66987542468857
 20
156.74099660249152
  0
LWPOLYLINE
  5
15A
330
17
100
AcDbEntity
  8
OBJECT
370
18
100
AcDbPolyline
 90
2
 70
0
 10
134.9915062287656
 20
232.41030577576444
 10
138.66987542468857
 20
232.41030577576444
  0
LWPOLYLINE
  5
15B
330
17
100
AcDbEntity
  8
OBJECT
370
18
100
AcDbPolyline
 90
2
 70
0
 10
185.43771234428087
 20
156.74099660249152
 10
185.43771234428087
 20
210.86557191392978
  0
LWPOLYLINE
  5
15C
330
17
100
AcDbEntity
  8
OBJECT
370
18
100
AcDbPolyline
 90
2
 70
0
 10
185.43771234428087
 20
220.3242355605889
 10
185.43771234428087
 20
232.41030577576444
  0
LWPOLYLINE
  5
15D
330
17
100
AcDbEntity
  8
OBJECT
370
18
100
AcDbPolyline
 90
2
 70
0
 10
189.11608154020385
 20
156.74099660249152
 10
189.11608154020385
 20
232.41030577576444
  0
LWPOLYLINE
  5
15E
330
17
100
AcDbEntity
  8
OBJECT
370
18
100
AcDbPolyline
 90
2
 70
0
 10
185.43771234428087
 20
156.74099660249152
 10
189.11608154020385
 20
156.74099660249152
  0
LWPOLYLINE
  5
15F
330
17
100
AcDbEntity
  8
OBJECT
370
18
100
AcDbPolyline
 90
2
 70
0
 10
185.43771234428087
 20
232.41030577576444
 10
189.11608154020385
 20
232.41030577576444
  0
LWPOLYLINE
  5
160
330
17
100
AcDbEntity
  8
OBJECT
370
18
100
AcDbPolyline
 90
2
 70
0
 10
235.88391845979615
 20
156.74099660249152
 10
235.88391845979615
 20
232.41030577576444
  0
LWPOLYLINE
  5
161
330
17
100
AcDbEntity
  8
OBJECT
370
18
100
AcDbPolyline
 90
2
 70
0
 10
239.56228765571913
 20
156.74099660249152
 10
239.56228765571913
 20
232.41030577576444
  0
LWPOLYLINE
  5
162
330
17
100
AcDbEntity
  8
OBJECT
370
18
100
AcDbPolyline
 90
2
 70
0
 10
235.88391845979615
 20
156.74099660249152
 10
239.56228765571913
 20
156.74099660249152
  0
LWPOLYLINE
  5
163
330
17
100
AcDbEntity
  8
OBJECT
370
18
100
AcDbPolyline
 90
2
 70
0
 10
235.88391845979615
 20
232.41030577576444
 10
239.56228765571913
 20
232.41030577576444
  0
LWPOLYLINE
  5
164
330
17
100
AcDbEntity
  8
OBJECT
370
18
100
AcDbPolyline
 90
2
 70
0
 10
286.3301245753114
 20
156.74099660249152
 10
286.3301245753114
 20
232.41030577576444
  0
LWPOLYLINE
  5
165
330
17
100
AcDbEntity
  8
OBJECT
370
18
100
AcDbPolyline
 90
2
 70
0
 10
290.0084937712344
 20
156.74099660249152
 10
290.0084937712344
 20
232.41030577576444
  0
LWPOLYLINE
  5
166
330
17
100
AcDbEntity
  8
OBJECT
370
18
100
AcDbPolyline
 90
2
 70
0
 10
286.3301245753114
 20
156.74099660249152
 10
290.0084937712344
 20
156.74099660249152
  0
LWPOLYLINE
  5
167
330
17
100
AcDbEntity
  8
OBJECT
370
18
100
AcDbPolyline
 90
2
 70
0
 10
286.3301245753114
 20
232.41030577576444
 10
290.0084937712344
 20
232.41030577576444
  0
LWPOLYLINE
  5
168
330
17
100
AcDbEntity
  8
OBJECT
370
18
100
AcDbPolyline
 90
2
 70
0
 10
138.66987542468857
 20
164.0977349943375
 10
185.43771234428087
 20
164.0977349943375
  0
LWPOLYLINE
  5
169
330
17
100
AcDbEntity
  8
OBJECT
370
18
100
AcDbPolyline
 90
2
 70
0
 10
138.66987542468857
 20
231.35934314835788
 10
185.43771234428087
 20
231.35934314835788
  0
LWPOLYLINE
  5
16A
330
17
100
AcDbEntity
  8
OBJECT
370
18
100
AcDbPolyline
 90
2
 70
0
 10
239.56228765571913
 20
164.0977349943375
 10
286.3301245753114
 20
164.0977349943375
  0
LWPOLYLINE
  5
16B
330
17
100
AcDbEntity
  8
OBJECT
370
18
100
AcDbPolyline
 90
2
 70
0
 10
239.56228765571913
 20
231.35934314835788
 10
286.3301245753114
 20
231.35934314835788
  0
LWPOLYLINE
  5
16C
330
17
100
AcDbEntity
  8
OBJECT
370
18
100
AcDbPolyline
 90
2
 70
0
 10
184.12400906002264
 20
210.86557191392978
 10
184.12400906002264
 20
220.3242355605889
  0
LWPOLYLINE
  5
16D
330
17
100
AcDbEntity
  8
OBJECT
370
18
100
AcDbPolyline
 90
2
 70
0
 10
188.32785956964892
 20
210.86557191392978
 10
188.32785956964892
 20
220.3242355605889
  0
LWPOLYLINE
  5
16E
330
17
100
AcDbEntity
  8
OBJECT
370
18
100
AcDbPolyline
 90
2
 70
0
 10
184.12400906002264
 20
210.86557191392978
 10
188.32785956964892
 20
210.86557191392978
  0
LWPOLYLINE
  5
16F
330
17
100
AcDbEntity
  8
OBJECT
370
18
100
AcDbPolyline
 90
2
 70
0
 10
184.12400906002264
 20
220.3242355605889
 10
188.32785956964892
 20
220.3242355605889
  0
LWPOLYLINE
  5
170
330
17
100
AcDbEntity
  8
OBJECT
370
18
100
AcDbPolyline
 90
2
 70
0
 10
271.8793884484711
 20
236.61415628539072
 10
271.8793884484711
 20
249.22570781426953
  0
LWPOLYLINE
  5
171
330
17
100
AcDbEntity
  8
OBJECT
370
18
100
AcDbPolyline
 90
2
 70
0
 10
289.74575311438275
 20
236.61415628539072
 10
289.74575311438275
 20
249.22570781426953
  0
LWPOLYLINE
  5
172
330
17
100
AcDbEntity
  8
OBJECT
370
18
100
AcDbPolyline
 90
2
 70
0
 10
271.8793884484711
 20
236.61415628539072
 10
289.74575311438275
 20
236.61415628539072
  0
LWPOLYLINE
  5
173
330
17
100
AcDbEntity
  8
OBJECT
370
18
100
AcDbPolyline
 90
2
 70
0
 10
271.8793884484711
 20
249.22570781426953
 10
289.74575311438275
 20
249.22570781426953
  0
LWPOLYLINE
  5
174
330
17
100
AcDbEntity
  8
OBJECT
370
18
100
AcDbPolyline
 90
2
 70
0
 10
284.17565118912796
 20
253.53465458663646
 10
287.9591166477916
 20
253.53465458663646
  0
LWPOLYLINE
  5
175
330
17
100
AcDbEntity
  8
OBJECT
370
18
100
AcDbPolyline
 90
2
 70
0
 10
287.9591166477916
 20
251.22253680634202
 10
287.9591166477916
 20
253.53465458663646
  0
LWPOLYLINE
  5
176
330
17
100
AcDbEntity
  8
OBJECT
370
18
100
AcDbPolyline
 90
2
 70
0
 10
284.17565118912796
 20
251.22253680634202
 10
287.9591166477916
 20
251.22253680634202
  0
LWPOLYLINE
  5
177
330
17
100
AcDbEntity
  8
OBJECT
370
18
100
AcDbPolyline
 90
2
 70
0
 10
280.6023782559456
 20
262.1
 10
285.22661381653455
 20
262.1
  0
LWPOLYLINE
  5
178
330
17
100
AcDbEntity
  8
OBJECT
370
18
100
AcDbPolyline
 90
2
 70
0
 10
285.22661381653455
 20
257.37066817667045
 10
285.22661381653455
 20
262.1
  0
LWPOLYLINE
  5
179
330
17
100
AcDbEntity
  8
OBJECT
370
18
100
AcDbPolyline
 90
2
 70
0
 10
280.6023782559456
 20
257.37066817667045
 10
285.22661381653455
 20
257.37066817667045
  0
LWPOLYLINE
  5
17A
330
17
100
AcDbEntity
  8
OBJECT
370
18
100
AcDbPolyline
 90
2
 70
0
 10
280.6023782559456
 20
257.37066817667045
 10
285.22661381653455
 20
257.37066817667045
  0
LWPOLYLINE
  5
17B
330
17
100
AcDbEntity
  8
OBJECT
370
18
100
AcDbPolyline
 90
2
 70
0
 10
285.22661381653455
 20
253.53465458663646
 10
285.22661381653455
 20
257.37066817667045
  0
LWPOLYLINE
  5
17C
330
17
100
AcDbEntity
  8
OBJECT
370
18
100
AcDbPolyline
 90
2
 70
0
 10
280.6023782559456
 20
252.64133635334088
 10
284.17565118912796
 20
252.64133635334088
  0
LWPOLYLINE
  5
17D
330
17
100
AcDbEntity
  8
OBJECT
370
18
100
AcDbPolyline
 90
2
 70
0
 10
280.6023782559456
 20
252.64133635334088
 10
284.17565118912796
 20
252.64133635334088
  0
LWPOLYLINE
  5
17E
330
17
100
AcDbEntity
  8
OBJECT
370
18
100
AcDbPolyline
 90
2
 70
0
 10
285.22661381653455
 20
249.22570781426953
 10
285.22661381653455
 20
251.22253680634202
  0
LWPOLYLINE
  5
17F
330
17
100
AcDbEntity
  8
OBJECT
370
18
100
AcDbPolyline
 90
2
 70
0
 10
135.35934314835788
 20
122.9
 10
135.35934314835788
 20
125.00192525481314
  0
LWPOLYLINE
  5
180
330
17
100
AcDbEntity
  8
OBJECT
370
18
100
AcDbPolyline
 90
2
 70
0
 10
282.4941109852775
 20
122.9
 10
282.4941109852775
 20
125.00192525481314
  0
LWPOLYLINE
  5
181
330
17
100
AcDbEntity
  8
OBJECT
370
18
100
AcDbPolyline
 90
2
 70
0
 10
190.85016987542468
 20
225.05356738391845
 10
193.0571913929785
 20
225.05356738391845
  0
LWPOLYLINE
  5
182
330
17
100
AcDbEntity
  8
OBJECT
370
18
100
AcDbPolyline
 90
2
 70
0
 10
189.11608154020385
 20
225.47395243488108
 10
190.85016987542468
 20
225.47395243488108
  0
LWPOLYLINE
  5
183
330
17
100
AcDbEntity
  8
OBJECT
370
18
100
AcDbPolyline
 90
2
 70
0
 10
192.5317100792752
 20
225.05356738391845
 10
194.73873159682898
 20
225.05356738391845
  0
LWPOLYLINE
  5
184
330
17
100
AcDbEntity
  8
OBJECT
370
18
100
AcDbPolyline
 90
2
 70
0
 10
196.63046432616082
 20
225.05356738391845
 10
198.8374858437146
 20
225.05356738391845
  0
LWPOLYLINE
  5
185
330
17
100
AcDbEntity
  8
OBJECT
370
18
100
AcDbPolyline
 90
2
 70
0
 10
194.73873159682898
 20
225.47395243488108
 10
196.63046432616082
 20
225.47395243488108
  0
LWPOLYLINE
  5
186
330
17
100
AcDbEntity
  8
OBJECT
370
18
100
AcDbPolyline
 90
2
 70
0
 10
198.31200453001134
 20
225.05356738391845
 10
198.94258210645526
 20
225.05356738391845
  0
LWPOLYLINE
  5
187
330
17
100
AcDbEntity
  8
OBJECT
370
18
100
AcDbPolyline
 90
2
 70
0
 10
202.41075877689696
 20
225.05356738391845
 10
204.61778029445074
 20
225.05356738391845
  0
LWPOLYLINE
  5
188
330
17
100
AcDbEntity
  8
OBJECT
370
18
100
AcDbPolyline
 90
2
 70
0
 10
200.8343148357871
 20
225.47395243488108
 10
202.41075877689696
 20
225.47395243488108
  0
LWPOLYLINE
  5
189
330
17
100
AcDbEntity
  8
OBJECT
370
18
100
AcDbPolyline
 90
2
 70
0
 10
204.09229898074744
 20
225.05356738391845
 10
206.29932049830126
 20
225.05356738391845
  0
LWPOLYLINE
  5
18A
330
17
100
AcDbEntity
  8
OBJECT
370
18
100
AcDbPolyline
 90
2
 70
0
 10
208.19105322763306
 20
225.05356738391845
 10
210.39807474518688
 20
225.05356738391845
  0
LWPOLYLINE
  5
18B
330
17
100
AcDbEntity
  8
OBJECT
370
18
100
AcDbPolyline
 90
2
 70
0
 10
206.29932049830126
 20
225.47395243488108
 10
208.19105322763306
 20
225.47395243488108
  0
LWPOLYLINE
  5
18C
330
17
100
AcDbEntity
  8
OBJECT
370
18
100
AcDbPolyline
 90
2
 70
0
 10
209.87259343148358
 20
225.05356738391845
 10
212.07961494903736
 20
225.05356738391845
  0
LWPOLYLINE
  5
18D
330
17
100
AcDbEntity
  8
OBJECT
370
18
100
AcDbPolyline
 90
2
 70
0
 10
215.54779161947906
 20
225.05356738391845
 10
216.17836919592298
 20
225.05356738391845
  0
LWPOLYLINE
  5
18E
330
17
100
AcDbEntity
  8
OBJECT
370
18
100
AcDbPolyline
 90
2
 70
0
 10
212.07961494903736
 20
225.47395243488108
 10
213.65605889014722
 20
225.47395243488108
  0
LWPOLYLINE
  5
18F
330
17
100
AcDbEntity
  8
OBJECT
370
18
100
AcDbPolyline
 90
2
 70
0
 10
215.65288788221972
 20
225.05356738391845
 10
217.8599093997735
 20
225.05356738391845
  0
LWPOLYLINE
  5
190
330
17
100
AcDbEntity
  8
OBJECT
370
18
100
AcDbPolyline
 90
2
 70
0
 10
219.75164212910533
 20
225.05356738391845
 10
221.95866364665912
 20
225.05356738391845
  0
LWPOLYLINE
  5
191
330
17
100
AcDbEntity
  8
OBJECT
370
18
100
AcDbPolyline
 90
2
 70
0
 10
217.8599093997735
 20
225.47395243488108
 10
219.75164212910533
 20
225.47395243488108
  0
LWPOLYLINE
  5
192
330
17
100
AcDbEntity
  8
OBJECT
370
18
100
AcDbPolyline
 90
2
 70
0
 10
221.43318233295582
 20
225.05356738391845
 10
223.64020385050964
 20
225.05356738391845
  0
LWPOLYLINE
  5
193
330
17
100
AcDbEntity
  8
OBJECT
370
18
100
AcDbPolyline
 90
2
 70
0
 10
225.53193657984144
 20
225.05356738391845
 10
227.73895809739525
 20
225.05356738391845
  0
LWPOLYLINE
  5
194
330
17
100
AcDbEntity
  8
OBJECT
370
18
100
AcDbPolyline
 90
2
 70
0
 10
223.64020385050964
 20
225.47395243488108
 10
225.53193657984144
 20
225.47395243488108
  0
LWPOLYLINE
  5
195
330
17
100
AcDbEntity
  8
OBJECT
370
18
100
AcDbPolyline
 90
2
 70
0
 10
227.21347678369196
 20
225.05356738391845
 10
228.36953567383918
 20
225.05356738391845
  0
LWPOLYLINE
  5
196
330
17
100
AcDbEntity
  8
OBJECT
370
18
100
AcDbPolyline
 90
2
 70
0
 10
231.31223103057758
 20
225.05356738391845
 10
233.25651189127973
 20
225.05356738391845
  0
LWPOLYLINE
  5
197
330
17
100
AcDbEntity
  8
OBJECT
370
18
100
AcDbPolyline
 90
2
 70
0
 10
230.26126840317102
 20
225.47395243488108
 10
231.31223103057758
 20
225.47395243488108
  0
LWPOLYLINE
  5
198
330
17
100
AcDbEntity
  8
OBJECT
370
18
100
AcDbPolyline
 90
2
 70
0
 10
232.9937712344281
 20
225.05356738391845
 10
233.25651189127973
 20
225.05356738391845
  0
LWPOLYLINE
  5
199
330
17
100
AcDbEntity
  8
OBJECT
370
18
100
AcDbPolyline
 90
2
 70
0
 10
219.43635334088336
 20
218.11721404303512
 10
228.26443941109852
 20
218.11721404303512
  0
LWPOLYLINE
  5
19A
330
17
100
AcDbEntity
  8
OBJECT
370
18
100
AcDbPolyline
 90
2
 70
0
 10
228.26443941109852
 20
216.4356738391846
 10
235.88391845979615
 20
216.4356738391846
  0
LWPOLYLINE
  5
19B
330
17
100
AcDbEntity
  8
OBJECT
370
18
100
AcDbPolyline
 90
2
 70
0
 10
284.17565118912796
 20
251.22253680634202
 10
284.17565118912796
 20
253.53465458663646
  0
LWPOLYLINE
  5
19C
330
17
100
AcDbEntity
  8
OBJECT
370
18
100
AcDbPolyline
 90
2
 70
0
 10
280.6023782559456
 20
257.37066817667045
 10
280.6023782559456
 20
262.1
  0
LWPOLYLINE
  5
19D
330
17
100
AcDbEntity
  8
OBJECT
370
18
100
AcDbPolyline
 90
2
 70
0
 10
280.6023782559456
 20
252.64133635334088
 10
280.6023782559456
 20
257.37066817667045
  0
LWPOLYLINE
  5
19E
330
17
100
AcDbEntity
  8
OBJECT
370
18
100
AcDbPolyline
 90
2
 70
0
 10
280.6023782559456
 20
249.22570781426953
 10
280.6023782559456
 20
252.64133635334088
  0
LWPOLYLINE
  5
19F
330
17
100
AcDbEntity
  8
HIDDEN
370
13
100
AcDbPolyline
 90
2
 70
0
 10
138.93261608154023
 20
125.21211778029446
 10
138.93261608154023
 20
129.41596828992073
  0
LWPOLYLINE
  5
1A0
330
17
100
AcDbEntity
  8
HIDDEN
370
13
100
AcDbPolyline
 90
2
 70
0
 10
138.93261608154023
 20
125.21211778029446
 10
138.93261608154023
 20
129.41596828992073
  0
LWPOLYLINE
  5
1A1
330
17
100
AcDbEntity
  8
HIDDEN
370
13
100
AcDbPolyline
 90
2
 70
0
 10
138.93261608154023
 20
125.21211778029446
 10
286.06738391845977
 20
125.21211778029446
  0
LWPOLYLINE
  5
1A2
330
17
100
AcDbEntity
  8
HIDDEN
370
13
100
AcDbPolyline
 90
2
 70
0
 10
136.83069082672708
 20
127.3140430351076
 10
136.83069082672708
 20
129.41596828992073
  0
LWPOLYLINE
  5
1A3
330
17
100
AcDbEntity
  8
HIDDEN
370
13
100
AcDbPolyline
 90
2
 70
0
 10
138.93261608154023
 20
125.21211778029446
 10
141.03454133635336
 20
125.21211778029446
  0
LWPOLYLINE
  5
1A4
330
17
100
AcDbEntity
  8
HIDDEN
370
13
100
AcDbPolyline
 90
2
 70
0
 10
283.96545866364664
 20
125.21211778029446
 10
283.96545866364664
 20
129.41596828992073
  0
LWPOLYLINE
  5
1A5
330
17
100
AcDbEntity
  8
HIDDEN
370
13
100
AcDbPolyline
 90
2
 70
0
 10
283.96545866364664
 20
125.21211778029446
 10
286.06738391845977
 20
125.21211778029446
  0
LWPOLYLINE
  5
1A6
330
17
100
AcDbEntity
  8
HIDDEN
370
13
100
AcDbPolyline
 90
2
 70
0
 10
138.93261608154023
 20
193.5246885617214
 10
138.93261608154023
 20
197.72853907134768
  0
LWPOLYLINE
  5
1A7
330
17
100
AcDbEntity
  8
HIDDEN
370
13
100
AcDbPolyline
 90
2
 70
0
 10
138.93261608154023
 20
193.5246885617214
 10
189.11608154020385
 20
193.5246885617214
  0
LWPOLYLINE
  5
1A8
330
17
100
AcDbEntity
  8
HIDDEN
370
13
100
AcDbPolyline
 90
2
 70
0
 10
138.93261608154023
 20
197.72853907134768
 10
286.06738391845977
 20
197.72853907134768
  0
LWPOLYLINE
  5
1A9
330
17
100
AcDbEntity
  8
HIDDEN
370
13
100
AcDbPolyline
 90
2
 70
0
 10
286.06738391845977
 20
193.5246885617214
 10
286.06738391845977
 20
197.72853907134768
  0
LWPOLYLINE
  5
1AA
330
17
100
AcDbEntity
  8
HIDDEN
370
13
100
AcDbPolyline
 90
2
 70
0
 10
138.93261608154023
 20
197.72853907134768
 10
286.06738391845977
 20
197.72853907134768
  0
LWPOLYLINE
  5
1AB
330
17
100
AcDbEntity
  8
HIDDEN
370
13
100
AcDbPolyline
 90
2
 70
0
 10
141.03454133635336
 20
193.5246885617214
 10
141.03454133635336
 20
197.72853907134768
  0
LWPOLYLINE
  5
1AC
330
17
100
AcDbEntity
  8
HIDDEN
370
13
100
AcDbPolyline
 90
2
 70
0
 10
136.83069082672708
 20
197.72853907134768
 10
141.03454133635336
 20
197.72853907134768
  0
LWPOLYLINE
  5
1AD
330
17
100
AcDbEntity
  8
HIDDEN
370
13
100
AcDbPolyline
 90
2
 70
0
 10
288.16930917327295
 20
193.5246885617214
 10
288.16930917327295
 20
197.72853907134768
  0
LWPOLYLINE
  5
1AE
330
17
100
AcDbEntity
  8
HIDDEN
370
13
100
AcDbPolyline
 90
2
 70
0
 10
283.96545866364664
 20
197.72853907134768
 10
288.16930917327295
 20
197.72853907134768
  0
LWPOLYLINE
  5
1AF
330
17
100
AcDbEntity
  8
HIDDEN
370
13
100
AcDbPolyline
 90
2
 70
0
 10
141.03454133635336
 20
127.3140430351076
 10
141.03454133635336
 20
195.62661381653453
  0
LWPOLYLINE
  5
1B0
330
17
100
AcDbEntity
  8
HIDDEN
370
13
100
AcDbPolyline
 90
2
 70
0
 10
142.50588901472253
 20
125.00192525481314
 10
135.35934314835788
 20
125.00192525481314
  0
LWPOLYLINE
  5
1B1
330
17
100
AcDbEntity
  8
HIDDEN
370
13
100
AcDbPolyline
 90
2
 70
0
 10
141.03454133635336
 20
127.3140430351076
 10
141.03454133635336
 20
195.62661381653453
  0
LWPOLYLINE
  5
1B2
330
17
100
AcDbEntity
  8
HIDDEN
370
13
100
AcDbPolyline
 90
2
 70
0
 10
136.83069082672708
 20
127.3140430351076
 10
141.03454133635336
 20
127.3140430351076
  0
LWPOLYLINE
  5
1B3
330
17
100
AcDbEntity
  8
HIDDEN
370
13
100
AcDbPolyline
 90
2
 70
0
 10
142.50588901472253
 20
122.9
 10
142.50588901472253
 20
125.00192525481314
  0
LWPOLYLINE
  5
1B4
330
17
100
AcDbEntity
  8
HIDDEN
370
13
100
AcDbPolyline
 90
2
 70
0
 10
283.96545866364664
 20
127.3140430351076
 10
283.96545866364664
 20
195.62661381653453
  0
LWPOLYLINE
  5
1B5
330
17
100
AcDbEntity
  8
HIDDEN
370
13
100
AcDbPolyline
 90
2
 70
0
 10
283.96545866364664
 20
127.3140430351076
 10
288.16930917327295
 20
127.3140430351076
  0
LWPOLYLINE
  5
1B6
330
17
100
AcDbEntity
  8
HIDDEN
370
13
100
AcDbPolyline
 90
2
 70
0
 10
283.96545866364664
 20
127.3140430351076
 10
283.96545866364664
 20
195.62661381653453
  0
LWPOLYLINE
  5
1B7
330
17
100
AcDbEntity
  8
HIDDEN
370
13
100
AcDbPolyline
 90
2
 70
0
 10
283.96545866364664
 20
127.3140430351076
 10
288.16930917327295
 20
127.3140430351076
  0
LWPOLYLINE
  5
1B8
330
17
100
AcDbEntity
  8
HIDDEN
370
13
100
AcDbPolyline
 90
2
 70
0
 10
289.6406568516421
 20
125.00192525481314
 10
282.4941109852775
 20
125.00192525481314
  0
LWPOLYLINE
  5
1B9
330
17
100
AcDbEntity
  8
HIDDEN
370
13
100
AcDbPolyline
 90
2
 70
0
 10
282.4941109852775
 20
122.9
 10
289.6406568516421
 20
122.9
  0
LWPOLYLINE
  5
1BA
330
17
100
AcDbEntity
  8
HIDDEN
370
13
100
AcDbPolyline
 90
2
 70
0
 10
185.43771234428087
 20
197.4132502831257
 10
189.11608154020385
 20
197.4132502831257
  0
LWPOLYLINE
  5
1BB
330
17
100
AcDbEntity
  8
HIDDEN
370
13
100
AcDbPolyline
 90
2
 70
0
 10
185.43771234428087
 20
199.09479048697622
 10
189.11608154020385
 20
199.09479048697622
  0
LWPOLYLINE
  5
1BC
330
17
100
AcDbEntity
  8
HIDDEN
370
13
100
AcDbPolyline
 90
2
 70
0
 10
134.72876557191393
 20
199.09479048697622
 10
290.2712344280861
 20
199.09479048697622
  0
LWPOLYLINE
  5
1BD
330
17
100
AcDbEntity
  8
HIDDEN
370
13
100
AcDbPolyline
 90
2
 70
0
 10
283.96545866364664
 20
126.26308040770103
 10
283.96545866364664
 20
174.60736126840317
  0
LWPOLYLINE
  5
1BE
330
17
100
AcDbEntity
  8
HIDDEN
370
13
100
AcDbPolyline
 90
2
 70
0
 10
246.1308040770102
 20
126.26308040770103
 10
283.96545866364664
 20
126.26308040770103
  0
LWPOLYLINE
  5
1BF
330
17
100
AcDbEntity
  8
HIDDEN
370
13
100
AcDbPolyline
 90
2
 70
0
 10
280.8125707814269
 20
164.0977349943375
 10
280.8125707814269
 20
169.35254813137033
  0
LWPOLYLINE
  5
1C0
330
17
100
AcDbEntity
  8
HIDDEN
370
13
100
AcDbPolyline
 90
2
 70
0
 10
249.28369195922988
 20
169.35254813137033
 10
280.8125707814269
 20
169.35254813137033
  0
LWPOLYLINE
  5
1C1
330
17
100
AcDbEntity
  8
HIDDEN
370
13
100
AcDbPolyline
 90
2
 70
0
 10
183.07304643261608
 20
198.8845979614949
 10
136.83069082672708
 20
198.8845979614949
  0
LWPOLYLINE
  5
1C2
330
17
100
AcDbEntity
  8
HIDDEN
370
13
100
AcDbPolyline
 90
2
 70
0
 10
176.24178935447338
 20
203.5088335220838
 10
176.24178935447338
 20
212.9674971687429
  0
LWPOLYLINE
  5
1C3
330
17
100
AcDbEntity
  8
HIDDEN
370
13
100
AcDbPolyline
 90
2
 70
0
 10
138.40713476783694
 20
215.59490373725933
 10
181.49660249150622
 20
215.59490373725933
  0
LWPOLYLINE
  5
1C4
330
17
100
AcDbEntity
  8
HIDDEN
370
13
100
AcDbPolyline
 90
2
 70
0
 10
179.92015855039637
 20
226.6300113250283
 10
139.98357870894677
 20
226.6300113250283
  0
LWPOLYLINE
  5
1C5
330
17
100
AcDbEntity
  8
HIDDEN
370
13
100
AcDbPolyline
 90
2
 70
0
 10
139.98357870894677
 20
210.86557191392978
 10
179.92015855039637
 20
210.86557191392978
  0
LWPOLYLINE
  5
1C6
330
17
100
AcDbEntity
  8
HIDDEN
370
13
100
AcDbPolyline
 90
2
 70
0
 10
176.24178935447338
 20
212.44201585503964
 10
143.66194790486978
 20
212.44201585503964
  0
LWPOLYLINE
  5
1C7
330
17
100
AcDbEntity
  8
HIDDEN
370
13
100
AcDbPolyline
 90
2
 70
0
 10
180.340543601359
 20
217.1713476783692
 10
180.340543601359
 20
218.22231030577575
  0
LWPOLYLINE
  5
1C8
330
17
100
AcDbEntity
  8
HIDDEN
370
13
100
AcDbPolyline
 90
2
 70
0
 10
174.87553793884484
 20
217.1713476783692
 10
180.340543601359
 20
217.1713476783692
  0
LWPOLYLINE
  5
1C9
330
17
100
AcDbEntity
  8
HIDDEN
370
13
100
AcDbPolyline
 90
2
 70
0
 10
178.5536338611849
 20
217.61275198187997
 10
178.5536338611849
 20
218.66371460928653
  0
LWPOLYLINE
  5
1CA
330
17
100
AcDbEntity
  8
HIDDEN
370
13
100
AcDbPolyline
 90
2
 70
0
 10
173.08862819867073
 20
217.61275198187997
 10
178.5536338611849
 20
217.61275198187997
  0
LWPOLYLINE
  5
1CB
330
17
100
AcDbEntity
  8
HIDDEN
370
13
100
AcDbPolyline
 90
2
 70
0
 10
173.55459644951918
 20
218.05415628539072
 10
173.55459644951918
 20
219.10511891279728
  0
LWPOLYLINE
  5
1CC
330
17
100
AcDbEntity
  8
HIDDEN
370
13
100
AcDbPolyline
 90
2
 70
0
 10
168.08959078700502
 20
218.05415628539072
 10
173.55459644951918
 20
218.05415628539072
  0
LWPOLYLINE
  5
1CD
330
17
100
AcDbEntity
  8
HIDDEN
370
13
100
AcDbPolyline
 90
2
 70
0
 10
166.35529606401667
 20
218.49556058890147
 10
166.35529606401667
 20
219.54652321630803
  0
LWPOLYLINE
  5
1CE
330
17
100
AcDbEntity
  8
HIDDEN
370
13
100
AcDbPolyline
 90
2
 70
0
 10
160.8902904015025
 20
218.49556058890147
 10
166.35529606401667
 20
218.49556058890147
  0
LWPOLYLINE
  5
1CF
330
17
100
AcDbEntity
  8
HIDDEN
370
13
100
AcDbPolyline
 90
2
 70
0
 10
158.41295682768634
 20
218.93696489241222
 10
158.41295682768634
 20
219.98792751981878
  0
LWPOLYLINE
  5
1D0
330
17
100
AcDbEntity
  8
HIDDEN
370
13
100
AcDbPolyline
 90
2
 70
0
 10
152.94795116517219
 20
218.93696489241222
 10
158.41295682768634
 20
218.93696489241222
  0
LWPOLYLINE
  5
1D1
330
17
100
AcDbEntity
  8
HIDDEN
370
13
100
AcDbPolyline
 90
2
 70
0
 10
151.33520277457143
 20
219.37836919592297
 10
151.33520277457143
 20
220.42933182332956
  0
LWPOLYLINE
  5
1D2
330
17
100
AcDbEntity
  8
HIDDEN
370
13
100
AcDbPolyline
 90
2
 70
0
 10
145.87019711205727
 20
219.37836919592297
 10
151.33520277457143
 20
219.37836919592297
  0
LWPOLYLINE
  5
1D3
330
17
100
AcDbEntity
  8
HIDDEN
370
13
100
AcDbPolyline
 90
2
 70
0
 10
146.55465560268865
 20
219.81977349943375
 10
146.55465560268865
 20
220.8707361268403
  0
LWPOLYLINE
  5
1D4
330
17
100
AcDbEntity
  8
HIDDEN
370
13
100
AcDbPolyline
 90
2
 70
0
 10
141.0896499401745
 20
219.81977349943375
 10
146.55465560268865
 20
219.81977349943375
  0
LWPOLYLINE
  5
1D5
330
17
100
AcDbEntity
  8
HIDDEN
370
13
100
AcDbPolyline
 90
2
 70
0
 10
145.0389549835133
 20
220.2611778029445
 10
145.0389549835133
 20
221.31214043035106
  0
LWPOLYLINE
  5
1D6
330
17
100
AcDbEntity
  8
HIDDEN
370
13
100
AcDbPolyline
 90
2
 70
0
 10
139.57394932099913
 20
220.2611778029445
 10
145.0389549835133
 20
220.2611778029445
  0
LWPOLYLINE
  5
1D7
330
17
100
AcDbEntity
  8
HIDDEN
370
13
100
AcDbPolyline
 90
2
 70
0
 10
147.0948967704328
 20
220.70258210645525
 10
147.0948967704328
 20
221.75354473386184
  0
LWPOLYLINE
  5
1D8
330
17
100
AcDbEntity
  8
HIDDEN
370
13
100
AcDbPolyline
 90
2
 70
0
 10
141.62989110791864
 20
220.70258210645525
 10
147.0948967704328
 20
220.70258210645525
  0
LWPOLYLINE
  5
1D9
330
17
100
AcDbEntity
  8
HIDDEN
370
13
100
AcDbPolyline
 90
2
 70
0
 10
152.30633386485022
 20
221.143986409966
 10
152.30633386485022
 20
222.1949490373726
  0
LWPOLYLINE
  5
1DA
330
17
100
AcDbEntity
  8
HIDDEN
370
13
100
AcDbPolyline
 90
2
 70
0
 10
146.84132820233606
 20
221.143986409966
 10
152.30633386485022
 20
221.143986409966
  0
LWPOLYLINE
  5
1DB
330
17
100
AcDbEntity
  8
HIDDEN
370
13
100
AcDbPolyline
 90
2
 70
0
 10
159.61840934417395
 20
221.58539071347678
 10
159.61840934417395
 20
222.63635334088335
  0
LWPOLYLINE
  5
1DC
330
17
100
AcDbEntity
  8
HIDDEN
370
13
100
AcDbPolyline
 90
2
 70
0
 10
154.15340368165982
 20
221.58539071347678
 10
159.61840934417395
 20
221.58539071347678
  0
LWPOLYLINE
  5
1DD
330
17
100
AcDbEntity
  8
HIDDEN
370
13
100
AcDbPolyline
 90
2
 70
0
 10
167.55107206357127
 20
222.02679501698753
 10
167.55107206357127
 20
223.07775764439413
  0
LWPOLYLINE
  5
1DE
330
17
100
AcDbEntity
  8
HIDDEN
370
13
100
AcDbPolyline
 90
2
 70
0
 10
162.08606640105714
 20
222.02679501698753
 10
167.55107206357127
 20
222.02679501698753
  0
LWPOLYLINE
  5
1DF
330
17
100
AcDbEntity
  8
HIDDEN
370
13
100
AcDbPolyline
 90
2
 70
0
 10
174.49865663123245
 20
222.4681993204983
 10
174.49865663123245
 20
223.51916194790488
  0
LWPOLYLINE
  5
1E0
330
17
100
AcDbEntity
  8
HIDDEN
370
13
100
AcDbPolyline
 90
2
 70
0
 10
169.0336509687183
 20
222.4681993204983
 10
174.49865663123245
 20
222.4681993204983
  0
LWPOLYLINE
  5
1E1
330
17
100
AcDbEntity
  8
HIDDEN
370
13
100
AcDbPolyline
 90
2
 70
0
 10
179.05488920299598
 20
222.90960362400904
 10
179.05488920299598
 20
223.96056625141563
  0
LWPOLYLINE
  5
1E2
330
17
100
AcDbEntity
  8
HIDDEN
370
13
100
AcDbPolyline
 90
2
 70
0
 10
173.58988354048182
 20
222.90960362400904
 10
179.05488920299598
 20
222.90960362400904
  0
LWPOLYLINE
  5
1E3
330
17
100
AcDbEntity
  8
HIDDEN
370
13
100
AcDbPolyline
 90
2
 70
0
 10
180.29753405342623
 20
223.35100792751982
 10
180.29753405342623
 20
224.40197055492638
  0
LWPOLYLINE
  5
1E4
330
17
100
AcDbEntity
  8
HIDDEN
370
13
100
AcDbPolyline
 90
2
 70
0
 10
174.83252839091207
 20
223.35100792751982
 10
180.29753405342623
 20
223.35100792751982
  0
LWPOLYLINE
  5
1E5
330
17
100
AcDbEntity
  8
HIDDEN
370
13
100
AcDbPolyline
 90
2
 70
0
 10
177.97506506813392
 20
223.79241223103057
 10
177.97506506813392
 20
224.84337485843713
  0
LWPOLYLINE
  5
1E6
330
17
100
AcDbEntity
  8
HIDDEN
370
13
100
AcDbPolyline
 90
2
 70
0
 10
172.51005940561976
 20
223.79241223103057
 10
177.97506506813392
 20
223.79241223103057
  0
LWPOLYLINE
  5
1E7
330
17
100
AcDbEntity
  8
HIDDEN
370
13
100
AcDbPolyline
 90
2
 70
0
 10
172.55757762431674
 20
224.23381653454135
 10
172.55757762431674
 20
225.2847791619479
  0
LWPOLYLINE
  5
1E8
330
17
100
AcDbEntity
  8
HIDDEN
370
13
100
AcDbPolyline
 90
2
 70
0
 10
167.0925719618026
 20
224.23381653454135
 10
172.55757762431674
 20
224.23381653454135
  0
LWPOLYLINE
  5
1E9
330
17
100
AcDbEntity
  8
HIDDEN
370
13
100
AcDbPolyline
 90
2
 70
0
 10
165.141635688798
 20
224.6752208380521
 10
165.141635688798
 20
225.72618346545866
  0
LWPOLYLINE
  5
1EA
330
17
100
AcDbEntity
  8
HIDDEN
370
13
100
AcDbPolyline
 90
2
 70
0
 10
159.67663002628385
 20
224.6752208380521
 10
165.141635688798
 20
224.6752208380521
  0
LWPOLYLINE
  5
1EB
330
17
100
AcDbEntity
  8
HIDDEN
370
13
100
AcDbPolyline
 90
2
 70
0
 10
157.22831421393576
 20
225.11662514156285
 10
157.22831421393576
 20
226.1675877689694
  0
LWPOLYLINE
  5
1EC
330
17
100
AcDbEntity
  8
HIDDEN
370
13
100
AcDbPolyline
 90
2
 70
0
 10
151.7633085514216
 20
225.11662514156285
 10
157.22831421393576
 20
225.11662514156285
  0
LWPOLYLINE
  5
1ED
330
17
100
AcDbEntity
  8
HIDDEN
370
13
100
AcDbPolyline
 90
2
 70
0
 10
150.41936369331498
 20
225.5580294450736
 10
150.41936369331498
 20
226.60899207248016
  0
LWPOLYLINE
  5
1EE
330
17
100
AcDbEntity
  8
HIDDEN
370
13
100
AcDbPolyline
 90
2
 70
0
 10
144.95435803080085
 20
225.5580294450736
 10
150.41936369331498
 20
225.5580294450736
  0
LWPOLYLINE
  5
1EF
330
17
100
AcDbEntity
  8
HIDDEN
370
13
100
AcDbPolyline
 90
2
 70
0
 10
146.09299678924395
 20
225.99943374858435
 10
146.09299678924395
 20
227.05039637599094
  0
LWPOLYLINE
  5
1F0
330
17
100
AcDbEntity
  8
HIDDEN
370
13
100
AcDbPolyline
 90
2
 70
0
 10
140.6279911267298
 20
225.99943374858435
 10
146.09299678924395
 20
225.99943374858435
  0
LWPOLYLINE
  5
1F1
330
17
100
AcDbEntity
  8
HIDDEN
370
13
100
AcDbPolyline
 90
2
 70
0
 10
145.12492167888672
 20
226.44083805209513
 10
145.12492167888672
 20
227.4918006795017
  0
LWPOLYLINE
  5
1F2
330
17
100
AcDbEntity
  8
HIDDEN
370
13
100
AcDbPolyline
 90
2
 70
0
 10
139.65991601637256
 20
226.44083805209513
 10
145.12492167888672
 20
226.44083805209513
  0
LWPOLYLINE
  5
1F3
330
17
100
AcDbEntity
  8
HIDDEN
370
13
100
AcDbPolyline
 90
2
 70
0
 10
147.71108829183493
 20
226.8822423556059
 10
147.71108829183493
 20
227.93320498301244
  0
LWPOLYLINE
  5
1F4
330
17
100
AcDbEntity
  8
HIDDEN
370
13
100
AcDbPolyline
 90
2
 70
0
 10
142.24608262932077
 20
226.8822423556059
 10
147.71108829183493
 20
226.8822423556059
  0
LWPOLYLINE
  5
1F5
330
17
100
AcDbEntity
  8
HIDDEN
370
13
100
AcDbPolyline
 90
2
 70
0
 10
153.32802571110523
 20
227.32364665911663
 10
153.32802571110523
 20
228.3746092865232
  0
LWPOLYLINE
  5
1F6
330
17
100
AcDbEntity
  8
HIDDEN
370
13
100
AcDbPolyline
 90
2
 70
0
 10
147.86302004859107
 20
227.32364665911663
 10
153.32802571110523
 20
227.32364665911663
  0
LWPOLYLINE
  5
1F7
330
17
100
AcDbEntity
  8
HIDDEN
370
13
100
AcDbPolyline
 90
2
 70
0
 10
160.83879891990722
 20
227.7650509626274
 10
160.83879891990722
 20
228.81601359003398
  0
LWPOLYLINE
  5
1F8
330
17
100
AcDbEntity
  8
HIDDEN
370
13
100
AcDbPolyline
 90
2
 70
0
 10
155.3737932573931
 20
227.7650509626274
 10
160.83879891990722
 20
227.7650509626274
  0
LWPOLYLINE
  5
1F9
330
17
100
AcDbEntity
  8
HIDDEN
370
13
100
AcDbPolyline
 90
2
 70
0
 10
168.72313798699054
 20
228.20645526613816
 10
168.72313798699054
 20
229.25741789354473
  0
LWPOLYLINE
  5
1FA
330
17
100
AcDbEntity
  8
HIDDEN
370
13
100
AcDbPolyline
 90
2
 70
0
 10
163.25813232447638
 20
228.20645526613816
 10
168.72313798699054
 20
228.20645526613816
  0
LWPOLYLINE
  5
1FB
330
17
100
AcDbEntity
  8
HIDDEN
370
13
100
AcDbPolyline
 90
2
 70
0
 10
175.38515880317138
 20
228.64785956964892
 10
175.38515880317138
 20
229.6988221970555
  0
LWPOLYLINE
  5
1FC
330
17
100
AcDbEntity
  8
HIDDEN
370
13
100
AcDbPolyline
 90
2
 70
0
 10
169.92015314065722
 20
228.64785956964892
 10
175.38515880317138
 20
228.64785956964892
  0
LWPOLYLINE
  5
1FD
330
17
100
AcDbEntity
  8
HIDDEN
370
13
100
AcDbPolyline
 90
2
 70
0
 10
179.4763890279154
 20
229.0892638731597
 10
179.4763890279154
 20
230.14022650056626
  0
LWPOLYLINE
  5
1FE
330
17
100
AcDbEntity
  8
HIDDEN
370
13
100
AcDbPolyline
 90
2
 70
0
 10
174.01138336540123
 20
229.0892638731597
 10
179.4763890279154
 20
229.0892638731597
  0
LWPOLYLINE
  5
1FF
330
17
100
AcDbEntity
  8
HIDDEN
370
13
100
AcDbPolyline
 90
2
 70
0
 10
180.16871494780304
 20
229.53066817667042
 10
180.16871494780304
 20
230.581630804077
  0
LWPOLYLINE
  5
200
330
17
100
AcDbEntity
  8
HIDDEN
370
13
100
AcDbPolyline
 90
2
 70
0
 10
174.70370928528888
 20
229.53066817667042
 10
180.16871494780304
 20
229.53066817667042
  0
LWPOLYLINE
  5
201
330
17
100
AcDbEntity
  8
HIDDEN
370
13
100
AcDbPolyline
 90
2
 70
0
 10
177.32200155285057
 20
229.9720724801812
 10
177.32200155285057
 20
231.02303510758776
  0
LWPOLYLINE
  5
202
330
17
100
AcDbEntity
  8
HIDDEN
370
13
100
AcDbPolyline
 90
2
 70
0
 10
171.8569958903364
 20
229.9720724801812
 10
177.32200155285057
 20
229.9720724801812
  0
LWPOLYLINE
  5
203
330
17
100
AcDbEntity
  8
HIDDEN
370
13
100
AcDbPolyline
 90
2
 70
0
 10
171.51245753114384
 20
230.41347678369195
 10
171.51245753114384
 20
231.35934314835788
  0
LWPOLYLINE
  5
204
330
17
100
AcDbEntity
  8
HIDDEN
370
13
100
AcDbPolyline
 90
2
 70
0
 10
166.04745186862968
 20
231.4644394110985
 10
171.51245753114384
 20
231.4644394110985
  0
LWPOLYLINE
  5
205
330
17
100
AcDbEntity
  8
HIDDEN
370
13
100
AcDbPolyline
 90
2
 70
0
 10
163.9160037692735
 20
230.85488108720273
 10
163.9160037692735
 20
231.9058437146093
  0
LWPOLYLINE
  5
206
330
17
100
AcDbEntity
  8
HIDDEN
370
13
100
AcDbPolyline
 90
2
 70
0
 10
178.8691959229898
 20
217.69682899207248
 10
178.8691959229898
 20
226.10453001132504
  0
LWPOLYLINE
  5
207
330
17
100
AcDbEntity
  8
HIDDEN
370
13
100
AcDbPolyline
 90
2
 70
0
 10
178.8691959229898
 20
217.69682899207248
 10
179.92015855039637
 20
217.69682899207248
  0
LWPOLYLINE
  5
208
330
17
100
AcDbEntity
  8
HIDDEN
370
13
100
AcDbPolyline
 90
2
 70
0
 10
173.1745291273147
 20
217.69682899207248
 10
173.1745291273147
 20
226.10453001132504
  0
LWPOLYLINE
  5
209
330
17
100
AcDbEntity
  8
HIDDEN
370
13
100
AcDbPolyline
 90
2
 70
0
 10
173.1745291273147
 20
217.69682899207248
 10
174.22549175472128
 20
217.69682899207248
  0
LWPOLYLINE
  5
20A
330
17
100
AcDbEntity
  8
HIDDEN
370
13
100
AcDbPolyline
 90
2
 70
0
 10
159.4263873159683
 20
217.69682899207248
 10
159.4263873159683
 20
226.10453001132504
  0
LWPOLYLINE
  5
20B
330
17
100
AcDbEntity
  8
HIDDEN
370
13
100
AcDbPolyline
 90
2
 70
0
 10
159.4263873159683
 20
217.69682899207248
 10
160.47734994337486
 20
217.69682899207248
  0
LWPOLYLINE
  5
20C
330
17
100
AcDbEntity
  8
HIDDEN
370
13
100
AcDbPolyline
 90
2
 70
0
 10
145.6782455046324
 20
217.69682899207248
 10
145.6782455046324
 20
226.10453001132504
  0
LWPOLYLINE
  5
20D
330
17
100
AcDbEntity
  8
HIDDEN
370
13
100
AcDbPolyline
 90
2
 70
0
 10
145.6782455046324
 20
217.69682899207248
 10
146.729208132039
 20
217.69682899207248
  0
LWPOLYLINE
  5
20E
330
17
100
AcDbEntity
  8
HIDDEN
370
13
100
AcDbPolyline
 90
2
 70
0
 10
139.98357870894677
 20
217.69682899207248
 10
139.98357870894677
 20
226.10453001132504
  0
LWPOLYLINE
  5
20F
330
17
100
AcDbEntity
  8
HIDDEN
370
13
100
AcDbPolyline
 90
2
 70
0
 10
139.98357870894677
 20
217.69682899207248
 10
141.03454133635336
 20
217.69682899207248
  0
LWPOLYLINE
  5
210
330
17
100
AcDbEntity
  8
HIDDEN
370
13
100
AcDbPolyline
 90
2
 70
0
 10
145.6782455046324
 20
217.69682899207248
 10
145.6782455046324
 20
226.10453001132504
  0
LWPOLYLINE
  5
211
330
17
100
AcDbEntity
  8
HIDDEN
370
13
100
AcDbPolyline
 90
2
 70
0
 10
145.6782455046324
 20
217.69682899207248
 10
146.729208132039
 20
217.69682899207248
  0
LWPOLYLINE
  5
212
330
17
100
AcDbEntity
  8
HIDDEN
370
13
100
AcDbPolyline
 90
2
 70
0
 10
159.4263873159683
 20
217.69682899207248
 10
159.4263873159683
 20
226.10453001132504
  0
LWPOLYLINE
  5
213
330
17
100
AcDbEntity
  8
HIDDEN
370
13
100
AcDbPolyline
 90
2
 70
0
 10
159.4263873159683
 20
217.69682899207248
 10
160.47734994337486
 20
217.69682899207248
  0
LWPOLYLINE
  5
214
330
17
100
AcDbEntity
  8
HIDDEN
370
13
100
AcDbPolyline
 90
2
 70
0
 10
173.1745291273147
 20
217.69682899207248
 10
173.1745291273147
 20
226.10453001132504
  0
LWPOLYLINE
  5
215
330
17
100
AcDbEntity
  8
HIDDEN
370
13
100
AcDbPolyline
 90
2
 70
0
 10
173.1745291273147
 20
217.69682899207248
 10
174.22549175472128
 20
217.69682899207248
  0
LWPOLYLINE
  5
216
330
17
100
AcDbEntity
  8
HIDDEN
370
13
100
AcDbPolyline
 90
2
 70
0
 10
175.71630804077012
 20
218.3274065685164
 10
175.71630804077012
 20
220.21913929784824
  0
LWPOLYLINE
  5
217
330
17
100
AcDbEntity
  8
HIDDEN
370
13
100
AcDbPolyline
 90
2
 70
0
 10
175.71630804077012
 20
218.3274065685164
 10
189.11608154020385
 20
218.3274065685164
  0
LWPOLYLINE
  5
218
330
17
100
AcDbEntity
  8
HIDDEN
370
13
100
AcDbPolyline
 90
2
 70
0
 10
234.04473386183466
 20
220.21913929784824
 10
240.87599093997736
 20
220.21913929784824
  0
LWPOLYLINE
  5
219
330
17
100
AcDbEntity
  8
HIDDEN
370
13
100
AcDbPolyline
 90
2
 70
0
 10
175.71630804077012
 20
220.21913929784824
 10
175.71630804077012
 20
224.6331823329558
  0
LWPOLYLINE
  5
21A
330
17
100
AcDbEntity
  8
HIDDEN
370
13
100
AcDbPolyline
 90
2
 70
0
 10
175.71630804077012
 20
224.6331823329558
 10
189.11608154020385
 20
224.6331823329558
  0
LWPOLYLINE
  5
21B
330
17
100
AcDbEntity
  8
HIDDEN
370
13
100
AcDbPolyline
 90
2
 70
0
 10
233.25651189127973
 20
224.6331823329558
 10
240.87599093997736
 20
224.6331823329558
  0
LWPOLYLINE
  5
21C
330
17
100
AcDbEntity
  8
HIDDEN
370
13
100
AcDbPolyline
 90
2
 70
0
 10
175.71630804077012
 20
220.21913929784824
 10
175.71630804077012
 20
224.6331823329558
  0
LWPOLYLINE
  5
21D
330
17
100
AcDbEntity
  8
HIDDEN
370
13
100
AcDbPolyline
 90
2
 70
0
 10
175.71630804077012
 20
224.6331823329558
 10
240.87599093997736
 20
224.6331823329558
  0
LWPOLYLINE
  5
21E
330
17
100
AcDbEntity
  8
HIDDEN
370
13
100
AcDbPolyline
 90
2
 70
0
 10
175.71630804077012
 20
220.42933182332956
 10
175.71630804077012
 20
221.2701019252548
  0
LWPOLYLINE
  5
21F
330
17
100
AcDbEntity
  8
HIDDEN
370
13
100
AcDbPolyline
 90
2
 70
0
 10
175.71630804077012
 20
221.2701019252548
 10
240.87599093997736
 20
221.2701019252548
  0
LWPOLYLINE
  5
220
330
17
100
AcDbEntity
  8
HIDDEN
370
13
100
AcDbPolyline
 90
2
 70
0
 10
254.53850509626272
 20
216.75096262740658
 10
254.53850509626272
 20
218.6426953567384
  0
LWPOLYLINE
  5
221
330
17
100
AcDbEntity
  8
HIDDEN
370
13
100
AcDbPolyline
 90
2
 70
0
 10
235.62117780294452
 20
216.75096262740658
 10
254.53850509626272
 20
216.75096262740658
  0
LWPOLYLINE
  5
222
330
17
100
AcDbEntity
  8
HIDDEN
370
13
100
AcDbPolyline
 90
2
 70
0
 10
240.98108720271802
 20
219.7987542468856
 10
240.98108720271802
 20
230.3083805209513
  0
LWPOLYLINE
  5
223
330
17
100
AcDbEntity
  8
HIDDEN
370
13
100
AcDbPolyline
 90
2
 70
0
 10
238.66896942242354
 20
219.7987542468856
 10
240.98108720271802
 20
219.7987542468856
  0
LWPOLYLINE
  5
224
330
17
100
AcDbEntity
  8
HIDDEN
370
13
100
AcDbPolyline
 90
2
 70
0
 10
248.33782559456398
 20
219.7987542468856
 10
248.33782559456398
 20
230.3083805209513
  0
LWPOLYLINE
  5
225
330
17
100
AcDbEntity
  8
HIDDEN
370
13
100
AcDbPolyline
 90
2
 70
0
 10
246.02570781426954
 20
219.7987542468856
 10
248.33782559456398
 20
219.7987542468856
  0
LWPOLYLINE
  5
226
330
17
100
AcDbEntity
  8
HIDDEN
370
13
100
AcDbPolyline
 90
9
 70
0
 10
241.7167610419026
 20
225.05356738391845
 10
241.4705051804676
 20
225.6480816244087
 10
240.87599093997736
 20
225.89433748584372
 10
240.2814766994871
 20
225.6480816244087
 10
240.03522083805208
 20
225.05356738391845
 10
240.2814766994871
 20
224.4590531434282
 10
240.87599093997736
 20
224.2127972819932
 10
241.4705051804676
 20
224.4590531434282
 10
241.7167610419026
 20
225.05356738391845
  0
LWPOLYLINE
  5
227
330
17
100
AcDbEntity
  8
HIDDEN
370
13
100
AcDbPolyline
 90
2
 70
0
 10
244.1339750849377
 20
221.7955832389581
 10
244.1339750849377
 20
228.31155152887882
  0
LWPOLYLINE
  5
228
330
17
100
AcDbEntity
  8
HIDDEN
370
13
100
AcDbPolyline
 90
2
 70
0
 10
237.61800679501698
 20
221.7955832389581
 10
244.1339750849377
 20
221.7955832389581
  0
LWPOLYLINE
  5
229
330
17
100
AcDbEntity
  8
HIDDEN
370
13
100
AcDbPolyline
 90
9
 70
0
 10
249.07349943374857
 20
225.05356738391845
 10
248.8272435723136
 20
225.6480816244087
 10
248.23272933182332
 20
225.89433748584372
 10
247.63821509133308
 20
225.6480816244087
 10
247.39195922989808
 20
225.05356738391845
 10
247.63821509133308
 20
224.4590531434282
 10
248.23272933182332
 20
224.2127972819932
 10
248.8272435723136
 20
224.4590531434282
 10
249.07349943374857
 20
225.05356738391845
  0
LWPOLYLINE
  5
22A
330
17
100
AcDbEntity
  8
HIDDEN
370
13
100
AcDbPolyline
 90
2
 70
0
 10
251.4907134767837
 20
221.7955832389581
 10
251.4907134767837
 20
228.31155152887882
  0
LWPOLYLINE
  5
22B
330
17
100
AcDbEntity
  8
HIDDEN
370
13
100
AcDbPolyline
 90
2
 70
0
 10
244.97474518686295
 20
221.7955832389581
 10
251.4907134767837
 20
221.7955832389581
  0
LWPOLYLINE
  5
22C
330
17
100
AcDbEntity
  8
HIDDEN
370
13
100
AcDbPolyline
 90
2
 70
0
 10
180.97112117780296
 20
222.95164212910532
 10
187.27689694224236
 20
222.95164212910532
  0
LWPOLYLINE
  5
22D
330
17
100
AcDbEntity
  8
HIDDEN
370
13
100
AcDbPolyline
 90
2
 70
0
 10
185.06987542468858
 20
225.47395243488108
 10
185.06987542468858
 20
222.5312570781427
  0
LWPOLYLINE
  5
22E
330
17
100
AcDbEntity
  8
HIDDEN
370
13
100
AcDbPolyline
 90
2
 70
0
 10
193.0571913929785
 20
222.95164212910532
 10
193.0571913929785
 20
225.05356738391845
  0
LWPOLYLINE
  5
22F
330
17
100
AcDbEntity
  8
HIDDEN
370
13
100
AcDbPolyline
 90
2
 70
0
 10
186.75141562853906
 20
225.05356738391845
 10
186.75141562853906
 20
222.95164212910532
  0
LWPOLYLINE
  5
230
330
17
100
AcDbEntity
  8
HIDDEN
370
13
100
AcDbPolyline
 90
2
 70
0
 10
188.95843714609288
 20
222.5312570781427
 10
188.95843714609288
 20
225.47395243488108
  0
LWPOLYLINE
  5
231
330
17
100
AcDbEntity
  8
HIDDEN
370
13
100
AcDbPolyline
 90
2
 70
0
 10
192.5317100792752
 20
222.95164212910532
 10
198.8374858437146
 20
222.95164212910532
  0
LWPOLYLINE
  5
232
330
17
100
AcDbEntity
  8
HIDDEN
370
13
100
AcDbPolyline
 90
2
 70
0
 10
196.63046432616082
 20
224.6331823329558
 10
196.63046432616082
 20
222.5312570781427
  0
LWPOLYLINE
  5
233
330
17
100
AcDbEntity
  8
HIDDEN
370
13
100
AcDbPolyline
 90
2
 70
0
 10
204.61778029445074
 20
222.95164212910532
 10
204.61778029445074
 20
225.05356738391845
  0
LWPOLYLINE
  5
234
330
17
100
AcDbEntity
  8
HIDDEN
370
13
100
AcDbPolyline
 90
2
 70
0
 10
198.31200453001134
 20
224.6331823329558
 10
198.31200453001134
 20
222.95164212910532
  0
LWPOLYLINE
  5
235
330
17
100
AcDbEntity
  8
HIDDEN
370
13
100
AcDbPolyline
 90
2
 70
0
 10
200.51902604756512
 20
222.5312570781427
 10
200.51902604756512
 20
225.47395243488108
  0
LWPOLYLINE
  5
236
330
17
100
AcDbEntity
  8
HIDDEN
370
13
100
AcDbPolyline
 90
2
 70
0
 10
204.09229898074744
 20
222.95164212910532
 10
210.39807474518688
 20
222.95164212910532
  0
LWPOLYLINE
  5
237
330
17
100
AcDbEntity
  8
HIDDEN
370
13
100
AcDbPolyline
 90
2
 70
0
 10
208.19105322763306
 20
224.6331823329558
 10
208.19105322763306
 20
222.5312570781427
  0
LWPOLYLINE
  5
238
330
17
100
AcDbEntity
  8
HIDDEN
370
13
100
AcDbPolyline
 90
2
 70
0
 10
216.17836919592298
 20
222.95164212910532
 10
216.17836919592298
 20
225.05356738391845
  0
LWPOLYLINE
  5
239
330
17
100
AcDbEntity
  8
HIDDEN
370
13
100
AcDbPolyline
 90
2
 70
0
 10
209.87259343148358
 20
224.6331823329558
 10
209.87259343148358
 20
222.95164212910532
  0
LWPOLYLINE
  5
23A
330
17
100
AcDbEntity
  8
HIDDEN
370
13
100
AcDbPolyline
 90
2
 70
0
 10
212.07961494903736
 20
222.5312570781427
 10
212.07961494903736
 20
225.47395243488108
  0
LWPOLYLINE
  5
23B
330
17
100
AcDbEntity
  8
HIDDEN
370
13
100
AcDbPolyline
 90
2
 70
0
 10
215.65288788221972
 20
222.95164212910532
 10
221.95866364665912
 20
222.95164212910532
  0
LWPOLYLINE
  5
23C
330
17
100
AcDbEntity
  8
HIDDEN
370
13
100
AcDbPolyline
 90
2
 70
0
 10
219.75164212910533
 20
224.6331823329558
 10
219.75164212910533
 20
222.5312570781427
  0
LWPOLYLINE
  5
23D
330
17
100
AcDbEntity
  8
HIDDEN
370
13
100
AcDbPolyline
 90
2
 70
0
 10
227.73895809739525
 20
222.95164212910532
 10
227.73895809739525
 20
225.05356738391845
  0
LWPOLYLINE
  5
23E
330
17
100
AcDbEntity
  8
HIDDEN
370
13
100
AcDbPolyline
 90
2
 70
0
 10
221.43318233295582
 20
224.6331823329558
 10
221.43318233295582
 20
222.95164212910532
  0
LWPOLYLINE
  5
23F
330
17
100
AcDbEntity
  8
HIDDEN
370
13
100
AcDbPolyline
 90
2
 70
0
 10
223.64020385050964
 20
222.5312570781427
 10
223.64020385050964
 20
225.47395243488108
  0
LWPOLYLINE
  5
240
330
17
100
AcDbEntity
  8
HIDDEN
370
13
100
AcDbPolyline
 90
2
 70
0
 10
227.21347678369196
 20
222.95164212910532
 10
233.51925254813136
 20
222.95164212910532
  0
LWPOLYLINE
  5
241
330
17
100
AcDbEntity
  8
HIDDEN
370
13
100
AcDbPolyline
 90
2
 70
0
 10
231.31223103057758
 20
224.6331823329558
 10
231.31223103057758
 20
222.5312570781427
  0
LWPOLYLINE
  5
242
330
17
100
AcDbEntity
  8
HIDDEN
370
13
100
AcDbPolyline
 90
2
 70
0
 10
239.2995469988675
 20
222.95164212910532
 10
239.2995469988675
 20
225.05356738391845
  0
LWPOLYLINE
  5
243
330
17
100
AcDbEntity
  8
HIDDEN
370
13
100
AcDbPolyline
 90
2
 70
0
 10
232.9937712344281
 20
224.6331823329558
 10
232.9937712344281
 20
222.95164212910532
  0
LWPOLYLINE
  5
244
330
17
100
AcDbEntity
  8
HIDDEN
370
13
100
AcDbPolyline
 90
2
 70
0
 10
235.20079275198188
 20
222.5312570781427
 10
235.20079275198188
 20
225.47395243488108
  0
LWPOLYLINE
  5
245
330
17
100
AcDbEntity
  8
HIDDEN
370
13
100
AcDbPolyline
 90
2
 70
0
 10
281.8635334088335
 20
207.1872027180068
 10
281.8635334088335
 20
209.28912797281993
  0
LWPOLYLINE
  5
246
330
17
100
AcDbEntity
  8
HIDDEN
370
13
100
AcDbPolyline
 90
2
 70
0
 10
231.41732729331824
 20
209.28912797281993
 10
281.8635334088335
 20
209.28912797281993
  0
LWPOLYLINE
  5
247
330
17
100
AcDbEntity
  8
HIDDEN
370
13
100
AcDbPolyline
 90
2
 70
0
 10
278.7106455266138
 20
210.5502831257078
 10
278.7106455266138
 20
213.2827859569649
  0
LWPOLYLINE
  5
248
330
17
100
AcDbEntity
  8
HIDDEN
370
13
100
AcDbPolyline
 90
2
 70
0
 10
234.57021517553792
 20
210.5502831257078
 10
278.7106455266138
 20
210.5502831257078
  0
LWPOLYLINE
  5
249
330
17
100
AcDbEntity
  8
HIDDEN
370
13
100
AcDbPolyline
 90
2
 70
0
 10
278.7106455266138
 20
210.5502831257078
 10
278.7106455266138
 20
213.2827859569649
  0
LWPOLYLINE
  5
24A
330
17
100
AcDbEntity
  8
HIDDEN
370
13
100
AcDbPolyline
 90
2
 70
0
 10
234.57021517553792
 20
210.5502831257078
 10
278.7106455266138
 20
210.5502831257078
  0
LWPOLYLINE
  5
24B
330
17
100
AcDbEntity
  8
HIDDEN
370
13
100
AcDbPolyline
 90
2
 70
0
 10
261.8952434881087
 20
214.4388448471121
 10
261.8952434881087
 20
216.75096262740658
  0
LWPOLYLINE
  5
24C
330
17
100
AcDbEntity
  8
HIDDEN
370
13
100
AcDbPolyline
 90
2
 70
0
 10
245.07984144960363
 20
214.4388448471121
 10
261.8952434881087
 20
214.4388448471121
  0
LWPOLYLINE
  5
24D
330
17
100
AcDbEntity
  8
HIDDEN
370
13
100
AcDbPolyline
 90
2
 70
0
 10
258.2168742921857
 20
218.01211778029443
 10
258.2168742921857
 20
221.58539071347678
  0
LWPOLYLINE
  5
24E
330
17
100
AcDbEntity
  8
HIDDEN
370
13
100
AcDbPolyline
 90
2
 70
0
 10
248.75821064552662
 20
218.01211778029443
 10
258.2168742921857
 20
218.01211778029443
  0
LWPOLYLINE
  5
24F
330
17
100
AcDbEntity
  8
HIDDEN
370
13
100
AcDbPolyline
 90
2
 70
0
 10
258.2168742921857
 20
218.01211778029443
 10
258.2168742921857
 20
221.58539071347678
  0
LWPOLYLINE
  5
250
330
17
100
AcDbEntity
  8
HIDDEN
370
13
100
AcDbPolyline
 90
2
 70
0
 10
248.75821064552662
 20
218.01211778029443
 10
258.2168742921857
 20
218.01211778029443
  0
LWPOLYLINE
  5
251
330
17
100
AcDbEntity
  8
HIDDEN
370
13
100
AcDbPolyline
 90
2
 70
0
 10
246.86647791619478
 20
216.64586636466592
 10
246.86647791619478
 20
226.10453001132504
  0
LWPOLYLINE
  5
252
330
17
100
AcDbEntity
  8
HIDDEN
370
13
100
AcDbPolyline
 90
2
 70
0
 10
243.29320498301246
 20
216.64586636466592
 10
246.86647791619478
 20
216.64586636466592
  0
LWPOLYLINE
  5
253
330
17
100
AcDbEntity
  8
HIDDEN
370
13
100
AcDbPolyline
 90
2
 70
0
 10
218.8057757644394
 20
213.07259343148357
 10
218.8057757644394
 20
218.11721404303512
  0
LWPOLYLINE
  5
254
330
17
100
AcDbEntity
  8
HIDDEN
370
13
100
AcDbPolyline
 90
2
 70
0
 10
235.88391845979615
 20
214.75413363533409
 10
246.1308040770102
 20
214.75413363533409
  0
LWPOLYLINE
  5
255
330
17
100
AcDbEntity
  8
HIDDEN
370
13
100
AcDbPolyline
 90
2
 70
0
 10
219.43635334088336
 20
212.33691959229898
 10
219.43635334088336
 20
218.8528878822197
  0
LWPOLYLINE
  5
256
330
17
100
AcDbEntity
  8
HIDDEN
370
13
100
AcDbPolyline
 90
17
 70
0
 10
271.7742921857305
 20
219.7987542468856
 10
271.58229274610324
 20
220.7640006121897
 10
271.03552460142544
 20
221.5822969683564
 10
270.2172282452588
 20
222.12906511303413
 10
269.2519818799547
 20
222.32106455266137
 10
268.28673551465056
 20
222.12906511303413
 10
267.46843915848393
 20
221.5822969683564
 10
266.9216710138062
 20
220.7640006121897
 10
266.72967157417895
 20
219.7987542468856
 10
266.9216710138062
 20
218.8335078815815
 10
267.46843915848393
 20
218.01521152541486
 10
268.28673551465056
 20
217.46844338073709
 10
269.2519818799547
 20
217.27644394110985
 10
270.2172282452588
 20
217.46844338073709
 10
271.03552460142544
 20
218.01521152541486
 10
271.58229274610324
 20
218.8335078815815
 10
271.7742921857305
 20
219.7987542468856
  0
LWPOLYLINE
  5
257
330
17
100
AcDbEntity
  8
HIDDEN
370
13
100
AcDbPolyline
 90
2
 70
0
 10
265.9939977349943
 20
216.54077010192526
 10
265.9939977349943
 20
223.05673839184598
  0
LWPOLYLINE
  5
258
330
17
100
AcDbEntity
  8
HIDDEN
370
13
100
AcDbPolyline
 90
2
 70
0
 10
265.9939977349943
 20
223.05673839184598
 10
272.50996602491506
 20
223.05673839184598
  0
LWPOLYLINE
  5
259
330
17
100
AcDbEntity
  8
HIDDEN
370
13
100
AcDbPolyline
 90
2
 70
0
 10
255.06398640996602
 20
218.74779161947905
 10
255.06398640996602
 20
246.0728199320498
  0
LWPOLYLINE
  5
25A
330
17
100
AcDbEntity
  8
HIDDEN
370
13
100
AcDbPolyline
 90
2
 70
0
 10
255.06398640996602
 20
218.74779161947905
 10
258.2168742921857
 20
218.74779161947905
  0
LWPOLYLINE
  5
25B
330
17
100
AcDbEntity
  8
HIDDEN
370
13
100
AcDbPolyline
 90
2
 70
0
 10
258.2168742921857
 20
218.74779161947905
 10
258.2168742921857
 20
246.0728199320498
  0
LWPOLYLINE
  5
25C
330
17
100
AcDbEntity
  8
HIDDEN
370
13
100
AcDbPolyline
 90
2
 70
0
 10
255.06398640996602
 20
218.74779161947905
 10
258.2168742921857
 20
218.74779161947905
  0
LWPOLYLINE
  5
25D
330
17
100
AcDbEntity
  8
HIDDEN
370
13
100
AcDbPolyline
 90
2
 70
0
 10
255.06398640996602
 20
243.70815402038505
 10
258.2168742921857
 20
243.70815402038505
  0
LWPOLYLINE
  5
25E
330
17
100
AcDbEntity
  8
HIDDEN
370
13
100
AcDbPolyline
 90
2
 70
0
 10
250.33465458663647
 20
243.70815402038505
 10
250.33465458663647
 20
249.48844847112116
  0
LWPOLYLINE
  5
25F
330
17
100
AcDbEntity
  8
HIDDEN
370
13
100
AcDbPolyline
 90
2
 70
0
 10
250.33465458663647
 20
249.48844847112116
 10
262.9462061155153
 20
249.48844847112116
  0
LWPOLYLINE
  5
260
330
17
100
AcDbEntity
  8
HIDDEN
370
13
100
AcDbPolyline
 90
2
 70
0
 10
239.03680634201584
 20
220.84971687429217
 10
239.03680634201584
 20
256.5824462061155
  0
LWPOLYLINE
  5
261
330
17
100
AcDbEntity
  8
HIDDEN
370
13
100
AcDbPolyline
 90
2
 70
0
 10
233.25651189127973
 20
260.7862967157418
 10
239.03680634201584
 20
260.7862967157418
  0
LWPOLYLINE
  5
262
330
17
100
AcDbEntity
  8
HIDDEN
370
13
100
AcDbPolyline
 90
2
 70
0
 10
280.024348810872
 20
236.61415628539072
 10
280.024348810872
 20
249.22570781426953
  0
LWPOLYLINE
  5
263
330
17
100
AcDbEntity
  8
HIDDEN
370
13
100
AcDbPolyline
 90
2
 70
0
 10
274.2440543601359
 20
260.7862967157418
 10
280.024348810872
 20
260.7862967157418
  0
LWPOLYLINE
  5
264
330
17
100
AcDbEntity
  8
HIDDEN
370
13
100
AcDbPolyline
 90
2
 70
0
 10
232.9937712344281
 20
255.7942242355606
 10
280.28708946772366
 20
255.7942242355606
  0
LWPOLYLINE
  5
265
330
17
100
AcDbEntity
  8
HIDDEN
370
13
100
AcDbPolyline
 90
2
 70
0
 10
260.4238958097395
 20
249.64609286523216
 10
260.4238958097395
 20
256.16206115515286
  0
LWPOLYLINE
  5
266
330
17
100
AcDbEntity
  8
HIDDEN
370
13
100
AcDbPolyline
 90
2
 70
0
 10
252.85696489241224
 20
249.64609286523216
 10
260.4238958097395
 20
249.64609286523216
  0
LWPOLYLINE
  5
267
330
17
100
AcDbEntity
  8
HIDDEN
370
13
100
AcDbPolyline
 90
2
 70
0
 10
259.79331823329557
 20
241.55368063420158
 10
259.79331823329557
 20
250.59195922989807
  0
LWPOLYLINE
  5
268
330
17
100
AcDbEntity
  8
HIDDEN
370
13
100
AcDbPolyline
 90
2
 70
0
 10
239.82502831257077
 20
239.50430351075877
 10
239.82502831257077
 20
241.08074745186863
  0
LWPOLYLINE
  5
269
330
17
100
AcDbEntity
  8
HIDDEN
370
13
100
AcDbPolyline
 90
2
 70
0
 10
239.82502831257077
 20
241.08074745186863
 10
273.45583238958096
 20
241.08074745186863
  0
LWPOLYLINE
  5
26A
330
17
100
AcDbEntity
  8
HIDDEN
370
13
100
AcDbPolyline
 90
2
 70
0
 10
279.23612684031707
 20
218.74779161947905
 10
279.23612684031707
 20
231.35934314835788
  0
LWPOLYLINE
  5
26B
330
17
100
AcDbEntity
  8
HIDDEN
370
13
100
AcDbPolyline
 90
2
 70
0
 10
234.04473386183466
 20
218.74779161947905
 10
279.23612684031707
 20
218.74779161947905
  0
LWPOLYLINE
  5
26C
330
17
100
AcDbEntity
  8
HIDDEN
370
13
100
AcDbPolyline
 90
2
 70
0
 10
279.23612684031707
 20
218.74779161947905
 10
279.23612684031707
 20
256.5824462061155
  0
LWPOLYLINE
  5
26D
330
17
100
AcDbEntity
  8
HIDDEN
370
13
100
AcDbPolyline
 90
2
 70
0
 10
234.04473386183466
 20
218.74779161947905
 10
279.23612684031707
 20
218.74779161947905
  0
LWPOLYLINE
  5
26E
330
17
100
AcDbEntity
  8
HIDDEN
370
13
100
AcDbPolyline
 90
2
 70
0
 10
186.43612684031712
 20
226.94530011325028
 10
186.43612684031712
 20
229.46761041902604
  0
LWPOLYLINE
  5
26F
330
17
100
AcDbEntity
  8
HIDDEN
370
13
100
AcDbPolyline
 90
2
 70
0
 10
183.91381653454135
 20
226.94530011325028
 10
186.43612684031712
 20
226.94530011325028
  0
LWPOLYLINE
  5
270
330
17
100
AcDbEntity
  8
HIDDEN
370
13
100
AcDbPolyline
 90
2
 70
0
 10
186.12083805209514
 20
222.47870894677237
 10
186.12083805209514
 20
227.20804077010192
  0
LWPOLYLINE
  5
271
330
17
100
AcDbEntity
  8
HIDDEN
370
13
100
AcDbPolyline
 90
2
 70
0
 10
184.2291053227633
 20
222.47870894677237
 10
186.12083805209514
 20
222.47870894677237
  0
LWPOLYLINE
  5
272
330
17
100
AcDbEntity
  8
HIDDEN
370
13
100
AcDbPolyline
 90
2
 70
0
 10
198.62729331823328
 20
226.94530011325028
 10
201.14960362400907
 20
226.94530011325028
  0
LWPOLYLINE
  5
273
330
17
100
AcDbEntity
  8
HIDDEN
370
13
100
AcDbPolyline
 90
2
 70
0
 10
200.8343148357871
 20
226.94530011325028
 10
200.8343148357871
 20
227.20804077010192
  0
LWPOLYLINE
  5
274
330
17
100
AcDbEntity
  8
HIDDEN
370
13
100
AcDbPolyline
 90
2
 70
0
 10
198.94258210645526
 20
227.20804077010192
 10
200.8343148357871
 20
227.20804077010192
  0
LWPOLYLINE
  5
275
330
17
100
AcDbEntity
  8
HIDDEN
370
13
100
AcDbPolyline
 90
2
 70
0
 10
213.34077010192524
 20
229.46761041902604
 10
215.863080407701
 20
229.46761041902604
  0
LWPOLYLINE
  5
276
330
17
100
AcDbEntity
  8
HIDDEN
370
13
100
AcDbPolyline
 90
2
 70
0
 10
215.54779161947906
 20
222.47870894677237
 10
215.54779161947906
 20
227.20804077010192
  0
LWPOLYLINE
  5
277
330
17
100
AcDbEntity
  8
HIDDEN
370
13
100
AcDbPolyline
 90
2
 70
0
 10
228.0542468856172
 20
226.94530011325028
 10
228.0542468856172
 20
229.46761041902604
  0
LWPOLYLINE
  5
278
330
17
100
AcDbEntity
  8
HIDDEN
370
13
100
AcDbPolyline
 90
2
 70
0
 10
228.36953567383918
 20
226.94530011325028
 10
228.36953567383918
 20
227.20804077010192
  0
LWPOLYLINE
  5
279
330
17
100
AcDbEntity
  8
HIDDEN
370
13
100
AcDbPolyline
 90
2
 70
0
 10
228.36953567383918
 20
227.20804077010192
 10
230.26126840317102
 20
227.20804077010192
  0
LWPOLYLINE
  5
27A
330
17
100
AcDbEntity
  8
HIDDEN
370
13
100
AcDbPolyline
 90
2
 70
0
 10
242.76772366930916
 20
226.94530011325028
 10
242.76772366930916
 20
229.46761041902604
  0
LWPOLYLINE
  5
27B
330
17
100
AcDbEntity
  8
HIDDEN
370
13
100
AcDbPolyline
 90
2
 70
0
 10
242.76772366930916
 20
229.46761041902604
 10
245.29003397508492
 20
229.46761041902604
  0
LWPOLYLINE
  5
27C
330
17
100
AcDbEntity
  8
HIDDEN
370
13
100
AcDbPolyline
 90
2
 70
0
 10
243.08301245753114
 20
222.47870894677237
 10
243.08301245753114
 20
227.20804077010192
  0
LWPOLYLINE
  5
27D
330
17
100
AcDbEntity
  8
HIDDEN
370
13
100
AcDbPolyline
 90
2
 70
0
 10
243.08301245753114
 20
227.20804077010192
 10
244.97474518686295
 20
227.20804077010192
  0
LWPOLYLINE
  5
27E
330
17
100
AcDbEntity
  8
HIDDEN
370
13
100
AcDbPolyline
 90
2
 70
0
 10
198.8374858437146
 20
206.1362400906002
 10
198.8374858437146
 20
220.84971687429217
  0
LWPOLYLINE
  5
27F
330
17
100
AcDbEntity
  8
HIDDEN
370
13
100
AcDbPolyline
 90
2
 70
0
 10
198.8374858437146
 20
220.84971687429217
 10
226.1625141562854
 20
220.84971687429217
  0
LWPOLYLINE
  5
280
330
17
100
AcDbEntity
  8
HIDDEN
370
13
100
AcDbPolyline
 90
2
 70
0
 10
199.8884484711212
 20
207.71268403171007
 10
199.8884484711212
 20
219.27327293318234
  0
LWPOLYLINE
  5
281
330
17
100
AcDbEntity
  8
HIDDEN
370
13
100
AcDbPolyline
 90
2
 70
0
 10
225.1115515288788
 20
207.71268403171007
 10
225.1115515288788
 20
219.27327293318234
  0
LWPOLYLINE
  5
282
330
17
100
AcDbEntity
  8
HIDDEN
370
13
100
AcDbPolyline
 90
2
 70
0
 10
206.1942242355606
 20
213.80826727066818
 10
206.1942242355606
 20
215.27961494903738
  0
LWPOLYLINE
  5
283
330
17
100
AcDbEntity
  8
HIDDEN
370
13
100
AcDbPolyline
 90
2
 70
0
 10
199.8884484711212
 20
215.27961494903738
 10
199.8884484711212
 20
213.80826727066818
  0
LWPOLYLINE
  5
284
330
17
100
AcDbEntity
  8
HIDDEN
370
13
100
AcDbPolyline
 90
2
 70
0
 10
202.5158550396376
 20
213.80826727066818
 10
202.5158550396376
 20
215.27961494903738
  0
LWPOLYLINE
  5
285
330
17
100
AcDbEntity
  8
HIDDEN
370
13
100
AcDbPolyline
 90
2
 70
0
 10
205.14326160815403
 20
213.80826727066818
 10
211.44903737259344
 20
213.80826727066818
  0
LWPOLYLINE
  5
286
330
17
100
AcDbEntity
  8
HIDDEN
370
13
100
AcDbPolyline
 90
2
 70
0
 10
214.07644394110986
 20
215.27961494903738
 10
214.07644394110986
 20
213.80826727066818
  0
LWPOLYLINE
  5
287
330
17
100
AcDbEntity
  8
HIDDEN
370
13
100
AcDbPolyline
 90
2
 70
0
 10
216.70385050962628
 20
213.80826727066818
 10
216.70385050962628
 20
215.27961494903738
  0
LWPOLYLINE
  5
288
330
17
100
AcDbEntity
  8
HIDDEN
370
13
100
AcDbPolyline
 90
2
 70
0
 10
210.39807474518688
 20
215.27961494903738
 10
210.39807474518688
 20
213.80826727066818
  0
LWPOLYLINE
  5
289
330
17
100
AcDbEntity
  8
HIDDEN
370
13
100
AcDbPolyline
 90
2
 70
0
 10
213.0254813137033
 20
213.80826727066818
 10
213.0254813137033
 20
215.27961494903738
  0
LWPOLYLINE
  5
28A
330
17
100
AcDbEntity
  8
HIDDEN
370
13
100
AcDbPolyline
 90
2
 70
0
 10
215.65288788221972
 20
213.80826727066818
 10
221.95866364665912
 20
213.80826727066818
  0
LWPOLYLINE
  5
28B
330
17
100
AcDbEntity
  8
HIDDEN
370
13
100
AcDbPolyline
 90
2
 70
0
 10
224.58607021517554
 20
215.27961494903738
 10
224.58607021517554
 20
213.80826727066818
  0
LWPOLYLINE
  5
28C
330
17
100
AcDbEntity
  8
HIDDEN
370
13
100
AcDbPolyline
 90
2
 70
0
 10
224.1656851642129
 20
209.81460928652322
 10
224.1656851642129
 20
210.86557191392978
  0
LWPOLYLINE
  5
28D
330
17
100
AcDbEntity
  8
HIDDEN
370
13
100
AcDbPolyline
 90
2
 70
0
 10
226.54417953150056
 20
209.81460928652322
 10
226.54417953150056
 20
210.86557191392978
  0
LWPOLYLINE
  5
28E
330
17
100
AcDbEntity
  8
HIDDEN
370
13
100
AcDbPolyline
 90
2
 70
0
 10
228.9226738987893
 20
209.81460928652322
 10
228.9226738987893
 20
210.86557191392978
  0
LWPOLYLINE
  5
28F
330
17
100
AcDbEntity
  8
HIDDEN
370
13
100
AcDbPolyline
 90
2
 70
0
 10
231.301168266078
 20
209.81460928652322
 10
231.301168266078
 20
210.86557191392978
  0
LWPOLYLINE
  5
290
330
17
100
AcDbEntity
  8
HIDDEN
370
13
100
AcDbPolyline
 90
2
 70
0
 10
233.67966263336672
 20
209.81460928652322
 10
233.67966263336672
 20
210.86557191392978
  0
LWPOLYLINE
  5
291
330
17
100
AcDbEntity
  8
HIDDEN
370
13
100
AcDbPolyline
 90
2
 70
0
 10
236.05815700065543
 20
209.81460928652322
 10
236.05815700065543
 20
210.86557191392978
  0
LWPOLYLINE
  5
292
330
17
100
AcDbEntity
  8
HIDDEN
370
13
100
AcDbPolyline
 90
2
 70
0
 10
236.05815700065543
 20
209.81460928652322
 10
237.94988972998726
 20
209.81460928652322
  0
LWPOLYLINE
  5
293
330
17
100
AcDbEntity
  8
HIDDEN
370
13
100
AcDbPolyline
 90
2
 70
0
 10
238.43665136794414
 20
209.81460928652322
 10
238.43665136794414
 20
210.86557191392978
  0
LWPOLYLINE
  5
294
330
17
100
AcDbEntity
  8
HIDDEN
370
13
100
AcDbPolyline
 90
2
 70
0
 10
238.43665136794414
 20
209.81460928652322
 10
240.32838409727597
 20
209.81460928652322
  0
LWPOLYLINE
  5
295
330
17
100
AcDbEntity
  8
HIDDEN
370
13
100
AcDbPolyline
 90
2
 70
0
 10
240.81514573523182
 20
209.81460928652322
 10
240.81514573523182
 20
210.86557191392978
  0
LWPOLYLINE
  5
296
330
17
100
AcDbEntity
  8
HIDDEN
370
13
100
AcDbPolyline
 90
2
 70
0
 10
240.81514573523182
 20
209.81460928652322
 10
242.70687846456363
 20
209.81460928652322
  0
LWPOLYLINE
  5
297
330
17
100
AcDbEntity
  8
HIDDEN
370
13
100
AcDbPolyline
 90
2
 70
0
 10
243.19364010252053
 20
209.81460928652322
 10
243.19364010252053
 20
210.86557191392978
  0
LWPOLYLINE
  5
298
330
17
100
AcDbEntity
  8
HIDDEN
370
13
100
AcDbPolyline
 90
2
 70
0
 10
243.19364010252053
 20
209.81460928652322
 10
245.08537283185234
 20
209.81460928652322
  0
LWPOLYLINE
  5
299
330
17
100
AcDbEntity
  8
HIDDEN
370
13
100
AcDbPolyline
 90
2
 70
0
 10
245.57213446980924
 20
209.81460928652322
 10
245.57213446980924
 20
210.86557191392978
  0
LWPOLYLINE
  5
29A
330
17
100
AcDbEntity
  8
HIDDEN
370
13
100
AcDbPolyline
 90
2
 70
0
 10
245.57213446980924
 20
209.81460928652322
 10
247.46386719914108
 20
209.81460928652322
  0
LWPOLYLINE
  5
29B
330
17
100
AcDbEntity
  8
HIDDEN
370
13
100
AcDbPolyline
 90
2
 70
0
 10
247.95062883709795
 20
209.81460928652322
 10
247.95062883709795
 20
210.86557191392978
  0
LWPOLYLINE
  5
29C
330
17
100
AcDbEntity
  8
HIDDEN
370
13
100
AcDbPolyline
 90
2
 70
0
 10
247.95062883709795
 20
209.81460928652322
 10
249.8423615664298
 20
209.81460928652322
  0
LWPOLYLINE
  5
29D
330
17
100
AcDbEntity
  8
HIDDEN
370
13
100
AcDbPolyline
 90
2
 70
0
 10
250.3291232043867
 20
209.81460928652322
 10
250.3291232043867
 20
210.86557191392978
  0
LWPOLYLINE
  5
29E
330
17
100
AcDbEntity
  8
HIDDEN
370
13
100
AcDbPolyline
 90
2
 70
0
 10
250.3291232043867
 20
209.81460928652322
 10
252.2208559337185
 20
209.81460928652322
  0
LWPOLYLINE
  5
29F
330
17
100
AcDbEntity
  8
HIDDEN
370
13
100
AcDbPolyline
 90
2
 70
0
 10
252.7076175716754
 20
209.81460928652322
 10
252.7076175716754
 20
210.86557191392978
  0
LWPOLYLINE
  5
2A0
330
17
100
AcDbEntity
  8
HIDDEN
370
13
100
AcDbPolyline
 90
2
 70
0
 10
252.7076175716754
 20
209.81460928652322
 10
254.59935030100723
 20
209.81460928652322
  0
LWPOLYLINE
  5
2A1
330
17
100
AcDbEntity
  8
HIDDEN
370
13
100
AcDbPolyline
 90
2
 70
0
 10
255.08611193896306
 20
209.81460928652322
 10
255.08611193896306
 20
210.86557191392978
  0
LWPOLYLINE
  5
2A2
330
17
100
AcDbEntity
  8
HIDDEN
370
13
100
AcDbPolyline
 90
2
 70
0
 10
255.08611193896306
 20
209.81460928652322
 10
256.9778446682949
 20
209.81460928652322
  0
LWPOLYLINE
  5
2A3
330
17
100
AcDbEntity
  8
HIDDEN
370
13
100
AcDbPolyline
 90
2
 70
0
 10
257.46460630625177
 20
209.81460928652322
 10
257.46460630625177
 20
210.86557191392978
  0
LWPOLYLINE
  5
2A4
330
17
100
AcDbEntity
  8
HIDDEN
370
13
100
AcDbPolyline
 90
2
 70
0
 10
257.46460630625177
 20
209.81460928652322
 10
259.3563390355836
 20
209.81460928652322
  0
LWPOLYLINE
  5
2A5
330
17
100
AcDbEntity
  8
HIDDEN
370
13
100
AcDbPolyline
 90
2
 70
0
 10
259.8431006735405
 20
209.81460928652322
 10
259.8431006735405
 20
210.86557191392978
  0
LWPOLYLINE
  5
2A6
330
17
100
AcDbEntity
  8
HIDDEN
370
13
100
AcDbPolyline
 90
2
 70
0
 10
259.8431006735405
 20
209.81460928652322
 10
261.7348334028723
 20
209.81460928652322
  0
LWPOLYLINE
  5
2A7
330
17
100
AcDbEntity
  8
HIDDEN
370
13
100
AcDbPolyline
 90
2
 70
0
 10
262.2215950408292
 20
209.81460928652322
 10
262.2215950408292
 20
210.86557191392978
  0
LWPOLYLINE
  5
2A8
330
17
100
AcDbEntity
  8
HIDDEN
370
13
100
AcDbPolyline
 90
2
 70
0
 10
262.2215950408292
 20
209.81460928652322
 10
264.11332777016105
 20
209.81460928652322
  0
LWPOLYLINE
  5
2A9
330
17
100
AcDbEntity
  8
HIDDEN
370
13
100
AcDbPolyline
 90
2
 70
0
 10
264.6000894081179
 20
209.81460928652322
 10
264.6000894081179
 20
210.86557191392978
  0
LWPOLYLINE
  5
2AA
330
17
100
AcDbEntity
  8
HIDDEN
370
13
100
AcDbPolyline
 90
2
 70
0
 10
264.6000894081179
 20
209.81460928652322
 10
266.49182213744973
 20
209.81460928652322
  0
LWPOLYLINE
  5
2AB
330
17
100
AcDbEntity
  8
HIDDEN
370
13
100
AcDbPolyline
 90
2
 70
0
 10
266.9785837754066
 20
209.81460928652322
 10
266.9785837754066
 20
210.86557191392978
  0
LWPOLYLINE
  5
2AC
330
17
100
AcDbEntity
  8
HIDDEN
370
13
100
AcDbPolyline
 90
2
 70
0
 10
266.9785837754066
 20
209.81460928652322
 10
268.87031650473847
 20
209.81460928652322
  0
LWPOLYLINE
  5
2AD
330
17
100
AcDbEntity
  8
HIDDEN
370
13
100
AcDbPolyline
 90
2
 70
0
 10
269.35707814269534
 20
209.81460928652322
 10
269.35707814269534
 20
210.86557191392978
  0
LWPOLYLINE
  5
2AE
330
17
100
AcDbEntity
  8
HIDDEN
370
13
100
AcDbPolyline
 90
2
 70
0
 10
269.35707814269534
 20
209.81460928652322
 10
271.24881087202715
 20
209.81460928652322
  0
LWPOLYLINE
  5
2AF
330
17
100
AcDbEntity
  8
HIDDEN
370
13
100
AcDbPolyline
 90
2
 70
0
 10
252.96206115515287
 20
209.28912797281993
 10
252.96206115515287
 20
211.39105322763305
  0
LWPOLYLINE
  5
2B0
330
17
100
AcDbEntity
  8
HIDDEN
370
13
100
AcDbPolyline
 90
2
 70
0
 10
252.96206115515287
 20
209.28912797281993
 10
288.6947904869762
 20
209.28912797281993
  0
LWPOLYLINE
  5
2B1
330
17
100
AcDbEntity
  8
HIDDEN
370
13
100
AcDbPolyline
 90
2
 70
0
 10
252.96206115515287
 20
209.28912797281993
 10
252.96206115515287
 20
211.39105322763305
  0
LWPOLYLINE
  5
2B2
330
17
100
AcDbEntity
  8
HIDDEN
370
13
100
AcDbPolyline
 90
2
 70
0
 10
252.96206115515287
 20
209.28912797281993
 10
288.6947904869762
 20
209.28912797281993
  0
LWPOLYLINE
  5
2B3
330
17
100
AcDbEntity
  8
HIDDEN
370
13
100
AcDbPolyline
 90
2
 70
0
 10
256.64043035107585
 20
190.3718006795017
 10
256.64043035107585
 20
205.08527746319365
  0
LWPOLYLINE
  5
2B4
330
17
100
AcDbEntity
  8
HIDDEN
370
13
100
AcDbPolyline
 90
2
 70
0
 10
256.64043035107585
 20
190.3718006795017
 10
286.06738391845977
 20
190.3718006795017
  0
LWPOLYLINE
  5
2B5
330
17
100
AcDbEntity
  8
HIDDEN
370
13
100
AcDbPolyline
 90
2
 70
0
 10
256.64043035107585
 20
190.3718006795017
 10
256.64043035107585
 20
205.08527746319365
  0
LWPOLYLINE
  5
2B6
330
17
100
AcDbEntity
  8
HIDDEN
370
13
100
AcDbPolyline
 90
2
 70
0
 10
256.64043035107585
 20
190.3718006795017
 10
286.06738391845977
 20
190.3718006795017
  0
LWPOLYLINE
  5
2B7
330
17
100
AcDbEntity
  8
HIDDEN
370
13
100
AcDbPolyline
 90
2
 70
0
 10
134.9915062287656
 20
156.74099660249152
 10
134.9915062287656
 20
232.41030577576444
  0
LWPOLYLINE
  5
2B8
330
17
100
AcDbEntity
  8
HIDDEN
370
13
100
AcDbPolyline
 90
2
 70
0
 10
185.43771234428087
 20
210.86557191392978
 10
185.43771234428087
 20
220.3242355605889
  0
LWPOLYLINE
  5
2B9
330
17
100
AcDbEntity
  8
HIDDEN
370
13
100
AcDbPolyline
 90
2
 70
0
 10
185.43771234428087
 20
232.41030577576444
 10
189.11608154020385
 20
232.41030577576444
  0
LWPOLYLINE
  5
2BA
330
17
100
AcDbEntity
  8
HIDDEN
370
13
100
AcDbPolyline
 90
2
 70
0
 10
235.88391845979615
 20
232.41030577576444
 10
239.56228765571913
 20
232.41030577576444
  0
LWPOLYLINE
  5
2BB
330
17
100
AcDbEntity
  8
HIDDEN
370
13
100
AcDbPolyline
 90
2
 70
0
 10
286.3301245753114
 20
232.41030577576444
 10
290.0084937712344
 20
232.41030577576444
  0
LWPOLYLINE
  5
2BC
330
17
100
AcDbEntity
  8
HIDDEN
370
13
100
AcDbPolyline
 90
2
 70
0
 10
185.7004530011325
 20
164.0977349943375
 10
185.7004530011325
 20
231.35934314835788
  0
LWPOLYLINE
  5
2BD
330
17
100
AcDbEntity
  8
HIDDEN
370
13
100
AcDbPolyline
 90
2
 70
0
 10
185.43771234428087
 20
231.35934314835788
 10
185.7004530011325
 20
231.35934314835788
  0
LWPOLYLINE
  5
2BE
330
17
100
AcDbEntity
  8
HIDDEN
370
13
100
AcDbPolyline
 90
2
 70
0
 10
239.2995469988675
 20
164.0977349943375
 10
239.2995469988675
 20
231.35934314835788
  0
LWPOLYLINE
  5
2BF
330
17
100
AcDbEntity
  8
HIDDEN
370
13
100
AcDbPolyline
 90
2
 70
0
 10
286.3301245753114
 20
164.0977349943375
 10
286.59286523216304
 20
164.0977349943375
  0
LWPOLYLINE
  5
2C0
330
17
100
AcDbEntity
  8
HIDDEN
370
13
100
AcDbPolyline
 90
2
 70
0
 10
239.2995469988675
 20
231.35934314835788
 10
286.59286523216304
 20
231.35934314835788
  0
LWPOLYLINE
  5
2C1
330
17
100
AcDbEntity
  8
HIDDEN
370
13
100
AcDbPolyline
 90
2
 70
0
 10
184.12400906002264
 20
220.3242355605889
 10
188.32785956964892
 20
220.3242355605889
  0
LWPOLYLINE
  5
2C2
330
17
100
AcDbEntity
  8
HIDDEN
370
13
100
AcDbPolyline
 90
2
 70
0
 10
271.8793884484711
 20
249.22570781426953
 10
289.74575311438275
 20
249.22570781426953
  0
LWPOLYLINE
  5
2C3
330
17
100
AcDbEntity
  8
HIDDEN
370
13
100
AcDbPolyline
 90
2
 70
0
 10
281.33805209513025
 20
238.19060022650055
 10
281.33805209513025
 20
256.0569648924122
  0
LWPOLYLINE
  5
2C4
330
17
100
AcDbEntity
  8
HIDDEN
370
13
100
AcDbPolyline
 90
2
 70
0
 10
281.33805209513025
 20
256.0569648924122
 10
284.49093997734997
 20
256.0569648924122
  0
LWPOLYLINE
  5
2C5
330
17
100
AcDbEntity
  8
HIDDEN
370
13
100
AcDbPolyline
 90
2
 70
0
 10
285.22661381653455
 20
257.37066817667045
 10
280.6023782559456
 20
257.37066817667045
  0
LWPOLYLINE
  5
2C6
330
17
100
AcDbEntity
  8
HIDDEN
370
13
100
AcDbPolyline
 90
2
 70
0
 10
284.17565118912796
 20
252.64133635334088
 10
285.22661381653455
 20
252.64133635334088
  0
LWPOLYLINE
  5
2C7
330
17
100
AcDbEntity
  8
HIDDEN
370
13
100
AcDbPolyline
 90
2
 70
0
 10
285.22661381653455
 20
251.22253680634202
 10
285.22661381653455
 20
252.64133635334088
  0
LWPOLYLINE
  5
2C8
330
17
100
AcDbEntity
  8
HIDDEN
370
13
100
AcDbPolyline
 90
2
 70
0
 10
282.4941109852775
 20
122.9
 10
282.4941109852775
 20
125.00192525481314
  0
LWPOLYLINE
  5
2C9
330
17
100
AcDbEntity
  8
HIDDEN
370
13
100
AcDbPolyline
 90
2
 70
0
 10
139.98357870894677
 20
210.86557191392978
 10
139.98357870894677
 20
226.6300113250283
  0
LWPOLYLINE
  5
2CA
330
17
100
AcDbEntity
  8
HIDDEN
370
13
100
AcDbPolyline
 90
2
 70
0
 10
186.75141562853906
 20
225.05356738391845
 10
190.85016987542468
 20
225.05356738391845
  0
LWPOLYLINE
  5
2CB
330
17
100
AcDbEntity
  8
HIDDEN
370
13
100
AcDbPolyline
 90
2
 70
0
 10
200.51902604756512
 20
225.47395243488108
 10
200.8343148357871
 20
225.47395243488108
  0
LWPOLYLINE
  5
2CC
330
17
100
AcDbEntity
  8
HIDDEN
370
13
100
AcDbPolyline
 90
2
 70
0
 10
217.8599093997735
 20
225.05356738391845
 10
219.75164212910533
 20
225.05356738391845
  0
LWPOLYLINE
  5
2CD
330
17
100
AcDbEntity
  8
HIDDEN
370
13
100
AcDbPolyline
 90
2
 70
0
 10
229.42049830124574
 20
225.47395243488108
 10
230.26126840317102
 20
225.47395243488108
  0
LWPOLYLINE
  5
2CE
330
17
100
AcDbEntity
  8
HIDDEN
370
13
100
AcDbPolyline
 90
2
 70
0
 10
235.88391845979615
 20
216.4356738391846
 10
246.1308040770102
 20
216.4356738391846
  0
LWPOLYLINE
  5
2CF
330
17
100
AcDbEntity
  8
HIDDEN
370
13
100
AcDbPolyline
 90
2
 70
0
 10
205.14326160815403
 20
215.27961494903738
 10
211.44903737259344
 20
215.27961494903738
  0
LWPOLYLINE
  5
2D0
330
17
100
AcDbEntity
  8
HIDDEN
370
13
100
AcDbPolyline
 90
2
 70
0
 10
215.65288788221972
 20
215.27961494903738
 10
221.95866364665912
 20
215.27961494903738
  0
TEXT
  5
2D1
330
17
100
AcDbEntity
  8
TEXT
100
AcDbText
 10
212.5
 20
271.0
 30
0.0
 40
3.2
  1
主视图 / FRONT VIEW
  7
CJK
 72
1
 11
212.5
 21
271.0
 31
0.0
100
AcDbText
 73
2
  0
LWPOLYLINE
  5
2D2
330
17
100
AcDbEntity
  8
OBJECT
370
18
100
AcDbPolyline
 90
2
 70
0
 10
49.96052173913044
 20
288.6935652173913
 10
49.96052173913044
 20
361.7092173913043
  0
LWPOLYLINE
  5
2D3
330
17
100
AcDbEntity
  8
OBJECT
370
18
100
AcDbPolyline
 90
2
 70
0
 10
185.03947826086954
 20
288.6935652173913
 10
185.03947826086954
 20
361.7092173913043
  0
LWPOLYLINE
  5
2D4
330
17
100
AcDbEntity
  8
OBJECT
370
18
100
AcDbPolyline
 90
2
 70
0
 10
49.96052173913044
 20
288.6935652173913
 10
50.18869565217392
 20
288.6935652173913
  0
LWPOLYLINE
  5
2D5
330
17
100
AcDbEntity
  8
OBJECT
370
18
100
AcDbPolyline
 90
2
 70
0
 10
97.19252173913044
 20
288.6935652173913
 10
137.80747826086957
 20
288.6935652173913
  0
LWPOLYLINE
  5
2D6
330
17
100
AcDbEntity
  8
OBJECT
370
18
100
AcDbPolyline
 90
2
 70
0
 10
184.81130434782608
 20
288.6935652173913
 10
185.03947826086954
 20
288.6935652173913
  0
LWPOLYLINE
  5
2D7
330
17
100
AcDbEntity
  8
OBJECT
370
18
100
AcDbPolyline
 90
2
 70
0
 10
49.96052173913044
 20
361.7092173913043
 10
152.63878260869564
 20
361.7092173913043
  0
LWPOLYLINE
  5
2D8
330
17
100
AcDbEntity
  8
OBJECT
370
18
100
AcDbPolyline
 90
2
 70
0
 10
183.6704347826087
 20
361.7092173913043
 10
185.03947826086954
 20
361.7092173913043
  0
LWPOLYLINE
  5
2D9
330
17
100
AcDbEntity
  8
OBJECT
370
18
100
AcDbPolyline
 90
28
 70
0
 10
90.82288599003854
 20
335.46921739130437
 10
89.04954345272765
 20
339.23857853193425
 10
86.5365864088001
 20
342.56090814509764
 10
83.39217269217681
 20
345.2932129490751
 10
79.75163807286735
 20
347.3178943681474
 10
75.77167139666395
 20
348.5478099829103
 10
71.62357068707061
 20
348.93002414564955
 10
67.4858704672776
 20
348.4480863340471
 10
63.5366576227206
 20
347.1227391827267
 10
59.945906529997806
 20
345.0110257189165
 10
56.868163348692924
 20
342.20383422686285
 10
54.43589434465759
 20
338.8219864101898
 10
52.753784533349986
 20
335.01103721795045
 10
51.894232029989666
 20
330.9350101501927
 10
51.894232029989666
 20
326.7693376758943
 10
52.753784533349986
 20
322.6933106081365
 10
54.43589434465759
 20
318.88236141589715
 10
56.86816334869292
 20
315.5005135992241
 10
59.94590652999777
 20
312.69332210717045
 10
63.536657622720575
 20
310.58160864336025
 10
67.48587046727759
 20
309.2562614920398
 10
71.6235706870706
 20
308.77432368043736
 10
75.77167139666392
 20
309.1565378431767
 10
79.75163807286734
 20
310.3864534579396
 10
83.39217269217679
 20
312.4111348770118
 10
86.5365864088001
 20
315.14343968098933
 10
89.04954345272762
 20
318.46576929415266
 10
90.82288599003854
 20
322.2351304347826
  0
LWPOLYLINE
  5
2DA
330
17
100
AcDbEntity
  8
OBJECT
370
18
100
AcDbPolyline
 90
28
 70
0
 10
89.36632013981676
 20
335.46921739130437
 10
87.64346315200689
 20
338.90805888265487
 10
85.25382896432056
 20
341.92194598274995
 10
82.29840178099441
 20
344.38351401291607
 10
78.90207580710194
 20
346.18873889700734
 10
75.208377310207
 20
347.2613331432698
 10
71.37339930459655
 20
347.5559696983051
 10
67.55920517392866
 20
347.0601974354084
 10
63.92697999040992
 20
345.7949673301345
 10
60.63021895077629
 20
343.81374708729606
 10
57.80824078082323
 20
341.20026163461273
 10
55.58030022729578
 20
338.06495496810834
 10
54.040548438952975
 20
334.540322869098
 10
53.254054207440376
 20
330.77531372875364
 10
53.254054207440376
 20
326.92903409733333
 10
54.040548438952975
 20
323.16402495698895
 10
55.58030022729577
 20
319.63939285797863
 10
57.80824078082322
 20
316.5040861914742
 10
60.63021895077629
 20
313.89060073879085
 10
63.92697999040992
 20
311.9093804959524
 10
67.55920517392866
 20
310.64415039067853
 10
71.37339930459655
 20
310.1483781277819
 10
75.208377310207
 20
310.4430146828172
 10
78.90207580710191
 20
311.5156089290796
 10
82.2984017809944
 20
313.32083381317085
 10
85.25382896432055
 20
315.78240184333697
 10
87.64346315200687
 20
318.7962889434321
 10
89.36632013981676
 20
322.2351304347826
  0
LWPOLYLINE
  5
2DB
330
17
100
AcDbEntity
  8
OBJECT
370
18
100
AcDbPolyline
 90
6
 70
0
 10
89.2064347826087
 20
328.8521739130435
 10
89.2057595063038
 20
329.0052091064028
 10
89.20373372998039
 20
329.1582323812171
 10
89.20035761140805
 20
329.3112318198696
 10
89.19563141352253
 20
329.4641955066
 10
89.18955550440523
 20
329.61711152843225
  0
LWPOLYLINE
  5
2DC
330
17
100
AcDbEntity
  8
OBJECT
370
18
100
AcDbPolyline
 90
9
 70
0
 10
88.84893428311184
 20
332.355198484954
 10
88.69921788083005
 20
333.0156157741873
 10
88.52383123325725
 20
333.66968421164916
 10
88.32304178830444
 20
334.3164064053506
 10
88.09715573072589
 20
334.9547961656242
 10
87.84651751521672
 20
335.58388000896855
 10
87.57150934115225
 20
336.2026986425182
 10
87.27255056977044
 20
336.81030842687363
 10
86.95009708468602
 20
337.40578281506123
  0
LWPOLYLINE
  5
2DD
330
17
100
AcDbEntity
  8
OBJECT
370
18
100
AcDbPolyline
 90
10
 70
0
 10
86.07255465371787
 20
338.7954826442714
 10
85.68370575394518
 20
339.3291582112104
 10
85.27482132177028
 20
339.84764311815286
 10
84.84649420187156
 20
340.35018560985026
 10
84.39934542902975
 20
340.83605704608436
 10
83.93402332768463
 20
341.30455295812834
 10
83.4512025719246
 20
341.7549940701612
 10
82.95158320727145
 20
342.1867272841554
 10
82.43588963567908
 20
342.5991266268082
 10
81.9048695652174
 20
342.9915941571454
  0
LWPOLYLINE
  5
2DE
330
17
100
AcDbEntity
  8
OBJECT
370
18
100
AcDbPolyline
 90
28
 70
0
 10
81.14703689598686
 20
343.50023341916824
 10
80.18200053744071
 20
344.0689061086438
 10
79.18226409670714
 20
344.5740900851718
 10
78.15199877027516
 20
345.013677571599
 10
77.09550313018565
 20
345.385834478754
 10
76.01718518911584
 20
345.6890080578111
 10
74.92154400884499
 20
345.9219333788177
 10
73.81315092883636
 20
346.0836386083569
 10
72.69663049325524
 20
346.17344906432436
 10
71.57664115600116
 20
346.19099003090156
 10
70.45785584425865
 20
346.1361883219814
 10
69.34494246166133
 20
346.0092725865223
 10
68.24254441241547
 20
345.810772354557
 10
67.15526122764268
 20
345.54151582783635
 10
66.0876293747739
 20
345.20262642432647
 10
65.04410333006386
 20
344.79551809097626
 10
64.02903699319711
 20
344.3218894043121
 10
63.04666552152907
 20
343.78371648347337
 10
62.10108765975546
 20
343.1832447452583
 10
61.19624863873554
 20
342.52297953558036
 10
60.33592371482075
 20
341.8056756764228
 10
59.52370241836713
 20
341.0343259719058
 10
58.762973577151726
 20
340.21214872142116
 10
58.056911177179565
 20
339.3425742919346
 10
57.40846111987405
 20
338.4292308054785
 10
56.8203289309039
 20
337.4759290015525
 10
56.29496847192881
 20
336.48664633759
 10
55.834571702361956
 20
335.4655103938275
  0
LWPOLYLINE
  5
2DF
330
17
100
AcDbEntity
  8
OBJECT
370
18
100
AcDbPolyline
 90
9
 70
0
 10
55.083632090218856
 20
333.2220955822348
 10
54.946577793516035
 20
332.6570989809818
 10
54.82853994697503
 20
332.0878256666098
 10
54.729651224432466
 20
331.5149154989342
 10
54.65002277622365
 20
330.93901242557206
 10
54.58974410425017
 20
330.36076375814844
 10
54.5488829613804
 20
329.7808194447221
 10
54.527485275295604
 20
329.1998313392481
 10
54.52557509686753
 20
328.61845246889715
  0
LWPOLYLINE
  5
2E0
330
17
100
AcDbEntity
  8
OBJECT
370
18
100
AcDbPolyline
 90
9
 70
0
 10
54.780540764508196
 20
325.8803655123754
 10
54.907780659679005
 20
325.22406695411854
 10
55.0602221877533
 20
324.57316037940024
 10
55.23763879471288
 20
323.9286131460122
 10
55.43976680932782
 20
323.29138316068435
 10
55.666305835016686
 20
322.6624174554721
 10
55.91691919628696
 20
322.0426507803064
 10
56.191234439091986
 20
321.433004213796
 10
56.488843884361025
 20
320.8343837943482
  0
LWPOLYLINE
  5
2E1
330
17
100
AcDbEntity
  8
OBJECT
370
18
100
AcDbPolyline
 90
10
 70
0
 10
57.354073914880395
 20
319.35772629250675
 10
57.72429526293718
 20
318.8146372644463
 10
58.11483138062303
 20
318.28596810538784
 10
58.52512122593583
 20
317.7724782984882
 10
58.95457537877887
 20
317.27490552033146
 10
59.40257688771842
 20
316.7939645811876
 10
59.86848215629273
 20
316.3303463981195
 10
60.35162186759913
 20
315.8847170024156
 10
60.851301945830905
 20
315.45771658277295
 10
61.36680455338274
 20
315.049958565606
  0
LWPOLYLINE
  5
2E2
330
17
100
AcDbEntity
  8
OBJECT
370
18
100
AcDbPolyline
 90
21
 70
0
 10
62.16203747073747
 20
314.47976562349146
 10
62.90862783137172
 20
314.00302161173744
 10
63.6785891873395
 20
313.565024431779
 10
64.46991242980124
 20
313.1669169773461
 10
65.28053270899653
 20
312.80973805538594
 10
66.10833482218715
 20
312.4944196754389
 10
66.95115873298926
 20
312.22178461768675
 10
67.80680520769292
 20
311.9925442860205
 10
68.67304155386162
 20
311.80729685172906
 10
69.54760744623779
 20
311.6665256926532
 10
70.42822082475236
 20
311.57059813187715
 10
71.3125838492484
 20
311.5197644792495
 10
72.1983888953807
 20
311.5141573782334
 10
73.08332457604585
 20
311.553791459792
 10
73.96508177263065
 20
311.6385633042109
 10
74.8413596603414
 20
311.7682517109575
 10
75.7098717118914
 20
311.9425182758737
 10
76.56835166388113
 20
312.16090827419544
 10
77.41455943030272
 20
312.42285184709436
 10
78.2462869477378
 20
312.72766548864695
 10
79.06136393699713
 20
313.07455382934927
  0
LWPOLYLINE
  5
2E3
330
17
100
AcDbEntity
  8
OBJECT
370
18
100
AcDbPolyline
 90
10
 70
0
 10
79.48251908948768
 20
313.2735175059161
 10
80.08268392904857
 20
313.58157915339086
 10
80.67041263336671
 20
313.91275098705205
 10
81.24481574659586
 20
314.266531818645
 10
81.80502397954979
 20
314.64238624394903
 10
82.35018952526544
 20
315.03974545304646
 10
82.87948734205568
 20
315.4580080911473
 10
83.39211640210945
 20
315.8965411686664
 10
83.8873009037498
 20
316.3546810191762
 10
84.36429144551533
 20
316.83173430378514
  0
LWPOLYLINE
  5
2E4
330
17
100
AcDbEntity
  8
OBJECT
370
18
100
AcDbPolyline
 90
10
 70
0
 10
85.26806966479671
 20
317.84847582797147
 10
85.65953302084725
 20
318.34338345338426
 10
86.03273147721634
 20
318.8522056511958
 10
86.3871708859847
 20
319.3742686956013
 10
86.72238193787896
 20
319.9088813287386
 10
87.03792078367897
 20
320.4553356759747
 10
87.3333696219135
 20
321.01290818319495
 10
87.60833725206666
 20
321.5808605748529
 10
87.86245959256196
 20
322.15844083151273
 10
88.09540016283884
 20
322.7448841855898
  0
LWPOLYLINE
  5
2E5
330
17
100
AcDbEntity
  8
OBJECT
370
18
100
AcDbPolyline
 90
8
 70
0
 10
88.82104856318131
 20
325.216570815443
 10
88.92301429452715
 20
325.7297733268151
 10
89.00945058918465
 20
326.24581847504675
 10
89.08027875545802
 20
326.7642364520787
 10
89.1354343113083
 20
327.2845552896258
 10
89.17486704305799
 20
327.8063012888575
 10
89.1985410511056
 20
328.3289994516537
 10
89.2064347826087
 20
328.8521739130435
  0
LWPOLYLINE
  5
2E6
330
17
100
AcDbEntity
  8
OBJECT
370
18
100
AcDbPolyline
 90
6
 70
0
 10
86.012
 20
328.8521739130435
 10
86.01117197429025
 20
329.00523309700174
 10
86.00868799409139
 20
329.15827436353766
 10
86.00454835018323
 20
329.3112797973263
 10
85.998753527161
 20
329.46423148723744
 10
85.99130420337858
 20
329.61711152843225
  0
LWPOLYLINE
  5
2E7
330
17
100
AcDbEntity
  8
OBJECT
370
18
100
AcDbPolyline
 90
8
 70
0
 10
85.57143047246885
 20
332.355198484954
 10
85.4179692096149
 20
332.90857334221386
 10
85.24217589330183
 20
333.4552641156716
 10
85.04434019353843
 20
333.9943699751679
 10
84.82478810149473
 20
334.5250025888691
 10
84.5838813923381
 20
335.046287587049
 10
84.32201702910447
 20
335.5573660028644
 10
84.03962650858779
 20
336.05739568774965
  0
LWPOLYLINE
  5
2E8
330
17
100
AcDbEntity
  8
OBJECT
370
18
100
AcDbPolyline
 90
8
 70
0
 10
82.20407969338169
 20
338.50822820433547
 10
81.85340872891013
 20
338.87053166175014
 10
81.49004941915612
 20
339.22010845244586
 10
81.11446335203159
 20
339.5565144969218
 10
80.72712764752173
 20
339.8793224469321
 10
80.32853435158289
 20
340.18812222836124
 10
79.91918981107962
 20
340.48252156215494
 10
79.49961403055465
 20
340.7621464626465
  0
LWPOLYLINE
  5
2E9
330
17
100
AcDbEntity
  8
OBJECT
370
18
100
AcDbPolyline
 90
7
 70
0
 10
77.15885217391305
 20
341.9712016577374
 10
76.70322341241841
 20
342.1459753226237
 10
76.24183773882004
 20
342.3049302295537
 10
75.77524417202308
 20
342.44787723253955
 10
75.30399792798644
 20
342.57464623395674
 10
74.82865975905199
 20
342.685086386949
 10
74.34979528668566
 20
342.77906627492655
  0
LWPOLYLINE
  5
2EA
330
17
100
AcDbEntity
  8
OBJECT
370
18
100
AcDbPolyline
 90
28
 70
0
 10
70.56180472465385
 20
342.9387836399476
 10
68.64568054988518
 20
342.62773345537926
 10
66.79017717658485
 20
342.057302651404
 10
65.03023195976911
 20
341.23823189483875
 10
63.39898298570278
 20
340.18594350515633
 10
61.927145113408486
 20
338.92025106694985
 10
60.64243164322869
 20
337.4649863590731
 10
59.56903250186886
 20
335.8475506250235
 10
58.727158769198454
 20
334.09839863371667
 10
58.13266212293493
 20
332.2504652452975
 10
57.79673636670342
 20
330.3385452792024
 10
57.7257066614136
 20
328.3986383609665
 10
57.920910428525374
 20
326.4672710836839
 10
58.37867216768116
 20
324.58080924717143
 10
59.090372662864496
 20
322.7747731247174
 10
60.04261127399933
 20
321.08316865028587
 10
61.21745825819424
 20
319.537847119283
 10
62.59279236966375
 20
318.1679054591086
 10
64.14271738164271
 20
316.9991383618241
 10
65.83804968758466
 20
316.0535525947556
 10
67.646867800579
 20
315.34895263409965
 10
69.53511340443899
 20
314.8986054236538
 10
71.46723263924213
 20
314.71099057094585
 10
73.40684554653001
 20
314.7896406843286
 10
75.31743106915384
 20
315.1330748573415
 10
77.16301470787351
 20
315.7348265527634
 10
78.90884588679354
 20
316.583565361328
 10
80.52205227349236
 20
317.6633103425004
  0
LWPOLYLINE
  5
2EB
330
17
100
AcDbEntity
  8
OBJECT
370
18
100
AcDbPolyline
 90
8
 70
0
 10
82.5408619811138
 20
319.56982126030687
 10
82.88999740265655
 20
319.9873172374405
 10
83.2228159362959
 20
320.4179333741153
 10
83.5388250041573
 20
320.86103235011046
 10
83.837556906701
 20
321.3159583703612
 10
84.11856951492655
 20
321.7820381355483
 10
84.38144692473216
 20
322.25858183859395
 10
84.62580007246089
 20
322.7448841855898
  0
LWPOLYLINE
  5
2EC
330
17
100
AcDbEntity
  8
OBJECT
370
18
100
AcDbPolyline
 90
8
 70
0
 10
85.60493830790372
 20
325.4829711421115
 10
85.71255135390827
 20
325.9568673134223
 10
85.80382433631192
 20
326.4341799903297
 10
85.87864955161437
 20
326.9143459366528
 10
85.9369387049294
 20
327.39679854930944
 10
85.97862301417412
 20
327.88096852691666
 10
86.00365329123287
 20
328.3662845415749
 10
86.012
 20
328.8521739130435
  0
LWPOLYLINE
  5
2ED
330
17
100
AcDbEntity
  8
OBJECT
370
18
100
AcDbPolyline
 90
2
 70
0
 10
88.01969311367858
 20
335.46921739130437
 10
88.01969311367858
 20
336.9428879784803
  0
LWPOLYLINE
  5
2EE
330
17
100
AcDbEntity
  8
OBJECT
370
18
100
AcDbPolyline
 90
2
 70
0
 10
87.51724211482224
 20
336.9428879784803
 10
88.01969311367858
 20
336.9428879784803
  0
LWPOLYLINE
  5
2EF
330
17
100
AcDbEntity
  8
OBJECT
370
18
100
AcDbPolyline
 90
2
 70
0
 10
82.81249133992537
 20
342.30401240118033
 10
83.34827533424107
 20
342.30401240118033
  0
LWPOLYLINE
  5
2F0
330
17
100
AcDbEntity
  8
OBJECT
370
18
100
AcDbPolyline
 90
2
 70
0
 10
60.382159448376775
 20
341.96719665909575
 10
60.51999817865768
 20
341.96719665909575
  0
LWPOLYLINE
  5
2F1
330
17
100
AcDbEntity
  8
OBJECT
370
18
100
AcDbPolyline
 90
2
 70
0
 10
55.4845540457964
 20
335.4655103938275
 10
55.4845540457964
 20
336.4578270553175
  0
LWPOLYLINE
  5
2F2
330
17
100
AcDbEntity
  8
OBJECT
370
18
100
AcDbPolyline
 90
2
 70
0
 10
55.4845540457964
 20
336.4578270553175
 10
56.28087072896739
 20
336.4578270553175
  0
LWPOLYLINE
  5
2F3
330
17
100
AcDbEntity
  8
OBJECT
370
18
100
AcDbPolyline
 90
2
 70
0
 10
54.16826236325354
 20
326.948006437205
 10
54.16826236325354
 20
329.6860933937267
  0
LWPOLYLINE
  5
2F4
330
17
100
AcDbEntity
  8
OBJECT
370
18
100
AcDbPolyline
 90
2
 70
0
 10
54.16826236325354
 20
326.948006437205
 10
54.24291908943293
 20
326.948006437205
  0
LWPOLYLINE
  5
2F5
330
17
100
AcDbEntity
  8
OBJECT
370
18
100
AcDbPolyline
 90
2
 70
0
 10
54.16826236325354
 20
329.6860933937267
 10
54.52400000000001
 20
329.6860933937267
  0
LWPOLYLINE
  5
2F6
330
17
100
AcDbEntity
  8
OBJECT
370
18
100
AcDbPolyline
 90
2
 70
0
 10
55.9537198867761
 20
320.2845882446598
 10
55.9537198867761
 20
321.95709829519365
  0
LWPOLYLINE
  5
2F7
330
17
100
AcDbEntity
  8
OBJECT
370
18
100
AcDbPolyline
 90
2
 70
0
 10
55.9537198867761
 20
320.2845882446598
 10
56.488843884361025
 20
320.2845882446598
  0
LWPOLYLINE
  5
2F8
330
17
100
AcDbEntity
  8
OBJECT
370
18
100
AcDbPolyline
 90
2
 70
0
 10
60.479528753443404
 20
315.0782407073289
 10
60.479528753443404
 20
315.7722689113181
  0
LWPOLYLINE
  5
2F9
330
17
100
AcDbEntity
  8
OBJECT
370
18
100
AcDbPolyline
 90
2
 70
0
 10
60.479528753443404
 20
315.0782407073289
 10
61.32972572470474
 20
315.0782407073289
  0
LWPOLYLINE
  5
2FA
330
17
100
AcDbEntity
  8
OBJECT
370
18
100
AcDbPolyline
 90
2
 70
0
 10
78.46465275963948
 20
312.74382901065104
 10
78.46465275963948
 20
312.81580046292567
  0
LWPOLYLINE
  5
2FB
330
17
100
AcDbEntity
  8
OBJECT
370
18
100
AcDbPolyline
 90
2
 70
0
 10
78.28698078760323
 20
312.74382901065104
 10
78.46465275963948
 20
312.74382901065104
  0
LWPOLYLINE
  5
2FC
330
17
100
AcDbEntity
  8
OBJECT
370
18
100
AcDbPolyline
 90
2
 70
0
 10
84.49819768564936
 20
316.0882775754837
 10
84.49819768564936
 20
316.83173430378514
  0
LWPOLYLINE
  5
2FD
330
17
100
AcDbEntity
  8
OBJECT
370
18
100
AcDbPolyline
 90
2
 70
0
 10
84.26097098641497
 20
316.0882775754837
 10
84.49819768564936
 20
316.0882775754837
  0
LWPOLYLINE
  5
2FE
330
17
100
AcDbEntity
  8
OBJECT
370
18
100
AcDbPolyline
 90
2
 70
0
 10
88.45500219049026
 20
321.73918004213164
 10
88.45500219049026
 20
322.7448841855898
  0
LWPOLYLINE
  5
2FF
330
17
100
AcDbEntity
  8
OBJECT
370
18
100
AcDbPolyline
 90
2
 70
0
 10
87.68049920367959
 20
321.73918004213164
 10
88.45500219049026
 20
321.73918004213164
  0
LWPOLYLINE
  5
300
330
17
100
AcDbEntity
  8
OBJECT
370
18
100
AcDbPolyline
 90
2
 70
0
 10
89.534161927105
 20
328.55272646377637
 10
89.534161927105
 20
331.2908134202981
  0
LWPOLYLINE
  5
301
330
17
100
AcDbEntity
  8
OBJECT
370
18
100
AcDbPolyline
 90
2
 70
0
 10
89.2064347826087
 20
328.55272646377637
 10
89.534161927105
 20
328.55272646377637
  0
LWPOLYLINE
  5
302
330
17
100
AcDbEntity
  8
OBJECT
370
18
100
AcDbPolyline
 90
2
 70
0
 10
89.4222905488531
 20
331.2908134202981
 10
89.534161927105
 20
331.2908134202981
  0
LWPOLYLINE
  5
303
330
17
100
AcDbEntity
  8
OBJECT
370
18
100
AcDbPolyline
 90
2
 70
0
 10
87.51724211482224
 20
336.3175568681812
 10
87.51724211482224
 20
337.8878608695652
  0
LWPOLYLINE
  5
304
330
17
100
AcDbEntity
  8
OBJECT
370
18
100
AcDbPolyline
 90
2
 70
0
 10
86.95009708468602
 20
337.8878608695652
 10
87.51724211482224
 20
337.8878608695652
  0
LWPOLYLINE
  5
305
330
17
100
AcDbEntity
  8
OBJECT
370
18
100
AcDbPolyline
 90
2
 70
0
 10
82.81249133992537
 20
342.30115207892356
 10
82.81249133992537
 20
342.9330883890284
  0
LWPOLYLINE
  5
306
330
17
100
AcDbEntity
  8
OBJECT
370
18
100
AcDbPolyline
 90
2
 70
0
 10
81.98676214161176
 20
342.9330883890284
 10
82.81249133992537
 20
342.9330883890284
  0
LWPOLYLINE
  5
307
330
17
100
AcDbEntity
  8
OBJECT
370
18
100
AcDbPolyline
 90
2
 70
0
 10
64.75396244646757
 20
344.6682377002824
 10
64.75396244646757
 20
344.8040398675273
  0
LWPOLYLINE
  5
308
330
17
100
AcDbEntity
  8
OBJECT
370
18
100
AcDbPolyline
 90
2
 70
0
 10
64.75396244646757
 20
344.8040398675273
 10
65.06405622701362
 20
344.8040398675273
  0
LWPOLYLINE
  5
309
330
17
100
AcDbEntity
  8
OBJECT
370
18
100
AcDbPolyline
 90
2
 70
0
 10
58.84081256465564
 20
340.30130923078895
 10
58.84081256465564
 20
341.2510609691436
  0
LWPOLYLINE
  5
30A
330
17
100
AcDbEntity
  8
OBJECT
370
18
100
AcDbPolyline
 90
2
 70
0
 10
58.84081256465564
 20
341.2510609691436
 10
59.741463006521215
 20
341.2510609691436
  0
LWPOLYLINE
  5
30B
330
17
100
AcDbEntity
  8
OBJECT
370
18
100
AcDbPolyline
 90
2
 70
0
 10
55.083632090218856
 20
332.72742343730573
 10
55.083632090218856
 20
335.4655103938275
  0
LWPOLYLINE
  5
30C
330
17
100
AcDbEntity
  8
OBJECT
370
18
100
AcDbPolyline
 90
2
 70
0
 10
55.083632090218856
 20
332.72742343730573
 10
58.25956050520001
 20
332.72742343730573
  0
LWPOLYLINE
  5
30D
330
17
100
AcDbEntity
  8
OBJECT
370
18
100
AcDbPolyline
 90
2
 70
0
 10
55.083632090218856
 20
335.4655103938275
 10
59.359409189927476
 20
335.4655103938275
  0
LWPOLYLINE
  5
30E
330
17
100
AcDbEntity
  8
OBJECT
370
18
100
AcDbPolyline
 90
2
 70
0
 10
54.24291908943293
 20
325.8803655123754
 10
54.24291908943293
 20
328.61845246889715
  0
LWPOLYLINE
  5
30F
330
17
100
AcDbEntity
  8
OBJECT
370
18
100
AcDbPolyline
 90
2
 70
0
 10
54.24291908943293
 20
325.8803655123754
 10
58.03409982953761
 20
325.8803655123754
  0
LWPOLYLINE
  5
310
330
17
100
AcDbEntity
  8
OBJECT
370
18
100
AcDbPolyline
 90
2
 70
0
 10
54.24291908943293
 20
328.61845246889715
 10
57.7203655905876
 20
328.61845246889715
  0
LWPOLYLINE
  5
311
330
17
100
AcDbEntity
  8
OBJECT
370
18
100
AcDbPolyline
 90
2
 70
0
 10
56.488843884361025
 20
319.35772629250675
 10
56.488843884361025
 20
322.09581324902854
  0
LWPOLYLINE
  5
312
330
17
100
AcDbEntity
  8
OBJECT
370
18
100
AcDbPolyline
 90
2
 70
0
 10
61.234861275665374
 20
319.35772629250675
 10
61.234861275665374
 20
319.5179901226743
  0
LWPOLYLINE
  5
313
330
17
100
AcDbEntity
  8
OBJECT
370
18
100
AcDbPolyline
 90
2
 70
0
 10
56.488843884361025
 20
319.35772629250675
 10
61.234861275665374
 20
319.35772629250675
  0
LWPOLYLINE
  5
314
330
17
100
AcDbEntity
  8
OBJECT
370
18
100
AcDbPolyline
 90
2
 70
0
 10
56.488843884361025
 20
322.09581324902854
 10
59.436096394409795
 20
322.09581324902854
  0
LWPOLYLINE
  5
315
330
17
100
AcDbEntity
  8
OBJECT
370
18
100
AcDbPolyline
 90
2
 70
0
 10
61.36680455338274
 20
314.47976562349146
 10
61.36680455338274
 20
317.2178525800132
  0
LWPOLYLINE
  5
316
330
17
100
AcDbEntity
  8
OBJECT
370
18
100
AcDbPolyline
 90
2
 70
0
 10
66.11282194468708
 20
314.47976562349146
 10
66.11282194468708
 20
315.92772402906655
  0
LWPOLYLINE
  5
317
330
17
100
AcDbEntity
  8
OBJECT
370
18
100
AcDbPolyline
 90
2
 70
0
 10
61.36680455338274
 20
314.47976562349146
 10
66.11282194468708
 20
314.47976562349146
  0
LWPOLYLINE
  5
318
330
17
100
AcDbEntity
  8
OBJECT
370
18
100
AcDbPolyline
 90
2
 70
0
 10
61.36680455338274
 20
317.2178525800132
 10
63.816986200695446
 20
317.2178525800132
  0
LWPOLYLINE
  5
319
330
17
100
AcDbEntity
  8
OBJECT
370
18
100
AcDbPolyline
 90
2
 70
0
 10
67.889443773251
 20
312.23384082856336
 10
67.889443773251
 20
314.9719277850851
  0
LWPOLYLINE
  5
31A
330
17
100
AcDbEntity
  8
OBJECT
370
18
100
AcDbPolyline
 90
2
 70
0
 10
72.63546116455535
 20
312.23384082856336
 10
72.63546116455535
 20
314.7263754326934
  0
LWPOLYLINE
  5
31B
330
17
100
AcDbEntity
  8
OBJECT
370
18
100
AcDbPolyline
 90
2
 70
0
 10
67.889443773251
 20
312.23384082856336
 10
72.63546116455535
 20
312.23384082856336
  0
LWPOLYLINE
  5
31C
330
17
100
AcDbEntity
  8
OBJECT
370
18
100
AcDbPolyline
 90
2
 70
0
 10
67.889443773251
 20
314.9719277850851
 10
69.13204604559797
 20
314.9719277850851
  0
LWPOLYLINE
  5
31D
330
17
100
AcDbEntity
  8
OBJECT
370
18
100
AcDbPolyline
 90
2
 70
0
 10
74.73650169818335
 20
313.07455382934927
 10
74.73650169818335
 20
315.81264078587105
  0
LWPOLYLINE
  5
31E
330
17
100
AcDbEntity
  8
OBJECT
370
18
100
AcDbPolyline
 90
2
 70
0
 10
79.4825190894877
 20
313.07455382934927
 10
79.4825190894877
 20
315.81264078587105
  0
LWPOLYLINE
  5
31F
330
17
100
AcDbEntity
  8
OBJECT
370
18
100
AcDbPolyline
 90
2
 70
0
 10
74.73650169818335
 20
313.07455382934927
 10
79.4825190894877
 20
313.07455382934927
  0
LWPOLYLINE
  5
320
330
17
100
AcDbEntity
  8
OBJECT
370
18
100
AcDbPolyline
 90
2
 70
0
 10
74.73650169818335
 20
315.81264078587105
 10
79.4825190894877
 20
315.81264078587105
  0
LWPOLYLINE
  5
321
330
17
100
AcDbEntity
  8
OBJECT
370
18
100
AcDbPolyline
 90
2
 70
0
 10
80.52205227349236
 20
316.83173430378514
 10
80.52205227349236
 20
319.5698212603069
  0
LWPOLYLINE
  5
322
330
17
100
AcDbEntity
  8
OBJECT
370
18
100
AcDbPolyline
 90
2
 70
0
 10
85.26806966479671
 20
316.83173430378514
 10
85.26806966479671
 20
319.5698212603069
  0
LWPOLYLINE
  5
323
330
17
100
AcDbEntity
  8
OBJECT
370
18
100
AcDbPolyline
 90
2
 70
0
 10
80.52205227349236
 20
316.83173430378514
 10
85.26806966479671
 20
316.83173430378514
  0
LWPOLYLINE
  5
324
330
17
100
AcDbEntity
  8
OBJECT
370
18
100
AcDbPolyline
 90
2
 70
0
 10
80.52205227349236
 20
319.5698212603069
 10
85.26806966479671
 20
319.5698212603069
  0
LWPOLYLINE
  5
325
330
17
100
AcDbEntity
  8
OBJECT
370
18
100
AcDbPolyline
 90
2
 70
0
 10
84.07503117187696
 20
322.7448841855898
 10
84.07503117187696
 20
325.4829711421115
  0
LWPOLYLINE
  5
326
330
17
100
AcDbEntity
  8
OBJECT
370
18
100
AcDbPolyline
 90
2
 70
0
 10
88.82104856318131
 20
322.7448841855898
 10
88.82104856318131
 20
325.4829711421115
  0
LWPOLYLINE
  5
327
330
17
100
AcDbEntity
  8
OBJECT
370
18
100
AcDbPolyline
 90
2
 70
0
 10
84.07503117187696
 20
322.7448841855898
 10
88.82104856318131
 20
322.7448841855898
  0
LWPOLYLINE
  5
328
330
17
100
AcDbEntity
  8
OBJECT
370
18
100
AcDbPolyline
 90
2
 70
0
 10
84.07503117187696
 20
325.4829711421115
 10
88.82104856318131
 20
325.4829711421115
  0
LWPOLYLINE
  5
329
330
17
100
AcDbEntity
  8
OBJECT
370
18
100
AcDbPolyline
 90
2
 70
0
 10
84.67627315754875
 20
329.61711152843225
 10
84.67627315754875
 20
332.355198484954
  0
LWPOLYLINE
  5
32A
330
17
100
AcDbEntity
  8
OBJECT
370
18
100
AcDbPolyline
 90
2
 70
0
 10
89.4222905488531
 20
329.61711152843225
 10
89.4222905488531
 20
332.355198484954
  0
LWPOLYLINE
  5
32B
330
17
100
AcDbEntity
  8
OBJECT
370
18
100
AcDbPolyline
 90
2
 70
0
 10
84.67627315754875
 20
329.61711152843225
 10
89.4222905488531
 20
329.61711152843225
  0
LWPOLYLINE
  5
32C
330
17
100
AcDbEntity
  8
OBJECT
370
18
100
AcDbPolyline
 90
2
 70
0
 10
84.67627315754875
 20
332.355198484954
 10
89.4222905488531
 20
332.355198484954
  0
LWPOLYLINE
  5
32D
330
17
100
AcDbEntity
  8
OBJECT
370
18
100
AcDbPolyline
 90
2
 70
0
 10
82.20407969338169
 20
336.05739568774965
 10
82.20407969338169
 20
338.7954826442714
  0
LWPOLYLINE
  5
32E
330
17
100
AcDbEntity
  8
OBJECT
370
18
100
AcDbPolyline
 90
2
 70
0
 10
86.95009708468602
 20
336.05739568774965
 10
86.95009708468602
 20
338.7954826442714
  0
LWPOLYLINE
  5
32F
330
17
100
AcDbEntity
  8
OBJECT
370
18
100
AcDbPolyline
 90
2
 70
0
 10
82.20407969338169
 20
336.05739568774965
 10
86.95009708468602
 20
336.05739568774965
  0
LWPOLYLINE
  5
330
330
17
100
AcDbEntity
  8
OBJECT
370
18
100
AcDbPolyline
 90
2
 70
0
 10
82.20407969338169
 20
338.7954826442714
 10
86.95009708468602
 20
338.7954826442714
  0
LWPOLYLINE
  5
331
330
17
100
AcDbEntity
  8
OBJECT
370
18
100
AcDbPolyline
 90
2
 70
0
 10
77.15885217391305
 20
340.7621464626465
 10
77.15885217391305
 20
343.50023341916824
  0
LWPOLYLINE
  5
332
330
17
100
AcDbEntity
  8
OBJECT
370
18
100
AcDbPolyline
 90
2
 70
0
 10
81.9048695652174
 20
340.7621464626465
 10
81.9048695652174
 20
343.50023341916824
  0
LWPOLYLINE
  5
333
330
17
100
AcDbEntity
  8
OBJECT
370
18
100
AcDbPolyline
 90
2
 70
0
 10
77.15885217391305
 20
340.7621464626465
 10
81.9048695652174
 20
340.7621464626465
  0
LWPOLYLINE
  5
334
330
17
100
AcDbEntity
  8
OBJECT
370
18
100
AcDbPolyline
 90
2
 70
0
 10
77.15885217391305
 20
343.50023341916824
 10
81.9048695652174
 20
343.50023341916824
  0
LWPOLYLINE
  5
335
330
17
100
AcDbEntity
  8
OBJECT
370
18
100
AcDbPolyline
 90
2
 70
0
 10
70.56180472465385
 20
342.77906627492655
 10
70.56180472465385
 20
345.5171532314483
  0
LWPOLYLINE
  5
336
330
17
100
AcDbEntity
  8
OBJECT
370
18
100
AcDbPolyline
 90
2
 70
0
 10
75.3078221159582
 20
342.77906627492655
 10
75.3078221159582
 20
345.5171532314483
  0
LWPOLYLINE
  5
337
330
17
100
AcDbEntity
  8
OBJECT
370
18
100
AcDbPolyline
 90
2
 70
0
 10
70.56180472465385
 20
342.77906627492655
 10
75.3078221159582
 20
342.77906627492655
  0
LWPOLYLINE
  5
338
330
17
100
AcDbEntity
  8
OBJECT
370
18
100
AcDbPolyline
 90
2
 70
0
 10
70.56180472465385
 20
345.5171532314483
 10
75.3078221159582
 20
345.5171532314483
  0
LWPOLYLINE
  5
339
330
17
100
AcDbEntity
  8
OBJECT
370
18
100
AcDbPolyline
 90
2
 70
0
 10
89.2064347826087
 20
327.11805217391304
 10
89.2064347826087
 20
329.61711152843225
  0
LWPOLYLINE
  5
33A
330
17
100
AcDbEntity
  8
OBJECT
370
18
100
AcDbPolyline
 90
2
 70
0
 10
89.11951083978701
 20
327.11805217391304
 10
89.2064347826087
 20
327.11805217391304
  0
LWPOLYLINE
  5
33B
330
17
100
AcDbEntity
  8
OBJECT
370
18
100
AcDbPolyline
 90
2
 70
0
 10
83.34827533424107
 20
341.8466804789595
 10
83.34827533424107
 20
342.52570142118935
  0
LWPOLYLINE
  5
33C
330
17
100
AcDbEntity
  8
OBJECT
370
18
100
AcDbPolyline
 90
2
 70
0
 10
84.26097098641497
 20
340.9791320403637
 10
84.26097098641497
 20
342.52570142118935
  0
LWPOLYLINE
  5
33D
330
17
100
AcDbEntity
  8
OBJECT
370
18
100
AcDbPolyline
 90
2
 70
0
 10
83.34827533424107
 20
342.52570142118935
 10
84.26097098641497
 20
342.52570142118935
  0
LWPOLYLINE
  5
33E
330
17
100
AcDbEntity
  8
OBJECT
370
18
100
AcDbPolyline
 90
2
 70
0
 10
71.4088695652174
 20
346.1873856877551
 10
71.4088695652174
 20
347.47116521739133
  0
LWPOLYLINE
  5
33F
330
17
100
AcDbEntity
  8
OBJECT
370
18
100
AcDbPolyline
 90
2
 70
0
 10
72.32156521739131
 20
346.1873856877551
 10
72.32156521739131
 20
347.47116521739133
  0
LWPOLYLINE
  5
340
330
17
100
AcDbEntity
  8
OBJECT
370
18
100
AcDbPolyline
 90
2
 70
0
 10
71.4088695652174
 20
347.47116521739133
 10
72.32156521739131
 20
347.47116521739133
  0
LWPOLYLINE
  5
341
330
17
100
AcDbEntity
  8
OBJECT
370
18
100
AcDbPolyline
 90
2
 70
0
 10
59.46946379620286
 20
341.2510609691436
 10
59.46946379620286
 20
342.52570142118935
  0
LWPOLYLINE
  5
342
330
17
100
AcDbEntity
  8
OBJECT
370
18
100
AcDbPolyline
 90
2
 70
0
 10
60.382159448376775
 20
341.8466804789676
 10
60.382159448376775
 20
342.52570142118935
  0
LWPOLYLINE
  5
343
330
17
100
AcDbEntity
  8
OBJECT
370
18
100
AcDbPolyline
 90
2
 70
0
 10
59.46946379620286
 20
342.52570142118935
 10
60.382159448376775
 20
342.52570142118935
  0
LWPOLYLINE
  5
344
330
17
100
AcDbEntity
  8
OBJECT
370
18
100
AcDbPolyline
 90
2
 70
0
 10
54.52400000000001
 20
328.61845246889715
 10
54.52400000000001
 20
330.58629565217393
  0
LWPOLYLINE
  5
345
330
17
100
AcDbEntity
  8
OBJECT
370
18
100
AcDbPolyline
 90
2
 70
0
 10
54.52400000000001
 20
330.58629565217393
 10
54.6109239428217
 20
330.58629565217393
  0
LWPOLYLINE
  5
346
330
17
100
AcDbEntity
  8
OBJECT
370
18
100
AcDbPolyline
 90
2
 70
0
 10
59.46946379620286
 20
315.17864640489756
 10
59.46946379620286
 20
316.7252157857139
  0
LWPOLYLINE
  5
347
330
17
100
AcDbEntity
  8
OBJECT
370
18
100
AcDbPolyline
 90
2
 70
0
 10
60.382159448376775
 20
315.17864640489756
 10
60.382159448376775
 20
315.8576673471194
  0
LWPOLYLINE
  5
348
330
17
100
AcDbEntity
  8
OBJECT
370
18
100
AcDbPolyline
 90
2
 70
0
 10
59.46946379620286
 20
315.17864640489756
 10
60.382159448376775
 20
315.17864640489756
  0
LWPOLYLINE
  5
349
330
17
100
AcDbEntity
  8
OBJECT
370
18
100
AcDbPolyline
 90
2
 70
0
 10
71.4088695652174
 20
310.23318260869564
 10
71.4088695652174
 20
311.5169621383318
  0
LWPOLYLINE
  5
34A
330
17
100
AcDbEntity
  8
OBJECT
370
18
100
AcDbPolyline
 90
2
 70
0
 10
72.32156521739131
 20
310.23318260869564
 10
72.32156521739131
 20
311.5169621383318
  0
LWPOLYLINE
  5
34B
330
17
100
AcDbEntity
  8
OBJECT
370
18
100
AcDbPolyline
 90
2
 70
0
 10
71.4088695652174
 20
310.23318260869564
 10
72.32156521739131
 20
310.23318260869564
  0
LWPOLYLINE
  5
34C
330
17
100
AcDbEntity
  8
OBJECT
370
18
100
AcDbPolyline
 90
2
 70
0
 10
83.34827533424107
 20
315.17864640489756
 10
83.34827533424107
 20
315.85766734712746
  0
LWPOLYLINE
  5
34D
330
17
100
AcDbEntity
  8
OBJECT
370
18
100
AcDbPolyline
 90
2
 70
0
 10
84.26097098641497
 20
315.17864640489756
 10
84.26097098641497
 20
316.7252157857232
  0
LWPOLYLINE
  5
34E
330
17
100
AcDbEntity
  8
OBJECT
370
18
100
AcDbPolyline
 90
2
 70
0
 10
83.34827533424107
 20
315.17864640489756
 10
84.26097098641497
 20
315.17864640489756
  0
LWPOLYLINE
  5
34F
330
17
100
AcDbEntity
  8
OBJECT
370
18
100
AcDbPolyline
 90
2
 70
0
 10
142.14278260869565
 20
333.9632695652174
 10
142.14278260869565
 20
335.46921739130437
  0
LWPOLYLINE
  5
350
330
17
100
AcDbEntity
  8
OBJECT
370
18
100
AcDbPolyline
 90
2
 70
0
 10
88.45500219049026
 20
322.2351304347826
 10
92.67467826086957
 20
322.2351304347826
  0
LWPOLYLINE
  5
351
330
17
100
AcDbEntity
  8
OBJECT
370
18
100
AcDbPolyline
 90
2
 70
0
 10
94.86514782608695
 20
322.2351304347826
 10
105.45241739130435
 20
322.2351304347826
  0
LWPOLYLINE
  5
352
330
17
100
AcDbEntity
  8
OBJECT
370
18
100
AcDbPolyline
 90
2
 70
0
 10
107.64288695652174
 20
322.2351304347826
 10
118.23015652173913
 20
322.2351304347826
  0
LWPOLYLINE
  5
353
330
17
100
AcDbEntity
  8
OBJECT
370
18
100
AcDbPolyline
 90
2
 70
0
 10
120.42062608695652
 20
322.2351304347826
 10
131.00789565217391
 20
322.2351304347826
  0
LWPOLYLINE
  5
354
330
17
100
AcDbEntity
  8
OBJECT
370
18
100
AcDbPolyline
 90
2
 70
0
 10
133.1983652173913
 20
322.2351304347826
 10
141.41262608695652
 20
322.2351304347826
  0
LWPOLYLINE
  5
355
330
17
100
AcDbEntity
  8
OBJECT
370
18
100
AcDbPolyline
 90
2
 70
0
 10
87.89433328143633
 20
335.46921739130437
 10
142.14278260869565
 20
335.46921739130437
  0
LWPOLYLINE
  5
356
330
17
100
AcDbEntity
  8
OBJECT
370
18
100
AcDbPolyline
 90
2
 70
0
 10
88.82104856318131
 20
323.7410782608696
 10
92.67467826086957
 20
323.7410782608696
  0
LWPOLYLINE
  5
357
330
17
100
AcDbEntity
  8
OBJECT
370
18
100
AcDbPolyline
 90
2
 70
0
 10
94.86514782608695
 20
323.7410782608696
 10
105.45241739130435
 20
323.7410782608696
  0
LWPOLYLINE
  5
358
330
17
100
AcDbEntity
  8
OBJECT
370
18
100
AcDbPolyline
 90
2
 70
0
 10
107.64288695652174
 20
323.7410782608696
 10
118.23015652173913
 20
323.7410782608696
  0
LWPOLYLINE
  5
359
330
17
100
AcDbEntity
  8
OBJECT
370
18
100
AcDbPolyline
 90
2
 70
0
 10
120.42062608695652
 20
323.7410782608696
 10
131.00789565217391
 20
323.7410782608696
  0
LWPOLYLINE
  5
35A
330
17
100
AcDbEntity
  8
OBJECT
370
18
100
AcDbPolyline
 90
2
 70
0
 10
133.1983652173913
 20
323.7410782608696
 10
141.41262608695652
 20
323.7410782608696
  0
LWPOLYLINE
  5
35B
330
17
100
AcDbEntity
  8
OBJECT
370
18
100
AcDbPolyline
 90
2
 70
0
 10
88.82104856318131
 20
324.83631304347824
 10
92.67467826086957
 20
324.83631304347824
  0
LWPOLYLINE
  5
35C
330
17
100
AcDbEntity
  8
OBJECT
370
18
100
AcDbPolyline
 90
2
 70
0
 10
94.86514782608695
 20
324.83631304347824
 10
105.45241739130435
 20
324.83631304347824
  0
LWPOLYLINE
  5
35D
330
17
100
AcDbEntity
  8
OBJECT
370
18
100
AcDbPolyline
 90
2
 70
0
 10
107.64288695652174
 20
324.83631304347824
 10
118.23015652173913
 20
324.83631304347824
  0
LWPOLYLINE
  5
35E
330
17
100
AcDbEntity
  8
OBJECT
370
18
100
AcDbPolyline
 90
2
 70
0
 10
120.42062608695652
 20
324.83631304347824
 10
131.00789565217391
 20
324.83631304347824
  0
LWPOLYLINE
  5
35F
330
17
100
AcDbEntity
  8
OBJECT
370
18
100
AcDbPolyline
 90
2
 70
0
 10
133.1983652173913
 20
324.83631304347824
 10
140.22612173913043
 20
324.83631304347824
  0
LWPOLYLINE
  5
360
330
17
100
AcDbEntity
  8
OBJECT
370
18
100
AcDbPolyline
 90
2
 70
0
 10
142.14278260869565
 20
333.872
 10
142.14278260869565
 20
333.9632695652174
  0
LWPOLYLINE
  5
361
330
17
100
AcDbEntity
  8
OBJECT
370
18
100
AcDbPolyline
 90
2
 70
0
 10
88.73503310128682
 20
332.8680347826087
 10
140.22612173913043
 20
332.8680347826087
  0
LWPOLYLINE
  5
362
330
17
100
AcDbEntity
  8
OBJECT
370
18
100
AcDbPolyline
 90
2
 70
0
 10
88.43611120687162
 20
333.9632695652174
 10
142.14278260869565
 20
333.9632695652174
  0
LWPOLYLINE
  5
363
330
17
100
AcDbEntity
  8
OBJECT
370
18
100
AcDbPolyline
 90
2
 70
0
 10
89.02383496751527
 20
326.3422608695652
 10
140.22612173913043
 20
326.3422608695652
  0
LWPOLYLINE
  5
364
330
17
100
AcDbEntity
  8
OBJECT
370
18
100
AcDbPolyline
 90
2
 70
0
 10
89.4222905488531
 20
331.36208695652175
 10
140.22612173913043
 20
331.36208695652175
  0
LWPOLYLINE
  5
365
330
17
100
AcDbEntity
  8
OBJECT
370
18
100
AcDbPolyline
 90
2
 70
0
 10
137.57930434782608
 20
321.09426086956523
 10
137.57930434782608
 20
322.2351304347826
  0
LWPOLYLINE
  5
366
330
17
100
AcDbEntity
  8
OBJECT
370
18
100
AcDbPolyline
 90
2
 70
0
 10
137.57930434782608
 20
335.46921739130437
 10
137.57930434782608
 20
337.06643478260867
  0
LWPOLYLINE
  5
367
330
17
100
AcDbEntity
  8
OBJECT
370
18
100
AcDbPolyline
 90
2
 70
0
 10
154.00782608695653
 20
321.1855304347826
 10
154.00782608695653
 20
337.06643478260867
  0
LWPOLYLINE
  5
368
330
17
100
AcDbEntity
  8
OBJECT
370
18
100
AcDbPolyline
 90
2
 70
0
 10
137.57930434782608
 20
337.06643478260867
 10
146.34118260869565
 20
337.06643478260867
  0
LWPOLYLINE
  5
369
330
17
100
AcDbEntity
  8
OBJECT
370
18
100
AcDbPolyline
 90
2
 70
0
 10
150.72212173913044
 20
337.06643478260867
 10
154.00782608695653
 20
337.06643478260867
  0
LWPOLYLINE
  5
36A
330
17
100
AcDbEntity
  8
OBJECT
370
18
100
AcDbPolyline
 90
2
 70
0
 10
140.22612173913043
 20
323.83234782608696
 10
140.22612173913043
 20
333.872
  0
LWPOLYLINE
  5
36B
330
17
100
AcDbEntity
  8
OBJECT
370
18
100
AcDbPolyline
 90
2
 70
0
 10
142.23405217391303
 20
323.83234782608696
 10
142.23405217391303
 20
333.872
  0
LWPOLYLINE
  5
36C
330
17
100
AcDbEntity
  8
OBJECT
370
18
100
AcDbPolyline
 90
2
 70
0
 10
140.22612173913043
 20
323.83234782608696
 10
142.23405217391303
 20
323.83234782608696
  0
LWPOLYLINE
  5
36D
330
17
100
AcDbEntity
  8
OBJECT
370
18
100
AcDbPolyline
 90
2
 70
0
 10
140.22612173913043
 20
333.872
 10
142.23405217391303
 20
333.872
  0
LWPOLYLINE
  5
36E
330
17
100
AcDbEntity
  8
OBJECT
370
18
100
AcDbPolyline
 90
2
 70
0
 10
146.61499130434783
 20
323.83234782608696
 10
146.61499130434783
 20
333.872
  0
LWPOLYLINE
  5
36F
330
17
100
AcDbEntity
  8
OBJECT
370
18
100
AcDbPolyline
 90
2
 70
0
 10
148.62292173913045
 20
323.83234782608696
 10
148.62292173913045
 20
333.872
  0
LWPOLYLINE
  5
370
330
17
100
AcDbEntity
  8
OBJECT
370
18
100
AcDbPolyline
 90
2
 70
0
 10
146.61499130434783
 20
323.83234782608696
 10
148.62292173913045
 20
323.83234782608696
  0
LWPOLYLINE
  5
371
330
17
100
AcDbEntity
  8
OBJECT
370
18
100
AcDbPolyline
 90
2
 70
0
 10
146.61499130434783
 20
333.872
 10
148.62292173913045
 20
333.872
  0
LWPOLYLINE
  5
372
330
17
100
AcDbEntity
  8
OBJECT
370
18
100
AcDbPolyline
 90
2
 70
0
 10
144.33325217391305
 20
321.55060869565216
 10
144.33325217391305
 20
321.09426086956523
  0
LWPOLYLINE
  5
373
330
17
100
AcDbEntity
  8
OBJECT
370
18
100
AcDbPolyline
 90
2
 70
0
 10
144.33325217391305
 20
320.1815652173913
 10
144.33325217391305
 20
318.81252173913043
  0
LWPOLYLINE
  5
374
330
17
100
AcDbEntity
  8
OBJECT
370
18
100
AcDbPolyline
 90
2
 70
0
 10
144.33325217391305
 20
321.55060869565216
 10
139.95231304347826
 20
321.55060869565216
  0
LWPOLYLINE
  5
375
330
17
100
AcDbEntity
  8
OBJECT
370
18
100
AcDbPolyline
 90
2
 70
0
 10
142.8729391304348
 20
327.4831304347826
 10
142.8729391304348
 20
321.55060869565216
  0
LWPOLYLINE
  5
376
330
17
100
AcDbEntity
  8
OBJECT
370
18
100
AcDbPolyline
 90
2
 70
0
 10
142.8729391304348
 20
327.4831304347826
 10
142.23405217391303
 20
327.4831304347826
  0
LWPOLYLINE
  5
377
330
17
100
AcDbEntity
  8
OBJECT
370
18
100
AcDbPolyline
 90
2
 70
0
 10
139.31342608695653
 20
313.10817391304346
 10
139.31342608695653
 20
313.8839652173913
  0
LWPOLYLINE
  5
378
330
17
100
AcDbEntity
  8
OBJECT
370
18
100
AcDbPolyline
 90
2
 70
0
 10
139.31342608695653
 20
313.8839652173913
 10
141.23008695652175
 20
313.8839652173913
  0
LWPOLYLINE
  5
379
330
17
100
AcDbEntity
  8
OBJECT
370
18
100
AcDbPolyline
 90
2
 70
0
 10
150.72212173913044
 20
344.368
 10
150.72212173913044
 20
336.7013565217391
  0
LWPOLYLINE
  5
37A
330
17
100
AcDbEntity
  8
OBJECT
370
18
100
AcDbPolyline
 90
2
 70
0
 10
150.72212173913044
 20
344.368
 10
146.34118260869565
 20
344.368
  0
LWPOLYLINE
  5
37B
330
17
100
AcDbEntity
  8
OBJECT
370
18
100
AcDbPolyline
 90
2
 70
0
 10
149.26180869565218
 20
350.30052173913043
 10
149.26180869565218
 20
344.368
  0
LWPOLYLINE
  5
37C
330
17
100
AcDbEntity
  8
OBJECT
370
18
100
AcDbPolyline
 90
2
 70
0
 10
149.26180869565218
 20
350.30052173913043
 10
147.8014956521739
 20
350.30052173913043
  0
LWPOLYLINE
  5
37D
330
17
100
AcDbEntity
  8
OBJECT
370
18
100
AcDbPolyline
 90
2
 70
0
 10
145.70229565217392
 20
335.60612173913046
 10
145.70229565217392
 20
336.7013565217391
  0
LWPOLYLINE
  5
37E
330
17
100
AcDbEntity
  8
OBJECT
370
18
100
AcDbPolyline
 90
2
 70
0
 10
151.36100869565217
 20
335.60612173913046
 10
151.36100869565217
 20
336.7013565217391
  0
LWPOLYLINE
  5
37F
330
17
100
AcDbEntity
  8
OBJECT
370
18
100
AcDbPolyline
 90
2
 70
0
 10
145.70229565217392
 20
335.60612173913046
 10
151.36100869565217
 20
335.60612173913046
  0
LWPOLYLINE
  5
380
330
17
100
AcDbEntity
  8
OBJECT
370
18
100
AcDbPolyline
 90
2
 70
0
 10
145.70229565217392
 20
336.7013565217391
 10
151.36100869565217
 20
336.7013565217391
  0
LWPOLYLINE
  5
381
330
17
100
AcDbEntity
  8
OBJECT
370
18
100
AcDbPolyline
 90
2
 70
0
 10
95.59530434782609
 20
329.7648695652174
 10
95.59530434782609
 20
327.9394782608696
  0
LWPOLYLINE
  5
382
330
17
100
AcDbEntity
  8
OBJECT
370
18
100
AcDbPolyline
 90
2
 70
0
 10
90.11913043478262
 20
329.7648695652174
 10
90.11913043478262
 20
327.9394782608696
  0
LWPOLYLINE
  5
383
330
17
100
AcDbEntity
  8
OBJECT
370
18
100
AcDbPolyline
 90
2
 70
0
 10
93.67864347826087
 20
330.12994782608695
 10
93.67864347826087
 20
327.5744
  0
LWPOLYLINE
  5
384
330
17
100
AcDbEntity
  8
OBJECT
370
18
100
AcDbPolyline
 90
2
 70
0
 10
92.03579130434782
 20
330.12994782608695
 10
92.03579130434782
 20
327.5744
  0
LWPOLYLINE
  5
385
330
17
100
AcDbEntity
  8
OBJECT
370
18
100
AcDbPolyline
 90
2
 70
0
 10
100.61513043478261
 20
329.7648695652174
 10
100.61513043478261
 20
327.9394782608696
  0
LWPOLYLINE
  5
386
330
17
100
AcDbEntity
  8
OBJECT
370
18
100
AcDbPolyline
 90
2
 70
0
 10
95.13895652173913
 20
329.7648695652174
 10
95.13895652173913
 20
327.9394782608696
  0
LWPOLYLINE
  5
387
330
17
100
AcDbEntity
  8
OBJECT
370
18
100
AcDbPolyline
 90
2
 70
0
 10
98.6984695652174
 20
330.12994782608695
 10
98.6984695652174
 20
327.5744
  0
LWPOLYLINE
  5
388
330
17
100
AcDbEntity
  8
OBJECT
370
18
100
AcDbPolyline
 90
2
 70
0
 10
97.05561739130435
 20
330.12994782608695
 10
97.05561739130435
 20
327.5744
  0
LWPOLYLINE
  5
389
330
17
100
AcDbEntity
  8
OBJECT
370
18
100
AcDbPolyline
 90
2
 70
0
 10
105.63495652173913
 20
329.7648695652174
 10
105.63495652173913
 20
327.9394782608696
  0
LWPOLYLINE
  5
38A
330
17
100
AcDbEntity
  8
OBJECT
370
18
100
AcDbPolyline
 90
2
 70
0
 10
100.15878260869565
 20
329.7648695652174
 10
100.15878260869565
 20
327.9394782608696
  0
LWPOLYLINE
  5
38B
330
17
100
AcDbEntity
  8
OBJECT
370
18
100
AcDbPolyline
 90
2
 70
0
 10
103.71829565217391
 20
330.12994782608695
 10
103.71829565217391
 20
327.5744
  0
LWPOLYLINE
  5
38C
330
17
100
AcDbEntity
  8
OBJECT
370
18
100
AcDbPolyline
 90
2
 70
0
 10
102.07544347826087
 20
330.12994782608695
 10
102.07544347826087
 20
327.5744
  0
LWPOLYLINE
  5
38D
330
17
100
AcDbEntity
  8
OBJECT
370
18
100
AcDbPolyline
 90
2
 70
0
 10
110.65478260869565
 20
329.7648695652174
 10
110.65478260869565
 20
327.9394782608696
  0
LWPOLYLINE
  5
38E
330
17
100
AcDbEntity
  8
OBJECT
370
18
100
AcDbPolyline
 90
2
 70
0
 10
105.17860869565217
 20
329.7648695652174
 10
105.17860869565217
 20
327.9394782608696
  0
LWPOLYLINE
  5
38F
330
17
100
AcDbEntity
  8
OBJECT
370
18
100
AcDbPolyline
 90
2
 70
0
 10
108.73812173913043
 20
330.12994782608695
 10
108.73812173913043
 20
327.5744
  0
LWPOLYLINE
  5
390
330
17
100
AcDbEntity
  8
OBJECT
370
18
100
AcDbPolyline
 90
2
 70
0
 10
107.0952695652174
 20
330.12994782608695
 10
107.0952695652174
 20
327.5744
  0
LWPOLYLINE
  5
391
330
17
100
AcDbEntity
  8
OBJECT
370
18
100
AcDbPolyline
 90
2
 70
0
 10
115.67460869565217
 20
329.7648695652174
 10
115.67460869565217
 20
327.9394782608696
  0
LWPOLYLINE
  5
392
330
17
100
AcDbEntity
  8
OBJECT
370
18
100
AcDbPolyline
 90
2
 70
0
 10
110.1984347826087
 20
329.7648695652174
 10
110.1984347826087
 20
327.9394782608696
  0
LWPOLYLINE
  5
393
330
17
100
AcDbEntity
  8
OBJECT
370
18
100
AcDbPolyline
 90
2
 70
0
 10
113.75794782608696
 20
330.12994782608695
 10
113.75794782608696
 20
327.5744
  0
LWPOLYLINE
  5
394
330
17
100
AcDbEntity
  8
OBJECT
370
18
100
AcDbPolyline
 90
2
 70
0
 10
112.11509565217392
 20
330.12994782608695
 10
112.11509565217392
 20
327.5744
  0
LWPOLYLINE
  5
395
330
17
100
AcDbEntity
  8
OBJECT
370
18
100
AcDbPolyline
 90
2
 70
0
 10
120.6944347826087
 20
329.7648695652174
 10
120.6944347826087
 20
327.9394782608696
  0
LWPOLYLINE
  5
396
330
17
100
AcDbEntity
  8
OBJECT
370
18
100
AcDbPolyline
 90
2
 70
0
 10
115.21826086956521
 20
329.7648695652174
 10
115.21826086956521
 20
327.9394782608696
  0
LWPOLYLINE
  5
397
330
17
100
AcDbEntity
  8
OBJECT
370
18
100
AcDbPolyline
 90
2
 70
0
 10
118.77777391304348
 20
330.12994782608695
 10
118.77777391304348
 20
327.5744
  0
LWPOLYLINE
  5
398
330
17
100
AcDbEntity
  8
OBJECT
370
18
100
AcDbPolyline
 90
2
 70
0
 10
117.13492173913043
 20
330.12994782608695
 10
117.13492173913043
 20
327.5744
  0
LWPOLYLINE
  5
399
330
17
100
AcDbEntity
  8
OBJECT
370
18
100
AcDbPolyline
 90
2
 70
0
 10
125.71426086956522
 20
329.7648695652174
 10
125.71426086956522
 20
327.9394782608696
  0
LWPOLYLINE
  5
39A
330
17
100
AcDbEntity
  8
OBJECT
370
18
100
AcDbPolyline
 90
2
 70
0
 10
120.23808695652174
 20
329.7648695652174
 10
120.23808695652174
 20
327.9394782608696
  0
LWPOLYLINE
  5
39B
330
17
100
AcDbEntity
  8
OBJECT
370
18
100
AcDbPolyline
 90
2
 70
0
 10
123.7976
 20
330.12994782608695
 10
123.7976
 20
327.5744
  0
LWPOLYLINE
  5
39C
330
17
100
AcDbEntity
  8
OBJECT
370
18
100
AcDbPolyline
 90
2
 70
0
 10
122.15474782608696
 20
330.12994782608695
 10
122.15474782608696
 20
327.5744
  0
LWPOLYLINE
  5
39D
330
17
100
AcDbEntity
  8
OBJECT
370
18
100
AcDbPolyline
 90
2
 70
0
 10
130.73408695652174
 20
329.7648695652174
 10
130.73408695652174
 20
327.9394782608696
  0
LWPOLYLINE
  5
39E
330
17
100
AcDbEntity
  8
OBJECT
370
18
100
AcDbPolyline
 90
2
 70
0
 10
125.25791304347825
 20
329.7648695652174
 10
125.25791304347825
 20
327.9394782608696
  0
LWPOLYLINE
  5
39F
330
17
100
AcDbEntity
  8
OBJECT
370
18
100
AcDbPolyline
 90
2
 70
0
 10
128.81742608695652
 20
330.12994782608695
 10
128.81742608695652
 20
327.5744
  0
LWPOLYLINE
  5
3A0
330
17
100
AcDbEntity
  8
OBJECT
370
18
100
AcDbPolyline
 90
2
 70
0
 10
127.17457391304347
 20
330.12994782608695
 10
127.17457391304347
 20
327.5744
  0
LWPOLYLINE
  5
3A1
330
17
100
AcDbEntity
  8
OBJECT
370
18
100
AcDbPolyline
 90
2
 70
0
 10
135.75391304347826
 20
329.7648695652174
 10
135.75391304347826
 20
327.9394782608696
  0
LWPOLYLINE
  5
3A2
330
17
100
AcDbEntity
  8
OBJECT
370
18
100
AcDbPolyline
 90
2
 70
0
 10
130.27773913043478
 20
329.7648695652174
 10
130.27773913043478
 20
327.9394782608696
  0
LWPOLYLINE
  5
3A3
330
17
100
AcDbEntity
  8
OBJECT
370
18
100
AcDbPolyline
 90
2
 70
0
 10
133.83725217391304
 20
330.12994782608695
 10
133.83725217391304
 20
327.5744
  0
LWPOLYLINE
  5
3A4
330
17
100
AcDbEntity
  8
OBJECT
370
18
100
AcDbPolyline
 90
2
 70
0
 10
132.1944
 20
330.12994782608695
 10
132.1944
 20
327.5744
  0
LWPOLYLINE
  5
3A5
330
17
100
AcDbEntity
  8
OBJECT
370
18
100
AcDbPolyline
 90
2
 70
0
 10
135.2975652173913
 20
329.7648695652174
 10
135.2975652173913
 20
327.9394782608696
  0
LWPOLYLINE
  5
3A6
330
17
100
AcDbEntity
  8
OBJECT
370
18
100
AcDbPolyline
 90
2
 70
0
 10
138.85707826086957
 20
330.12994782608695
 10
138.85707826086957
 20
327.5744
  0
LWPOLYLINE
  5
3A7
330
17
100
AcDbEntity
  8
OBJECT
370
18
100
AcDbPolyline
 90
2
 70
0
 10
137.21422608695653
 20
330.12994782608695
 10
137.21422608695653
 20
327.5744
  0
LWPOLYLINE
  5
3A8
330
17
100
AcDbEntity
  8
OBJECT
370
18
100
AcDbPolyline
 90
2
 70
0
 10
133.92852173913045
 20
299.6459130434783
 10
133.92852173913045
 20
301.65384347826085
  0
LWPOLYLINE
  5
3A9
330
17
100
AcDbEntity
  8
OBJECT
370
18
100
AcDbPolyline
 90
2
 70
0
 10
133.92852173913045
 20
304.026852173913
 10
133.92852173913045
 20
309.8681043478261
  0
LWPOLYLINE
  5
3AA
330
17
100
AcDbEntity
  8
OBJECT
370
18
100
AcDbPolyline
 90
2
 70
0
 10
133.92852173913045
 20
311.32841739130436
 10
133.92852173913045
 20
321.55060869565216
  0
LWPOLYLINE
  5
3AB
330
17
100
AcDbEntity
  8
OBJECT
370
18
100
AcDbPolyline
 90
2
 70
0
 10
177.73791304347827
 20
299.6459130434783
 10
177.73791304347827
 20
321.55060869565216
  0
LWPOLYLINE
  5
3AC
330
17
100
AcDbEntity
  8
OBJECT
370
18
100
AcDbPolyline
 90
2
 70
0
 10
133.92852173913045
 20
299.6459130434783
 10
154.46417391304348
 20
299.6459130434783
  0
LWPOLYLINE
  5
3AD
330
17
100
AcDbEntity
  8
OBJECT
370
18
100
AcDbPolyline
 90
2
 70
0
 10
157.2022608695652
 20
299.6459130434783
 10
164.5950956521739
 20
299.6459130434783
  0
LWPOLYLINE
  5
3AE
330
17
100
AcDbEntity
  8
OBJECT
370
18
100
AcDbPolyline
 90
2
 70
0
 10
168.97603478260868
 20
299.6459130434783
 10
177.73791304347827
 20
299.6459130434783
  0
LWPOLYLINE
  5
3AF
330
17
100
AcDbEntity
  8
OBJECT
370
18
100
AcDbPolyline
 90
2
 70
0
 10
133.92852173913045
 20
321.55060869565216
 10
137.57930434782608
 20
321.55060869565216
  0
LWPOLYLINE
  5
3B0
330
17
100
AcDbEntity
  8
OBJECT
370
18
100
AcDbPolyline
 90
2
 70
0
 10
154.00782608695653
 20
321.55060869565216
 10
154.46417391304348
 20
321.55060869565216
  0
LWPOLYLINE
  5
3B1
330
17
100
AcDbEntity
  8
OBJECT
370
18
100
AcDbPolyline
 90
2
 70
0
 10
157.2022608695652
 20
321.55060869565216
 10
177.73791304347827
 20
321.55060869565216
  0
LWPOLYLINE
  5
3B2
330
17
100
AcDbEntity
  8
OBJECT
370
18
100
AcDbPolyline
 90
2
 70
0
 10
136.66660869565217
 20
304.7570086956522
 10
136.66660869565217
 20
306.3998608695652
  0
LWPOLYLINE
  5
3B3
330
17
100
AcDbEntity
  8
OBJECT
370
18
100
AcDbPolyline
 90
2
 70
0
 10
174.99982608695652
 20
304.7570086956522
 10
174.99982608695652
 20
306.3998608695652
  0
LWPOLYLINE
  5
3B4
330
17
100
AcDbEntity
  8
OBJECT
370
18
100
AcDbPolyline
 90
2
 70
0
 10
136.66660869565217
 20
304.7570086956522
 10
141.23008695652175
 20
304.7570086956522
  0
LWPOLYLINE
  5
3B5
330
17
100
AcDbEntity
  8
OBJECT
370
18
100
AcDbPolyline
 90
2
 70
0
 10
170.43634782608694
 20
304.7570086956522
 10
174.99982608695652
 20
304.7570086956522
  0
LWPOLYLINE
  5
3B6
330
17
100
AcDbEntity
  8
OBJECT
370
18
100
AcDbPolyline
 90
2
 70
0
 10
136.66660869565217
 20
306.3998608695652
 10
141.23008695652175
 20
306.3998608695652
  0
LWPOLYLINE
  5
3B7
330
17
100
AcDbEntity
  8
OBJECT
370
18
100
AcDbPolyline
 90
2
 70
0
 10
170.43634782608694
 20
306.3998608695652
 10
174.99982608695652
 20
306.3998608695652
  0
LWPOLYLINE
  5
3B8
330
17
100
AcDbEntity
  8
OBJECT
370
18
100
AcDbPolyline
 90
2
 70
0
 10
136.66660869565217
 20
314.79666086956524
 10
136.66660869565217
 20
316.43951304347826
  0
LWPOLYLINE
  5
3B9
330
17
100
AcDbEntity
  8
OBJECT
370
18
100
AcDbPolyline
 90
2
 70
0
 10
174.99982608695652
 20
314.79666086956524
 10
174.99982608695652
 20
316.43951304347826
  0
LWPOLYLINE
  5
3BA
330
17
100
AcDbEntity
  8
OBJECT
370
18
100
AcDbPolyline
 90
2
 70
0
 10
136.66660869565217
 20
314.79666086956524
 10
139.95231304347826
 20
314.79666086956524
  0
LWPOLYLINE
  5
3BB
330
17
100
AcDbEntity
  8
OBJECT
370
18
100
AcDbPolyline
 90
2
 70
0
 10
170.43634782608694
 20
314.79666086956524
 10
174.99982608695652
 20
314.79666086956524
  0
LWPOLYLINE
  5
3BC
330
17
100
AcDbEntity
  8
OBJECT
370
18
100
AcDbPolyline
 90
2
 70
0
 10
136.66660869565217
 20
316.43951304347826
 10
139.95231304347826
 20
316.43951304347826
  0
LWPOLYLINE
  5
3BD
330
17
100
AcDbEntity
  8
OBJECT
370
18
100
AcDbPolyline
 90
2
 70
0
 10
170.43634782608694
 20
316.43951304347826
 10
174.99982608695652
 20
316.43951304347826
  0
LWPOLYLINE
  5
3BE
330
17
100
AcDbEntity
  8
OBJECT
370
18
100
AcDbPolyline
 90
2
 70
0
 10
131.1904347826087
 20
312.7887304347826
 10
131.1904347826087
 20
308.4077913043478
  0
LWPOLYLINE
  5
3BF
330
17
100
AcDbEntity
  8
OBJECT
370
18
100
AcDbPolyline
 90
2
 70
0
 10
122.42855652173913
 20
307.7689043478261
 10
122.42855652173913
 20
313.42761739130435
  0
LWPOLYLINE
  5
3C0
330
17
100
AcDbEntity
  8
OBJECT
370
18
100
AcDbPolyline
 90
2
 70
0
 10
123.52379130434782
 20
307.7689043478261
 10
123.52379130434782
 20
313.42761739130435
  0
LWPOLYLINE
  5
3C1
330
17
100
AcDbEntity
  8
OBJECT
370
18
100
AcDbPolyline
 90
2
 70
0
 10
122.42855652173913
 20
307.7689043478261
 10
123.52379130434782
 20
307.7689043478261
  0
LWPOLYLINE
  5
3C2
330
17
100
AcDbEntity
  8
OBJECT
370
18
100
AcDbPolyline
 90
2
 70
0
 10
122.42855652173913
 20
313.42761739130435
 10
123.52379130434782
 20
313.42761739130435
  0
LWPOLYLINE
  5
3C3
330
17
100
AcDbEntity
  8
OBJECT
370
18
100
AcDbPolyline
 90
2
 70
0
 10
168.97603478260868
 20
301.92765217391303
 10
168.97603478260868
 20
301.0149565217391
  0
LWPOLYLINE
  5
3C4
330
17
100
AcDbEntity
  8
OBJECT
370
18
100
AcDbPolyline
 90
2
 70
0
 10
168.97603478260868
 20
300.1022608695652
 10
168.97603478260868
 20
294.26100869565215
  0
LWPOLYLINE
  5
3C5
330
17
100
AcDbEntity
  8
OBJECT
370
18
100
AcDbPolyline
 90
2
 70
0
 10
168.97603478260868
 20
301.92765217391303
 10
164.5950956521739
 20
301.92765217391303
  0
LWPOLYLINE
  5
3C6
330
17
100
AcDbEntity
  8
OBJECT
370
18
100
AcDbPolyline
 90
2
 70
0
 10
167.5157217391304
 20
302.384
 10
167.5157217391304
 20
301.92765217391303
  0
LWPOLYLINE
  5
3C7
330
17
100
AcDbEntity
  8
OBJECT
370
18
100
AcDbPolyline
 90
2
 70
0
 10
163.95620869565218
 20
293.1657739130435
 10
163.95620869565218
 20
294.26100869565215
  0
LWPOLYLINE
  5
3C8
330
17
100
AcDbEntity
  8
OBJECT
370
18
100
AcDbPolyline
 90
2
 70
0
 10
169.61492173913044
 20
293.1657739130435
 10
169.61492173913044
 20
294.26100869565215
  0
LWPOLYLINE
  5
3C9
330
17
100
AcDbEntity
  8
OBJECT
370
18
100
AcDbPolyline
 90
2
 70
0
 10
163.95620869565218
 20
293.1657739130435
 10
169.61492173913044
 20
293.1657739130435
  0
LWPOLYLINE
  5
3CA
330
17
100
AcDbEntity
  8
OBJECT
370
18
100
AcDbPolyline
 90
2
 70
0
 10
163.95620869565218
 20
294.26100869565215
 10
169.61492173913044
 20
294.26100869565215
  0
LWPOLYLINE
  5
3CB
330
17
100
AcDbEntity
  8
OBJECT
370
18
100
AcDbPolyline
 90
2
 70
0
 10
154.46417391304348
 20
297.8205217391304
 10
154.46417391304348
 20
300.01099130434784
  0
LWPOLYLINE
  5
3CC
330
17
100
AcDbEntity
  8
OBJECT
370
18
100
AcDbPolyline
 90
2
 70
0
 10
154.46417391304348
 20
303.8443130434783
 10
154.46417391304348
 20
306.03478260869565
  0
LWPOLYLINE
  5
3CD
330
17
100
AcDbEntity
  8
OBJECT
370
18
100
AcDbPolyline
 90
2
 70
0
 10
157.2022608695652
 20
297.8205217391304
 10
157.2022608695652
 20
300.01099130434784
  0
LWPOLYLINE
  5
3CE
330
17
100
AcDbEntity
  8
OBJECT
370
18
100
AcDbPolyline
 90
2
 70
0
 10
157.2022608695652
 20
303.8443130434783
 10
157.2022608695652
 20
306.03478260869565
  0
LWPOLYLINE
  5
3CF
330
17
100
AcDbEntity
  8
OBJECT
370
18
100
AcDbPolyline
 90
2
 70
0
 10
154.46417391304348
 20
297.8205217391304
 10
157.2022608695652
 20
297.8205217391304
  0
LWPOLYLINE
  5
3D0
330
17
100
AcDbEntity
  8
OBJECT
370
18
100
AcDbPolyline
 90
2
 70
0
 10
154.46417391304348
 20
306.03478260869565
 10
157.2022608695652
 20
306.03478260869565
  0
LWPOLYLINE
  5
3D1
330
17
100
AcDbEntity
  8
OBJECT
370
18
100
AcDbPolyline
 90
2
 70
0
 10
154.46417391304348
 20
315.1617391304348
 10
154.46417391304348
 20
317.35220869565217
  0
LWPOLYLINE
  5
3D2
330
17
100
AcDbEntity
  8
OBJECT
370
18
100
AcDbPolyline
 90
2
 70
0
 10
154.46417391304348
 20
321.1855304347826
 10
154.46417391304348
 20
323.376
  0
LWPOLYLINE
  5
3D3
330
17
100
AcDbEntity
  8
OBJECT
370
18
100
AcDbPolyline
 90
2
 70
0
 10
157.2022608695652
 20
315.1617391304348
 10
157.2022608695652
 20
317.35220869565217
  0
LWPOLYLINE
  5
3D4
330
17
100
AcDbEntity
  8
OBJECT
370
18
100
AcDbPolyline
 90
2
 70
0
 10
157.2022608695652
 20
321.1855304347826
 10
157.2022608695652
 20
323.376
  0
LWPOLYLINE
  5
3D5
330
17
100
AcDbEntity
  8
OBJECT
370
18
100
AcDbPolyline
 90
2
 70
0
 10
154.46417391304348
 20
315.1617391304348
 10
157.2022608695652
 20
315.1617391304348
  0
LWPOLYLINE
  5
3D6
330
17
100
AcDbEntity
  8
OBJECT
370
18
100
AcDbPolyline
 90
2
 70
0
 10
154.46417391304348
 20
323.376
 10
157.2022608695652
 20
323.376
  0
LWPOLYLINE
  5
3D7
330
17
100
AcDbEntity
  8
OBJECT
370
18
100
AcDbPolyline
 90
2
 70
0
 10
150.35704347826086
 20
300.01099130434784
 10
150.35704347826086
 20
300.1022608695652
  0
LWPOLYLINE
  5
3D8
330
17
100
AcDbEntity
  8
OBJECT
370
18
100
AcDbPolyline
 90
2
 70
0
 10
150.35704347826086
 20
301.0149565217391
 10
150.35704347826086
 20
303.8443130434783
  0
LWPOLYLINE
  5
3D9
330
17
100
AcDbEntity
  8
OBJECT
370
18
100
AcDbPolyline
 90
2
 70
0
 10
161.30939130434783
 20
300.01099130434784
 10
161.30939130434783
 20
300.1022608695652
  0
LWPOLYLINE
  5
3DA
330
17
100
AcDbEntity
  8
OBJECT
370
18
100
AcDbPolyline
 90
2
 70
0
 10
161.30939130434783
 20
301.0149565217391
 10
161.30939130434783
 20
303.8443130434783
  0
LWPOLYLINE
  5
3DB
330
17
100
AcDbEntity
  8
OBJECT
370
18
100
AcDbPolyline
 90
2
 70
0
 10
150.35704347826086
 20
300.01099130434784
 10
161.30939130434783
 20
300.01099130434784
  0
LWPOLYLINE
  5
3DC
330
17
100
AcDbEntity
  8
OBJECT
370
18
100
AcDbPolyline
 90
2
 70
0
 10
150.35704347826086
 20
303.8443130434783
 10
161.30939130434783
 20
303.8443130434783
  0
LWPOLYLINE
  5
3DD
330
17
100
AcDbEntity
  8
OBJECT
370
18
100
AcDbPolyline
 90
2
 70
0
 10
150.35704347826086
 20
317.35220869565217
 10
150.35704347826086
 20
320.1815652173913
  0
LWPOLYLINE
  5
3DE
330
17
100
AcDbEntity
  8
OBJECT
370
18
100
AcDbPolyline
 90
2
 70
0
 10
150.35704347826086
 20
321.09426086956523
 10
150.35704347826086
 20
321.1855304347826
  0
LWPOLYLINE
  5
3DF
330
17
100
AcDbEntity
  8
OBJECT
370
18
100
AcDbPolyline
 90
2
 70
0
 10
161.30939130434783
 20
317.35220869565217
 10
161.30939130434783
 20
320.1815652173913
  0
LWPOLYLINE
  5
3E0
330
17
100
AcDbEntity
  8
OBJECT
370
18
100
AcDbPolyline
 90
2
 70
0
 10
161.30939130434783
 20
321.09426086956523
 10
161.30939130434783
 20
321.1855304347826
  0
LWPOLYLINE
  5
3E1
330
17
100
AcDbEntity
  8
OBJECT
370
18
100
AcDbPolyline
 90
2
 70
0
 10
150.35704347826086
 20
317.35220869565217
 10
161.30939130434783
 20
317.35220869565217
  0
LWPOLYLINE
  5
3E2
330
17
100
AcDbEntity
  8
OBJECT
370
18
100
AcDbPolyline
 90
2
 70
0
 10
150.35704347826086
 20
321.1855304347826
 10
161.30939130434783
 20
321.1855304347826
  0
LWPOLYLINE
  5
3E3
330
17
100
AcDbEntity
  8
OBJECT
370
18
100
AcDbPolyline
 90
2
 70
0
 10
135.2975652173913
 20
308.088347826087
 10
135.2975652173913
 20
313.10817391304346
  0
LWPOLYLINE
  5
3E4
330
17
100
AcDbEntity
  8
OBJECT
370
18
100
AcDbPolyline
 90
2
 70
0
 10
176.36886956521738
 20
308.088347826087
 10
176.36886956521738
 20
313.10817391304346
  0
LWPOLYLINE
  5
3E5
330
17
100
AcDbEntity
  8
OBJECT
370
18
100
AcDbPolyline
 90
2
 70
0
 10
135.2975652173913
 20
308.088347826087
 10
176.36886956521738
 20
308.088347826087
  0
LWPOLYLINE
  5
3E6
330
17
100
AcDbEntity
  8
OBJECT
370
18
100
AcDbPolyline
 90
2
 70
0
 10
135.2975652173913
 20
313.10817391304346
 10
176.36886956521738
 20
313.10817391304346
  0
LWPOLYLINE
  5
3E7
330
17
100
AcDbEntity
  8
OBJECT
370
18
100
AcDbPolyline
 90
2
 70
0
 10
152.54751304347826
 20
307.5863652173913
 10
152.54751304347826
 20
308.088347826087
  0
LWPOLYLINE
  5
3E8
330
17
100
AcDbEntity
  8
OBJECT
370
18
100
AcDbPolyline
 90
2
 70
0
 10
152.54751304347826
 20
313.10817391304346
 10
152.54751304347826
 20
313.61015652173916
  0
LWPOLYLINE
  5
3E9
330
17
100
AcDbEntity
  8
OBJECT
370
18
100
AcDbPolyline
 90
2
 70
0
 10
159.11892173913043
 20
307.5863652173913
 10
159.11892173913043
 20
308.088347826087
  0
LWPOLYLINE
  5
3EA
330
17
100
AcDbEntity
  8
OBJECT
370
18
100
AcDbPolyline
 90
2
 70
0
 10
159.11892173913043
 20
313.10817391304346
 10
159.11892173913043
 20
313.61015652173916
  0
LWPOLYLINE
  5
3EB
330
17
100
AcDbEntity
  8
OBJECT
370
18
100
AcDbPolyline
 90
2
 70
0
 10
152.54751304347826
 20
307.5863652173913
 10
159.11892173913043
 20
307.5863652173913
  0
LWPOLYLINE
  5
3EC
330
17
100
AcDbEntity
  8
OBJECT
370
18
100
AcDbPolyline
 90
2
 70
0
 10
152.54751304347826
 20
313.61015652173916
 10
159.11892173913043
 20
313.61015652173916
  0
LWPOLYLINE
  5
3ED
330
17
100
AcDbEntity
  8
OBJECT
370
18
100
AcDbPolyline
 90
2
 70
0
 10
141.23008695652175
 20
302.384
 10
141.23008695652175
 20
308.088347826087
  0
LWPOLYLINE
  5
3EE
330
17
100
AcDbEntity
  8
OBJECT
370
18
100
AcDbPolyline
 90
2
 70
0
 10
141.23008695652175
 20
313.10817391304346
 10
141.23008695652175
 20
318.81252173913043
  0
LWPOLYLINE
  5
3EF
330
17
100
AcDbEntity
  8
OBJECT
370
18
100
AcDbPolyline
 90
2
 70
0
 10
170.43634782608694
 20
302.384
 10
170.43634782608694
 20
308.088347826087
  0
LWPOLYLINE
  5
3F0
330
17
100
AcDbEntity
  8
OBJECT
370
18
100
AcDbPolyline
 90
2
 70
0
 10
170.43634782608694
 20
313.10817391304346
 10
170.43634782608694
 20
318.81252173913043
  0
LWPOLYLINE
  5
3F1
330
17
100
AcDbEntity
  8
OBJECT
370
18
100
AcDbPolyline
 90
2
 70
0
 10
141.23008695652175
 20
302.384
 10
150.35704347826086
 20
302.384
  0
LWPOLYLINE
  5
3F2
330
17
100
AcDbEntity
  8
OBJECT
370
18
100
AcDbPolyline
 90
2
 70
0
 10
161.30939130434783
 20
302.384
 10
170.43634782608694
 20
302.384
  0
LWPOLYLINE
  5
3F3
330
17
100
AcDbEntity
  8
OBJECT
370
18
100
AcDbPolyline
 90
2
 70
0
 10
141.23008695652175
 20
318.81252173913043
 10
150.35704347826086
 20
318.81252173913043
  0
LWPOLYLINE
  5
3F4
330
17
100
AcDbEntity
  8
OBJECT
370
18
100
AcDbPolyline
 90
2
 70
0
 10
161.30939130434783
 20
318.81252173913043
 10
170.43634782608694
 20
318.81252173913043
  0
LWPOLYLINE
  5
3F5
330
17
100
AcDbEntity
  8
OBJECT
370
18
100
AcDbPolyline
 90
2
 70
0
 10
136.21026086956522
 20
300.1022608695652
 10
136.21026086956522
 20
301.0149565217391
  0
LWPOLYLINE
  5
3F6
330
17
100
AcDbEntity
  8
OBJECT
370
18
100
AcDbPolyline
 90
2
 70
0
 10
175.45617391304347
 20
300.1022608695652
 10
175.45617391304347
 20
301.0149565217391
  0
LWPOLYLINE
  5
3F7
330
17
100
AcDbEntity
  8
OBJECT
370
18
100
AcDbPolyline
 90
2
 70
0
 10
136.21026086956522
 20
300.1022608695652
 10
175.45617391304347
 20
300.1022608695652
  0
LWPOLYLINE
  5
3F8
330
17
100
AcDbEntity
  8
OBJECT
370
18
100
AcDbPolyline
 90
2
 70
0
 10
136.21026086956522
 20
301.0149565217391
 10
175.45617391304347
 20
301.0149565217391
  0
LWPOLYLINE
  5
3F9
330
17
100
AcDbEntity
  8
OBJECT
370
18
100
AcDbPolyline
 90
2
 70
0
 10
136.21026086956522
 20
320.1815652173913
 10
136.21026086956522
 20
321.09426086956523
  0
LWPOLYLINE
  5
3FA
330
17
100
AcDbEntity
  8
OBJECT
370
18
100
AcDbPolyline
 90
2
 70
0
 10
175.45617391304347
 20
320.1815652173913
 10
175.45617391304347
 20
321.09426086956523
  0
LWPOLYLINE
  5
3FB
330
17
100
AcDbEntity
  8
OBJECT
370
18
100
AcDbPolyline
 90
2
 70
0
 10
136.21026086956522
 20
320.1815652173913
 10
175.45617391304347
 20
320.1815652173913
  0
LWPOLYLINE
  5
3FC
330
17
100
AcDbEntity
  8
OBJECT
370
18
100
AcDbPolyline
 90
2
 70
0
 10
136.21026086956522
 20
321.09426086956523
 10
175.45617391304347
 20
321.09426086956523
  0
LWPOLYLINE
  5
3FD
330
17
100
AcDbEntity
  8
OBJECT
370
18
100
AcDbPolyline
 90
2
 70
0
 10
92.67467826086957
 20
322.1894956521739
 10
92.67467826086957
 20
325.4752
  0
LWPOLYLINE
  5
3FE
330
17
100
AcDbEntity
  8
OBJECT
370
18
100
AcDbPolyline
 90
2
 70
0
 10
94.86514782608695
 20
322.1894956521739
 10
94.86514782608695
 20
325.4752
  0
LWPOLYLINE
  5
3FF
330
17
100
AcDbEntity
  8
OBJECT
370
18
100
AcDbPolyline
 90
2
 70
0
 10
92.67467826086957
 20
322.1894956521739
 10
94.86514782608695
 20
322.1894956521739
  0
LWPOLYLINE
  5
400
330
17
100
AcDbEntity
  8
OBJECT
370
18
100
AcDbPolyline
 90
2
 70
0
 10
92.67467826086957
 20
325.4752
 10
94.86514782608695
 20
325.4752
  0
LWPOLYLINE
  5
401
330
17
100
AcDbEntity
  8
OBJECT
370
18
100
AcDbPolyline
 90
2
 70
0
 10
105.45241739130435
 20
322.1894956521739
 10
105.45241739130435
 20
325.4752
  0
LWPOLYLINE
  5
402
330
17
100
AcDbEntity
  8
OBJECT
370
18
100
AcDbPolyline
 90
2
 70
0
 10
107.64288695652174
 20
322.1894956521739
 10
107.64288695652174
 20
325.4752
  0
LWPOLYLINE
  5
403
330
17
100
AcDbEntity
  8
OBJECT
370
18
100
AcDbPolyline
 90
2
 70
0
 10
105.45241739130435
 20
322.1894956521739
 10
107.64288695652174
 20
322.1894956521739
  0
LWPOLYLINE
  5
404
330
17
100
AcDbEntity
  8
OBJECT
370
18
100
AcDbPolyline
 90
2
 70
0
 10
105.45241739130435
 20
325.4752
 10
107.64288695652174
 20
325.4752
  0
LWPOLYLINE
  5
405
330
17
100
AcDbEntity
  8
OBJECT
370
18
100
AcDbPolyline
 90
2
 70
0
 10
118.23015652173913
 20
322.1894956521739
 10
118.23015652173913
 20
325.4752
  0
LWPOLYLINE
  5
406
330
17
100
AcDbEntity
  8
OBJECT
370
18
100
AcDbPolyline
 90
2
 70
0
 10
120.42062608695652
 20
322.1894956521739
 10
120.42062608695652
 20
325.4752
  0
LWPOLYLINE
  5
407
330
17
100
AcDbEntity
  8
OBJECT
370
18
100
AcDbPolyline
 90
2
 70
0
 10
118.23015652173913
 20
322.1894956521739
 10
120.42062608695652
 20
322.1894956521739
  0
LWPOLYLINE
  5
408
330
17
100
AcDbEntity
  8
OBJECT
370
18
100
AcDbPolyline
 90
2
 70
0
 10
118.23015652173913
 20
325.4752
 10
120.42062608695652
 20
325.4752
  0
LWPOLYLINE
  5
409
330
17
100
AcDbEntity
  8
OBJECT
370
18
100
AcDbPolyline
 90
2
 70
0
 10
131.00789565217391
 20
322.1894956521739
 10
131.00789565217391
 20
325.4752
  0
LWPOLYLINE
  5
40A
330
17
100
AcDbEntity
  8
OBJECT
370
18
100
AcDbPolyline
 90
2
 70
0
 10
133.1983652173913
 20
322.1894956521739
 10
133.1983652173913
 20
325.4752
  0
LWPOLYLINE
  5
40B
330
17
100
AcDbEntity
  8
OBJECT
370
18
100
AcDbPolyline
 90
2
 70
0
 10
131.00789565217391
 20
322.1894956521739
 10
133.1983652173913
 20
322.1894956521739
  0
LWPOLYLINE
  5
40C
330
17
100
AcDbEntity
  8
OBJECT
370
18
100
AcDbPolyline
 90
2
 70
0
 10
131.00789565217391
 20
325.4752
 10
133.1983652173913
 20
325.4752
  0
LWPOLYLINE
  5
40D
330
17
100
AcDbEntity
  8
OBJECT
370
18
100
AcDbPolyline
 90
2
 70
0
 10
143.7856347826087
 20
322.1894956521739
 10
143.7856347826087
 20
325.4752
  0
LWPOLYLINE
  5
40E
330
17
100
AcDbEntity
  8
OBJECT
370
18
100
AcDbPolyline
 90
2
 70
0
 10
145.9761043478261
 20
322.1894956521739
 10
145.9761043478261
 20
325.4752
  0
LWPOLYLINE
  5
40F
330
17
100
AcDbEntity
  8
OBJECT
370
18
100
AcDbPolyline
 90
2
 70
0
 10
143.7856347826087
 20
322.1894956521739
 10
145.9761043478261
 20
322.1894956521739
  0
LWPOLYLINE
  5
410
330
17
100
AcDbEntity
  8
OBJECT
370
18
100
AcDbPolyline
 90
2
 70
0
 10
143.7856347826087
 20
325.4752
 10
145.9761043478261
 20
325.4752
  0
LWPOLYLINE
  5
411
330
17
100
AcDbEntity
  8
OBJECT
370
18
100
AcDbPolyline
 90
2
 70
0
 10
105.63495652173913
 20
344.368
 10
105.63495652173913
 20
351.6695652173913
  0
LWPOLYLINE
  5
412
330
17
100
AcDbEntity
  8
OBJECT
370
18
100
AcDbPolyline
 90
2
 70
0
 10
129.36504347826087
 20
344.368
 10
129.36504347826087
 20
351.6695652173913
  0
LWPOLYLINE
  5
413
330
17
100
AcDbEntity
  8
OBJECT
370
18
100
AcDbPolyline
 90
2
 70
0
 10
105.63495652173913
 20
344.368
 10
129.36504347826087
 20
344.368
  0
LWPOLYLINE
  5
414
330
17
100
AcDbEntity
  8
OBJECT
370
18
100
AcDbPolyline
 90
2
 70
0
 10
105.63495652173913
 20
351.6695652173913
 10
129.36504347826087
 20
351.6695652173913
  0
LWPOLYLINE
  5
415
330
17
100
AcDbEntity
  8
OBJECT
370
18
100
AcDbPolyline
 90
2
 70
0
 10
106.54765217391305
 20
343.3640347826087
 10
106.54765217391305
 20
344.368
  0
LWPOLYLINE
  5
416
330
17
100
AcDbEntity
  8
OBJECT
370
18
100
AcDbPolyline
 90
2
 70
0
 10
128.45234782608696
 20
343.3640347826087
 10
128.45234782608696
 20
344.368
  0
LWPOLYLINE
  5
417
330
17
100
AcDbEntity
  8
OBJECT
370
18
100
AcDbPolyline
 90
2
 70
0
 10
106.54765217391305
 20
343.3640347826087
 10
128.45234782608696
 20
343.3640347826087
  0
LWPOLYLINE
  5
418
330
17
100
AcDbEntity
  8
OBJECT
370
18
100
AcDbPolyline
 90
2
 70
0
 10
127.63092173913043
 20
301.65384347826085
 10
127.63092173913043
 20
304.026852173913
  0
LWPOLYLINE
  5
419
330
17
100
AcDbEntity
  8
OBJECT
370
18
100
AcDbPolyline
 90
2
 70
0
 10
129.27377391304347
 20
301.65384347826085
 10
129.27377391304347
 20
304.026852173913
  0
LWPOLYLINE
  5
41A
330
17
100
AcDbEntity
  8
OBJECT
370
18
100
AcDbPolyline
 90
2
 70
0
 10
127.63092173913043
 20
301.65384347826085
 10
129.27377391304347
 20
301.65384347826085
  0
LWPOLYLINE
  5
41B
330
17
100
AcDbEntity
  8
OBJECT
370
18
100
AcDbPolyline
 90
2
 70
0
 10
127.63092173913043
 20
304.026852173913
 10
129.27377391304347
 20
304.026852173913
  0
LWPOLYLINE
  5
41C
330
17
100
AcDbEntity
  8
OBJECT
370
18
100
AcDbPolyline
 90
2
 70
0
 10
129.69649610983905
 20
301.65384347826085
 10
129.69649610983905
 20
304.026852173913
  0
LWPOLYLINE
  5
41D
330
17
100
AcDbEntity
  8
OBJECT
370
18
100
AcDbPolyline
 90
2
 70
0
 10
131.3393482837521
 20
301.65384347826085
 10
131.3393482837521
 20
304.026852173913
  0
LWPOLYLINE
  5
41E
330
17
100
AcDbEntity
  8
OBJECT
370
18
100
AcDbPolyline
 90
2
 70
0
 10
129.69649610983905
 20
301.65384347826085
 10
131.3393482837521
 20
301.65384347826085
  0
LWPOLYLINE
  5
41F
330
17
100
AcDbEntity
  8
OBJECT
370
18
100
AcDbPolyline
 90
2
 70
0
 10
129.69649610983905
 20
304.026852173913
 10
131.3393482837521
 20
304.026852173913
  0
LWPOLYLINE
  5
420
330
17
100
AcDbEntity
  8
OBJECT
370
18
100
AcDbPolyline
 90
2
 70
0
 10
131.76207048054857
 20
301.65384347826085
 10
131.76207048054857
 20
304.026852173913
  0
LWPOLYLINE
  5
421
330
17
100
AcDbEntity
  8
OBJECT
370
18
100
AcDbPolyline
 90
2
 70
0
 10
133.40492265446161
 20
301.65384347826085
 10
133.40492265446161
 20
304.026852173913
  0
LWPOLYLINE
  5
422
330
17
100
AcDbEntity
  8
OBJECT
370
18
100
AcDbPolyline
 90
2
 70
0
 10
131.76207048054857
 20
301.65384347826085
 10
133.40492265446161
 20
301.65384347826085
  0
LWPOLYLINE
  5
423
330
17
100
AcDbEntity
  8
OBJECT
370
18
100
AcDbPolyline
 90
2
 70
0
 10
131.76207048054857
 20
304.026852173913
 10
133.40492265446161
 20
304.026852173913
  0
LWPOLYLINE
  5
424
330
17
100
AcDbEntity
  8
OBJECT
370
18
100
AcDbPolyline
 90
2
 70
0
 10
133.8276448512581
 20
301.65384347826085
 10
133.8276448512581
 20
304.026852173913
  0
LWPOLYLINE
  5
425
330
17
100
AcDbEntity
  8
OBJECT
370
18
100
AcDbPolyline
 90
2
 70
0
 10
135.47049702517114
 20
301.65384347826085
 10
135.47049702517114
 20
304.026852173913
  0
LWPOLYLINE
  5
426
330
17
100
AcDbEntity
  8
OBJECT
370
18
100
AcDbPolyline
 90
2
 70
0
 10
133.8276448512581
 20
301.65384347826085
 10
135.47049702517114
 20
301.65384347826085
  0
LWPOLYLINE
  5
427
330
17
100
AcDbEntity
  8
OBJECT
370
18
100
AcDbPolyline
 90
2
 70
0
 10
133.8276448512581
 20
304.026852173913
 10
135.47049702517114
 20
304.026852173913
  0
LWPOLYLINE
  5
428
330
17
100
AcDbEntity
  8
OBJECT
370
18
100
AcDbPolyline
 90
2
 70
0
 10
135.89321922196763
 20
301.65384347826085
 10
135.89321922196763
 20
304.026852173913
  0
LWPOLYLINE
  5
429
330
17
100
AcDbEntity
  8
OBJECT
370
18
100
AcDbPolyline
 90
2
 70
0
 10
137.53607139588067
 20
301.65384347826085
 10
137.53607139588067
 20
304.026852173913
  0
LWPOLYLINE
  5
42A
330
17
100
AcDbEntity
  8
OBJECT
370
18
100
AcDbPolyline
 90
2
 70
0
 10
135.89321922196763
 20
301.65384347826085
 10
137.53607139588067
 20
301.65384347826085
  0
LWPOLYLINE
  5
42B
330
17
100
AcDbEntity
  8
OBJECT
370
18
100
AcDbPolyline
 90
2
 70
0
 10
135.89321922196763
 20
304.026852173913
 10
137.53607139588067
 20
304.026852173913
  0
LWPOLYLINE
  5
42C
330
17
100
AcDbEntity
  8
OBJECT
370
18
100
AcDbPolyline
 90
2
 70
0
 10
137.95879359267715
 20
301.65384347826085
 10
137.95879359267715
 20
304.026852173913
  0
LWPOLYLINE
  5
42D
330
17
100
AcDbEntity
  8
OBJECT
370
18
100
AcDbPolyline
 90
2
 70
0
 10
139.6016457665902
 20
301.65384347826085
 10
139.6016457665902
 20
304.026852173913
  0
LWPOLYLINE
  5
42E
330
17
100
AcDbEntity
  8
OBJECT
370
18
100
AcDbPolyline
 90
2
 70
0
 10
137.95879359267715
 20
301.65384347826085
 10
139.6016457665902
 20
301.65384347826085
  0
LWPOLYLINE
  5
42F
330
17
100
AcDbEntity
  8
OBJECT
370
18
100
AcDbPolyline
 90
2
 70
0
 10
137.95879359267715
 20
304.026852173913
 10
139.6016457665902
 20
304.026852173913
  0
LWPOLYLINE
  5
430
330
17
100
AcDbEntity
  8
OBJECT
370
18
100
AcDbPolyline
 90
2
 70
0
 10
140.02436796338668
 20
301.65384347826085
 10
140.02436796338668
 20
304.026852173913
  0
LWPOLYLINE
  5
431
330
17
100
AcDbEntity
  8
OBJECT
370
18
100
AcDbPolyline
 90
2
 70
0
 10
141.66722013729972
 20
301.65384347826085
 10
141.66722013729972
 20
302.384
  0
LWPOLYLINE
  5
432
330
17
100
AcDbEntity
  8
OBJECT
370
18
100
AcDbPolyline
 90
2
 70
0
 10
140.02436796338668
 20
301.65384347826085
 10
141.66722013729972
 20
301.65384347826085
  0
LWPOLYLINE
  5
433
330
17
100
AcDbEntity
  8
OBJECT
370
18
100
AcDbPolyline
 90
2
 70
0
 10
140.02436796338668
 20
304.026852173913
 10
141.23008695652175
 20
304.026852173913
  0
LWPOLYLINE
  5
434
330
17
100
AcDbEntity
  8
OBJECT
370
18
100
AcDbPolyline
 90
2
 70
0
 10
142.0899423340953
 20
301.65384347826085
 10
142.0899423340953
 20
302.384
  0
LWPOLYLINE
  5
435
330
17
100
AcDbEntity
  8
OBJECT
370
18
100
AcDbPolyline
 90
2
 70
0
 10
143.73279450800834
 20
301.65384347826085
 10
143.73279450800834
 20
302.384
  0
LWPOLYLINE
  5
436
330
17
100
AcDbEntity
  8
OBJECT
370
18
100
AcDbPolyline
 90
2
 70
0
 10
142.0899423340953
 20
301.65384347826085
 10
143.73279450800834
 20
301.65384347826085
  0
LWPOLYLINE
  5
437
330
17
100
AcDbEntity
  8
OBJECT
370
18
100
AcDbPolyline
 90
2
 70
0
 10
144.15551670480482
 20
301.65384347826085
 10
144.15551670480482
 20
302.384
  0
LWPOLYLINE
  5
438
330
17
100
AcDbEntity
  8
OBJECT
370
18
100
AcDbPolyline
 90
2
 70
0
 10
145.79836887871787
 20
301.65384347826085
 10
145.79836887871787
 20
302.384
  0
LWPOLYLINE
  5
439
330
17
100
AcDbEntity
  8
OBJECT
370
18
100
AcDbPolyline
 90
2
 70
0
 10
144.15551670480482
 20
301.65384347826085
 10
145.79836887871787
 20
301.65384347826085
  0
LWPOLYLINE
  5
43A
330
17
100
AcDbEntity
  8
OBJECT
370
18
100
AcDbPolyline
 90
2
 70
0
 10
146.22109107551435
 20
301.65384347826085
 10
146.22109107551435
 20
302.384
  0
LWPOLYLINE
  5
43B
330
17
100
AcDbEntity
  8
OBJECT
370
18
100
AcDbPolyline
 90
2
 70
0
 10
147.8639432494274
 20
301.65384347826085
 10
147.8639432494274
 20
302.384
  0
LWPOLYLINE
  5
43C
330
17
100
AcDbEntity
  8
OBJECT
370
18
100
AcDbPolyline
 90
2
 70
0
 10
146.22109107551435
 20
301.65384347826085
 10
147.8639432494274
 20
301.65384347826085
  0
LWPOLYLINE
  5
43D
330
17
100
AcDbEntity
  8
OBJECT
370
18
100
AcDbPolyline
 90
2
 70
0
 10
148.28666544622388
 20
301.65384347826085
 10
148.28666544622388
 20
302.384
  0
LWPOLYLINE
  5
43E
330
17
100
AcDbEntity
  8
OBJECT
370
18
100
AcDbPolyline
 90
2
 70
0
 10
149.92951762013692
 20
301.65384347826085
 10
149.92951762013692
 20
302.384
  0
LWPOLYLINE
  5
43F
330
17
100
AcDbEntity
  8
OBJECT
370
18
100
AcDbPolyline
 90
2
 70
0
 10
148.28666544622388
 20
301.65384347826085
 10
149.92951762013692
 20
301.65384347826085
  0
LWPOLYLINE
  5
440
330
17
100
AcDbEntity
  8
OBJECT
370
18
100
AcDbPolyline
 90
2
 70
0
 10
150.35223981693338
 20
301.65384347826085
 10
150.35223981693338
 20
302.384
  0
LWPOLYLINE
  5
441
330
17
100
AcDbEntity
  8
OBJECT
370
18
100
AcDbPolyline
 90
2
 70
0
 10
162.32296384439314
 20
301.65384347826085
 10
162.32296384439314
 20
302.384
  0
LWPOLYLINE
  5
442
330
17
100
AcDbEntity
  8
OBJECT
370
18
100
AcDbPolyline
 90
2
 70
0
 10
161.30939130434783
 20
301.65384347826085
 10
162.32296384439314
 20
301.65384347826085
  0
LWPOLYLINE
  5
443
330
17
100
AcDbEntity
  8
OBJECT
370
18
100
AcDbPolyline
 90
2
 70
0
 10
162.74568604118963
 20
301.65384347826085
 10
162.74568604118963
 20
302.384
  0
LWPOLYLINE
  5
444
330
17
100
AcDbEntity
  8
OBJECT
370
18
100
AcDbPolyline
 90
2
 70
0
 10
164.38853821510267
 20
301.65384347826085
 10
164.38853821510267
 20
302.384
  0
LWPOLYLINE
  5
445
330
17
100
AcDbEntity
  8
OBJECT
370
18
100
AcDbPolyline
 90
2
 70
0
 10
162.74568604118963
 20
301.65384347826085
 10
164.38853821510267
 20
301.65384347826085
  0
LWPOLYLINE
  5
446
330
17
100
AcDbEntity
  8
OBJECT
370
18
100
AcDbPolyline
 90
2
 70
0
 10
164.81126041189916
 20
301.92765217391303
 10
164.81126041189916
 20
302.384
  0
LWPOLYLINE
  5
447
330
17
100
AcDbEntity
  8
OBJECT
370
18
100
AcDbPolyline
 90
2
 70
0
 10
168.51968695652172
 20
301.92765217391303
 10
168.51968695652172
 20
302.384
  0
LWPOLYLINE
  5
448
330
17
100
AcDbEntity
  8
OBJECT
370
18
100
AcDbPolyline
 90
2
 70
0
 10
152.63878260869564
 20
337.06643478260867
 10
152.63878260869564
 20
347.5624347826087
  0
LWPOLYLINE
  5
449
330
17
100
AcDbEntity
  8
OBJECT
370
18
100
AcDbPolyline
 90
2
 70
0
 10
183.6704347826087
 20
333.872
 10
183.6704347826087
 20
347.5624347826087
  0
LWPOLYLINE
  5
44A
330
17
100
AcDbEntity
  8
OBJECT
370
18
100
AcDbPolyline
 90
2
 70
0
 10
154.00782608695653
 20
333.872
 10
183.6704347826087
 20
333.872
  0
LWPOLYLINE
  5
44B
330
17
100
AcDbEntity
  8
OBJECT
370
18
100
AcDbPolyline
 90
2
 70
0
 10
152.63878260869564
 20
347.5624347826087
 10
183.6704347826087
 20
347.5624347826087
  0
LWPOLYLINE
  5
44C
330
17
100
AcDbEntity
  8
OBJECT
370
18
100
AcDbPolyline
 90
2
 70
0
 10
152.63878260869564
 20
348.93147826086954
 10
152.63878260869564
 20
362.62191304347823
  0
LWPOLYLINE
  5
44D
330
17
100
AcDbEntity
  8
OBJECT
370
18
100
AcDbPolyline
 90
2
 70
0
 10
183.6704347826087
 20
348.93147826086954
 10
183.6704347826087
 20
362.62191304347823
  0
LWPOLYLINE
  5
44E
330
17
100
AcDbEntity
  8
OBJECT
370
18
100
AcDbPolyline
 90
2
 70
0
 10
152.63878260869564
 20
348.93147826086954
 10
183.6704347826087
 20
348.93147826086954
  0
LWPOLYLINE
  5
44F
330
17
100
AcDbEntity
  8
OBJECT
370
18
100
AcDbPolyline
 90
2
 70
0
 10
152.63878260869564
 20
362.62191304347823
 10
183.6704347826087
 20
362.62191304347823
  0
LWPOLYLINE
  5
450
330
17
100
AcDbEntity
  8
OBJECT
370
18
100
AcDbPolyline
 90
2
 70
0
 10
155.83321739130434
 20
331.1339130434783
 10
155.83321739130434
 20
333.872
  0
LWPOLYLINE
  5
451
330
17
100
AcDbEntity
  8
OBJECT
370
18
100
AcDbPolyline
 90
2
 70
0
 10
155.83321739130434
 20
347.5624347826087
 10
155.83321739130434
 20
348.93147826086954
  0
LWPOLYLINE
  5
452
330
17
100
AcDbEntity
  8
OBJECT
370
18
100
AcDbPolyline
 90
2
 70
0
 10
181.3886956521739
 20
331.1339130434783
 10
181.3886956521739
 20
333.872
  0
LWPOLYLINE
  5
453
330
17
100
AcDbEntity
  8
OBJECT
370
18
100
AcDbPolyline
 90
2
 70
0
 10
181.3886956521739
 20
347.5624347826087
 10
181.3886956521739
 20
348.93147826086954
  0
LWPOLYLINE
  5
454
330
17
100
AcDbEntity
  8
OBJECT
370
18
100
AcDbPolyline
 90
2
 70
0
 10
155.83321739130434
 20
331.1339130434783
 10
181.3886956521739
 20
331.1339130434783
  0
LWPOLYLINE
  5
455
330
17
100
AcDbEntity
  8
OBJECT
370
18
100
AcDbPolyline
 90
2
 70
0
 10
155.83321739130434
 20
347.5624347826087
 10
155.83321739130434
 20
348.93147826086954
  0
LWPOLYLINE
  5
456
330
17
100
AcDbEntity
  8
OBJECT
370
18
100
AcDbPolyline
 90
2
 70
0
 10
155.83321739130434
 20
362.62191304347823
 10
155.83321739130434
 20
365.36
  0
LWPOLYLINE
  5
457
330
17
100
AcDbEntity
  8
OBJECT
370
18
100
AcDbPolyline
 90
2
 70
0
 10
181.3886956521739
 20
347.5624347826087
 10
181.3886956521739
 20
348.93147826086954
  0
LWPOLYLINE
  5
458
330
17
100
AcDbEntity
  8
OBJECT
370
18
100
AcDbPolyline
 90
2
 70
0
 10
181.3886956521739
 20
362.62191304347823
 10
181.3886956521739
 20
365.36
  0
LWPOLYLINE
  5
459
330
17
100
AcDbEntity
  8
OBJECT
370
18
100
AcDbPolyline
 90
2
 70
0
 10
155.83321739130434
 20
365.36
 10
181.3886956521739
 20
365.36
  0
LWPOLYLINE
  5
45A
330
17
100
AcDbEntity
  8
OBJECT
370
18
100
AcDbPolyline
 90
2
 70
0
 10
50.18869565217392
 20
287.5526956521739
 10
50.18869565217392
 20
290.7471304347826
  0
LWPOLYLINE
  5
45B
330
17
100
AcDbEntity
  8
OBJECT
370
18
100
AcDbPolyline
 90
2
 70
0
 10
53.383130434782615
 20
287.5526956521739
 10
53.383130434782615
 20
290.7471304347826
  0
LWPOLYLINE
  5
45C
330
17
100
AcDbEntity
  8
OBJECT
370
18
100
AcDbPolyline
 90
2
 70
0
 10
50.18869565217392
 20
287.5526956521739
 10
53.383130434782615
 20
287.5526956521739
  0
LWPOLYLINE
  5
45D
330
17
100
AcDbEntity
  8
OBJECT
370
18
100
AcDbPolyline
 90
2
 70
0
 10
50.18869565217392
 20
290.7471304347826
 10
53.383130434782615
 20
290.7471304347826
  0
LWPOLYLINE
  5
45E
330
17
100
AcDbEntity
  8
OBJECT
370
18
100
AcDbPolyline
 90
2
 70
0
 10
93.99808695652175
 20
287.5526956521739
 10
93.99808695652175
 20
290.7471304347826
  0
LWPOLYLINE
  5
45F
330
17
100
AcDbEntity
  8
OBJECT
370
18
100
AcDbPolyline
 90
2
 70
0
 10
97.19252173913044
 20
287.5526956521739
 10
97.19252173913044
 20
290.7471304347826
  0
LWPOLYLINE
  5
460
330
17
100
AcDbEntity
  8
OBJECT
370
18
100
AcDbPolyline
 90
2
 70
0
 10
93.99808695652175
 20
287.5526956521739
 10
97.19252173913044
 20
287.5526956521739
  0
LWPOLYLINE
  5
461
330
17
100
AcDbEntity
  8
OBJECT
370
18
100
AcDbPolyline
 90
2
 70
0
 10
93.99808695652175
 20
290.7471304347826
 10
97.19252173913044
 20
290.7471304347826
  0
LWPOLYLINE
  5
462
330
17
100
AcDbEntity
  8
OBJECT
370
18
100
AcDbPolyline
 90
2
 70
0
 10
137.80747826086957
 20
287.5526956521739
 10
137.80747826086957
 20
290.7471304347826
  0
LWPOLYLINE
  5
463
330
17
100
AcDbEntity
  8
OBJECT
370
18
100
AcDbPolyline
 90
2
 70
0
 10
141.00191304347825
 20
287.5526956521739
 10
141.00191304347825
 20
290.7471304347826
  0
LWPOLYLINE
  5
464
330
17
100
AcDbEntity
  8
OBJECT
370
18
100
AcDbPolyline
 90
2
 70
0
 10
137.80747826086957
 20
287.5526956521739
 10
141.00191304347825
 20
287.5526956521739
  0
LWPOLYLINE
  5
465
330
17
100
AcDbEntity
  8
OBJECT
370
18
100
AcDbPolyline
 90
2
 70
0
 10
137.80747826086957
 20
290.7471304347826
 10
141.00191304347825
 20
290.7471304347826
  0
LWPOLYLINE
  5
466
330
17
100
AcDbEntity
  8
OBJECT
370
18
100
AcDbPolyline
 90
2
 70
0
 10
184.81130434782608
 20
287.5526956521739
 10
184.81130434782608
 20
290.7471304347826
  0
LWPOLYLINE
  5
467
330
17
100
AcDbEntity
  8
OBJECT
370
18
100
AcDbPolyline
 90
2
 70
0
 10
184.58313043478262
 20
287.5526956521739
 10
184.81130434782608
 20
287.5526956521739
  0
LWPOLYLINE
  5
468
330
17
100
AcDbEntity
  8
OBJECT
370
18
100
AcDbPolyline
 90
2
 70
0
 10
184.58313043478262
 20
290.7471304347826
 10
184.81130434782608
 20
290.7471304347826
  0
LWPOLYLINE
  5
469
330
17
100
AcDbEntity
  8
OBJECT
370
18
100
AcDbPolyline
 90
2
 70
0
 10
53.383130434782615
 20
288.6935652173913
 10
93.99808695652175
 20
288.6935652173913
  0
LWPOLYLINE
  5
46A
330
17
100
AcDbEntity
  8
OBJECT
370
18
100
AcDbPolyline
 90
2
 70
0
 10
53.383130434782615
 20
289.60626086956523
 10
93.99808695652175
 20
289.60626086956523
  0
LWPOLYLINE
  5
46B
330
17
100
AcDbEntity
  8
OBJECT
370
18
100
AcDbPolyline
 90
2
 70
0
 10
141.00191304347825
 20
288.6935652173913
 10
169.06730434782608
 20
288.6935652173913
  0
LWPOLYLINE
  5
46C
330
17
100
AcDbEntity
  8
OBJECT
370
18
100
AcDbPolyline
 90
2
 70
0
 10
141.00191304347825
 20
289.60626086956523
 10
169.06730434782608
 20
289.60626086956523
  0
LWPOLYLINE
  5
46D
330
17
100
AcDbEntity
  8
OBJECT
370
18
100
AcDbPolyline
 90
2
 70
0
 10
92.85721739130435
 20
286.64
 10
92.85721739130435
 20
288.6935652173913
  0
LWPOLYLINE
  5
46E
330
17
100
AcDbEntity
  8
OBJECT
370
18
100
AcDbPolyline
 90
2
 70
0
 10
96.50800000000001
 20
286.64
 10
96.50800000000001
 20
287.5526956521739
  0
LWPOLYLINE
  5
46F
330
17
100
AcDbEntity
  8
OBJECT
370
18
100
AcDbPolyline
 90
2
 70
0
 10
92.85721739130435
 20
286.64
 10
96.50800000000001
 20
286.64
  0
LWPOLYLINE
  5
470
330
17
100
AcDbEntity
  8
OBJECT
370
18
100
AcDbPolyline
 90
2
 70
0
 10
169.06730434782608
 20
286.8681739130435
 10
169.06730434782608
 20
292.34434782608696
  0
LWPOLYLINE
  5
471
330
17
100
AcDbEntity
  8
OBJECT
370
18
100
AcDbPolyline
 90
2
 70
0
 10
184.58313043478262
 20
286.8681739130435
 10
184.58313043478262
 20
292.34434782608696
  0
LWPOLYLINE
  5
472
330
17
100
AcDbEntity
  8
OBJECT
370
18
100
AcDbPolyline
 90
2
 70
0
 10
169.06730434782608
 20
286.8681739130435
 10
184.58313043478262
 20
286.8681739130435
  0
LWPOLYLINE
  5
473
330
17
100
AcDbEntity
  8
OBJECT
370
18
100
AcDbPolyline
 90
2
 70
0
 10
169.06730434782608
 20
292.34434782608696
 10
184.58313043478262
 20
292.34434782608696
  0
LWPOLYLINE
  5
474
330
17
100
AcDbEntity
  8
OBJECT
370
18
100
AcDbPolyline
 90
14
 70
0
 10
183.03154782608695
 20
289.60626086956523
 10
182.8433690088227
 20
290.3697323430251
 10
182.32194205626456
 20
290.958301702744
 10
181.58671959936763
 20
291.23713480144
 10
180.8061322426159
 20
291.142354336505
 10
180.15900314234375
 20
290.6956733702271
 10
179.79358177667245
 20
289.99942112889147
 10
179.79358177667243
 20
289.21310061023894
 10
180.15900314234375
 20
288.5168483689033
 10
180.8061322426159
 20
288.0701674026255
 10
181.58671959936763
 20
287.9753869376905
 10
182.32194205626456
 20
288.25422003638647
 10
182.8433690088227
 20
288.84278939610533
 10
183.03154782608695
 20
289.60626086956523
  0
LWPOLYLINE
  5
475
330
17
100
AcDbEntity
  8
OBJECT
370
18
100
AcDbPolyline
 90
16
 70
0
 10
180.65853913043478
 20
353.49495652173914
 10
180.48494442361016
 20
354.31165540631235
 10
179.99417640500465
 20
354.9871396342664
 10
179.27109332352268
 20
355.4046118460065
 10
178.44072281295598
 20
355.49188730350676
 10
177.64664347826087
 20
355.2338752872928
 10
177.02615885039035
 20
354.67518841893354
 10
176.6865563584292
 20
353.9124287334792
 10
176.6865563584292
 20
353.077484309999
 10
177.02615885039035
 20
352.3147246245447
 10
177.64664347826087
 20
351.75603775618544
 10
178.44072281295598
 20
351.49802573997147
 10
179.27109332352268
 20
351.5853011974718
 10
179.99417640500465
 20
352.00277340921184
 10
180.48494442361016
 20
352.6782576371659
 10
180.65853913043478
 20
353.49495652173914
  0
LWPOLYLINE
  5
476
330
17
100
AcDbEntity
  8
OBJECT
370
18
100
AcDbPolyline
 90
2
 70
0
 10
139.95231304347826
 20
321.55060869565216
 10
139.95231304347826
 20
321.09426086956523
  0
LWPOLYLINE
  5
477
330
17
100
AcDbEntity
  8
OBJECT
370
18
100
AcDbPolyline
 90
2
 70
0
 10
139.95231304347826
 20
320.1815652173913
 10
139.95231304347826
 20
313.8839652173913
  0
LWPOLYLINE
  5
478
330
17
100
AcDbEntity
  8
OBJECT
370
18
100
AcDbPolyline
 90
2
 70
0
 10
141.41262608695652
 20
323.83234782608696
 10
141.41262608695652
 20
321.55060869565216
  0
LWPOLYLINE
  5
479
330
17
100
AcDbEntity
  8
OBJECT
370
18
100
AcDbPolyline
 90
2
 70
0
 10
146.34118260869565
 20
344.368
 10
146.34118260869565
 20
336.7013565217391
  0
LWPOLYLINE
  5
47A
330
17
100
AcDbEntity
  8
OBJECT
370
18
100
AcDbPolyline
 90
2
 70
0
 10
147.8014956521739
 20
350.30052173913043
 10
147.8014956521739
 20
344.368
  0
LWPOLYLINE
  5
47B
330
17
100
AcDbEntity
  8
OBJECT
370
18
100
AcDbPolyline
 90
2
 70
0
 10
90.11913043478262
 20
327.9394782608696
 10
92.03579130434782
 20
327.9394782608696
  0
LWPOLYLINE
  5
47C
330
17
100
AcDbEntity
  8
OBJECT
370
18
100
AcDbPolyline
 90
2
 70
0
 10
93.67864347826087
 20
327.9394782608696
 10
95.59530434782609
 20
327.9394782608696
  0
LWPOLYLINE
  5
47D
330
17
100
AcDbEntity
  8
OBJECT
370
18
100
AcDbPolyline
 90
2
 70
0
 10
90.11913043478262
 20
329.7648695652174
 10
92.03579130434782
 20
329.7648695652174
  0
LWPOLYLINE
  5
47E
330
17
100
AcDbEntity
  8
OBJECT
370
18
100
AcDbPolyline
 90
2
 70
0
 10
93.67864347826087
 20
329.7648695652174
 10
95.59530434782609
 20
329.7648695652174
  0
LWPOLYLINE
  5
47F
330
17
100
AcDbEntity
  8
OBJECT
370
18
100
AcDbPolyline
 90
2
 70
0
 10
92.03579130434782
 20
327.5744
 10
93.67864347826087
 20
327.5744
  0
LWPOLYLINE
  5
480
330
17
100
AcDbEntity
  8
OBJECT
370
18
100
AcDbPolyline
 90
2
 70
0
 10
92.03579130434782
 20
330.12994782608695
 10
93.67864347826087
 20
330.12994782608695
  0
LWPOLYLINE
  5
481
330
17
100
AcDbEntity
  8
OBJECT
370
18
100
AcDbPolyline
 90
2
 70
0
 10
95.13895652173913
 20
327.9394782608696
 10
97.05561739130435
 20
327.9394782608696
  0
LWPOLYLINE
  5
482
330
17
100
AcDbEntity
  8
OBJECT
370
18
100
AcDbPolyline
 90
2
 70
0
 10
98.6984695652174
 20
327.9394782608696
 10
100.61513043478261
 20
327.9394782608696
  0
LWPOLYLINE
  5
483
330
17
100
AcDbEntity
  8
OBJECT
370
18
100
AcDbPolyline
 90
2
 70
0
 10
95.13895652173913
 20
329.7648695652174
 10
97.05561739130435
 20
329.7648695652174
  0
LWPOLYLINE
  5
484
330
17
100
AcDbEntity
  8
OBJECT
370
18
100
AcDbPolyline
 90
2
 70
0
 10
98.6984695652174
 20
329.7648695652174
 10
100.61513043478261
 20
329.7648695652174
  0
LWPOLYLINE
  5
485
330
17
100
AcDbEntity
  8
OBJECT
370
18
100
AcDbPolyline
 90
2
 70
0
 10
97.05561739130435
 20
327.5744
 10
98.6984695652174
 20
327.5744
  0
LWPOLYLINE
  5
486
330
17
100
AcDbEntity
  8
OBJECT
370
18
100
AcDbPolyline
 90
2
 70
0
 10
97.05561739130435
 20
330.12994782608695
 10
98.6984695652174
 20
330.12994782608695
  0
LWPOLYLINE
  5
487
330
17
100
AcDbEntity
  8
OBJECT
370
18
100
AcDbPolyline
 90
2
 70
0
 10
100.15878260869565
 20
327.9394782608696
 10
102.07544347826087
 20
327.9394782608696
  0
LWPOLYLINE
  5
488
330
17
100
AcDbEntity
  8
OBJECT
370
18
100
AcDbPolyline
 90
2
 70
0
 10
103.71829565217391
 20
327.9394782608696
 10
105.63495652173913
 20
327.9394782608696
  0
LWPOLYLINE
  5
489
330
17
100
AcDbEntity
  8
OBJECT
370
18
100
AcDbPolyline
 90
2
 70
0
 10
100.15878260869565
 20
329.7648695652174
 10
102.07544347826087
 20
329.7648695652174
  0
LWPOLYLINE
  5
48A
330
17
100
AcDbEntity
  8
OBJECT
370
18
100
AcDbPolyline
 90
2
 70
0
 10
103.71829565217391
 20
329.7648695652174
 10
105.63495652173913
 20
329.7648695652174
  0
LWPOLYLINE
  5
48B
330
17
100
AcDbEntity
  8
OBJECT
370
18
100
AcDbPolyline
 90
2
 70
0
 10
102.07544347826087
 20
327.5744
 10
103.71829565217391
 20
327.5744
  0
LWPOLYLINE
  5
48C
330
17
100
AcDbEntity
  8
OBJECT
370
18
100
AcDbPolyline
 90
2
 70
0
 10
102.07544347826087
 20
330.12994782608695
 10
103.71829565217391
 20
330.12994782608695
  0
LWPOLYLINE
  5
48D
330
17
100
AcDbEntity
  8
OBJECT
370
18
100
AcDbPolyline
 90
2
 70
0
 10
105.17860869565217
 20
327.9394782608696
 10
107.0952695652174
 20
327.9394782608696
  0
LWPOLYLINE
  5
48E
330
17
100
AcDbEntity
  8
OBJECT
370
18
100
AcDbPolyline
 90
2
 70
0
 10
108.73812173913043
 20
327.9394782608696
 10
110.65478260869565
 20
327.9394782608696
  0
LWPOLYLINE
  5
48F
330
17
100
AcDbEntity
  8
OBJECT
370
18
100
AcDbPolyline
 90
2
 70
0
 10
105.17860869565217
 20
329.7648695652174
 10
107.0952695652174
 20
329.7648695652174
  0
LWPOLYLINE
  5
490
330
17
100
AcDbEntity
  8
OBJECT
370
18
100
AcDbPolyline
 90
2
 70
0
 10
108.73812173913043
 20
329.7648695652174
 10
110.65478260869565
 20
329.7648695652174
  0
LWPOLYLINE
  5
491
330
17
100
AcDbEntity
  8
OBJECT
370
18
100
AcDbPolyline
 90
2
 70
0
 10
107.0952695652174
 20
327.5744
 10
108.73812173913043
 20
327.5744
  0
LWPOLYLINE
  5
492
330
17
100
AcDbEntity
  8
OBJECT
370
18
100
AcDbPolyline
 90
2
 70
0
 10
107.0952695652174
 20
330.12994782608695
 10
108.73812173913043
 20
330.12994782608695
  0
LWPOLYLINE
  5
493
330
17
100
AcDbEntity
  8
OBJECT
370
18
100
AcDbPolyline
 90
2
 70
0
 10
110.1984347826087
 20
327.9394782608696
 10
112.11509565217392
 20
327.9394782608696
  0
LWPOLYLINE
  5
494
330
17
100
AcDbEntity
  8
OBJECT
370
18
100
AcDbPolyline
 90
2
 70
0
 10
113.75794782608696
 20
327.9394782608696
 10
115.67460869565217
 20
327.9394782608696
  0
LWPOLYLINE
  5
495
330
17
100
AcDbEntity
  8
OBJECT
370
18
100
AcDbPolyline
 90
2
 70
0
 10
110.1984347826087
 20
329.7648695652174
 10
112.11509565217392
 20
329.7648695652174
  0
LWPOLYLINE
  5
496
330
17
100
AcDbEntity
  8
OBJECT
370
18
100
AcDbPolyline
 90
2
 70
0
 10
113.75794782608696
 20
329.7648695652174
 10
115.67460869565217
 20
329.7648695652174
  0
LWPOLYLINE
  5
497
330
17
100
AcDbEntity
  8
OBJECT
370
18
100
AcDbPolyline
 90
2
 70
0
 10
112.11509565217392
 20
327.5744
 10
113.75794782608696
 20
327.5744
  0
LWPOLYLINE
  5
498
330
17
100
AcDbEntity
  8
OBJECT
370
18
100
AcDbPolyline
 90
2
 70
0
 10
112.11509565217392
 20
330.12994782608695
 10
113.75794782608696
 20
330.12994782608695
  0
LWPOLYLINE
  5
499
330
17
100
AcDbEntity
  8
OBJECT
370
18
100
AcDbPolyline
 90
2
 70
0
 10
115.21826086956521
 20
327.9394782608696
 10
117.13492173913043
 20
327.9394782608696
  0
LWPOLYLINE
  5
49A
330
17
100
AcDbEntity
  8
OBJECT
370
18
100
AcDbPolyline
 90
2
 70
0
 10
118.77777391304348
 20
327.9394782608696
 10
120.6944347826087
 20
327.9394782608696
  0
LWPOLYLINE
  5
49B
330
17
100
AcDbEntity
  8
OBJECT
370
18
100
AcDbPolyline
 90
2
 70
0
 10
115.21826086956521
 20
329.7648695652174
 10
117.13492173913043
 20
329.7648695652174
  0
LWPOLYLINE
  5
49C
330
17
100
AcDbEntity
  8
OBJECT
370
18
100
AcDbPolyline
 90
2
 70
0
 10
118.77777391304348
 20
329.7648695652174
 10
120.6944347826087
 20
329.7648695652174
  0
LWPOLYLINE
  5
49D
330
17
100
AcDbEntity
  8
OBJECT
370
18
100
AcDbPolyline
 90
2
 70
0
 10
117.13492173913043
 20
327.5744
 10
118.77777391304348
 20
327.5744
  0
LWPOLYLINE
  5
49E
330
17
100
AcDbEntity
  8
OBJECT
370
18
100
AcDbPolyline
 90
2
 70
0
 10
117.13492173913043
 20
330.12994782608695
 10
118.77777391304348
 20
330.12994782608695
  0
LWPOLYLINE
  5
49F
330
17
100
AcDbEntity
  8
OBJECT
370
18
100
AcDbPolyline
 90
2
 70
0
 10
120.23808695652174
 20
327.9394782608696
 10
122.15474782608696
 20
327.9394782608696
  0
LWPOLYLINE
  5
4A0
330
17
100
AcDbEntity
  8
OBJECT
370
18
100
AcDbPolyline
 90
2
 70
0
 10
123.7976
 20
327.9394782608696
 10
125.71426086956522
 20
327.9394782608696
  0
LWPOLYLINE
  5
4A1
330
17
100
AcDbEntity
  8
OBJECT
370
18
100
AcDbPolyline
 90
2
 70
0
 10
120.23808695652174
 20
329.7648695652174
 10
122.15474782608696
 20
329.7648695652174
  0
LWPOLYLINE
  5
4A2
330
17
100
AcDbEntity
  8
OBJECT
370
18
100
AcDbPolyline
 90
2
 70
0
 10
123.7976
 20
329.7648695652174
 10
125.71426086956522
 20
329.7648695652174
  0
LWPOLYLINE
  5
4A3
330
17
100
AcDbEntity
  8
OBJECT
370
18
100
AcDbPolyline
 90
2
 70
0
 10
122.15474782608696
 20
327.5744
 10
123.7976
 20
327.5744
  0
LWPOLYLINE
  5
4A4
330
17
100
AcDbEntity
  8
OBJECT
370
18
100
AcDbPolyline
 90
2
 70
0
 10
122.15474782608696
 20
330.12994782608695
 10
123.7976
 20
330.12994782608695
  0
LWPOLYLINE
  5
4A5
330
17
100
AcDbEntity
  8
OBJECT
370
18
100
AcDbPolyline
 90
2
 70
0
 10
125.25791304347825
 20
327.9394782608696
 10
127.17457391304347
 20
327.9394782608696
  0
LWPOLYLINE
  5
4A6
330
17
100
AcDbEntity
  8
OBJECT
370
18
100
AcDbPolyline
 90
2
 70
0
 10
128.81742608695652
 20
327.9394782608696
 10
130.73408695652174
 20
327.9394782608696
  0
LWPOLYLINE
  5
4A7
330
17
100
AcDbEntity
  8
OBJECT
370
18
100
AcDbPolyline
 90
2
 70
0
 10
125.25791304347825
 20
329.7648695652174
 10
127.17457391304347
 20
329.7648695652174
  0
LWPOLYLINE
  5
4A8
330
17
100
AcDbEntity
  8
OBJECT
370
18
100
AcDbPolyline
 90
2
 70
0
 10
128.81742608695652
 20
329.7648695652174
 10
130.73408695652174
 20
329.7648695652174
  0
LWPOLYLINE
  5
4A9
330
17
100
AcDbEntity
  8
OBJECT
370
18
100
AcDbPolyline
 90
2
 70
0
 10
127.17457391304347
 20
327.5744
 10
128.81742608695652
 20
327.5744
  0
LWPOLYLINE
  5
4AA
330
17
100
AcDbEntity
  8
OBJECT
370
18
100
AcDbPolyline
 90
2
 70
0
 10
127.17457391304347
 20
330.12994782608695
 10
128.81742608695652
 20
330.12994782608695
  0
LWPOLYLINE
  5
4AB
330
17
100
AcDbEntity
  8
OBJECT
370
18
100
AcDbPolyline
 90
2
 70
0
 10
130.27773913043478
 20
327.9394782608696
 10
132.1944
 20
327.9394782608696
  0
LWPOLYLINE
  5
4AC
330
17
100
AcDbEntity
  8
OBJECT
370
18
100
AcDbPolyline
 90
2
 70
0
 10
133.83725217391304
 20
327.9394782608696
 10
135.75391304347826
 20
327.9394782608696
  0
LWPOLYLINE
  5
4AD
330
17
100
AcDbEntity
  8
OBJECT
370
18
100
AcDbPolyline
 90
2
 70
0
 10
130.27773913043478
 20
329.7648695652174
 10
132.1944
 20
329.7648695652174
  0
LWPOLYLINE
  5
4AE
330
17
100
AcDbEntity
  8
OBJECT
370
18
100
AcDbPolyline
 90
2
 70
0
 10
133.83725217391304
 20
329.7648695652174
 10
135.75391304347826
 20
329.7648695652174
  0
LWPOLYLINE
  5
4AF
330
17
100
AcDbEntity
  8
OBJECT
370
18
100
AcDbPolyline
 90
2
 70
0
 10
132.1944
 20
327.5744
 10
133.83725217391304
 20
327.5744
  0
LWPOLYLINE
  5
4B0
330
17
100
AcDbEntity
  8
OBJECT
370
18
100
AcDbPolyline
 90
2
 70
0
 10
132.1944
 20
330.12994782608695
 10
133.83725217391304
 20
330.12994782608695
  0
LWPOLYLINE
  5
4B1
330
17
100
AcDbEntity
  8
OBJECT
370
18
100
AcDbPolyline
 90
2
 70
0
 10
135.2975652173913
 20
327.9394782608696
 10
137.21422608695653
 20
327.9394782608696
  0
LWPOLYLINE
  5
4B2
330
17
100
AcDbEntity
  8
OBJECT
370
18
100
AcDbPolyline
 90
2
 70
0
 10
138.85707826086957
 20
327.9394782608696
 10
140.22612173913043
 20
327.9394782608696
  0
LWPOLYLINE
  5
4B3
330
17
100
AcDbEntity
  8
OBJECT
370
18
100
AcDbPolyline
 90
2
 70
0
 10
135.2975652173913
 20
329.7648695652174
 10
137.21422608695653
 20
329.7648695652174
  0
LWPOLYLINE
  5
4B4
330
17
100
AcDbEntity
  8
OBJECT
370
18
100
AcDbPolyline
 90
2
 70
0
 10
138.85707826086957
 20
329.7648695652174
 10
140.22612173913043
 20
329.7648695652174
  0
LWPOLYLINE
  5
4B5
330
17
100
AcDbEntity
  8
OBJECT
370
18
100
AcDbPolyline
 90
2
 70
0
 10
137.21422608695653
 20
327.5744
 10
138.85707826086957
 20
327.5744
  0
LWPOLYLINE
  5
4B6
330
17
100
AcDbEntity
  8
OBJECT
370
18
100
AcDbPolyline
 90
2
 70
0
 10
137.21422608695653
 20
330.12994782608695
 10
138.85707826086957
 20
330.12994782608695
  0
LWPOLYLINE
  5
4B7
330
17
100
AcDbEntity
  8
OBJECT
370
18
100
AcDbPolyline
 90
2
 70
0
 10
123.52379130434782
 20
308.4077913043478
 10
131.1904347826087
 20
308.4077913043478
  0
LWPOLYLINE
  5
4B8
330
17
100
AcDbEntity
  8
OBJECT
370
18
100
AcDbPolyline
 90
2
 70
0
 10
123.52379130434782
 20
312.7887304347826
 10
131.1904347826087
 20
312.7887304347826
  0
LWPOLYLINE
  5
4B9
330
17
100
AcDbEntity
  8
OBJECT
370
18
100
AcDbPolyline
 90
2
 70
0
 10
131.1904347826087
 20
309.8681043478261
 10
135.2975652173913
 20
309.8681043478261
  0
LWPOLYLINE
  5
4BA
330
17
100
AcDbEntity
  8
OBJECT
370
18
100
AcDbPolyline
 90
2
 70
0
 10
131.1904347826087
 20
311.32841739130436
 10
135.2975652173913
 20
311.32841739130436
  0
LWPOLYLINE
  5
4BB
330
17
100
AcDbEntity
  8
OBJECT
370
18
100
AcDbPolyline
 90
2
 70
0
 10
164.5950956521739
 20
301.92765217391303
 10
164.5950956521739
 20
301.0149565217391
  0
LWPOLYLINE
  5
4BC
330
17
100
AcDbEntity
  8
OBJECT
370
18
100
AcDbPolyline
 90
2
 70
0
 10
164.5950956521739
 20
300.1022608695652
 10
164.5950956521739
 20
294.26100869565215
  0
LWPOLYLINE
  5
4BD
330
17
100
AcDbEntity
  8
OBJECT
370
18
100
AcDbPolyline
 90
2
 70
0
 10
166.05540869565218
 20
302.384
 10
166.05540869565218
 20
301.92765217391303
  0
TEXT
  5
4BE
330
17
100
AcDbEntity
  8
TEXT
100
AcDbText
 10
117.5
 20
373.0
 30
0.0
 40
3.2
  1
俯视图 / TOP VIEW
  7
CJK
 72
1
 11
117.5
 21
373.0
 31
0.0
100
AcDbText
 73
2
  0
LWPOLYLINE
  5
4BF
330
17
100
AcDbEntity
  8
OBJECT
370
18
100
AcDbPolyline
 90
2
 70
0
 10
281.8951302378256
 20
287.94754246885617
 10
281.8951302378256
 20
289.1362174405436
  0
LWPOLYLINE
  5
4C0
330
17
100
AcDbEntity
  8
OBJECT
370
18
100
AcDbPolyline
 90
2
 70
0
 10
281.8951302378256
 20
287.94754246885617
 10
283.083805209513
 20
287.94754246885617
  0
LWPOLYLINE
  5
4C1
330
17
100
AcDbEntity
  8
OBJECT
370
18
100
AcDbPolyline
 90
2
 70
0
 10
325.8761041902605
 20
287.94754246885617
 10
327.0647791619479
 20
287.94754246885617
  0
LWPOLYLINE
  5
4C2
330
17
100
AcDbEntity
  8
OBJECT
370
18
100
AcDbPolyline
 90
2
 70
0
 10
327.0647791619479
 20
287.94754246885617
 10
327.0647791619479
 20
289.1362174405436
  0
LWPOLYLINE
  5
4C3
330
17
100
AcDbEntity
  8
OBJECT
370
18
100
AcDbPolyline
 90
2
 70
0
 10
283.083805209513
 20
287.94754246885617
 10
283.083805209513
 20
290.32489241223107
  0
LWPOLYLINE
  5
4C4
330
17
100
AcDbEntity
  8
OBJECT
370
18
100
AcDbPolyline
 90
2
 70
0
 10
283.083805209513
 20
287.94754246885617
 10
325.8761041902605
 20
287.94754246885617
  0
LWPOLYLINE
  5
4C5
330
17
100
AcDbEntity
  8
OBJECT
370
18
100
AcDbPolyline
 90
2
 70
0
 10
325.8761041902605
 20
287.94754246885617
 10
325.8761041902605
 20
290.32489241223107
  0
LWPOLYLINE
  5
4C6
330
17
100
AcDbEntity
  8
OBJECT
370
18
100
AcDbPolyline
 90
2
 70
0
 10
283.083805209513
 20
290.32489241223107
 10
325.8761041902605
 20
290.32489241223107
  0
LWPOLYLINE
  5
4C7
330
17
100
AcDbEntity
  8
OBJECT
370
18
100
AcDbPolyline
 90
2
 70
0
 10
327.0647791619479
 20
327.76815402038505
 10
327.0647791619479
 20
328.77852774631936
  0
LWPOLYLINE
  5
4C8
330
17
100
AcDbEntity
  8
OBJECT
370
18
100
AcDbPolyline
 90
2
 70
0
 10
283.083805209513
 20
326.57947904869764
 10
283.083805209513
 20
328.77852774631936
  0
LWPOLYLINE
  5
4C9
330
17
100
AcDbEntity
  8
OBJECT
370
18
100
AcDbPolyline
 90
2
 70
0
 10
283.083805209513
 20
326.57947904869764
 10
325.8761041902605
 20
326.57947904869764
  0
LWPOLYLINE
  5
4CA
330
17
100
AcDbEntity
  8
OBJECT
370
18
100
AcDbPolyline
 90
2
 70
0
 10
325.8761041902605
 20
326.57947904869764
 10
325.8761041902605
 20
328.77852774631936
  0
LWPOLYLINE
  5
4CB
330
17
100
AcDbEntity
  8
OBJECT
370
18
100
AcDbPolyline
 90
2
 70
0
 10
281.8951302378256
 20
289.1362174405436
 10
281.8951302378256
 20
305.77766704416763
  0
LWPOLYLINE
  5
4CC
330
17
100
AcDbEntity
  8
OBJECT
370
18
100
AcDbPolyline
 90
2
 70
0
 10
281.8951302378256
 20
289.1362174405436
 10
284.2724801812005
 20
289.1362174405436
  0
LWPOLYLINE
  5
4CD
330
17
100
AcDbEntity
  8
OBJECT
370
18
100
AcDbPolyline
 90
2
 70
0
 10
284.2724801812005
 20
289.1362174405436
 10
284.2724801812005
 20
327.76815402038505
  0
LWPOLYLINE
  5
4CE
330
17
100
AcDbEntity
  8
OBJECT
370
18
100
AcDbPolyline
 90
2
 70
0
 10
282.04371460928655
 20
327.76815402038505
 10
284.2724801812005
 20
327.76815402038505
  0
LWPOLYLINE
  5
4CF
330
17
100
AcDbEntity
  8
OBJECT
370
18
100
AcDbPolyline
 90
2
 70
0
 10
283.083805209513
 20
287.8286749716874
 10
285.10455266138166
 20
287.8286749716874
  0
LWPOLYLINE
  5
4D0
330
17
100
AcDbEntity
  8
OBJECT
370
18
100
AcDbPolyline
 90
2
 70
0
 10
281.0630577576444
 20
287.8286749716874
 10
283.083805209513
 20
287.8286749716874
  0
LWPOLYLINE
  5
4D1
330
17
100
AcDbEntity
  8
OBJECT
370
18
100
AcDbPolyline
 90
2
 70
0
 10
283.083805209513
 20
286.64
 10
285.10455266138166
 20
286.64
  0
LWPOLYLINE
  5
4D2
330
17
100
AcDbEntity
  8
OBJECT
370
18
100
AcDbPolyline
 90
2
 70
0
 10
281.0630577576444
 20
286.64
 10
283.083805209513
 20
286.64
  0
LWPOLYLINE
  5
4D3
330
17
100
AcDbEntity
  8
OBJECT
370
18
100
AcDbPolyline
 90
2
 70
0
 10
324.687429218573
 20
289.1362174405436
 10
324.687429218573
 20
327.76815402038505
  0
LWPOLYLINE
  5
4D4
330
17
100
AcDbEntity
  8
OBJECT
370
18
100
AcDbPolyline
 90
2
 70
0
 10
324.687429218573
 20
289.1362174405436
 10
327.0647791619479
 20
289.1362174405436
  0
LWPOLYLINE
  5
4D5
330
17
100
AcDbEntity
  8
OBJECT
370
18
100
AcDbPolyline
 90
2
 70
0
 10
327.0647791619479
 20
289.1362174405436
 10
327.0647791619479
 20
327.76815402038505
  0
LWPOLYLINE
  5
4D6
330
17
100
AcDbEntity
  8
OBJECT
370
18
100
AcDbPolyline
 90
2
 70
0
 10
324.687429218573
 20
327.76815402038505
 10
327.0647791619479
 20
327.76815402038505
  0
LWPOLYLINE
  5
4D7
330
17
100
AcDbEntity
  8
OBJECT
370
18
100
AcDbPolyline
 90
2
 70
0
 10
325.8761041902605
 20
287.8286749716874
 10
327.8968516421291
 20
287.8286749716874
  0
LWPOLYLINE
  5
4D8
330
17
100
AcDbEntity
  8
OBJECT
370
18
100
AcDbPolyline
 90
2
 70
0
 10
323.85535673839183
 20
287.8286749716874
 10
325.8761041902605
 20
287.8286749716874
  0
LWPOLYLINE
  5
4D9
330
17
100
AcDbEntity
  8
OBJECT
370
18
100
AcDbPolyline
 90
2
 70
0
 10
325.8761041902605
 20
286.64
 10
327.8968516421291
 20
286.64
  0
LWPOLYLINE
  5
4DA
330
17
100
AcDbEntity
  8
OBJECT
370
18
100
AcDbPolyline
 90
2
 70
0
 10
323.85535673839183
 20
286.64
 10
325.8761041902605
 20
286.64
  0
LWPOLYLINE
  5
4DB
330
17
100
AcDbEntity
  8
OBJECT
370
18
100
AcDbPolyline
 90
2
 70
0
 10
280.70645526613816
 20
328.77852774631936
 10
280.70645526613816
 20
329.7294677236693
  0
LWPOLYLINE
  5
4DC
330
17
100
AcDbEntity
  8
OBJECT
370
18
100
AcDbPolyline
 90
2
 70
0
 10
280.70645526613816
 20
328.77852774631936
 10
328.25345413363533
 20
328.77852774631936
  0
LWPOLYLINE
  5
4DD
330
17
100
AcDbEntity
  8
OBJECT
370
18
100
AcDbPolyline
 90
2
 70
0
 10
328.25345413363533
 20
328.77852774631936
 10
328.25345413363533
 20
329.7294677236693
  0
LWPOLYLINE
  5
4DE
330
17
100
AcDbEntity
  8
OBJECT
370
18
100
AcDbPolyline
 90
2
 70
0
 10
280.70645526613816
 20
329.7294677236693
 10
328.25345413363533
 20
329.7294677236693
  0
LWPOLYLINE
  5
4DF
330
17
100
AcDbEntity
  8
OBJECT
370
18
100
AcDbPolyline
 90
2
 70
0
 10
308.64031710079274
 20
290.32489241223107
 10
308.64031710079274
 20
315.88140430351075
  0
LWPOLYLINE
  5
4E0
330
17
100
AcDbEntity
  8
OBJECT
370
18
100
AcDbPolyline
 90
2
 70
0
 10
308.64031710079274
 20
315.88140430351075
 10
324.687429218573
 20
315.88140430351075
  0
LWPOLYLINE
  5
4E1
330
17
100
AcDbEntity
  8
OBJECT
370
18
100
AcDbPolyline
 90
2
 70
0
 10
307.9865458663647
 20
297.4569422423556
 10
307.9865458663647
 20
312.9097168742922
  0
LWPOLYLINE
  5
4E2
330
17
100
AcDbEntity
  8
OBJECT
370
18
100
AcDbPolyline
 90
2
 70
0
 10
307.9865458663647
 20
297.4569422423556
 10
308.64031710079274
 20
297.4569422423556
  0
LWPOLYLINE
  5
4E3
330
17
100
AcDbEntity
  8
OBJECT
370
18
100
AcDbPolyline
 90
2
 70
0
 10
307.9865458663647
 20
312.9097168742922
 10
308.64031710079274
 20
312.9097168742922
  0
LWPOLYLINE
  5
4E4
330
17
100
AcDbEntity
  8
OBJECT
370
18
100
AcDbPolyline
 90
2
 70
0
 10
306.8573046432616
 20
330.68040770101925
 10
308.3431483578709
 20
330.68040770101925
  0
LWPOLYLINE
  5
4E5
330
17
100
AcDbEntity
  8
OBJECT
370
18
100
AcDbPolyline
 90
2
 70
0
 10
293.7818799546999
 20
330.68040770101925
 10
306.8573046432616
 20
330.68040770101925
  0
LWPOLYLINE
  5
4E6
330
17
100
AcDbEntity
  8
OBJECT
370
18
100
AcDbPolyline
 90
2
 70
0
 10
306.8573046432616
 20
332.2256851642129
 10
308.3431483578709
 20
332.2256851642129
  0
LWPOLYLINE
  5
4E7
330
17
100
AcDbEntity
  8
OBJECT
370
18
100
AcDbPolyline
 90
2
 70
0
 10
297.64507361268403
 20
332.2256851642129
 10
306.8573046432616
 20
332.2256851642129
  0
LWPOLYLINE
  5
4E8
330
17
100
AcDbEntity
  8
OBJECT
370
18
100
AcDbPolyline
 90
2
 70
0
 10
306.8573046432616
 20
339.06056625141565
 10
316.30727066817667
 20
339.06056625141565
  0
LWPOLYLINE
  5
4E9
330
17
100
AcDbEntity
  8
OBJECT
370
18
100
AcDbPolyline
 90
2
 70
0
 10
299.72525481313704
 20
339.06056625141565
 10
306.8573046432616
 20
339.06056625141565
  0
LWPOLYLINE
  5
4EA
330
17
100
AcDbEntity
  8
OBJECT
370
18
100
AcDbPolyline
 90
2
 70
0
 10
306.8573046432616
 20
337.8718912797282
 10
316.30727066817667
 20
337.8718912797282
  0
LWPOLYLINE
  5
4EB
330
17
100
AcDbEntity
  8
OBJECT
370
18
100
AcDbPolyline
 90
2
 70
0
 10
296.81300113250285
 20
337.8718912797282
 10
306.8573046432616
 20
337.8718912797282
  0
LWPOLYLINE
  5
4EC
330
17
100
AcDbEntity
  8
OBJECT
370
18
100
AcDbPolyline
 90
2
 70
0
 10
310.12616081540205
 20
345.30110985277463
 10
311.2554020385051
 20
345.30110985277463
  0
LWPOLYLINE
  5
4ED
330
17
100
AcDbEntity
  8
OBJECT
370
18
100
AcDbPolyline
 90
2
 70
0
 10
316.96104190260473
 20
345.30110985277463
 10
318.1497168742922
 20
345.30110985277463
  0
LWPOLYLINE
  5
4EE
330
17
100
AcDbEntity
  8
OBJECT
370
18
100
AcDbPolyline
 90
2
 70
0
 10
306.8573046432616
 20
336.38604756511893
 10
310.12616081540205
 20
336.38604756511893
  0
LWPOLYLINE
  5
4EF
330
17
100
AcDbEntity
  8
OBJECT
370
18
100
AcDbPolyline
 90
2
 70
0
 10
295.564892412231
 20
336.38604756511893
 10
297.7045073612684
 20
336.38604756511893
  0
LWPOLYLINE
  5
4F0
330
17
100
AcDbEntity
  8
OBJECT
370
18
100
AcDbPolyline
 90
2
 70
0
 10
298.7743148357871
 20
336.38604756511893
 10
306.8573046432616
 20
336.38604756511893
  0
LWPOLYLINE
  5
4F1
330
17
100
AcDbEntity
  8
OBJECT
370
18
100
AcDbPolyline
 90
2
 70
0
 10
310.12616081540205
 20
346.78695356738393
 10
316.0695356738392
 20
346.78695356738393
  0
LWPOLYLINE
  5
4F2
330
17
100
AcDbEntity
  8
OBJECT
370
18
100
AcDbPolyline
 90
2
 70
0
 10
311.16625141562855
 20
340.79603171007926
 10
312.12588968021083
 20
340.79603171007926
  0
LWPOLYLINE
  5
4F3
330
17
100
AcDbEntity
  8
OBJECT
370
18
100
AcDbPolyline
 90
2
 70
0
 10
310.9582332955832
 20
343.6963986409966
 10
311.2554020385051
 20
343.6963986409966
  0
LWPOLYLINE
  5
4F4
330
17
100
AcDbEntity
  8
OBJECT
370
18
100
AcDbPolyline
 90
2
 70
0
 10
310.9582332955832
 20
344.29073612684033
 10
311.2554020385051
 20
344.29073612684033
  0
LWPOLYLINE
  5
4F5
330
17
100
AcDbEntity
  8
OBJECT
370
18
100
AcDbPolyline
 90
2
 70
0
 10
297.4981486223189
 20
345.836013590034
 10
297.4981486223189
 20
345.94299433748586
  0
LWPOLYLINE
  5
4F6
330
17
100
AcDbEntity
  8
OBJECT
370
18
100
AcDbPolyline
 90
2
 70
0
 10
297.1101698754247
 20
345.94299433748586
 10
297.8186392711483
 20
345.94299433748586
  0
LWPOLYLINE
  5
4F7
330
17
100
AcDbEntity
  8
OBJECT
370
18
100
AcDbPolyline
 90
2
 70
0
 10
297.1101698754247
 20
346.1926160815402
 10
297.9422423556059
 20
346.1926160815402
  0
LWPOLYLINE
  5
4F8
330
17
100
AcDbEntity
  8
OBJECT
370
18
100
AcDbPolyline
 90
2
 70
0
 10
296.6049830124575
 20
346.78695356738393
 10
297.9422423556059
 20
346.78695356738393
  0
LWPOLYLINE
  5
4F9
330
17
100
AcDbEntity
  8
OBJECT
370
18
100
AcDbPolyline
 90
2
 70
0
 10
303.2912797281993
 20
347.28619705549266
 10
303.5884484711212
 20
347.28619705549266
  0
LWPOLYLINE
  5
4FA
330
17
100
AcDbEntity
  8
OBJECT
370
18
100
AcDbPolyline
 90
2
 70
0
 10
307.3554237019802
 20
347.38129105322764
 10
307.3554237019802
 20
347.535818799547
  0
LWPOLYLINE
  5
4FB
330
17
100
AcDbEntity
  8
OBJECT
370
18
100
AcDbPolyline
 90
2
 70
0
 10
309.1384361595114
 20
347.38129105322764
 10
309.1384361595114
 20
347.535818799547
  0
LWPOLYLINE
  5
4FC
330
17
100
AcDbEntity
  8
OBJECT
370
18
100
AcDbPolyline
 90
2
 70
0
 10
307.3554237019802
 20
347.535818799547
 10
309.1384361595114
 20
347.535818799547
  0
LWPOLYLINE
  5
4FD
330
17
100
AcDbEntity
  8
OBJECT
370
18
100
AcDbPolyline
 90
2
 70
0
 10
311.5492667275833
 20
347.19110305775763
 10
311.5492667275833
 20
347.78544054360134
  0
LWPOLYLINE
  5
4FE
330
17
100
AcDbEntity
  8
OBJECT
370
18
100
AcDbPolyline
 90
2
 70
0
 10
311.5492667275833
 20
347.19110305775763
 10
313.33227918511443
 20
347.19110305775763
  0
LWPOLYLINE
  5
4FF
330
17
100
AcDbEntity
  8
OBJECT
370
18
100
AcDbPolyline
 90
2
 70
0
 10
313.33227918511443
 20
347.19110305775763
 10
313.33227918511443
 20
347.78544054360134
  0
LWPOLYLINE
  5
500
330
17
100
AcDbEntity
  8
OBJECT
370
18
100
AcDbPolyline
 90
2
 70
0
 10
311.5492667275833
 20
347.78544054360134
 10
313.33227918511443
 20
347.78544054360134
  0
LWPOLYLINE
  5
501
330
17
100
AcDbEntity
  8
OBJECT
370
18
100
AcDbPolyline
 90
2
 70
0
 10
314.61294928201784
 20
347.440724801812
 10
314.61294928201784
 20
348.0350622876557
  0
LWPOLYLINE
  5
502
330
17
100
AcDbEntity
  8
OBJECT
370
18
100
AcDbPolyline
 90
2
 70
0
 10
314.61294928201784
 20
347.440724801812
 10
316.39596173954897
 20
347.440724801812
  0
LWPOLYLINE
  5
503
330
17
100
AcDbEntity
  8
OBJECT
370
18
100
AcDbPolyline
 90
2
 70
0
 10
316.39596173954897
 20
347.440724801812
 10
316.39596173954897
 20
348.0350622876557
  0
LWPOLYLINE
  5
504
330
17
100
AcDbEntity
  8
OBJECT
370
18
100
AcDbPolyline
 90
2
 70
0
 10
314.61294928201784
 20
348.0350622876557
 10
316.39596173954897
 20
348.0350622876557
  0
LWPOLYLINE
  5
505
330
17
100
AcDbEntity
  8
OBJECT
370
18
100
AcDbPolyline
 90
2
 70
0
 10
315.92634553576755
 20
348.0350622876557
 10
315.92634553576755
 20
348.28468403171007
  0
LWPOLYLINE
  5
506
330
17
100
AcDbEntity
  8
OBJECT
370
18
100
AcDbPolyline
 90
2
 70
0
 10
316.39596173954897
 20
347.69034654586636
 10
317.7093579932987
 20
347.69034654586636
  0
LWPOLYLINE
  5
507
330
17
100
AcDbEntity
  8
OBJECT
370
18
100
AcDbPolyline
 90
2
 70
0
 10
317.7093579932987
 20
347.69034654586636
 10
317.7093579932987
 20
348.28468403171007
  0
LWPOLYLINE
  5
508
330
17
100
AcDbEntity
  8
OBJECT
370
18
100
AcDbPolyline
 90
2
 70
0
 10
315.92634553576755
 20
348.28468403171007
 10
317.7093579932987
 20
348.28468403171007
  0
LWPOLYLINE
  5
509
330
17
100
AcDbEntity
  8
OBJECT
370
18
100
AcDbPolyline
 90
2
 70
0
 10
313.5028746513974
 20
340.24924122310307
 10
315.7613570976035
 20
340.24924122310307
  0
LWPOLYLINE
  5
50A
330
17
100
AcDbEntity
  8
OBJECT
370
18
100
AcDbPolyline
 90
2
 70
0
 10
315.7613570976035
 20
340.24924122310307
 10
315.7613570976035
 20
342.98319365798415
  0
LWPOLYLINE
  5
50B
330
17
100
AcDbEntity
  8
OBJECT
370
18
100
AcDbPolyline
 90
2
 70
0
 10
318.9817893544734
 20
342.0322536806342
 10
318.9817893544734
 20
343.9341336353341
  0
LWPOLYLINE
  5
50C
330
17
100
AcDbEntity
  8
OBJECT
370
18
100
AcDbPolyline
 90
2
 70
0
 10
318.9817893544734
 20
344.88507361268404
 10
318.9817893544734
 20
345.00394110985275
  0
LWPOLYLINE
  5
50D
330
17
100
AcDbEntity
  8
OBJECT
370
18
100
AcDbPolyline
 90
2
 70
0
 10
302.5483578708947
 20
340.7841449603624
 10
302.5483578708947
 20
340.8435787089468
  0
LWPOLYLINE
  5
50E
330
17
100
AcDbEntity
  8
OBJECT
370
18
100
AcDbPolyline
 90
2
 70
0
 10
311.16625141562855
 20
340.7841449603624
 10
311.16625141562855
 20
341.67565118912796
  0
LWPOLYLINE
  5
50F
330
17
100
AcDbEntity
  8
OBJECT
370
18
100
AcDbPolyline
 90
2
 70
0
 10
303.2912797281993
 20
341.67565118912796
 10
303.5884484711212
 20
341.67565118912796
  0
LWPOLYLINE
  5
510
330
17
100
AcDbEntity
  8
OBJECT
370
18
100
AcDbPolyline
 90
2
 70
0
 10
310.12616081540205
 20
341.67565118912796
 10
311.16625141562855
 20
341.67565118912796
  0
LWPOLYLINE
  5
511
330
17
100
AcDbEntity
  8
OBJECT
370
18
100
AcDbPolyline
 90
2
 70
0
 10
303.52901472253683
 20
341.67565118912796
 10
303.52901472253683
 20
342.95347678369194
  0
LWPOLYLINE
  5
512
330
17
100
AcDbEntity
  8
OBJECT
370
18
100
AcDbPolyline
 90
2
 70
0
 10
303.52901472253683
 20
341.67565118912796
 10
303.5884484711212
 20
341.67565118912796
  0
LWPOLYLINE
  5
513
330
17
100
AcDbEntity
  8
OBJECT
370
18
100
AcDbPolyline
 90
2
 70
0
 10
310.12616081540205
 20
341.67565118912796
 10
310.1855945639864
 20
341.67565118912796
  0
LWPOLYLINE
  5
514
330
17
100
AcDbEntity
  8
OBJECT
370
18
100
AcDbPolyline
 90
2
 70
0
 10
310.1855945639864
 20
341.67565118912796
 10
310.1855945639864
 20
344.17186862967156
  0
LWPOLYLINE
  5
515
330
17
100
AcDbEntity
  8
OBJECT
370
18
100
AcDbPolyline
 90
2
 70
0
 10
310.12616081540205
 20
344.17186862967156
 10
310.1855945639864
 20
344.17186862967156
  0
LWPOLYLINE
  5
516
330
17
100
AcDbEntity
  8
OBJECT
370
18
100
AcDbPolyline
 90
2
 70
0
 10
301.50826727066817
 20
339.7143374858437
 10
301.50826727066817
 20
340.7841449603624
  0
LWPOLYLINE
  5
517
330
17
100
AcDbEntity
  8
OBJECT
370
18
100
AcDbPolyline
 90
2
 70
0
 10
301.50826727066817
 20
339.7143374858437
 10
312.20634201585506
 20
339.7143374858437
  0
LWPOLYLINE
  5
518
330
17
100
AcDbEntity
  8
OBJECT
370
18
100
AcDbPolyline
 90
2
 70
0
 10
312.20634201585506
 20
339.7143374858437
 10
312.20634201585506
 20
340.7841449603624
  0
LWPOLYLINE
  5
519
330
17
100
AcDbEntity
  8
OBJECT
370
18
100
AcDbPolyline
 90
2
 70
0
 10
301.50826727066817
 20
340.7841449603624
 10
312.20634201585506
 20
340.7841449603624
  0
LWPOLYLINE
  5
51A
330
17
100
AcDbEntity
  8
OBJECT
370
18
100
AcDbPolyline
 90
2
 70
0
 10
303.5884484711212
 20
341.4379161947905
 10
303.5884484711212
 20
347.38129105322764
  0
LWPOLYLINE
  5
51B
330
17
100
AcDbEntity
  8
OBJECT
370
18
100
AcDbPolyline
 90
2
 70
0
 10
303.5884484711212
 20
341.4379161947905
 10
310.12616081540205
 20
341.4379161947905
  0
LWPOLYLINE
  5
51C
330
17
100
AcDbEntity
  8
OBJECT
370
18
100
AcDbPolyline
 90
2
 70
0
 10
310.12616081540205
 20
341.4379161947905
 10
310.12616081540205
 20
347.38129105322764
  0
LWPOLYLINE
  5
51D
330
17
100
AcDbEntity
  8
OBJECT
370
18
100
AcDbPolyline
 90
2
 70
0
 10
303.5884484711212
 20
347.38129105322764
 10
310.12616081540205
 20
347.38129105322764
  0
LWPOLYLINE
  5
51E
330
17
100
AcDbEntity
  8
OBJECT
370
18
100
AcDbPolyline
 90
2
 70
0
 10
297.1101698754247
 20
345.00394110985275
 10
297.1101698754247
 20
346.2520498301246
  0
LWPOLYLINE
  5
51F
330
17
100
AcDbEntity
  8
OBJECT
370
18
100
AcDbPolyline
 90
2
 70
0
 10
296.6049830124575
 20
346.2520498301246
 10
297.1101698754247
 20
346.2520498301246
  0
LWPOLYLINE
  5
520
330
17
100
AcDbEntity
  8
OBJECT
370
18
100
AcDbPolyline
 90
2
 70
0
 10
316.96104190260473
 20
344.40960362400904
 10
316.96104190260473
 20
345.836013590034
  0
LWPOLYLINE
  5
521
330
17
100
AcDbEntity
  8
OBJECT
370
18
100
AcDbPolyline
 90
2
 70
0
 10
316.96104190260473
 20
342.98319365798415
 10
316.96104190260473
 20
344.40960362400904
  0
LWPOLYLINE
  5
522
330
17
100
AcDbEntity
  8
OBJECT
370
18
100
AcDbPolyline
 90
2
 70
0
 10
320.8242355605889
 20
344.40960362400904
 10
320.8242355605889
 20
344.88507361268404
  0
LWPOLYLINE
  5
523
330
17
100
AcDbEntity
  8
OBJECT
370
18
100
AcDbPolyline
 90
2
 70
0
 10
320.8242355605889
 20
343.9341336353341
 10
320.8242355605889
 20
344.40960362400904
  0
LWPOLYLINE
  5
524
330
17
100
AcDbEntity
  8
OBJECT
370
18
100
AcDbPolyline
 90
2
 70
0
 10
311.2554020385051
 20
342.56715741789355
 10
311.2554020385051
 20
346.2520498301246
  0
LWPOLYLINE
  5
525
330
17
100
AcDbEntity
  8
OBJECT
370
18
100
AcDbPolyline
 90
2
 70
0
 10
311.2554020385051
 20
342.56715741789355
 10
311.9686070215175
 20
342.56715741789355
  0
LWPOLYLINE
  5
526
330
17
100
AcDbEntity
  8
OBJECT
370
18
100
AcDbPolyline
 90
2
 70
0
 10
311.9686070215175
 20
342.56715741789355
 10
311.9686070215175
 20
346.2520498301246
  0
LWPOLYLINE
  5
527
330
17
100
AcDbEntity
  8
OBJECT
370
18
100
AcDbPolyline
 90
2
 70
0
 10
311.2554020385051
 20
346.2520498301246
 10
311.9686070215175
 20
346.2520498301246
  0
LWPOLYLINE
  5
528
330
17
100
AcDbEntity
  8
OBJECT
370
18
100
AcDbPolyline
 90
2
 70
0
 10
287.83850509626274
 20
334.3058663646659
 10
287.83850509626274
 20
335.49454133635334
  0
LWPOLYLINE
  5
529
330
17
100
AcDbEntity
  8
OBJECT
370
18
100
AcDbPolyline
 90
2
 70
0
 10
287.83850509626274
 20
334.3058663646659
 10
302.1026047565119
 20
334.3058663646659
  0
LWPOLYLINE
  5
52A
330
17
100
AcDbEntity
  8
OBJECT
370
18
100
AcDbPolyline
 90
2
 70
0
 10
302.1026047565119
 20
334.3058663646659
 10
302.1026047565119
 20
335.49454133635334
  0
LWPOLYLINE
  5
52B
330
17
100
AcDbEntity
  8
OBJECT
370
18
100
AcDbPolyline
 90
2
 70
0
 10
287.83850509626274
 20
335.49454133635334
 10
302.1026047565119
 20
335.49454133635334
  0
LWPOLYLINE
  5
52C
330
17
100
AcDbEntity
  8
OBJECT
370
18
100
AcDbPolyline
 90
2
 70
0
 10
291.1667950169875
 20
336.2077463193658
 10
291.1667950169875
 20
337.75302378255947
  0
LWPOLYLINE
  5
52D
330
17
100
AcDbEntity
  8
OBJECT
370
18
100
AcDbPolyline
 90
2
 70
0
 10
291.1667950169875
 20
336.2077463193658
 10
292.23660249150623
 20
336.2077463193658
  0
LWPOLYLINE
  5
52E
330
17
100
AcDbEntity
  8
OBJECT
370
18
100
AcDbPolyline
 90
2
 70
0
 10
292.23660249150623
 20
336.2077463193658
 10
292.23660249150623
 20
337.75302378255947
  0
LWPOLYLINE
  5
52F
330
17
100
AcDbEntity
  8
OBJECT
370
18
100
AcDbPolyline
 90
2
 70
0
 10
291.1667950169875
 20
337.75302378255947
 10
292.23660249150623
 20
337.75302378255947
  0
LWPOLYLINE
  5
530
330
17
100
AcDbEntity
  8
OBJECT
370
18
100
AcDbPolyline
 90
2
 70
0
 10
297.7045073612684
 20
336.2077463193658
 10
297.7045073612684
 20
337.75302378255947
  0
LWPOLYLINE
  5
531
330
17
100
AcDbEntity
  8
OBJECT
370
18
100
AcDbPolyline
 90
2
 70
0
 10
297.7045073612684
 20
336.2077463193658
 10
298.7743148357871
 20
336.2077463193658
  0
LWPOLYLINE
  5
532
330
17
100
AcDbEntity
  8
OBJECT
370
18
100
AcDbPolyline
 90
2
 70
0
 10
298.7743148357871
 20
336.2077463193658
 10
298.7743148357871
 20
337.75302378255947
  0
LWPOLYLINE
  5
533
330
17
100
AcDbEntity
  8
OBJECT
370
18
100
AcDbPolyline
 90
2
 70
0
 10
297.7045073612684
 20
337.75302378255947
 10
298.7743148357871
 20
337.75302378255947
  0
LWPOLYLINE
  5
534
330
17
100
AcDbEntity
  8
OBJECT
370
18
100
AcDbPolyline
 90
2
 70
0
 10
290.2158550396376
 20
338.40679501698753
 10
290.2158550396376
 20
339.7143374858437
  0
LWPOLYLINE
  5
535
330
17
100
AcDbEntity
  8
OBJECT
370
18
100
AcDbPolyline
 90
2
 70
0
 10
290.2158550396376
 20
338.40679501698753
 10
299.72525481313704
 20
338.40679501698753
  0
LWPOLYLINE
  5
536
330
17
100
AcDbEntity
  8
OBJECT
370
18
100
AcDbPolyline
 90
2
 70
0
 10
299.72525481313704
 20
338.40679501698753
 10
299.72525481313704
 20
339.7143374858437
  0
LWPOLYLINE
  5
537
330
17
100
AcDbEntity
  8
OBJECT
370
18
100
AcDbPolyline
 90
2
 70
0
 10
290.2158550396376
 20
339.7143374858437
 10
299.72525481313704
 20
339.7143374858437
  0
LWPOLYLINE
  5
538
330
17
100
AcDbEntity
  8
OBJECT
370
18
100
AcDbPolyline
 90
2
 70
0
 10
292.7715062287656
 20
340.4275424688562
 10
292.7715062287656
 20
340.9624462061155
  0
LWPOLYLINE
  5
539
330
17
100
AcDbEntity
  8
OBJECT
370
18
100
AcDbPolyline
 90
2
 70
0
 10
292.7715062287656
 20
341.91338618346543
 10
292.7715062287656
 20
342.4482899207248
  0
LWPOLYLINE
  5
53A
330
17
100
AcDbEntity
  8
OBJECT
370
18
100
AcDbPolyline
 90
2
 70
0
 10
292.7715062287656
 20
340.4275424688562
 10
294.1979161947905
 20
340.4275424688562
  0
LWPOLYLINE
  5
53B
330
17
100
AcDbEntity
  8
OBJECT
370
18
100
AcDbPolyline
 90
2
 70
0
 10
294.1979161947905
 20
340.4275424688562
 10
294.1979161947905
 20
340.9624462061155
  0
LWPOLYLINE
  5
53C
330
17
100
AcDbEntity
  8
OBJECT
370
18
100
AcDbPolyline
 90
2
 70
0
 10
294.1979161947905
 20
341.91338618346543
 10
294.1979161947905
 20
342.0322536806342
  0
LWPOLYLINE
  5
53D
330
17
100
AcDbEntity
  8
OBJECT
370
18
100
AcDbPolyline
 90
2
 70
0
 10
292.7715062287656
 20
342.4482899207248
 10
293.3361268403171
 20
342.4482899207248
  0
LWPOLYLINE
  5
53E
330
17
100
AcDbEntity
  8
OBJECT
370
18
100
AcDbPolyline
 90
2
 70
0
 10
295.74319365798414
 20
340.4275424688562
 10
295.74319365798414
 20
342.0322536806342
  0
LWPOLYLINE
  5
53F
330
17
100
AcDbEntity
  8
OBJECT
370
18
100
AcDbPolyline
 90
2
 70
0
 10
295.74319365798414
 20
340.4275424688562
 10
297.1696036240091
 20
340.4275424688562
  0
LWPOLYLINE
  5
540
330
17
100
AcDbEntity
  8
OBJECT
370
18
100
AcDbPolyline
 90
2
 70
0
 10
297.1696036240091
 20
340.4275424688562
 10
297.1696036240091
 20
342.4482899207248
  0
LWPOLYLINE
  5
541
330
17
100
AcDbEntity
  8
OBJECT
370
18
100
AcDbPolyline
 90
2
 70
0
 10
296.6049830124575
 20
342.4482899207248
 10
297.1696036240091
 20
342.4482899207248
  0
LWPOLYLINE
  5
542
330
17
100
AcDbEntity
  8
OBJECT
370
18
100
AcDbPolyline
 90
2
 70
0
 10
291.7016987542469
 20
339.7143374858437
 10
291.7016987542469
 20
340.8435787089468
  0
LWPOLYLINE
  5
543
330
17
100
AcDbEntity
  8
OBJECT
370
18
100
AcDbPolyline
 90
2
 70
0
 10
298.23941109852774
 20
339.7143374858437
 10
298.23941109852774
 20
340.8435787089468
  0
LWPOLYLINE
  5
544
330
17
100
AcDbEntity
  8
OBJECT
370
18
100
AcDbPolyline
 90
2
 70
0
 10
291.99886749716876
 20
345.00394110985275
 10
293.3361268403171
 20
345.00394110985275
  0
LWPOLYLINE
  5
545
330
17
100
AcDbEntity
  8
OBJECT
370
18
100
AcDbPolyline
 90
2
 70
0
 10
296.6049830124575
 20
345.00394110985275
 10
297.9422423556059
 20
345.00394110985275
  0
LWPOLYLINE
  5
546
330
17
100
AcDbEntity
  8
OBJECT
370
18
100
AcDbPolyline
 90
7
 70
0
 10
294.9705549263873
 20
337.6341562853907
 10
295.22935665217597
 20
337.65783068905756
 10
295.4795676127962
 20
337.72806804269266
 10
295.71288220828075
 20
337.84253686025465
 10
295.9215557031798
 20
337.9974374192813
 10
296.0986613083228
 20
338.1876278903547
 10
296.23832011135244
 20
338.40679501698753
  0
LWPOLYLINE
  5
547
330
17
100
AcDbEntity
  8
OBJECT
370
18
100
AcDbPolyline
 90
7
 70
0
 10
293.70278974142224
 20
338.40679501698753
 10
293.8424485444519
 20
338.1876278903547
 10
294.0195541495948
 20
337.9974374192813
 10
294.22822764449387
 20
337.84253686025465
 10
294.4615422399784
 20
337.72806804269266
 10
294.71175320059865
 20
337.65783068905756
 10
294.9705549263873
 20
337.6341562853907
  0
LWPOLYLINE
  5
548
330
17
100
AcDbEntity
  8
OBJECT
370
18
100
AcDbPolyline
 90
2
 70
0
 10
293.1281087202718
 20
337.2181200453001
 10
293.1281087202718
 20
338.40679501698753
  0
LWPOLYLINE
  5
549
330
17
100
AcDbEntity
  8
OBJECT
370
18
100
AcDbPolyline
 90
2
 70
0
 10
293.1281087202718
 20
337.2181200453001
 10
296.81300113250285
 20
337.2181200453001
  0
LWPOLYLINE
  5
54A
330
17
100
AcDbEntity
  8
OBJECT
370
18
100
AcDbPolyline
 90
2
 70
0
 10
296.81300113250285
 20
337.2181200453001
 10
296.81300113250285
 20
338.40679501698753
  0
LWPOLYLINE
  5
54B
330
17
100
AcDbEntity
  8
OBJECT
370
18
100
AcDbPolyline
 90
2
 70
0
 10
289.32434881087204
 20
341.4379161947905
 10
289.32434881087204
 20
342.8643261608154
  0
LWPOLYLINE
  5
54C
330
17
100
AcDbEntity
  8
OBJECT
370
18
100
AcDbPolyline
 90
2
 70
0
 10
289.32434881087204
 20
340.0115062287656
 10
289.32434881087204
 20
341.4379161947905
  0
LWPOLYLINE
  5
54D
330
17
100
AcDbEntity
  8
OBJECT
370
18
100
AcDbPolyline
 90
2
 70
0
 10
294.3762174405436
 20
341.4379161947905
 10
294.3762174405436
 20
341.91338618346543
  0
LWPOLYLINE
  5
54E
330
17
100
AcDbEntity
  8
OBJECT
370
18
100
AcDbPolyline
 90
2
 70
0
 10
294.3762174405436
 20
340.9624462061155
 10
294.3762174405436
 20
341.4379161947905
  0
LWPOLYLINE
  5
54F
330
17
100
AcDbEntity
  8
OBJECT
370
18
100
AcDbPolyline
 90
2
 70
0
 10
283.61870894677236
 20
339.59546998867495
 10
283.61870894677236
 20
343.28036240090603
  0
LWPOLYLINE
  5
550
330
17
100
AcDbEntity
  8
OBJECT
370
18
100
AcDbPolyline
 90
2
 70
0
 10
283.61870894677236
 20
339.59546998867495
 10
284.33191392978483
 20
339.59546998867495
  0
LWPOLYLINE
  5
551
330
17
100
AcDbEntity
  8
OBJECT
370
18
100
AcDbPolyline
 90
2
 70
0
 10
284.33191392978483
 20
339.59546998867495
 10
284.33191392978483
 20
343.28036240090603
  0
LWPOLYLINE
  5
552
330
17
100
AcDbEntity
  8
OBJECT
370
18
100
AcDbPolyline
 90
2
 70
0
 10
283.61870894677236
 20
343.28036240090603
 10
284.33191392978483
 20
343.28036240090603
  0
LWPOLYLINE
  5
553
330
17
100
AcDbEntity
  8
OBJECT
370
18
100
AcDbPolyline
 90
2
 70
0
 10
286.6498301245753
 20
342.8643261608154
 10
286.6498301245753
 20
356.29635334088334
  0
LWPOLYLINE
  5
554
330
17
100
AcDbEntity
  8
OBJECT
370
18
100
AcDbPolyline
 90
2
 70
0
 10
289.32434881087204
 20
340.8435787089468
 10
291.99886749716876
 20
340.8435787089468
  0
LWPOLYLINE
  5
555
330
17
100
AcDbEntity
  8
OBJECT
370
18
100
AcDbPolyline
 90
2
 70
0
 10
291.99886749716876
 20
340.8435787089468
 10
291.99886749716876
 20
340.9624462061155
  0
LWPOLYLINE
  5
556
330
17
100
AcDbEntity
  8
OBJECT
370
18
100
AcDbPolyline
 90
2
 70
0
 10
291.99886749716876
 20
341.91338618346543
 10
291.99886749716876
 20
352.5817440543601
  0
LWPOLYLINE
  5
557
330
17
100
AcDbEntity
  8
OBJECT
370
18
100
AcDbPolyline
 90
2
 70
0
 10
291.99886749716876
 20
353.4732502831257
 10
291.99886749716876
 20
356.29635334088334
  0
LWPOLYLINE
  5
558
330
17
100
AcDbEntity
  8
OBJECT
370
18
100
AcDbPolyline
 90
2
 70
0
 10
286.6498301245753
 20
356.29635334088334
 10
288.0762400906002
 20
356.29635334088334
  0
LWPOLYLINE
  5
559
330
17
100
AcDbEntity
  8
OBJECT
370
18
100
AcDbPolyline
 90
2
 70
0
 10
290.5724575311438
 20
356.29635334088334
 10
291.99886749716876
 20
356.29635334088334
  0
LWPOLYLINE
  5
55A
330
17
100
AcDbEntity
  8
OBJECT
370
18
100
AcDbPolyline
 90
2
 70
0
 10
297.9422423556059
 20
340.8435787089468
 10
297.9422423556059
 20
352.5817440543601
  0
LWPOLYLINE
  5
55B
330
17
100
AcDbEntity
  8
OBJECT
370
18
100
AcDbPolyline
 90
2
 70
0
 10
297.9422423556059
 20
353.4732502831257
 10
297.9422423556059
 20
356.29635334088334
  0
LWPOLYLINE
  5
55C
330
17
100
AcDbEntity
  8
OBJECT
370
18
100
AcDbPolyline
 90
2
 70
0
 10
297.9422423556059
 20
340.8435787089468
 10
301.21109852774634
 20
340.8435787089468
  0
LWPOLYLINE
  5
55D
330
17
100
AcDbEntity
  8
OBJECT
370
18
100
AcDbPolyline
 90
2
 70
0
 10
301.80543601359005
 20
340.8435787089468
 10
303.2912797281993
 20
340.8435787089468
  0
LWPOLYLINE
  5
55E
330
17
100
AcDbEntity
  8
OBJECT
370
18
100
AcDbPolyline
 90
2
 70
0
 10
303.2912797281993
 20
340.8435787089468
 10
303.2912797281993
 20
356.29635334088334
  0
LWPOLYLINE
  5
55F
330
17
100
AcDbEntity
  8
OBJECT
370
18
100
AcDbPolyline
 90
2
 70
0
 10
297.9422423556059
 20
356.29635334088334
 10
299.3686523216308
 20
356.29635334088334
  0
LWPOLYLINE
  5
560
330
17
100
AcDbEntity
  8
OBJECT
370
18
100
AcDbPolyline
 90
2
 70
0
 10
301.8648697621744
 20
356.29635334088334
 10
303.2912797281993
 20
356.29635334088334
  0
LWPOLYLINE
  5
561
330
17
100
AcDbEntity
  8
OBJECT
370
18
100
AcDbPolyline
 90
2
 70
0
 10
288.0762400906002
 20
354.959093997735
 10
288.0762400906002
 20
358.22795016987544
  0
LWPOLYLINE
  5
562
330
17
100
AcDbEntity
  8
OBJECT
370
18
100
AcDbPolyline
 90
2
 70
0
 10
288.0762400906002
 20
354.959093997735
 10
288.1356738391846
 20
354.959093997735
  0
LWPOLYLINE
  5
563
330
17
100
AcDbEntity
  8
OBJECT
370
18
100
AcDbPolyline
 90
2
 70
0
 10
288.73001132502833
 20
354.959093997735
 10
290.5724575311438
 20
354.959093997735
  0
LWPOLYLINE
  5
564
330
17
100
AcDbEntity
  8
OBJECT
370
18
100
AcDbPolyline
 90
2
 70
0
 10
290.5724575311438
 20
354.959093997735
 10
290.5724575311438
 20
358.22795016987544
  0
LWPOLYLINE
  5
565
330
17
100
AcDbEntity
  8
OBJECT
370
18
100
AcDbPolyline
 90
2
 70
0
 10
288.0762400906002
 20
358.22795016987544
 10
288.1356738391846
 20
358.22795016987544
  0
LWPOLYLINE
  5
566
330
17
100
AcDbEntity
  8
OBJECT
370
18
100
AcDbPolyline
 90
2
 70
0
 10
288.73001132502833
 20
358.22795016987544
 10
290.5724575311438
 20
358.22795016987544
  0
LWPOLYLINE
  5
567
330
17
100
AcDbEntity
  8
OBJECT
370
18
100
AcDbPolyline
 90
2
 70
0
 10
299.3686523216308
 20
354.959093997735
 10
299.3686523216308
 20
358.22795016987544
  0
LWPOLYLINE
  5
568
330
17
100
AcDbEntity
  8
OBJECT
370
18
100
AcDbPolyline
 90
2
 70
0
 10
299.3686523216308
 20
354.959093997735
 10
301.21109852774634
 20
354.959093997735
  0
LWPOLYLINE
  5
569
330
17
100
AcDbEntity
  8
OBJECT
370
18
100
AcDbPolyline
 90
2
 70
0
 10
301.80543601359005
 20
354.959093997735
 10
301.8648697621744
 20
354.959093997735
  0
LWPOLYLINE
  5
56A
330
17
100
AcDbEntity
  8
OBJECT
370
18
100
AcDbPolyline
 90
2
 70
0
 10
301.8648697621744
 20
354.959093997735
 10
301.8648697621744
 20
358.22795016987544
  0
LWPOLYLINE
  5
56B
330
17
100
AcDbEntity
  8
OBJECT
370
18
100
AcDbPolyline
 90
2
 70
0
 10
299.3686523216308
 20
358.22795016987544
 10
301.21109852774634
 20
358.22795016987544
  0
LWPOLYLINE
  5
56C
330
17
100
AcDbEntity
  8
OBJECT
370
18
100
AcDbPolyline
 90
2
 70
0
 10
301.80543601359005
 20
358.22795016987544
 10
301.8648697621744
 20
358.22795016987544
  0
LWPOLYLINE
  5
56D
330
17
100
AcDbEntity
  8
OBJECT
370
18
100
AcDbPolyline
 90
2
 70
0
 10
293.3361268403171
 20
342.0322536806342
 10
293.3361268403171
 20
361.7939750849377
  0
LWPOLYLINE
  5
56E
330
17
100
AcDbEntity
  8
OBJECT
370
18
100
AcDbPolyline
 90
2
 70
0
 10
293.3361268403171
 20
342.0322536806342
 10
296.6049830124575
 20
342.0322536806342
  0
LWPOLYLINE
  5
56F
330
17
100
AcDbEntity
  8
OBJECT
370
18
100
AcDbPolyline
 90
2
 70
0
 10
296.6049830124575
 20
342.0322536806342
 10
296.6049830124575
 20
361.7939750849377
  0
LWPOLYLINE
  5
570
330
17
100
AcDbEntity
  8
OBJECT
370
18
100
AcDbPolyline
 90
2
 70
0
 10
293.3361268403171
 20
361.7939750849377
 10
293.3361268403171
 20
365.06283125707813
  0
LWPOLYLINE
  5
571
330
17
100
AcDbEntity
  8
OBJECT
370
18
100
AcDbPolyline
 90
2
 70
0
 10
293.3361268403171
 20
361.7939750849377
 10
296.6049830124575
 20
361.7939750849377
  0
LWPOLYLINE
  5
572
330
17
100
AcDbEntity
  8
OBJECT
370
18
100
AcDbPolyline
 90
2
 70
0
 10
296.6049830124575
 20
361.7939750849377
 10
296.6049830124575
 20
365.06283125707813
  0
LWPOLYLINE
  5
573
330
17
100
AcDbEntity
  8
OBJECT
370
18
100
AcDbPolyline
 90
2
 70
0
 10
293.3361268403171
 20
365.06283125707813
 10
296.6049830124575
 20
365.06283125707813
  0
LWPOLYLINE
  5
574
330
17
100
AcDbEntity
  8
OBJECT
370
18
100
AcDbPolyline
 90
2
 70
0
 10
293.00924122310306
 20
358.317100792752
 10
293.00924122310306
 20
362.001993204983
  0
LWPOLYLINE
  5
575
330
17
100
AcDbEntity
  8
OBJECT
370
18
100
AcDbPolyline
 90
2
 70
0
 10
293.00924122310306
 20
358.317100792752
 10
293.3361268403171
 20
358.317100792752
  0
LWPOLYLINE
  5
576
330
17
100
AcDbEntity
  8
OBJECT
370
18
100
AcDbPolyline
 90
2
 70
0
 10
296.6049830124575
 20
358.317100792752
 10
296.93186862967156
 20
358.317100792752
  0
LWPOLYLINE
  5
577
330
17
100
AcDbEntity
  8
OBJECT
370
18
100
AcDbPolyline
 90
2
 70
0
 10
296.93186862967156
 20
358.317100792752
 10
296.93186862967156
 20
362.001993204983
  0
LWPOLYLINE
  5
578
330
17
100
AcDbEntity
  8
OBJECT
370
18
100
AcDbPolyline
 90
2
 70
0
 10
293.00924122310306
 20
362.001993204983
 10
293.3361268403171
 20
362.001993204983
  0
LWPOLYLINE
  5
579
330
17
100
AcDbEntity
  8
OBJECT
370
18
100
AcDbPolyline
 90
2
 70
0
 10
296.6049830124575
 20
362.001993204983
 10
296.93186862967156
 20
362.001993204983
  0
LWPOLYLINE
  5
57A
330
17
100
AcDbEntity
  8
OBJECT
370
18
100
AcDbPolyline
 90
2
 70
0
 10
296.6049830124575
 20
353.7407021517554
 10
296.75356738391844
 20
353.7407021517554
  0
LWPOLYLINE
  5
57B
330
17
100
AcDbEntity
  8
OBJECT
370
18
100
AcDbPolyline
 90
2
 70
0
 10
293.1875424688562
 20
353.7407021517554
 10
293.3361268403171
 20
353.7407021517554
  0
LWPOLYLINE
  5
57C
330
17
100
AcDbEntity
  8
OBJECT
370
18
100
AcDbPolyline
 90
2
 70
0
 10
289.62151755379386
 20
352.5817440543601
 10
289.62151755379386
 20
353.4732502831257
  0
LWPOLYLINE
  5
57D
330
17
100
AcDbEntity
  8
OBJECT
370
18
100
AcDbPolyline
 90
2
 70
0
 10
289.62151755379386
 20
352.5817440543601
 10
293.3361268403171
 20
352.5817440543601
  0
LWPOLYLINE
  5
57E
330
17
100
AcDbEntity
  8
OBJECT
370
18
100
AcDbPolyline
 90
2
 70
0
 10
296.6049830124575
 20
352.5817440543601
 10
300.31959229898075
 20
352.5817440543601
  0
LWPOLYLINE
  5
57F
330
17
100
AcDbEntity
  8
OBJECT
370
18
100
AcDbPolyline
 90
2
 70
0
 10
300.31959229898075
 20
352.5817440543601
 10
300.31959229898075
 20
353.4732502831257
  0
LWPOLYLINE
  5
580
330
17
100
AcDbEntity
  8
OBJECT
370
18
100
AcDbPolyline
 90
2
 70
0
 10
289.62151755379386
 20
353.4732502831257
 10
293.3361268403171
 20
353.4732502831257
  0
LWPOLYLINE
  5
581
330
17
100
AcDbEntity
  8
OBJECT
370
18
100
AcDbPolyline
 90
2
 70
0
 10
296.6049830124575
 20
353.4732502831257
 10
300.31959229898075
 20
353.4732502831257
  0
LWPOLYLINE
  5
582
330
17
100
AcDbEntity
  8
OBJECT
370
18
100
AcDbPolyline
 90
2
 70
0
 10
288.1356738391846
 20
340.8435787089468
 10
288.1356738391846
 20
362.2397281993205
  0
LWPOLYLINE
  5
583
330
17
100
AcDbEntity
  8
OBJECT
370
18
100
AcDbPolyline
 90
2
 70
0
 10
288.1356738391846
 20
340.8435787089468
 10
288.73001132502833
 20
340.8435787089468
  0
LWPOLYLINE
  5
584
330
17
100
AcDbEntity
  8
OBJECT
370
18
100
AcDbPolyline
 90
2
 70
0
 10
288.73001132502833
 20
340.8435787089468
 10
288.73001132502833
 20
362.2397281993205
  0
LWPOLYLINE
  5
585
330
17
100
AcDbEntity
  8
OBJECT
370
18
100
AcDbPolyline
 90
2
 70
0
 10
288.1356738391846
 20
362.2397281993205
 10
288.73001132502833
 20
362.2397281993205
  0
LWPOLYLINE
  5
586
330
17
100
AcDbEntity
  8
OBJECT
370
18
100
AcDbPolyline
 90
2
 70
0
 10
301.21109852774634
 20
340.8435787089468
 10
301.21109852774634
 20
362.2397281993205
  0
LWPOLYLINE
  5
587
330
17
100
AcDbEntity
  8
OBJECT
370
18
100
AcDbPolyline
 90
2
 70
0
 10
301.21109852774634
 20
340.8435787089468
 10
301.80543601359005
 20
340.8435787089468
  0
LWPOLYLINE
  5
588
330
17
100
AcDbEntity
  8
OBJECT
370
18
100
AcDbPolyline
 90
2
 70
0
 10
301.80543601359005
 20
340.8435787089468
 10
301.80543601359005
 20
362.2397281993205
  0
LWPOLYLINE
  5
589
330
17
100
AcDbEntity
  8
OBJECT
370
18
100
AcDbPolyline
 90
2
 70
0
 10
301.21109852774634
 20
362.2397281993205
 10
301.80543601359005
 20
362.2397281993205
  0
LWPOLYLINE
  5
58A
330
17
100
AcDbEntity
  8
OBJECT
370
18
100
AcDbPolyline
 90
2
 70
0
 10
303.2912797281993
 20
345.47941109852775
 10
303.5884484711212
 20
345.47941109852775
  0
LWPOLYLINE
  5
58B
330
17
100
AcDbEntity
  8
OBJECT
370
18
100
AcDbPolyline
 90
2
 70
0
 10
303.2912797281993
 20
346.90582106455264
 10
303.5884484711212
 20
346.90582106455264
  0
LWPOLYLINE
  5
58C
330
17
100
AcDbEntity
  8
OBJECT
370
18
100
AcDbPolyline
 90
2
 70
0
 10
303.2912797281993
 20
342.95347678369194
 10
303.5884484711212
 20
342.95347678369194
  0
LWPOLYLINE
  5
58D
330
17
100
AcDbEntity
  8
OBJECT
370
18
100
AcDbPolyline
 90
2
 70
0
 10
316.96104190260473
 20
333.7115288788222
 10
316.96104190260473
 20
335.49454133635334
  0
LWPOLYLINE
  5
58E
330
17
100
AcDbEntity
  8
OBJECT
370
18
100
AcDbPolyline
 90
2
 70
0
 10
316.96104190260473
 20
336.68321630804076
 10
316.96104190260473
 20
342.0322536806342
  0
LWPOLYLINE
  5
58F
330
17
100
AcDbEntity
  8
OBJECT
370
18
100
AcDbPolyline
 90
2
 70
0
 10
316.96104190260473
 20
333.7115288788222
 10
321.71574178935447
 20
333.7115288788222
  0
LWPOLYLINE
  5
590
330
17
100
AcDbEntity
  8
OBJECT
370
18
100
AcDbPolyline
 90
2
 70
0
 10
321.71574178935447
 20
333.7115288788222
 10
321.71574178935447
 20
335.49454133635334
  0
LWPOLYLINE
  5
591
330
17
100
AcDbEntity
  8
OBJECT
370
18
100
AcDbPolyline
 90
2
 70
0
 10
321.71574178935447
 20
336.68321630804076
 10
321.71574178935447
 20
342.0322536806342
  0
LWPOLYLINE
  5
592
330
17
100
AcDbEntity
  8
OBJECT
370
18
100
AcDbPolyline
 90
2
 70
0
 10
316.96104190260473
 20
342.0322536806342
 10
321.71574178935447
 20
342.0322536806342
  0
LWPOLYLINE
  5
593
330
17
100
AcDbEntity
  8
OBJECT
370
18
100
AcDbPolyline
 90
2
 70
0
 10
316.30727066817667
 20
334.60303510758774
 10
316.30727066817667
 20
335.49454133635334
  0
LWPOLYLINE
  5
594
330
17
100
AcDbEntity
  8
OBJECT
370
18
100
AcDbPolyline
 90
2
 70
0
 10
316.30727066817667
 20
336.68321630804076
 10
316.30727066817667
 20
341.1407474518686
  0
LWPOLYLINE
  5
595
330
17
100
AcDbEntity
  8
OBJECT
370
18
100
AcDbPolyline
 90
2
 70
0
 10
316.30727066817667
 20
334.60303510758774
 10
316.96104190260473
 20
334.60303510758774
  0
LWPOLYLINE
  5
596
330
17
100
AcDbEntity
  8
OBJECT
370
18
100
AcDbPolyline
 90
2
 70
0
 10
316.30727066817667
 20
341.1407474518686
 10
316.96104190260473
 20
341.1407474518686
  0
LWPOLYLINE
  5
597
330
17
100
AcDbEntity
  8
OBJECT
370
18
100
AcDbPolyline
 90
2
 70
0
 10
289.1460475651189
 20
335.7917100792752
 10
289.1460475651189
 20
336.38604756511893
  0
LWPOLYLINE
  5
598
330
17
100
AcDbEntity
  8
OBJECT
370
18
100
AcDbPolyline
 90
2
 70
0
 10
289.1460475651189
 20
335.7917100792752
 10
290.6913250283126
 20
335.7917100792752
  0
LWPOLYLINE
  5
599
330
17
100
AcDbEntity
  8
OBJECT
370
18
100
AcDbPolyline
 90
2
 70
0
 10
290.6913250283126
 20
335.7917100792752
 10
290.6913250283126
 20
336.38604756511893
  0
LWPOLYLINE
  5
59A
330
17
100
AcDbEntity
  8
OBJECT
370
18
100
AcDbPolyline
 90
2
 70
0
 10
289.1460475651189
 20
336.38604756511893
 10
290.6913250283126
 20
336.38604756511893
  0
LWPOLYLINE
  5
59B
330
17
100
AcDbEntity
  8
OBJECT
370
18
100
AcDbPolyline
 90
2
 70
0
 10
310.12616081540205
 20
335.49454133635334
 10
310.12616081540205
 20
336.68321630804076
  0
LWPOLYLINE
  5
59C
330
17
100
AcDbEntity
  8
OBJECT
370
18
100
AcDbPolyline
 90
2
 70
0
 10
310.12616081540205
 20
335.49454133635334
 10
319.04122310305775
 20
335.49454133635334
  0
LWPOLYLINE
  5
59D
330
17
100
AcDbEntity
  8
OBJECT
370
18
100
AcDbPolyline
 90
2
 70
0
 10
319.04122310305775
 20
335.49454133635334
 10
319.04122310305775
 20
336.68321630804076
  0
LWPOLYLINE
  5
59E
330
17
100
AcDbEntity
  8
OBJECT
370
18
100
AcDbPolyline
 90
2
 70
0
 10
310.12616081540205
 20
336.68321630804076
 10
319.04122310305775
 20
336.68321630804076
  0
LWPOLYLINE
  5
59F
330
17
100
AcDbEntity
  8
OBJECT
370
18
100
AcDbPolyline
 90
2
 70
0
 10
319.93272933182334
 20
335.49454133635334
 10
319.93272933182334
 20
336.68321630804076
  0
LWPOLYLINE
  5
5A0
330
17
100
AcDbEntity
  8
OBJECT
370
18
100
AcDbPolyline
 90
2
 70
0
 10
319.93272933182334
 20
335.49454133635334
 10
328.84779161947904
 20
335.49454133635334
  0
LWPOLYLINE
  5
5A1
330
17
100
AcDbEntity
  8
OBJECT
370
18
100
AcDbPolyline
 90
2
 70
0
 10
328.84779161947904
 20
335.49454133635334
 10
328.84779161947904
 20
336.68321630804076
  0
LWPOLYLINE
  5
5A2
330
17
100
AcDbEntity
  8
OBJECT
370
18
100
AcDbPolyline
 90
2
 70
0
 10
319.93272933182334
 20
336.68321630804076
 10
328.84779161947904
 20
336.68321630804076
  0
LWPOLYLINE
  5
5A3
330
17
100
AcDbEntity
  8
OBJECT
370
18
100
AcDbPolyline
 90
2
 70
0
 10
308.3431483578709
 20
324.79646659116645
 10
308.3431483578709
 20
326.57947904869764
  0
LWPOLYLINE
  5
5A4
330
17
100
AcDbEntity
  8
OBJECT
370
18
100
AcDbPolyline
 90
2
 70
0
 10
308.3431483578709
 20
329.7294677236693
 10
308.3431483578709
 20
333.1171913929785
  0
LWPOLYLINE
  5
5A5
330
17
100
AcDbEntity
  8
OBJECT
370
18
100
AcDbPolyline
 90
2
 70
0
 10
308.3431483578709
 20
324.79646659116645
 10
320.8242355605889
 20
324.79646659116645
  0
LWPOLYLINE
  5
5A6
330
17
100
AcDbEntity
  8
OBJECT
370
18
100
AcDbPolyline
 90
2
 70
0
 10
320.8242355605889
 20
324.79646659116645
 10
320.8242355605889
 20
326.57947904869764
  0
LWPOLYLINE
  5
5A7
330
17
100
AcDbEntity
  8
OBJECT
370
18
100
AcDbPolyline
 90
2
 70
0
 10
320.8242355605889
 20
329.7294677236693
 10
320.8242355605889
 20
333.1171913929785
  0
LWPOLYLINE
  5
5A8
330
17
100
AcDbEntity
  8
OBJECT
370
18
100
AcDbPolyline
 90
2
 70
0
 10
308.3431483578709
 20
333.1171913929785
 10
320.8242355605889
 20
333.1171913929785
  0
LWPOLYLINE
  5
5A9
330
17
100
AcDbEntity
  8
OBJECT
370
18
100
AcDbPolyline
 90
2
 70
0
 10
318.1497168742922
 20
324.79646659116645
 10
318.1497168742922
 20
326.57947904869764
  0
LWPOLYLINE
  5
5AA
330
17
100
AcDbEntity
  8
OBJECT
370
18
100
AcDbPolyline
 90
2
 70
0
 10
318.1497168742922
 20
329.7294677236693
 10
318.1497168742922
 20
333.1171913929785
  0
LWPOLYLINE
  5
5AB
330
17
100
AcDbEntity
  8
OBJECT
370
18
100
AcDbPolyline
 90
2
 70
0
 10
318.1497168742922
 20
324.79646659116645
 10
324.687429218573
 20
324.79646659116645
  0
LWPOLYLINE
  5
5AC
330
17
100
AcDbEntity
  8
OBJECT
370
18
100
AcDbPolyline
 90
2
 70
0
 10
327.0647791619479
 20
324.79646659116645
 10
330.63080407701017
 20
324.79646659116645
  0
LWPOLYLINE
  5
5AD
330
17
100
AcDbEntity
  8
OBJECT
370
18
100
AcDbPolyline
 90
2
 70
0
 10
330.63080407701017
 20
324.79646659116645
 10
330.63080407701017
 20
333.1171913929785
  0
LWPOLYLINE
  5
5AE
330
17
100
AcDbEntity
  8
OBJECT
370
18
100
AcDbPolyline
 90
2
 70
0
 10
318.1497168742922
 20
333.1171913929785
 10
330.63080407701017
 20
333.1171913929785
  0
LWPOLYLINE
  5
5AF
330
17
100
AcDbEntity
  8
OBJECT
370
18
100
AcDbPolyline
 90
2
 70
0
 10
279.96353340883354
 20
305.77766704416763
 10
279.96353340883354
 20
348.56996602491506
  0
LWPOLYLINE
  5
5B0
330
17
100
AcDbEntity
  8
OBJECT
370
18
100
AcDbPolyline
 90
2
 70
0
 10
279.96353340883354
 20
305.77766704416763
 10
282.04371460928655
 20
305.77766704416763
  0
LWPOLYLINE
  5
5B1
330
17
100
AcDbEntity
  8
OBJECT
370
18
100
AcDbPolyline
 90
2
 70
0
 10
282.04371460928655
 20
305.77766704416763
 10
282.04371460928655
 20
328.77852774631936
  0
LWPOLYLINE
  5
5B2
330
17
100
AcDbEntity
  8
OBJECT
370
18
100
AcDbPolyline
 90
2
 70
0
 10
282.04371460928655
 20
329.7294677236693
 10
282.04371460928655
 20
348.56996602491506
  0
LWPOLYLINE
  5
5B3
330
17
100
AcDbEntity
  8
OBJECT
370
18
100
AcDbPolyline
 90
2
 70
0
 10
279.96353340883354
 20
348.56996602491506
 10
282.04371460928655
 20
348.56996602491506
  0
LWPOLYLINE
  5
5B4
330
17
100
AcDbEntity
  8
OBJECT
370
18
100
AcDbPolyline
 90
2
 70
0
 10
279.36919592298983
 20
336.38604756511893
 10
279.36919592298983
 20
341.7350849377123
  0
LWPOLYLINE
  5
5B5
330
17
100
AcDbEntity
  8
OBJECT
370
18
100
AcDbPolyline
 90
2
 70
0
 10
279.36919592298983
 20
336.38604756511893
 10
279.96353340883354
 20
336.38604756511893
  0
LWPOLYLINE
  5
5B6
330
17
100
AcDbEntity
  8
OBJECT
370
18
100
AcDbPolyline
 90
2
 70
0
 10
279.36919592298983
 20
341.7350849377123
 10
279.96353340883354
 20
341.7350849377123
  0
LWPOLYLINE
  5
5B7
330
17
100
AcDbEntity
  8
OBJECT
370
18
100
AcDbPolyline
 90
2
 70
0
 10
279.51778029445074
 20
350.9473159682899
 10
279.51778029445074
 20
358.07936579841447
  0
LWPOLYLINE
  5
5B8
330
17
100
AcDbEntity
  8
OBJECT
370
18
100
AcDbPolyline
 90
2
 70
0
 10
279.51778029445074
 20
350.9473159682899
 10
283.083805209513
 20
350.9473159682899
  0
LWPOLYLINE
  5
5B9
330
17
100
AcDbEntity
  8
OBJECT
370
18
100
AcDbPolyline
 90
2
 70
0
 10
283.083805209513
 20
350.9473159682899
 10
283.083805209513
 20
358.07936579841447
  0
LWPOLYLINE
  5
5BA
330
17
100
AcDbEntity
  8
OBJECT
370
18
100
AcDbPolyline
 90
2
 70
0
 10
279.51778029445074
 20
358.07936579841447
 10
283.083805209513
 20
358.07936579841447
  0
LWPOLYLINE
  5
5BB
330
17
100
AcDbEntity
  8
OBJECT
370
18
100
AcDbPolyline
 90
2
 70
0
 10
281.3007927519819
 20
360.5161494903737
 10
282.3706002265006
 20
360.5161494903737
  0
LWPOLYLINE
  5
5BC
330
17
100
AcDbEntity
  8
OBJECT
370
18
100
AcDbPolyline
 90
2
 70
0
 10
280.2309852774632
 20
360.5161494903737
 10
281.3007927519819
 20
360.5161494903737
  0
LWPOLYLINE
  5
5BD
330
17
100
AcDbEntity
  8
OBJECT
370
18
100
AcDbPolyline
 90
2
 70
0
 10
281.3007927519819
 20
359.20860702151754
 10
282.3706002265006
 20
359.20860702151754
  0
LWPOLYLINE
  5
5BE
330
17
100
AcDbEntity
  8
OBJECT
370
18
100
AcDbPolyline
 90
2
 70
0
 10
280.2309852774632
 20
359.20860702151754
 10
281.3007927519819
 20
359.20860702151754
  0
LWPOLYLINE
  5
5BF
330
17
100
AcDbEntity
  8
OBJECT
370
18
100
AcDbPolyline
 90
2
 70
0
 10
322.01291053227635
 20
351.8388221970555
 10
322.01291053227635
 20
357.33644394110985
  0
LWPOLYLINE
  5
5C0
330
17
100
AcDbEntity
  8
OBJECT
370
18
100
AcDbPolyline
 90
2
 70
0
 10
322.01291053227635
 20
351.8388221970555
 10
323.7959229898075
 20
351.8388221970555
  0
LWPOLYLINE
  5
5C1
330
17
100
AcDbEntity
  8
OBJECT
370
18
100
AcDbPolyline
 90
2
 70
0
 10
323.7959229898075
 20
351.8388221970555
 10
323.7959229898075
 20
357.33644394110985
  0
LWPOLYLINE
  5
5C2
330
17
100
AcDbEntity
  8
OBJECT
370
18
100
AcDbPolyline
 90
2
 70
0
 10
322.9044167610419
 20
365.36
 10
324.21195922989807
 20
365.36
  0
LWPOLYLINE
  5
5C3
330
17
100
AcDbEntity
  8
OBJECT
370
18
100
AcDbPolyline
 90
2
 70
0
 10
321.5968742921857
 20
365.36
 10
322.9044167610419
 20
365.36
  0
LWPOLYLINE
  5
5C4
330
17
100
AcDbEntity
  8
OBJECT
370
18
100
AcDbPolyline
 90
2
 70
0
 10
322.9044167610419
 20
362.6854813137033
 10
324.21195922989807
 20
362.6854813137033
  0
LWPOLYLINE
  5
5C5
330
17
100
AcDbEntity
  8
OBJECT
370
18
100
AcDbPolyline
 90
2
 70
0
 10
321.5968742921857
 20
362.6854813137033
 10
322.9044167610419
 20
362.6854813137033
  0
LWPOLYLINE
  5
5C6
330
17
100
AcDbEntity
  8
OBJECT
370
18
100
AcDbPolyline
 90
2
 70
0
 10
322.9044167610419
 20
362.6854813137033
 10
324.21195922989807
 20
362.6854813137033
  0
LWPOLYLINE
  5
5C7
330
17
100
AcDbEntity
  8
OBJECT
370
18
100
AcDbPolyline
 90
2
 70
0
 10
321.5968742921857
 20
362.6854813137033
 10
322.9044167610419
 20
362.6854813137033
  0
LWPOLYLINE
  5
5C8
330
17
100
AcDbEntity
  8
OBJECT
370
18
100
AcDbPolyline
 90
2
 70
0
 10
322.9044167610419
 20
360.01096262740657
 10
324.21195922989807
 20
360.01096262740657
  0
LWPOLYLINE
  5
5C9
330
17
100
AcDbEntity
  8
OBJECT
370
18
100
AcDbPolyline
 90
2
 70
0
 10
321.5968742921857
 20
360.01096262740657
 10
322.9044167610419
 20
360.01096262740657
  0
LWPOLYLINE
  5
5CA
330
17
100
AcDbEntity
  8
OBJECT
370
18
100
AcDbPolyline
 90
2
 70
0
 10
322.9044167610419
 20
360.01096262740657
 10
324.21195922989807
 20
360.01096262740657
  0
LWPOLYLINE
  5
5CB
330
17
100
AcDbEntity
  8
OBJECT
370
18
100
AcDbPolyline
 90
2
 70
0
 10
321.5968742921857
 20
360.01096262740657
 10
322.9044167610419
 20
360.01096262740657
  0
LWPOLYLINE
  5
5CC
330
17
100
AcDbEntity
  8
OBJECT
370
18
100
AcDbPolyline
 90
2
 70
0
 10
322.9044167610419
 20
357.33644394110985
 10
324.21195922989807
 20
357.33644394110985
  0
LWPOLYLINE
  5
5CD
330
17
100
AcDbEntity
  8
OBJECT
370
18
100
AcDbPolyline
 90
2
 70
0
 10
321.5968742921857
 20
357.33644394110985
 10
322.9044167610419
 20
357.33644394110985
  0
LWPOLYLINE
  5
5CE
330
17
100
AcDbEntity
  8
OBJECT
370
18
100
AcDbPolyline
 90
2
 70
0
 10
285.10455266138166
 20
286.64
 10
285.10455266138166
 20
287.8286749716874
  0
LWPOLYLINE
  5
5CF
330
17
100
AcDbEntity
  8
OBJECT
370
18
100
AcDbPolyline
 90
2
 70
0
 10
281.0630577576444
 20
286.64
 10
281.0630577576444
 20
287.8286749716874
  0
LWPOLYLINE
  5
5D0
330
17
100
AcDbEntity
  8
OBJECT
370
18
100
AcDbPolyline
 90
2
 70
0
 10
327.8968516421291
 20
286.64
 10
327.8968516421291
 20
287.8286749716874
  0
LWPOLYLINE
  5
5D1
330
17
100
AcDbEntity
  8
OBJECT
370
18
100
AcDbPolyline
 90
2
 70
0
 10
323.85535673839183
 20
286.64
 10
323.85535673839183
 20
287.8286749716874
  0
LWPOLYLINE
  5
5D2
330
17
100
AcDbEntity
  8
OBJECT
370
18
100
AcDbPolyline
 90
2
 70
0
 10
293.7818799546999
 20
329.7294677236693
 10
293.7818799546999
 20
330.68040770101925
  0
LWPOLYLINE
  5
5D3
330
17
100
AcDbEntity
  8
OBJECT
370
18
100
AcDbPolyline
 90
2
 70
0
 10
316.0695356738392
 20
333.1171913929785
 10
316.0695356738392
 20
335.49454133635334
  0
LWPOLYLINE
  5
5D4
330
17
100
AcDbEntity
  8
OBJECT
370
18
100
AcDbPolyline
 90
2
 70
0
 10
297.64507361268403
 20
332.2256851642129
 10
297.64507361268403
 20
334.3058663646659
  0
LWPOLYLINE
  5
5D5
330
17
100
AcDbEntity
  8
OBJECT
370
18
100
AcDbPolyline
 90
2
 70
0
 10
297.64507361268403
 20
335.49454133635334
 10
297.64507361268403
 20
336.38604756511893
  0
LWPOLYLINE
  5
5D6
330
17
100
AcDbEntity
  8
OBJECT
370
18
100
AcDbPolyline
 90
2
 70
0
 10
318.1497168742922
 20
345.00394110985275
 10
318.1497168742922
 20
345.30110985277463
  0
LWPOLYLINE
  5
5D7
330
17
100
AcDbEntity
  8
OBJECT
370
18
100
AcDbPolyline
 90
2
 70
0
 10
295.564892412231
 20
336.38604756511893
 10
295.564892412231
 20
337.2181200453001
  0
LWPOLYLINE
  5
5D8
330
17
100
AcDbEntity
  8
OBJECT
370
18
100
AcDbPolyline
 90
2
 70
0
 10
316.0695356738392
 20
345.836013590034
 10
316.0695356738392
 20
346.78695356738393
  0
LWPOLYLINE
  5
5D9
330
17
100
AcDbEntity
  8
OBJECT
370
18
100
AcDbPolyline
 90
2
 70
0
 10
297.64507361268403
 20
345.836013590034
 10
297.64507361268403
 20
345.94299433748586
  0
LWPOLYLINE
  5
5DA
330
17
100
AcDbEntity
  8
OBJECT
370
18
100
AcDbPolyline
 90
2
 70
0
 10
297.9422423556059
 20
345.836013590034
 10
297.1101698754247
 20
345.836013590034
  0
LWPOLYLINE
  5
5DB
330
17
100
AcDbEntity
  8
OBJECT
370
18
100
AcDbPolyline
 90
2
 70
0
 10
316.96104190260473
 20
345.836013590034
 10
311.9686070215175
 20
345.836013590034
  0
LWPOLYLINE
  5
5DC
330
17
100
AcDbEntity
  8
OBJECT
370
18
100
AcDbPolyline
 90
2
 70
0
 10
316.96104190260473
 20
342.98319365798415
 10
311.9686070215175
 20
342.98319365798415
  0
LWPOLYLINE
  5
5DD
330
17
100
AcDbEntity
  8
OBJECT
370
18
100
AcDbPolyline
 90
2
 70
0
 10
320.8242355605889
 20
344.88507361268404
 10
316.96104190260473
 20
344.88507361268404
  0
LWPOLYLINE
  5
5DE
330
17
100
AcDbEntity
  8
OBJECT
370
18
100
AcDbPolyline
 90
2
 70
0
 10
320.8242355605889
 20
343.9341336353341
 10
316.96104190260473
 20
343.9341336353341
  0
LWPOLYLINE
  5
5DF
330
17
100
AcDbEntity
  8
OBJECT
370
18
100
AcDbPolyline
 90
2
 70
0
 10
289.32434881087204
 20
342.8643261608154
 10
288.73001132502833
 20
342.8643261608154
  0
LWPOLYLINE
  5
5E0
330
17
100
AcDbEntity
  8
OBJECT
370
18
100
AcDbPolyline
 90
2
 70
0
 10
288.1356738391846
 20
342.8643261608154
 10
284.33191392978483
 20
342.8643261608154
  0
LWPOLYLINE
  5
5E1
330
17
100
AcDbEntity
  8
OBJECT
370
18
100
AcDbPolyline
 90
2
 70
0
 10
289.32434881087204
 20
340.0115062287656
 10
284.33191392978483
 20
340.0115062287656
  0
LWPOLYLINE
  5
5E2
330
17
100
AcDbEntity
  8
OBJECT
370
18
100
AcDbPolyline
 90
2
 70
0
 10
294.3762174405436
 20
341.91338618346543
 10
289.32434881087204
 20
341.91338618346543
  0
LWPOLYLINE
  5
5E3
330
17
100
AcDbEntity
  8
OBJECT
370
18
100
AcDbPolyline
 90
2
 70
0
 10
294.3762174405436
 20
340.9624462061155
 10
289.32434881087204
 20
340.9624462061155
  0
LWPOLYLINE
  5
5E4
330
17
100
AcDbEntity
  8
OBJECT
370
18
100
AcDbPolyline
 90
2
 70
0
 10
296.75356738391844
 20
353.7407021517554
 10
296.75356738391844
 20
358.317100792752
  0
LWPOLYLINE
  5
5E5
330
17
100
AcDbEntity
  8
OBJECT
370
18
100
AcDbPolyline
 90
2
 70
0
 10
293.1875424688562
 20
353.7407021517554
 10
293.1875424688562
 20
358.317100792752
  0
LWPOLYLINE
  5
5E6
330
17
100
AcDbEntity
  8
OBJECT
370
18
100
AcDbPolyline
 90
2
 70
0
 10
282.3706002265006
 20
359.20860702151754
 10
282.3706002265006
 20
360.5161494903737
  0
LWPOLYLINE
  5
5E7
330
17
100
AcDbEntity
  8
OBJECT
370
18
100
AcDbPolyline
 90
2
 70
0
 10
280.2309852774632
 20
359.20860702151754
 10
280.2309852774632
 20
360.5161494903737
  0
LWPOLYLINE
  5
5E8
330
17
100
AcDbEntity
  8
OBJECT
370
18
100
AcDbPolyline
 90
2
 70
0
 10
324.21195922989807
 20
362.6854813137033
 10
324.21195922989807
 20
365.36
  0
LWPOLYLINE
  5
5E9
330
17
100
AcDbEntity
  8
OBJECT
370
18
100
AcDbPolyline
 90
2
 70
0
 10
321.5968742921857
 20
362.6854813137033
 10
321.5968742921857
 20
365.36
  0
LWPOLYLINE
  5
5EA
330
17
100
AcDbEntity
  8
OBJECT
370
18
100
AcDbPolyline
 90
2
 70
0
 10
324.21195922989807
 20
360.01096262740657
 10
324.21195922989807
 20
362.6854813137033
  0
LWPOLYLINE
  5
5EB
330
17
100
AcDbEntity
  8
OBJECT
370
18
100
AcDbPolyline
 90
2
 70
0
 10
321.5968742921857
 20
360.01096262740657
 10
321.5968742921857
 20
362.6854813137033
  0
LWPOLYLINE
  5
5EC
330
17
100
AcDbEntity
  8
OBJECT
370
18
100
AcDbPolyline
 90
2
 70
0
 10
324.21195922989807
 20
357.33644394110985
 10
324.21195922989807
 20
360.01096262740657
  0
LWPOLYLINE
  5
5ED
330
17
100
AcDbEntity
  8
OBJECT
370
18
100
AcDbPolyline
 90
2
 70
0
 10
321.5968742921857
 20
357.33644394110985
 10
321.5968742921857
 20
360.01096262740657
  0
TEXT
  5
5EE
330
17
100
AcDbEntity
  8
TEXT
100
AcDbText
 10
305.0
 20
373.0
 30
0.0
 40
3.2
  1
右视图 / RIGHT VIEW
  7
CJK
 72
1
 11
305.0
 21
373.0
 31
0.0
100
AcDbText
 73
2
  0
LINE
  5
5EF
330
17
100
AcDbEntity
  8
DIM
370
18
100
AcDbLine
 10
35.0
 20
116.0
 30
0.0
 11
35.0
 21
106.0
 31
0.0
  0
LINE
  5
5F0
330
17
100
AcDbEntity
  8
DIM
370
18
100
AcDbLine
 10
390.0
 20
116.0
 30
0.0
 11
390.0
 21
106.0
 31
0.0
  0
LINE
  5
5F1
330
17
100
AcDbEntity
  8
DIM
370
18
100
AcDbLine
 10
35.0
 20
106.0
 30
0.0
 11
390.0
 21
106.0
 31
0.0
  0
LWPOLYLINE
  5
5F2
330
17
100
AcDbEntity
  8
DIM
370
18
100
AcDbPolyline
 90
3
 70
1
 10
35.0
 20
106.0
 10
32.8349364905389
 20
107.25
 10
32.8349364905389
 20
104.75
  0
LWPOLYLINE
  5
5F3
330
17
100
AcDbEntity
  8
DIM
370
18
100
AcDbPolyline
 90
3
 70
1
 10
390.0
 20
106.0
 10
392.1650635094611
 20
104.75
 10
392.1650635094611
 20
107.25
  0
TEXT
  5
5F4
330
17
100
AcDbEntity
  8
DIM
100
AcDbText
 10
212.5
 20
108.0
 30
0.0
 40
3.0
  1
1480 总长（参考）/OVERALL LENGTH REF.
  7
CJK
 72
1
 11
212.5
 21
108.0
 31
0.0
100
AcDbText
 73
2
  0
CIRCLE
  5
5F5
330
17
100
AcDbEntity
  8
BOM
370
25
100
AcDbCircle
 10
65.0
 20
150.0
 30
0.0
 40
6.0
  0
TEXT
  5
5F6
330
17
100
AcDbEntity
  8
BOM
100
AcDbText
 10
65.0
 20
150.0
 30
0.0
 40
3.5
  1
1
  7
CJK
 72
1
 11
65.0
 21
150.0
 31
0.0
100
AcDbText
 73
2
  0
CIRCLE
  5
5F7
330
17
100
AcDbEntity
  8
BOM
370
25
100
AcDbCircle
 10
125.0
 20
185.0
 30
0.0
 40
6.0
  0
TEXT
  5
5F8
330
17
100
AcDbEntity
  8
BOM
100
AcDbText
 10
125.0
 20
185.0
 30
0.0
 40
3.5
  1
2
  7
CJK
 72
1
 11
125.0
 21
185.0
 31
0.0
100
AcDbText
 73
2
  0
CIRCLE
  5
5F9
330
17
100
AcDbEntity
  8
BOM
370
25
100
AcDbCircle
 10
190.0
 20
205.0
 30
0.0
 40
6.0
  0
TEXT
  5
5FA
330
17
100
AcDbEntity
  8
BOM
100
AcDbText
 10
190.0
 20
205.0
 30
0.0
 40
3.5
  1
3
  7
CJK
 72
1
 11
190.0
 21
205.0
 31
0.0
100
AcDbText
 73
2
  0
CIRCLE
  5
5FB
330
17
100
AcDbEntity
  8
BOM
370
25
100
AcDbCircle
 10
255.0
 20
205.0
 30
0.0
 40
6.0
  0
TEXT
  5
5FC
330
17
100
AcDbEntity
  8
BOM
100
AcDbText
 10
255.0
 20
205.0
 30
0.0
 40
3.5
  1
4
  7
CJK
 72
1
 11
255.0
 21
205.0
 31
0.0
100
AcDbText
 73
2
  0
CIRCLE
  5
5FD
330
17
100
AcDbEntity
  8
BOM
370
25
100
AcDbCircle
 10
320.0
 20
180.0
 30
0.0
 40
6.0
  0
TEXT
  5
5FE
330
17
100
AcDbEntity
  8
BOM
100
AcDbText
 10
320.0
 20
180.0
 30
0.0
 40
3.5
  1
5
  7
CJK
 72
1
 11
320.0
 21
180.0
 31
0.0
100
AcDbText
 73
2
  0
CIRCLE
  5
5FF
330
17
100
AcDbEntity
  8
BOM
370
25
100
AcDbCircle
 10
375.0
 20
150.0
 30
0.0
 40
6.0
  0
TEXT
  5
600
330
17
100
AcDbEntity
  8
BOM
100
AcDbText
 10
375.0
 20
150.0
 30
0.0
 40
3.5
  1
6
  7
CJK
 72
1
 11
375.0
 21
150.0
 31
0.0
100
AcDbText
 73
2
  0
TEXT
  5
601
330
17
100
AcDbEntity
  8
BOM
100
AcDbText
 10
420.0
 20
395.0
 30
0.0
 40
3.5
  1
明细栏 / BILL OF MATERIALS
  7
CJK
 11
420.0
 21
395.0
 31
0.0
100
AcDbText
  0
LINE
  5
602
330
17
100
AcDbEntity
  8
BOM
370
18
100
AcDbLine
 10
420.0
 20
390.0
 30
0.0
 11
575.0
 21
390.0
 31
0.0
  0
LINE
  5
603
330
17
100
AcDbEntity
  8
BOM
370
18
100
AcDbLine
 10
420.0
 20
383.0
 30
0.0
 11
575.0
 21
383.0
 31
0.0
  0
LINE
  5
604
330
17
100
AcDbEntity
  8
BOM
370
18
100
AcDbLine
 10
420.0
 20
376.0
 30
0.0
 11
575.0
 21
376.0
 31
0.0
  0
LINE
  5
605
330
17
100
AcDbEntity
  8
BOM
370
18
100
AcDbLine
 10
420.0
 20
369.0
 30
0.0
 11
575.0
 21
369.0
 31
0.0
  0
LINE
  5
606
330
17
100
AcDbEntity
  8
BOM
370
18
100
AcDbLine
 10
420.0
 20
362.0
 30
0.0
 11
575.0
 21
362.0
 31
0.0
  0
LINE
  5
607
330
17
100
AcDbEntity
  8
BOM
370
18
100
AcDbLine
 10
420.0
 20
355.0
 30
0.0
 11
575.0
 21
355.0
 31
0.0
  0
LINE
  5
608
330
17
100
AcDbEntity
  8
BOM
370
18
100
AcDbLine
 10
420.0
 20
348.0
 30
0.0
 11
575.0
 21
348.0
 31
0.0
  0
LINE
  5
609
330
17
100
AcDbEntity
  8
BOM
370
18
100
AcDbLine
 10
420.0
 20
341.0
 30
0.0
 11
575.0
 21
341.0
 31
0.0
  0
LINE
  5
60A
330
17
100
AcDbEntity
  8
BOM
370
18
100
AcDbLine
 10
420.0
 20
390.0
 30
0.0
 11
420.0
 21
341.0
 31
0.0
  0
LINE
  5
60B
330
17
100
AcDbEntity
  8
BOM
370
18
100
AcDbLine
 10
432.0
 20
390.0
 30
0.0
 11
432.0
 21
341.0
 31
0.0
  0
LINE
  5
60C
330
17
100
AcDbEntity
  8
BOM
370
18
100
AcDbLine
 10
490.0
 20
390.0
 30
0.0
 11
490.0
 21
341.0
 31
0.0
  0
LINE
  5
60D
330
17
100
AcDbEntity
  8
BOM
370
18
100
AcDbLine
 10
505.0
 20
390.0
 30
0.0
 11
505.0
 21
341.0
 31
0.0
  0
LINE
  5
60E
330
17
100
AcDbEntity
  8
BOM
370
18
100
AcDbLine
 10
540.0
 20
390.0
 30
0.0
 11
540.0
 21
341.0
 31
0.0
  0
LINE
  5
60F
330
17
100
AcDbEntity
  8
BOM
370
18
100
AcDbLine
 10
575.0
 20
390.0
 30
0.0
 11
575.0
 21
341.0
 31
0.0
  0
TEXT
  5
610
330
17
100
AcDbEntity
  8
BOM
100
AcDbText
 10
426.0
 20
386.5
 30
0.0
 40
2.3
  1
序号
  7
CJK
 72
1
 11
426.0
 21
386.5
 31
0.0
100
AcDbText
 73
2
  0
TEXT
  5
611
330
17
100
AcDbEntity
  8
BOM
100
AcDbText
 10
461.0
 20
386.5
 30
0.0
 40
2.3
  1
名称/NAME
  7
CJK
 72
1
 11
461.0
 21
386.5
 31
0.0
100
AcDbText
 73
2
  0
TEXT
  5
612
330
17
100
AcDbEntity
  8
BOM
100
AcDbText
 10
497.5
 20
386.5
 30
0.0
 40
2.3
  1
数量
  7
CJK
 72
1
 11
497.5
 21
386.5
 31
0.0
100
AcDbText
 73
2
  0
TEXT
  5
613
330
17
100
AcDbEntity
  8
BOM
100
AcDbText
 10
522.5
 20
386.5
 30
0.0
 40
2.3
  1
材料/MAT.
  7
CJK
 72
1
 11
522.5
 21
386.5
 31
0.0
100
AcDbText
 73
2
  0
TEXT
  5
614
330
17
100
AcDbEntity
  8
BOM
100
AcDbText
 10
557.5
 20
386.5
 30
0.0
 40
2.3
  1
备注/NOTE
  7
CJK
 72
1
 11
557.5
 21
386.5
 31
0.0
100
AcDbText
 73
2
  0
TEXT
  5
615
330
17
100
AcDbEntity
  8
BOM
100
AcDbText
 10
426.0
 20
379.5
 30
0.0
 40
2.1
  1
1
  7
CJK
 72
1
 11
426.0
 21
379.5
 31
0.0
100
AcDbText
 73
2
  0
TEXT
  5
616
330
17
100
AcDbEntity
  8
BOM
100
AcDbText
 10
461.0
 20
379.5
 30
0.0
 40
2.1
  1
振动盘/Bowl
  7
CJK
 72
1
 11
461.0
 21
379.5
 31
0.0
100
AcDbText
 73
2
  0
TEXT
  5
617
330
17
100
AcDbEntity
  8
BOM
100
AcDbText
 10
497.5
 20
379.5
 30
0.0
 40
2.1
  1
1
  7
CJK
 72
1
 11
497.5
 21
379.5
 31
0.0
100
AcDbText
 73
2
  0
TEXT
  5
618
330
17
100
AcDbEntity
  8
BOM
100
AcDbText
 10
522.5
 20
379.5
 30
0.0
 40
2.1
  1
ASSY
  7
CJK
 72
1
 11
522.5
 21
379.5
 31
0.0
100
AcDbText
 73
2
  0
TEXT
  5
619
330
17
100
AcDbEntity
  8
BOM
100
AcDbText
 10
557.5
 20
379.5
 30
0.0
 40
2.1
  1

  7
CJK
 72
1
 11
557.5
 21
379.5
 31
0.0
100
AcDbText
 73
2
  0
TEXT
  5
61A
330
17
100
AcDbEntity
  8
BOM
100
AcDbText
 10
426.0
 20
372.5
 30
0.0
 40
2.1
  1
2
  7
CJK
 72
1
 11
426.0
 21
372.5
 31
0.0
100
AcDbText
 73
2
  0
TEXT
  5
61B
330
17
100
AcDbEntity
  8
BOM
100
AcDbText
 10
461.0
 20
372.5
 30
0.0
 40
2.1
  1
直线轨道/Track
  7
CJK
 72
1
 11
461.0
 21
372.5
 31
0.0
100
AcDbText
 73
2
  0
TEXT
  5
61C
330
17
100
AcDbEntity
  8
BOM
100
AcDbText
 10
497.5
 20
372.5
 30
0.0
 40
2.1
  1
1
  7
CJK
 72
1
 11
497.5
 21
372.5
 31
0.0
100
AcDbText
 73
2
  0
TEXT
  5
61D
330
17
100
AcDbEntity
  8
BOM
100
AcDbText
 10
522.5
 20
372.5
 30
0.0
 40
2.1
  1
SUS304
  7
CJK
 72
1
 11
522.5
 21
372.5
 31
0.0
100
AcDbText
 73
2
  0
TEXT
  5
61E
330
17
100
AcDbEntity
  8
BOM
100
AcDbText
 10
557.5
 20
372.5
 30
0.0
 40
2.1
  1

  7
CJK
 72
1
 11
557.5
 21
372.5
 31
0.0
100
AcDbText
 73
2
  0
TEXT
  5
61F
330
17
100
AcDbEntity
  8
BOM
100
AcDbText
 10
426.0
 20
365.5
 30
0.0
 40
2.1
  1
3
  7
CJK
 72
1
 11
426.0
 21
365.5
 31
0.0
100
AcDbText
 73
2
  0
TEXT
  5
620
330
17
100
AcDbEntity
  8
BOM
100
AcDbText
 10
461.0
 20
365.5
 30
0.0
 40
2.1
  1
分料站/Separator
  7
CJK
 72
1
 11
461.0
 21
365.5
 31
0.0
100
AcDbText
 73
2
  0
TEXT
  5
621
330
17
100
AcDbEntity
  8
BOM
100
AcDbText
 10
497.5
 20
365.5
 30
0.0
 40
2.1
  1
1
  7
CJK
 72
1
 11
497.5
 21
365.5
 31
0.0
100
AcDbText
 73
2
  0
TEXT
  5
622
330
17
100
AcDbEntity
  8
BOM
100
AcDbText
 10
522.5
 20
365.5
 30
0.0
 40
2.1
  1
ASSY
  7
CJK
 72
1
 11
522.5
 21
365.5
 31
0.0
100
AcDbText
 73
2
  0
TEXT
  5
623
330
17
100
AcDbEntity
  8
BOM
100
AcDbText
 10
557.5
 20
365.5
 30
0.0
 40
2.1
  1

  7
CJK
 72
1
 11
557.5
 21
365.5
 31
0.0
100
AcDbText
 73
2
  0
TEXT
  5
624
330
17
100
AcDbEntity
  8
BOM
100
AcDbText
 10
426.0
 20
358.5
 30
0.0
 40
2.1
  1
4
  7
CJK
 72
1
 11
426.0
 21
358.5
 31
0.0
100
AcDbText
 73
2
  0
TEXT
  5
625
330
17
100
AcDbEntity
  8
BOM
100
AcDbText
 10
461.0
 20
358.5
 30
0.0
 40
2.1
  1
检测站/Inspection
  7
CJK
 72
1
 11
461.0
 21
358.5
 31
0.0
100
AcDbText
 73
2
  0
TEXT
  5
626
330
17
100
AcDbEntity
  8
BOM
100
AcDbText
 10
497.5
 20
358.5
 30
0.0
 40
2.1
  1
1
  7
CJK
 72
1
 11
497.5
 21
358.5
 31
0.0
100
AcDbText
 73
2
  0
TEXT
  5
627
330
17
100
AcDbEntity
  8
BOM
100
AcDbText
 10
522.5
 20
358.5
 30
0.0
 40
2.1
  1
ASSY
  7
CJK
 72
1
 11
522.5
 21
358.5
 31
0.0
100
AcDbText
 73
2
  0
TEXT
  5
628
330
17
100
AcDbEntity
  8
BOM
100
AcDbText
 10
557.5
 20
358.5
 30
0.0
 40
2.1
  1

  7
CJK
 72
1
 11
557.5
 21
358.5
 31
0.0
100
AcDbText
 73
2
  0
TEXT
  5
629
330
17
100
AcDbEntity
  8
BOM
100
AcDbText
 10
426.0
 20
351.5
 30
0.0
 40
2.1
  1
5
  7
CJK
 72
1
 11
426.0
 21
351.5
 31
0.0
100
AcDbText
 73
2
  0
TEXT
  5
62A
330
17
100
AcDbEntity
  8
BOM
100
AcDbText
 10
461.0
 20
351.5
 30
0.0
 40
2.1
  1
排料/Sorting
  7
CJK
 72
1
 11
461.0
 21
351.5
 31
0.0
100
AcDbText
 73
2
  0
TEXT
  5
62B
330
17
100
AcDbEntity
  8
BOM
100
AcDbText
 10
497.5
 20
351.5
 30
0.0
 40
2.1
  1
1
  7
CJK
 72
1
 11
497.5
 21
351.5
 31
0.0
100
AcDbText
 73
2
  0
TEXT
  5
62C
330
17
100
AcDbEntity
  8
BOM
100
AcDbText
 10
522.5
 20
351.5
 30
0.0
 40
2.1
  1
ASSY
  7
CJK
 72
1
 11
522.5
 21
351.5
 31
0.0
100
AcDbText
 73
2
  0
TEXT
  5
62D
330
17
100
AcDbEntity
  8
BOM
100
AcDbText
 10
557.5
 20
351.5
 30
0.0
 40
2.1
  1

  7
CJK
 72
1
 11
557.5
 21
351.5
 31
0.0
100
AcDbText
 73
2
  0
TEXT
  5
62E
330
17
100
AcDbEntity
  8
BOM
100
AcDbText
 10
426.0
 20
344.5
 30
0.0
 40
2.1
  1
6
  7
CJK
 72
1
 11
426.0
 21
344.5
 31
0.0
100
AcDbText
 73
2
  0
TEXT
  5
62F
330
17
100
AcDbEntity
  8
BOM
100
AcDbText
 10
461.0
 20
344.5
 30
0.0
 40
2.1
  1
机架/Frame
  7
CJK
 72
1
 11
461.0
 21
344.5
 31
0.0
100
AcDbText
 73
2
  0
TEXT
  5
630
330
17
100
AcDbEntity
  8
BOM
100
AcDbText
 10
497.5
 20
344.5
 30
0.0
 40
2.1
  1
1
  7
CJK
 72
1
 11
497.5
 21
344.5
 31
0.0
100
AcDbText
 73
2
  0
TEXT
  5
631
330
17
100
AcDbEntity
  8
BOM
100
AcDbText
 10
522.5
 20
344.5
 30
0.0
 40
2.1
  1
AL
  7
CJK
 72
1
 11
522.5
 21
344.5
 31
0.0
100
AcDbText
 73
2
  0
TEXT
  5
632
330
17
100
AcDbEntity
  8
BOM
100
AcDbText
 10
557.5
 20
344.5
 30
0.0
 40
2.1
  1

  7
CJK
 72
1
 11
557.5
 21
344.5
 31
0.0
100
AcDbText
 73
2
  0
TEXT
  5
633
330
17
100
AcDbEntity
  8
TEXT
100
AcDbText
 10
35.0
 20
95.0
 30
0.0
 40
4.0
  1
技术要求 / TECHNICAL REQUIREMENTS
  7
CJK
 11
35.0
 21
95.0
 31
0.0
100
AcDbText
  0
TEXT
  5
634
330
17
100
AcDbEntity
  8
TEXT
100
AcDbText
 10
35.0
 20
89.0
 30
0.0
 40
2.8
  1
1. 装配前清洗全部零件，去除毛刺和锐边。
  7
CJK
 11
35.0
 21
89.0
 31
0.0
100
AcDbText
  0
TEXT
  5
635
330
17
100
AcDbEntity
  8
TEXT
100
AcDbText
 10
35.0
 20
83.0
 30
0.0
 40
2.8
  1
2. 关键法兰采用止口和圆柱销定位。
  7
CJK
 11
35.0
 21
83.0
 31
0.0
100
AcDbText
  0
TEXT
  5
636
330
17
100
AcDbEntity
  8
TEXT
100
AcDbText
 10
35.0
 20
77.0
 30
0.0
 40
2.8
  1
3. 运动部件装配后手动检查全行程，不得卡滞。
  7
CJK
 11
35.0
 21
77.0
 31
0.0
100
AcDbText
  0
TEXT
  5
637
330
17
100
AcDbEntity
  8
TEXT
100
AcDbText
 10
35.0
 20
71.0
 30
0.0
 40
2.8
  1
4. 紧固件按规定力矩拧紧，并作防松标记。
  7
CJK
 11
35.0
 21
71.0
 31
0.0
100
AcDbText
  0
TEXT
  5
638
330
17
100
AcDbEntity
  8
TEXT
100
AcDbText
 10
35.0
 20
65.0
 30
0.0
 40
2.8
  1
5. 标注“参考”的尺寸仅用于总体布置，不作为加工依据。
  7
CJK
 11
35.0
 21
65.0
 31
0.0
100
AcDbText
  0
ARC
  5
639
330
17
100
AcDbEntity
  8
TEXT
370
25
100
AcDbCircle
 10
380.0
 20
95.0
 30
0.0
 40
7.0
100
AcDbArc
 50
90.0
 51
270.0
  0
ARC
  5
63A
330
17
100
AcDbEntity
  8
TEXT
370
25
100
AcDbCircle
 10
394.0
 20
95.0
 30
0.0
 40
4.0
100
AcDbArc
 50
90.0
 51
270.0
  0
ARC
  5
63B
330
17
100
AcDbEntity
  8
TEXT
370
25
100
AcDbCircle
 10
394.0
 20
95.0
 30
0.0
 40
7.0
100
AcDbArc
 50
-90.0
 51
90.0
  0
LINE
  5
63C
330
17
100
AcDbEntity
  8
TEXT
370
25
100
AcDbLine
 10
380.0
 20
88.0
 30
0.0
 11
394.0
 21
88.0
 31
0.0
  0
LINE
  5
63D
330
17
100
AcDbEntity
  8
TEXT
370
25
100
AcDbLine
 10
380.0
 20
102.0
 30
0.0
 11
394.0
 21
102.0
 31
0.0
  0
TEXT
  5
63E
330
17
100
AcDbEntity
  8
TEXT
100
AcDbText
 10
387.0
 20
83.0
 30
0.0
 40
2.3
  1
第一角法/FIRST ANGLE
  7
CJK
 72
1
 11
387.0
 21
83.0
 31
0.0
100
AcDbText
 73
2
  0
ENDSEC
  0
SECTION
  2
OBJECTS
  0
DICTIONARY
  5
A
330
0
100
AcDbDictionary
281
1
  3
ACAD_COLOR
350
B
  3
ACAD_GROUP
350
C
  3
ACAD_LAYOUT
350
D
  3
ACAD_MATERIAL
350
E
  3
ACAD_MLEADERSTYLE
350
F
  3
ACAD_MLINESTYLE
350
10
  3
ACAD_PLOTSETTINGS
350
11
  3
ACAD_PLOTSTYLENAME
350
12
  3
ACAD_SCALELIST
350
14
  3
ACAD_TABLESTYLE
350
15
  3
ACAD_VISUALSTYLE
350
16
  3
EZDXF_META
350
2D
  0
DICTIONARY
  5
B
330
A
100
AcDbDictionary
281
1
  0
DICTIONARY
  5
C
330
A
100
AcDbDictionary
281
1
  0
DICTIONARY
  5
D
330
A
100
AcDbDictionary
281
1
  3
Model
350
1A
  3
Layout1
350
1E
  0
DICTIONARY
  5
E
330
A
100
AcDbDictionary
281
1
  3
ByBlock
350
1F
  3
ByLayer
350
20
  3
Global
350
21
  0
DICTIONARY
  5
F
330
A
100
AcDbDictionary
281
1
  3
Standard
350
2C
  0
DICTIONARY
  5
10
330
A
100
AcDbDictionary
281
1
  3
Standard
350
22
  0
DICTIONARY
  5
11
330
A
100
AcDbDictionary
281
1
  0
ACDBDICTIONARYWDFLT
  5
12
330
A
100
AcDbDictionary
281
1
  3
Normal
350
13
100
AcDbDictionaryWithDefault
340
13
  0
ACDBPLACEHOLDER
  5
13
330
12
  0
DICTIONARY
  5
14
330
A
100
AcDbDictionary
281
1
  0
DICTIONARY
  5
15
330
A
100
AcDbDictionary
281
1
  0
DICTIONARY
  5
16
330
A
100
AcDbDictionary
281
1
  3
2dWireframe
350
5A
  3
Basic
350
5B
  3
Brighten
350
5C
  3
ColorChange
350
5D
  3
Conceptual
350
5E
  3
Dim
350
5F
  3
EdgeColorOff
350
60
  3
Facepattern
350
61
  3
Flat
350
62
  3
FlatWithEdges
350
63
  3
Gouraud
350
64
  3
GouraudWithEdges
350
65
  3
Hidden
350
66
  3
JitterOff
350
67
  3
Linepattern
350
68
  3
Modeling
350
69
  3
OverhangOff
350
6A
  3
Realistic
350
6B
  3
Shaded
350
6C
  3
Shaded with edges
350
6D
  3
Shades of Gray
350
6E
  3
Sketchy
350
6F
  3
Thicken
350
70
  3
Wireframe
350
71
  3
X-Ray
350
72
  0
LAYOUT
  5
1A
330
D
100
AcDbPlotSettings
  1

  4
A3
  6

 40
7.5
 41
20.0
 42
7.5
 43
20.0
 44
420.0
 45
297.0
 46
0.0
 47
0.0
 48
0.0
 49
0.0
140
0.0
141
0.0
142
1.0
143
1.0
 70
1024
 72
1
 73
0
 74
5
  7

 75
16
 76
0
 77
2
 78
300
147
1.0
148
0.0
149
0.0
100
AcDbLayout
  1
Model
 70
1
 71
0
 10
0.0
 20
0.0
 11
420.0
 21
297.0
 12
0.0
 22
0.0
 32
0.0
 14
1e+20
 24
1e+20
 34
1e+20
 15
-1e+20
 25
-1e+20
 35
-1e+20
146
0.0
 13
0.0
 23
0.0
 33
0.0
 16
1.0
 26
0.0
 36
0.0
 17
0.0
 27
1.0
 37
0.0
 76
1
330
17
  0
LAYOUT
  5
1E
330
D
100
AcDbPlotSettings
  1

  4
A3
  6

 40
7.5
 41
20.0
 42
7.5
 43
20.0
 44
420.0
 45
297.0
 46
0.0
 47
0.0
 48
0.0
 49
0.0
140
0.0
141
0.0
142
1.0
143
1.0
 70
0
 72
1
 73
0
 74
5
  7

 75
16
 76
0
 77
2
 78
300
147
1.0
148
0.0
149
0.0
100
AcDbLayout
  1
Layout1
 70
1
 71
1
 10
0.0
 20
0.0
 11
420.0
 21
297.0
 12
0.0
 22
0.0
 32
0.0
 14
1e+20
 24
1e+20
 34
1e+20
 15
-1e+20
 25
-1e+20
 35
-1e+20
146
0.0
 13
0.0
 23
0.0
 33
0.0
 16
1.0
 26
0.0
 36
0.0
 17
0.0
 27
1.0
 37
0.0
 76
1
330
1B
  0
MATERIAL
  5
1F
102
{ACAD_REACTORS
330
E
102
}
330
E
100
AcDbMaterial
  1
ByBlock
  2

 70
0
 40
1.0
 71
1
 41
1.0
 91
-1023410177
 42
1.0
 72
1
  3

 73
1
 74
1
 75
1
 44
0.5
 73
0
 45
1.0
 46
1.0
 77
1
  4

 78
1
 79
1
170
1
 48
1.0
171
1
  6

172
1
173
1
174
1
140
1.0
141
1.0
175
1
  7

176
1
177
1
178
1
143
1.0
179
1
  8

270
1
271
1
272
1
145
1.0
146
1.0
273
1
  9

274
1
275
1
276
1
 42
1.0
 72
1
  3

 73
1
 74
1
 75
1
 94
63
  0
MATERIAL
  5
20
102
{ACAD_REACTORS
330
E
102
}
330
E
100
AcDbMaterial
  1
ByLayer
  2

 70
0
 40
1.0
 71
1
 41
1.0
 91
-1023410177
 42
1.0
 72
1
  3

 73
1
 74
1
 75
1
 44
0.5
 73
0
 45
1.0
 46
1.0
 77
1
  4

 78
1
 79
1
170
1
 48
1.0
171
1
  6

172
1
173
1
174
1
140
1.0
141
1.0
175
1
  7

176
1
177
1
178
1
143
1.0
179
1
  8

270
1
271
1
272
1
145
1.0
146
1.0
273
1
  9

274
1
275
1
276
1
 42
1.0
 72
1
  3

 73
1
 74
1
 75
1
 94
63
  0
MATERIAL
  5
21
102
{ACAD_REACTORS
330
E
102
}
330
E
100
AcDbMaterial
  1
Global
  2

 70
0
 40
1.0
 71
1
 41
1.0
 91
-1023410177
 42
1.0
 72
1
  3

 73
1
 74
1
 75
1
 44
0.5
 73
0
 45
1.0
 46
1.0
 77
1
  4

 78
1
 79
1
170
1
 48
1.0
171
1
  6

172
1
173
1
174
1
140
1.0
141
1.0
175
1
  7

176
1
177
1
178
1
143
1.0
179
1
  8

270
1
271
1
272
1
145
1.0
146
1.0
273
1
  9

274
1
275
1
276
1
 42
1.0
 72
1
  3

 73
1
 74
1
 75
1
 94
63
  0
MLINESTYLE
  5
22
102
{ACAD_REACTORS
330
10
102
}
330
10
100
AcDbMlineStyle
  2
Standard
 70
0
  3

 62
256
 51
90.0
 52
90.0
 71
2
 49
0.5
 62
256
  6
BYLAYER
 49
-0.5
 62
256
  6
BYLAYER
  0
MLEADERSTYLE
  5
2C
102
{ACAD_REACTORS
330
F
102
}
330
F
100
AcDbMLeaderStyle
179
2
170
2
171
1
172
0
 90
2
 40
0.0
 41
0.0
173
1
 91
-1056964608
 92
-2
290
1
 42
2.0
291
1
 43
8.0
  3
Standard
 44
4.0
300

342
29
174
1
175
1
176
0
178
1
 93
-1056964608
 45
4.0
292
0
297
0
 46
4.0
 94
-1056964608
 47
1.0
 49
1.0
140
1.0
294
1
141
0.0
177
0
142
1.0
295
0
296
0
143
3.75
271
0
272
9
273
9
  0
DICTIONARY
  5
2D
330
A
100
AcDbDictionary
280
1
281
1
  3
CREATED_BY_EZDXF
350
2E
  3
WRITTEN_BY_EZDXF
350
641
  0
DICTIONARYVAR
  5
2E
330
2D
100
DictionaryVariables
280
0
  1
1.4.4 @ 2026-07-15T16:54:45.208236+00:00
  0
VISUALSTYLE
  5
5A
102
{ACAD_REACTORS
330
16
102
}
330
16
100
AcDbVisualStyle
  2
2dWireframe
 70
4
177
3
291
0
 70
58
 90
2
176
1
 90
2
176
1
 90
0
176
1
 90
0
176
1
 40
0.6
176
1
 40
30.0
176
1
 62
7
420
16777215
176
1
 90
1
176
1
 90
4
176
1
 62
7
176
1
 62
257
176
1
 90
1
176
1
 90
1
176
1
 40
1.0
176
1
 90
8
176
1
 62
7
176
1
 40
1.0
176
1
 90
1
176
1
 90
6
176
1
 90
2
176
1
 62
7
176
1
 90
5
176
1
 90
0
176
1
 90
0
176
1
290
0
176
1
 90
1
176
1
 40
0.0
176
1
 90
0
176
1
290
1
176
1
290
1
176
1
290
0
176
1
290
0
176
1
290
0
176
1
290
0
176
1
290
0
176
1
290
0
176
1
290
0
176
1
 90
50
176
1
 40
0.0
176
1
 40
1.0
176
1
 90
0
176
1
 62
18
420
0
176
1
 90
50
176
1
 90
3
176
1
 62
5
420
255
176
1
290
0
176
1
 90
50
176
1
 90
50
176
1
 90
50
176
1
290
0
176
1
 90
50
176
1
 62
256
176
0
 40
1.0
176
0
 90
2
176
1
  1
strokes_ogs.tif
176
1
290
0
176
1
 40
1.0
176
1
 40
1.0
176
1
  0
VISUALSTYLE
  5
5B
102
{ACAD_REACTORS
330
16
102
}
330
16
100
AcDbVisualStyle
  2
Basic
 70
7
177
3
291
1
 70
58
 90
2
176
1
 90
2
176
1
 90
0
176
1
 90
1
176
1
 40
0.6
176
1
 40
30.0
176
1
 62
7
420
16777215
176
1
 90
1
176
1
 90
4
176
1
 62
7
176
1
 62
257
176
1
 90
1
176
1
 90
1
176
1
 40
1.0
176
1
 90
8
176
1
 62
7
176
1
 40
1.0
176
1
 90
1
176
1
 90
6
176
1
 90
2
176
1
 62
7
176
1
 90
5
176
1
 90
0
176
1
 90
0
176
1
290
0
176
1
 90
1
176
1
 40
0.0
176
1
 90
0
176
1
290
0
176
1
290
1
176
1
290
1
176
1
290
0
176
1
290
0
176
1
290
0
176
1
290
0
176
1
290
0
176
1
290
0
176
1
 90
50
176
1
 40
0.0
176
1
 40
1.0
176
1
 90
0
176
1
 62
18
420
0
176
1
 90
50
176
1
 90
3
176
1
 62
5
420
255
176
1
290
0
176
1
 90
50
176
1
 90
50
176
1
 90
50
176
1
290
0
176
1
 90
50
176
1
 62
256
176
0
 40
1.0
176
0
 90
2
176
1
  1
strokes_ogs.tif
176
1
290
0
176
1
 40
1.0
176
1
 40
1.0
176
1
  0
VISUALSTYLE
  5
5C
102
{ACAD_REACTORS
330
16
102
}
330
16
100
AcDbVisualStyle
  2
Brighten
 70
12
177
3
291
1
 70
58
 90
2
176
1
 90
2
176
1
 90
0
176
1
 90
2
176
1
 40
0.6
176
1
 40
30.0
176
1
 62
7
420
16777215
176
1
 90
1
176
1
 90
4
176
1
 62
7
176
1
 62
257
176
1
 90
1
176
1
 90
1
176
1
 40
1.0
176
1
 90
8
176
1
 62
7
176
1
 40
1.0
176
1
 90
1
176
1
 90
6
176
1
 90
2
176
1
 62
7
176
1
 90
5
176
1
 90
0
176
1
 90
0
176
1
290
0
176
1
 90
1
176
1
 40
0.0
176
1
 90
0
176
1
290
0
176
1
290
1
176
1
290
1
176
1
290
0
176
1
290
0
176
1
290
0
176
1
290
0
176
1
290
0
176
1
290
0
176
1
 90
50
176
1
 40
0.0
176
1
 40
1.0
176
1
 90
0
176
1
 62
18
420
0
176
1
 90
50
176
1
 90
3
176
1
 62
5
420
255
176
1
290
0
176
1
 90
50
176
1
 90
50
176
1
 90
50
176
1
290
0
176
1
 90
50
176
1
 62
256
176
0
 40
1.0
176
0
 90
2
176
1
  1
strokes_ogs.tif
176
1
290
0
176
1
 40
1.0
176
1
 40
1.0
176
1
  0
VISUALSTYLE
  5
5D
102
{ACAD_REACTORS
330
16
102
}
330
16
100
AcDbVisualStyle
  2
ColorChange
 70
16
177
3
291
1
 70
58
 90
2
176
1
 90
2
176
1
 90
0
176
1
 90
2
176
1
 40
0.6
176
1
 40
30.0
176
1
 62
7
420
16777215
176
1
 90
1
176
1
 90
4
176
1
 62
7
176
1
 62
257
176
1
 90
1
176
1
 90
1
176
1
 40
1.0
176
1
 90
8
176
1
 62
7
176
1
 40
1.0
176
1
 90
1
176
1
 90
6
176
1
 90
2
176
1
 62
7
176
1
 90
5
176
1
 90
0
176
1
 90
0
176
1
290
0
176
1
 90
1
176
1
 40
0.0
176
1
 90
0
176
1
290
0
176
1
290
1
176
1
290
1
176
1
290
0
176
1
290
0
176
1
290
0
176
1
290
0
176
1
290
0
176
1
290
0
176
1
 90
50
176
1
 40
0.0
176
1
 40
1.0
176
1
 90
0
176
1
 62
18
420
0
176
1
 90
50
176
1
 90
3
176
1
 62
5
420
255
176
1
290
0
176
1
 90
50
176
1
 90
50
176
1
 90
50
176
1
290
0
176
1
 90
50
176
1
 62
256
176
0
 40
1.0
176
0
 90
2
176
1
  1
strokes_ogs.tif
176
1
290
0
176
1
 40
1.0
176
1
 40
1.0
176
1
  0
VISUALSTYLE
  5
5E
102
{ACAD_REACTORS
330
16
102
}
330
16
100
AcDbVisualStyle
  2
Conceptual
 70
9
177
3
291
0
 70
58
 90
2
176
1
 90
2
176
1
 90
0
176
1
 90
3
176
1
 40
0.6
176
1
 40
30.0
176
1
 62
7
420
16777215
176
1
 90
1
176
1
 90
4
176
1
 62
7
176
1
 62
257
176
1
 90
1
176
1
 90
1
176
1
 40
1.0
176
1
 90
8
176
1
 62
7
176
1
 40
1.0
176
1
 90
1
176
1
 90
6
176
1
 90
2
176
1
 62
7
176
1
 90
5
176
1
 90
0
176
1
 90
0
176
1
290
0
176
1
 90
1
176
1
 40
0.0
176
1
 90
0
176
1
290
0
176
1
290
1
176
1
290
1
176
1
290
0
176
1
290
0
176
1
290
0
176
1
290
0
176
1
290
0
176
1
290
0
176
1
 90
50
176
1
 40
0.0
176
1
 40
1.0
176
1
 90
0
176
1
 62
18
420
0
176
1
 90
50
176
1
 90
3
176
1
 62
5
420
255
176
1
290
0
176
1
 90
50
176
1
 90
50
176
1
 90
50
176
1
290
0
176
1
 90
50
176
1
 62
256
176
0
 40
1.0
176
0
 90
2
176
1
  1
strokes_ogs.tif
176
1
290
0
176
1
 40
1.0
176
1
 40
1.0
176
1
  0
VISUALSTYLE
  5
5F
102
{ACAD_REACTORS
330
16
102
}
330
16
100
AcDbVisualStyle
  2
Dim
 70
11
177
3
291
1
 70
58
 90
2
176
1
 90
2
176
1
 90
0
176
1
 90
2
176
1
 40
0.6
176
1
 40
30.0
176
1
 62
7
420
16777215
176
1
 90
1
176
1
 90
4
176
1
 62
7
176
1
 62
257
176
1
 90
1
176
1
 90
1
176
1
 40
1.0
176
1
 90
8
176
1
 62
7
176
1
 40
1.0
176
1
 90
1
176
1
 90
6
176
1
 90
2
176
1
 62
7
176
1
 90
5
176
1
 90
0
176
1
 90
0
176
1
290
0
176
1
 90
1
176
1
 40
0.0
176
1
 90
0
176
1
290
0
176
1
290
1
176
1
290
1
176
1
290
0
176
1
290
0
176
1
290
0
176
1
290
0
176
1
290
0
176
1
290
0
176
1
 90
50
176
1
 40
0.0
176
1
 40
1.0
176
1
 90
0
176
1
 62
18
420
0
176
1
 90
50
176
1
 90
3
176
1
 62
5
420
255
176
1
290
0
176
1
 90
50
176
1
 90
50
176
1
 90
50
176
1
290
0
176
1
 90
50
176
1
 62
256
176
0
 40
1.0
176
0
 90
2
176
1
  1
strokes_ogs.tif
176
1
290
0
176
1
 40
1.0
176
1
 40
1.0
176
1
  0
VISUALSTYLE
  5
60
102
{ACAD_REACTORS
330
16
102
}
330
16
100
AcDbVisualStyle
  2
EdgeColorOff
 70
22
177
3
291
1
 70
58
 90
2
176
1
 90
2
176
1
 90
0
176
1
 90
2
176
1
 40
0.6
176
1
 40
30.0
176
1
 62
7
420
16777215
176
1
 90
1
176
1
 90
4
176
1
 62
7
176
1
 62
257
176
1
 90
1
176
1
 90
1
176
1
 40
1.0
176
1
 90
8
176
1
 62
7
176
1
 40
1.0
176
1
 90
1
176
1
 90
6
176
1
 90
2
176
1
 62
7
176
1
 90
5
176
1
 90
0
176
1
 90
0
176
1
290
0
176
1
 90
1
176
1
 40
0.0
176
1
 90
0
176
1
290
0
176
1
290
1
176
1
290
1
176
1
290
0
176
1
290
0
176
1
290
0
176
1
290
0
176
1
290
0
176
1
290
0
176
1
 90
50
176
1
 40
0.0
176
1
 40
1.0
176
1
 90
0
176
1
 62
18
420
0
176
1
 90
50
176
1
 90
3
176
1
 62
5
420
255
176
1
290
0
176
1
 90
50
176
1
 90
50
176
1
 90
50
176
1
290
0
176
1
 90
50
176
1
 62
256
176
0
 40
1.0
176
0
 90
2
176
1
  1
strokes_ogs.tif
176
1
290
0
176
1
 40
1.0
176
1
 40
1.0
176
1
  0
VISUALSTYLE
  5
61
102
{ACAD_REACTORS
330
16
102
}
330
16
100
AcDbVisualStyle
  2
Facepattern
 70
15
177
3
291
1
 70
58
 90
2
176
1
 90
2
176
1
 90
0
176
1
 90
2
176
1
 40
0.6
176
1
 40
30.0
176
1
 62
7
420
16777215
176
1
 90
1
176
1
 90
4
176
1
 62
7
176
1
 62
257
176
1
 90
1
176
1
 90
1
176
1
 40
1.0
176
1
 90
8
176
1
 62
7
176
1
 40
1.0
176
1
 90
1
176
1
 90
6
176
1
 90
2
176
1
 62
7
176
1
 90
5
176
1
 90
0
176
1
 90
0
176
1
290
0
176
1
 90
1
176
1
 40
0.0
176
1
 90
0
176
1
290
0
176
1
290
1
176
1
290
1
176
1
290
0
176
1
290
0
176
1
290
0
176
1
290
0
176
1
290
0
176
1
290
0
176
1
 90
50
176
1
 40
0.0
176
1
 40
1.0
176
1
 90
0
176
1
 62
18
420
0
176
1
 90
50
176
1
 90
3
176
1
 62
5
420
255
176
1
290
0
176
1
 90
50
176
1
 90
50
176
1
 90
50
176
1
290
0
176
1
 90
50
176
1
 62
256
176
0
 40
1.0
176
0
 90
2
176
1
  1
strokes_ogs.tif
176
1
290
0
176
1
 40
1.0
176
1
 40
1.0
176
1
  0
VISUALSTYLE
  5
62
102
{ACAD_REACTORS
330
16
102
}
330
16
100
AcDbVisualStyle
  2
Flat
 70
0
177
3
291
1
 70
58
 90
2
176
1
 90
2
176
1
 90
0
176
1
 90
2
176
1
 40
0.6
176
1
 40
30.0
176
1
 62
7
420
16777215
176
1
 90
1
176
1
 90
4
176
1
 62
7
176
1
 62
257
176
1
 90
1
176
1
 90
1
176
1
 40
1.0
176
1
 90
8
176
1
 62
7
176
1
 40
1.0
176
1
 90
1
176
1
 90
6
176
1
 90
2
176
1
 62
7
176
1
 90
5
176
1
 90
0
176
1
 90
0
176
1
290
0
176
1
 90
1
176
1
 40
0.0
176
1
 90
0
176
1
290
0
176
1
290
1
176
1
290
1
176
1
290
0
176
1
290
0
176
1
290
0
176
1
290
0
176
1
290
0
176
1
290
0
176
1
 90
50
176
1
 40
0.0
176
1
 40
1.0
176
1
 90
0
176
1
 62
18
420
0
176
1
 90
50
176
1
 90
3
176
1
 62
5
420
255
176
1
290
0
176
1
 90
50
176
1
 90
50
176
1
 90
50
176
1
290
0
176
1
 90
50
176
1
 62
256
176
0
 40
1.0
176
0
 90
2
176
1
  1
strokes_ogs.tif
176
1
290
0
176
1
 40
1.0
176
1
 40
1.0
176
1
  0
VISUALSTYLE
  5
63
102
{ACAD_REACTORS
330
16
102
}
330
16
100
AcDbVisualStyle
  2
FlatWithEdges
 70
1
177
3
291
1
 70
58
 90
2
176
1
 90
2
176
1
 90
0
176
1
 90
2
176
1
 40
0.6
176
1
 40
30.0
176
1
 62
7
420
16777215
176
1
 90
1
176
1
 90
4
176
1
 62
7
176
1
 62
257
176
1
 90
1
176
1
 90
1
176
1
 40
1.0
176
1
 90
8
176
1
 62
7
176
1
 40
1.0
176
1
 90
1
176
1
 90
6
176
1
 90
2
176
1
 62
7
176
1
 90
5
176
1
 90
0
176
1
 90
0
176
1
290
0
176
1
 90
1
176
1
 40
0.0
176
1
 90
0
176
1
290
0
176
1
290
1
176
1
290
1
176
1
290
0
176
1
290
0
176
1
290
0
176
1
290
0
176
1
290
0
176
1
290
0
176
1
 90
50
176
1
 40
0.0
176
1
 40
1.0
176
1
 90
0
176
1
 62
18
420
0
176
1
 90
50
176
1
 90
3
176
1
 62
5
420
255
176
1
290
0
176
1
 90
50
176
1
 90
50
176
1
 90
50
176
1
290
0
176
1
 90
50
176
1
 62
256
176
0
 40
1.0
176
0
 90
2
176
1
  1
strokes_ogs.tif
176
1
290
0
176
1
 40
1.0
176
1
 40
1.0
176
1
  0
VISUALSTYLE
  5
64
102
{ACAD_REACTORS
330
16
102
}
330
16
100
AcDbVisualStyle
  2
Gouraud
 70
2
177
3
291
1
 70
58
 90
2
176
1
 90
2
176
1
 90
0
176
1
 90
2
176
1
 40
0.6
176
1
 40
30.0
176
1
 62
7
420
16777215
176
1
 90
1
176
1
 90
4
176
1
 62
7
176
1
 62
257
176
1
 90
1
176
1
 90
1
176
1
 40
1.0
176
1
 90
8
176
1
 62
7
176
1
 40
1.0
176
1
 90
1
176
1
 90
6
176
1
 90
2
176
1
 62
7
176
1
 90
5
176
1
 90
0
176
1
 90
0
176
1
290
0
176
1
 90
1
176
1
 40
0.0
176
1
 90
0
176
1
290
0
176
1
290
1
176
1
290
1
176
1
290
0
176
1
290
0
176
1
290
0
176
1
290
0
176
1
290
0
176
1
290
0
176
1
 90
50
176
1
 40
0.0
176
1
 40
1.0
176
1
 90
0
176
1
 62
18
420
0
176
1
 90
50
176
1
 90
3
176
1
 62
5
420
255
176
1
290
0
176
1
 90
50
176
1
 90
50
176
1
 90
50
176
1
290
0
176
1
 90
50
176
1
 62
256
176
0
 40
1.0
176
0
 90
2
176
1
  1
strokes_ogs.tif
176
1
290
0
176
1
 40
1.0
176
1
 40
1.0
176
1
  0
VISUALSTYLE
  5
65
102
{ACAD_REACTORS
330
16
102
}
330
16
100
AcDbVisualStyle
  2
GouraudWithEdges
 70
3
177
3
291
1
 70
58
 90
2
176
1
 90
2
176
1
 90
0
176
1
 90
2
176
1
 40
0.6
176
1
 40
30.0
176
1
 62
7
420
16777215
176
1
 90
1
176
1
 90
4
176
1
 62
7
176
1
 62
257
176
1
 90
1
176
1
 90
1
176
1
 40
1.0
176
1
 90
8
176
1
 62
7
176
1
 40
1.0
176
1
 90
1
176
1
 90
6
176
1
 90
2
176
1
 62
7
176
1
 90
5
176
1
 90
0
176
1
 90
0
176
1
290
0
176
1
 90
1
176
1
 40
0.0
176
1
 90
0
176
1
290
0
176
1
290
1
176
1
290
1
176
1
290
0
176
1
290
0
176
1
290
0
176
1
290
0
176
1
290
0
176
1
290
0
176
1
 90
50
176
1
 40
0.0
176
1
 40
1.0
176
1
 90
0
176
1
 62
18
420
0
176
1
 90
50
176
1
 90
3
176
1
 62
5
420
255
176
1
290
0
176
1
 90
50
176
1
 90
50
176
1
 90
50
176
1
290
0
176
1
 90
50
176
1
 62
256
176
0
 40
1.0
176
0
 90
2
176
1
  1
strokes_ogs.tif
176
1
290
0
176
1
 40
1.0
176
1
 40
1.0
176
1
  0
VISUALSTYLE
  5
66
102
{ACAD_REACTORS
330
16
102
}
330
16
100
AcDbVisualStyle
  2
Hidden
 70
6
177
3
291
0
 70
58
 90
2
176
1
 90
2
176
1
 90
0
176
1
 90
1
176
1
 40
0.6
176
1
 40
30.0
176
1
 62
7
420
16777215
176
1
 90
1
176
1
 90
4
176
1
 62
7
176
1
 62
257
176
1
 90
1
176
1
 90
1
176
1
 40
1.0
176
1
 90
8
176
1
 62
7
176
1
 40
1.0
176
1
 90
1
176
1
 90
6
176
1
 90
2
176
1
 62
7
176
1
 90
5
176
1
 90
0
176
1
 90
0
176
1
290
0
176
1
 90
1
176
1
 40
0.0
176
1
 90
0
176
1
290
0
176
1
290
1
176
1
290
1
176
1
290
0
176
1
290
0
176
1
290
0
176
1
290
0
176
1
290
0
176
1
290
0
176
1
 90
50
176
1
 40
0.0
176
1
 40
1.0
176
1
 90
0
176
1
 62
18
420
0
176
1
 90
50
176
1
 90
3
176
1
 62
5
420
255
176
1
290
0
176
1
 90
50
176
1
 90
50
176
1
 90
50
176
1
290
0
176
1
 90
50
176
1
 62
256
176
0
 40
1.0
176
0
 90
2
176
1
  1
strokes_ogs.tif
176
1
290
0
176
1
 40
1.0
176
1
 40
1.0
176
1
  0
VISUALSTYLE
  5
67
102
{ACAD_REACTORS
330
16
102
}
330
16
100
AcDbVisualStyle
  2
JitterOff
 70
20
177
3
291
1
 70
58
 90
2
176
1
 90
2
176
1
 90
0
176
1
 90
2
176
1
 40
0.6
176
1
 40
30.0
176
1
 62
7
420
16777215
176
1
 90
1
176
1
 90
4
176
1
 62
7
176
1
 62
257
176
1
 90
1
176
1
 90
1
176
1
 40
1.0
176
1
 90
8
176
1
 62
7
176
1
 40
1.0
176
1
 90
1
176
1
 90
6
176
1
 90
2
176
1
 62
7
176
1
 90
5
176
1
 90
0
176
1
 90
0
176
1
290
0
176
1
 90
1
176
1
 40
0.0
176
1
 90
0
176
1
290
0
176
1
290
1
176
1
290
1
176
1
290
0
176
1
290
0
176
1
290
0
176
1
290
0
176
1
290
0
176
1
290
0
176
1
 90
50
176
1
 40
0.0
176
1
 40
1.0
176
1
 90
0
176
1
 62
18
420
0
176
1
 90
50
176
1
 90
3
176
1
 62
5
420
255
176
1
290
0
176
1
 90
50
176
1
 90
50
176
1
 90
50
176
1
290
0
176
1
 90
50
176
1
 62
256
176
0
 40
1.0
176
0
 90
2
176
1
  1
strokes_ogs.tif
176
1
290
0
176
1
 40
1.0
176
1
 40
1.0
176
1
  0
VISUALSTYLE
  5
68
102
{ACAD_REACTORS
330
16
102
}
330
16
100
AcDbVisualStyle
  2
Linepattern
 70
14
177
3
291
1
 70
58
 90
2
176
1
 90
2
176
1
 90
0
176
1
 90
2
176
1
 40
0.6
176
1
 40
30.0
176
1
 62
7
420
16777215
176
1
 90
1
176
1
 90
4
176
1
 62
7
176
1
 62
257
176
1
 90
1
176
1
 90
1
176
1
 40
1.0
176
1
 90
8
176
1
 62
7
176
1
 40
1.0
176
1
 90
1
176
1
 90
6
176
1
 90
2
176
1
 62
7
176
1
 90
5
176
1
 90
0
176
1
 90
0
176
1
290
0
176
1
 90
1
176
1
 40
0.0
176
1
 90
0
176
1
290
0
176
1
290
1
176
1
290
1
176
1
290
0
176
1
290
0
176
1
290
0
176
1
290
0
176
1
290
0
176
1
290
0
176
1
 90
50
176
1
 40
0.0
176
1
 40
1.0
176
1
 90
0
176
1
 62
18
420
0
176
1
 90
50
176
1
 90
3
176
1
 62
5
420
255
176
1
290
0
176
1
 90
50
176
1
 90
50
176
1
 90
50
176
1
290
0
176
1
 90
50
176
1
 62
256
176
0
 40
1.0
176
0
 90
2
176
1
  1
strokes_ogs.tif
176
1
290
0
176
1
 40
1.0
176
1
 40
1.0
176
1
  0
VISUALSTYLE
  5
69
102
{ACAD_REACTORS
330
16
102
}
330
16
100
AcDbVisualStyle
  2
Modeling
 70
10
177
3
291
0
 70
58
 90
2
176
1
 90
2
176
1
 90
0
176
1
 90
2
176
1
 40
0.6
176
1
 40
30.0
176
1
 62
7
420
16777215
176
1
 90
1
176
1
 90
4
176
1
 62
7
176
1
 62
257
176
1
 90
1
176
1
 90
1
176
1
 40
1.0
176
1
 90
8
176
1
 62
7
176
1
 40
1.0
176
1
 90
1
176
1
 90
6
176
1
 90
2
176
1
 62
7
176
1
 90
5
176
1
 90
0
176
1
 90
0
176
1
290
0
176
1
 90
1
176
1
 40
0.0
176
1
 90
0
176
1
290
0
176
1
290
1
176
1
290
1
176
1
290
0
176
1
290
0
176
1
290
0
176
1
290
0
176
1
290
0
176
1
290
0
176
1
 90
50
176
1
 40
0.0
176
1
 40
1.0
176
1
 90
0
176
1
 62
18
420
0
176
1
 90
50
176
1
 90
3
176
1
 62
5
420
255
176
1
290
0
176
1
 90
50
176
1
 90
50
176
1
 90
50
176
1
290
0
176
1
 90
50
176
1
 62
256
176
0
 40
1.0
176
0
 90
2
176
1
  1
strokes_ogs.tif
176
1
290
0
176
1
 40
1.0
176
1
 40
1.0
176
1
  0
VISUALSTYLE
  5
6A
102
{ACAD_REACTORS
330
16
102
}
330
16
100
AcDbVisualStyle
  2
OverhangOff
 70
21
177
3
291
1
 70
58
 90
2
176
1
 90
2
176
1
 90
0
176
1
 90
2
176
1
 40
0.6
176
1
 40
30.0
176
1
 62
7
420
16777215
176
1
 90
1
176
1
 90
4
176
1
 62
7
176
1
 62
257
176
1
 90
1
176
1
 90
1
176
1
 40
1.0
176
1
 90
8
176
1
 62
7
176
1
 40
1.0
176
1
 90
1
176
1
 90
6
176
1
 90
2
176
1
 62
7
176
1
 90
5
176
1
 90
0
176
1
 90
0
176
1
290
0
176
1
 90
1
176
1
 40
0.0
176
1
 90
0
176
1
290
0
176
1
290
1
176
1
290
1
176
1
290
0
176
1
290
0
176
1
290
0
176
1
290
0
176
1
290
0
176
1
290
0
176
1
 90
50
176
1
 40
0.0
176
1
 40
1.0
176
1
 90
0
176
1
 62
18
420
0
176
1
 90
50
176
1
 90
3
176
1
 62
5
420
255
176
1
290
0
176
1
 90
50
176
1
 90
50
176
1
 90
50
176
1
290
0
176
1
 90
50
176
1
 62
256
176
0
 40
1.0
176
0
 90
2
176
1
  1
strokes_ogs.tif
176
1
290
0
176
1
 40
1.0
176
1
 40
1.0
176
1
  0
VISUALSTYLE
  5
6B
102
{ACAD_REACTORS
330
16
102
}
330
16
100
AcDbVisualStyle
  2
Realistic
 70
8
177
3
291
0
 70
58
 90
2
176
1
 90
2
176
1
 90
0
176
1
 90
2
176
1
 40
0.6
176
1
 40
30.0
176
1
 62
7
420
16777215
176
1
 90
1
176
1
 90
4
176
1
 62
7
176
1
 62
257
176
1
 90
1
176
1
 90
1
176
1
 40
1.0
176
1
 90
8
176
1
 62
7
176
1
 40
1.0
176
1
 90
1
176
1
 90
6
176
1
 90
2
176
1
 62
7
176
1
 90
5
176
1
 90
0
176
1
 90
0
176
1
290
0
176
1
 90
1
176
1
 40
0.0
176
1
 90
0
176
1
290
0
176
1
290
1
176
1
290
1
176
1
290
0
176
1
290
0
176
1
290
0
176
1
290
0
176
1
290
0
176
1
290
0
176
1
 90
50
176
1
 40
0.0
176
1
 40
1.0
176
1
 90
0
176
1
 62
18
420
0
176
1
 90
50
176
1
 90
3
176
1
 62
5
420
255
176
1
290
0
176
1
 90
50
176
1
 90
50
176
1
 90
50
176
1
290
0
176
1
 90
50
176
1
 62
256
176
0
 40
1.0
176
0
 90
2
176
1
  1
strokes_ogs.tif
176
1
290
0
176
1
 40
1.0
176
1
 40
1.0
176
1
  0
VISUALSTYLE
  5
6C
102
{ACAD_REACTORS
330
16
102
}
330
16
100
AcDbVisualStyle
  2
Shaded
 70
27
177
3
291
0
 70
58
 90
2
176
1
 90
2
176
1
 90
0
176
1
 90
2
176
1
 40
0.6
176
1
 40
30.0
176
1
 62
7
420
16777215
176
1
 90
1
176
1
 90
4
176
1
 62
7
176
1
 62
257
176
1
 90
1
176
1
 90
1
176
1
 40
1.0
176
1
 90
8
176
1
 62
7
176
1
 40
1.0
176
1
 90
1
176
1
 90
6
176
1
 90
2
176
1
 62
7
176
1
 90
5
176
1
 90
0
176
1
 90
0
176
1
290
0
176
1
 90
1
176
1
 40
0.0
176
1
 90
0
176
1
290
0
176
1
290
1
176
1
290
1
176
1
290
0
176
1
290
0
176
1
290
0
176
1
290
0
176
1
290
0
176
1
290
0
176
1
 90
50
176
1
 40
0.0
176
1
 40
1.0
176
1
 90
0
176
1
 62
18
420
0
176
1
 90
50
176
1
 90
3
176
1
 62
5
420
255
176
1
290
0
176
1
 90
50
176
1
 90
50
176
1
 90
50
176
1
290
0
176
1
 90
50
176
1
 62
256
176
0
 40
1.0
176
0
 90
2
176
1
  1
strokes_ogs.tif
176
1
290
0
176
1
 40
1.0
176
1
 40
1.0
176
1
  0
VISUALSTYLE
  5
6D
102
{ACAD_REACTORS
330
16
102
}
330
16
100
AcDbVisualStyle
  2
Shaded with edges
 70
26
177
3
291
0
 70
58
 90
2
176
1
 90
2
176
1
 90
0
176
1
 90
2
176
1
 40
0.6
176
1
 40
30.0
176
1
 62
7
420
16777215
176
1
 90
1
176
1
 90
4
176
1
 62
7
176
1
 62
257
176
1
 90
1
176
1
 90
1
176
1
 40
1.0
176
1
 90
8
176
1
 62
7
176
1
 40
1.0
176
1
 90
1
176
1
 90
6
176
1
 90
2
176
1
 62
7
176
1
 90
5
176
1
 90
0
176
1
 90
0
176
1
290
0
176
1
 90
1
176
1
 40
0.0
176
1
 90
0
176
1
290
0
176
1
290
1
176
1
290
1
176
1
290
0
176
1
290
0
176
1
290
0
176
1
290
0
176
1
290
0
176
1
290
0
176
1
 90
50
176
1
 40
0.0
176
1
 40
1.0
176
1
 90
0
176
1
 62
18
420
0
176
1
 90
50
176
1
 90
3
176
1
 62
5
420
255
176
1
290
0
176
1
 90
50
176
1
 90
50
176
1
 90
50
176
1
290
0
176
1
 90
50
176
1
 62
256
176
0
 40
1.0
176
0
 90
2
176
1
  1
strokes_ogs.tif
176
1
290
0
176
1
 40
1.0
176
1
 40
1.0
176
1
  0
VISUALSTYLE
  5
6E
102
{ACAD_REACTORS
330
16
102
}
330
16
100
AcDbVisualStyle
  2
Shades of Gray
 70
23
177
3
291
0
 70
58
 90
2
176
1
 90
2
176
1
 90
0
176
1
 90
2
176
1
 40
0.6
176
1
 40
30.0
176
1
 62
7
420
16777215
176
1
 90
1
176
1
 90
4
176
1
 62
7
176
1
 62
257
176
1
 90
1
176
1
 90
1
176
1
 40
1.0
176
1
 90
8
176
1
 62
7
176
1
 40
1.0
176
1
 90
1
176
1
 90
6
176
1
 90
2
176
1
 62
7
176
1
 90
5
176
1
 90
0
176
1
 90
0
176
1
290
0
176
1
 90
1
176
1
 40
0.0
176
1
 90
0
176
1
290
0
176
1
290
1
176
1
290
1
176
1
290
0
176
1
290
0
176
1
290
0
176
1
290
0
176
1
290
0
176
1
290
0
176
1
 90
50
176
1
 40
0.0
176
1
 40
1.0
176
1
 90
0
176
1
 62
18
420
0
176
1
 90
50
176
1
 90
3
176
1
 62
5
420
255
176
1
290
0
176
1
 90
50
176
1
 90
50
176
1
 90
50
176
1
290
0
176
1
 90
50
176
1
 62
256
176
0
 40
1.0
176
0
 90
2
176
1
  1
strokes_ogs.tif
176
1
290
0
176
1
 40
1.0
176
1
 40
1.0
176
1
  0
VISUALSTYLE
  5
6F
102
{ACAD_REACTORS
330
16
102
}
330
16
100
AcDbVisualStyle
  2
Sketchy
 70
24
177
3
291
0
 70
58
 90
2
176
1
 90
2
176
1
 90
0
176
1
 90
1
176
1
 40
0.6
176
1
 40
30.0
176
1
 62
7
420
16777215
176
1
 90
1
176
1
 90
4
176
1
 62
7
176
1
 62
257
176
1
 90
1
176
1
 90
1
176
1
 40
1.0
176
1
 90
8
176
1
 62
7
176
1
 40
1.0
176
1
 90
1
176
1
 90
6
176
1
 90
2
176
1
 62
7
176
1
 90
5
176
1
 90
0
176
1
 90
0
176
1
290
0
176
1
 90
1
176
1
 40
0.0
176
1
 90
0
176
1
290
0
176
1
290
1
176
1
290
1
176
1
290
0
176
1
290
0
176
1
290
0
176
1
290
0
176
1
290
0
176
1
290
0
176
1
 90
50
176
1
 40
0.0
176
1
 40
1.0
176
1
 90
0
176
1
 62
18
420
0
176
1
 90
50
176
1
 90
3
176
1
 62
5
420
255
176
1
290
0
176
1
 90
50
176
1
 90
50
176
1
 90
50
176
1
290
0
176
1
 90
50
176
1
 62
256
176
0
 40
1.0
176
0
 90
2
176
1
  1
strokes_ogs.tif
176
1
290
0
176
1
 40
1.0
176
1
 40
1.0
176
1
  0
VISUALSTYLE
  5
70
102
{ACAD_REACTORS
330
16
102
}
330
16
100
AcDbVisualStyle
  2
Thicken
 70
13
177
3
291
1
 70
58
 90
2
176
1
 90
2
176
1
 90
0
176
1
 90
2
176
1
 40
0.6
176
1
 40
30.0
176
1
 62
7
420
16777215
176
1
 90
1
176
1
 90
4
176
1
 62
7
176
1
 62
257
176
1
 90
1
176
1
 90
1
176
1
 40
1.0
176
1
 90
8
176
1
 62
7
176
1
 40
1.0
176
1
 90
1
176
1
 90
6
176
1
 90
2
176
1
 62
7
176
1
 90
5
176
1
 90
0
176
1
 90
0
176
1
290
0
176
1
 90
1
176
1
 40
0.0
176
1
 90
0
176
1
290
0
176
1
290
1
176
1
290
1
176
1
290
0
176
1
290
0
176
1
290
0
176
1
290
0
176
1
290
0
176
1
290
0
176
1
 90
50
176
1
 40
0.0
176
1
 40
1.0
176
1
 90
0
176
1
 62
18
420
0
176
1
 90
50
176
1
 90
3
176
1
 62
5
420
255
176
1
290
0
176
1
 90
50
176
1
 90
50
176
1
 90
50
176
1
290
0
176
1
 90
50
176
1
 62
256
176
0
 40
1.0
176
0
 90
2
176
1
  1
strokes_ogs.tif
176
1
290
0
176
1
 40
1.0
176
1
 40
1.0
176
1
  0
VISUALSTYLE
  5
71
102
{ACAD_REACTORS
330
16
102
}
330
16
100
AcDbVisualStyle
  2
Wireframe
 70
5
177
3
291
0
 70
58
 90
2
176
1
 90
2
176
1
 90
0
176
1
 90
0
176
1
 40
0.6
176
1
 40
30.0
176
1
 62
7
420
16777215
176
1
 90
1
176
1
 90
4
176
1
 62
7
176
1
 62
257
176
1
 90
1
176
1
 90
1
176
1
 40
1.0
176
1
 90
8
176
1
 62
7
176
1
 40
1.0
176
1
 90
1
176
1
 90
6
176
1
 90
2
176
1
 62
7
176
1
 90
5
176
1
 90
0
176
1
 90
0
176
1
290
0
176
1
 90
1
176
1
 40
0.0
176
1
 90
0
176
1
290
0
176
1
290
1
176
1
290
1
176
1
290
0
176
1
290
0
176
1
290
0
176
1
290
0
176
1
290
0
176
1
290
0
176
1
 90
50
176
1
 40
0.0
176
1
 40
1.0
176
1
 90
0
176
1
 62
18
420
0
176
1
 90
50
176
1
 90
3
176
1
 62
5
420
255
176
1
290
0
176
1
 90
50
176
1
 90
50
176
1
 90
50
176
1
290
0
176
1
 90
50
176
1
 62
256
176
0
 40
1.0
176
0
 90
2
176
1
  1
strokes_ogs.tif
176
1
290
0
176
1
 40
1.0
176
1
 40
1.0
176
1
  0
VISUALSTYLE
  5
72
102
{ACAD_REACTORS
330
16
102
}
330
16
100
AcDbVisualStyle
  2
X-Ray
 70
25
177
3
291
0
 70
58
 90
2
176
1
 90
2
176
1
 90
0
176
1
 90
2
176
1
 40
0.5
176
1
 40
30.0
176
1
 62
7
420
16777215
176
1
 90
1
176
1
 90
4
176
1
 62
7
176
1
 62
257
176
1
 90
1
176
1
 90
1
176
1
 40
1.0
176
1
 90
8
176
1
 62
7
176
1
 40
1.0
176
1
 90
1
176
1
 90
6
176
1
 90
2
176
1
 62
7
176
1
 90
5
176
1
 90
0
176
1
 90
0
176
1
290
0
176
1
 90
1
176
1
 40
0.0
176
1
 90
0
176
1
290
0
176
1
290
1
176
1
290
1
176
1
290
0
176
1
290
0
176
1
290
0
176
1
290
0
176
1
290
0
176
1
290
0
176
1
 90
50
176
1
 40
0.0
176
1
 40
1.0
176
1
 90
0
176
1
 62
18
420
0
176
1
 90
50
176
1
 90
3
176
1
 62
5
420
255
176
1
290
0
176
1
 90
50
176
1
 90
50
176
1
 90
50
176
1
290
0
176
1
 90
50
176
1
 62
256
176
0
 40
1.0
176
0
 90
2
176
1
  1
strokes_ogs.tif
176
1
290
0
176
1
 40
1.0
176
1
 40
1.0
176
1
  0
DICTIONARYVAR
  5
641
330
2D
100
DictionaryVariables
280
0
  1
1.4.4 @ 2026-07-15T16:54:46.510881+00:00
  0
ENDSEC
  0
EOF
