ISO-10303-21;
HEADER;
FILE_DESCRIPTION (( 'STEP AP203' ),
    '1' );
FILE_NAME ('FD-000_main_assembly.STEP',
    '2026-07-28T17:42:14',
    ( '' ),
    ( '' ),
    'SwSTEP 2.0',
    'SolidWorks 2023',
    '' );
FILE_SCHEMA (( 'CONFIG_CONTROL_DESIGN' ));
ENDSEC;

DATA;
#1 = AXIS2_PLACEMENT_3D ( 'NONE', #7723, #10267, #1161 ) ;
#2 = CYLINDRICAL_SURFACE ( 'NONE', #12006, 4.915704387990778024 ) ;
#3 = PERSON_AND_ORGANIZATION ( #2011, #2802 ) ;
#5 = ORIENTED_EDGE ( 'NONE', *, *, #1025, .T. ) ;
#4 = VERTEX_POINT ( 'NONE', #7883 ) ;
#6 = ORIENTED_EDGE ( 'NONE', *, *, #6190, .F. ) ;
#7 = ORIENTED_EDGE ( 'NONE', *, *, #1799, .T. ) ;
#8 = EDGE_CURVE ( 'NONE', #5513, #863, #10670, .T. ) ;
#9 = CARTESIAN_POINT ( 'NONE',  ( 75.00000000000000000, 0.000000000000000000, 55.00000000000000000 ) ) ;
#10 = CARTESIAN_POINT ( 'NONE',  ( -280.0000000000000000, 12.00000000000000000, -13.00000000000000000 ) ) ;
#11 = CC_DESIGN_SECURITY_CLASSIFICATION ( #10471, ( #199 ) ) ;
#12 = AXIS2_PLACEMENT_3D ( 'NONE', #4645, #687, #2882 ) ;
#13 = EDGE_CURVE ( 'NONE', #8490, #7720, #1434, .T. ) ;
#14 = CARTESIAN_POINT ( 'NONE',  ( 55.00000000000000000, 0.000000000000000000, 17.00000000000000000 ) ) ;
#15 = ORIENTED_EDGE ( 'NONE', *, *, #6077, .T. ) ;
#16 = DIRECTION ( 'NONE',  ( 0.000000000000000000, 0.000000000000000000, 1.000000000000000000 ) ) ;
#17 = APPROVAL_ROLE ( '' ) ;
#18 = CC_DESIGN_APPROVAL ( #10284, ( #2571 ) ) ;
#19 = VECTOR ( 'NONE', #11156, 1000.000000000000000 ) ;
#20 = ORIENTED_EDGE ( 'NONE', *, *, #6662, .T. ) ;
#21 = COORDINATED_UNIVERSAL_TIME_OFFSET ( 8, 0, .AHEAD. ) ;
#22 = ORIENTED_EDGE ( 'NONE', *, *, #9302, .F. ) ;
#23 = EDGE_CURVE ( 'NONE', #11751, #10763, #6099, .T. ) ;
#24 = CC_DESIGN_APPROVAL ( #3470, ( #7981 ) ) ;
#25 = PLANE ( 'NONE',  #1554 ) ;
#26 = APPROVAL_PERSON_ORGANIZATION ( #4795, #10007, #9312 ) ;
#27 = DIRECTION ( 'NONE',  ( -0.000000000000000000, -1.000000000000000000, -0.000000000000000000 ) ) ;
#28 = DIRECTION ( 'NONE',  ( 0.000000000000000000, 1.000000000000000000, 0.000000000000000000 ) ) ;
#29 = SHAPE_REPRESENTATION_RELATIONSHIP ( 'NONE' , 'NONE' ,  #8884, #8259 ) ;
#30 = CARTESIAN_POINT ( 'NONE',  ( -35.00000000000000000, 18.00000000000000000, -10.00000000000000000 ) ) ;
#31 = VERTEX_POINT ( 'NONE', #8182 ) ;
#32 = CALENDAR_DATE ( 2026, 29, 7 ) ;
#33 = CONTEXT_DEPENDENT_SHAPE_REPRESENTATION ( #558, #1859 ) ;
#34 = CC_DESIGN_SECURITY_CLASSIFICATION ( #11094, ( #12042 ) ) ;
#35 = APPROVAL_PERSON_ORGANIZATION ( #3839, #10531, #10398 ) ;
#36 = EDGE_CURVE ( 'NONE', #7459, #6489, #10166, .T. ) ;
#37 = CARTESIAN_POINT ( 'NONE',  ( 0.000000000000000000, 12.00000000000000000, 0.000000000000000000 ) ) ;
#38 = ADVANCED_FACE ( 'NONE', ( #11031 ), #2803, .F. ) ;
#39 = DIRECTION ( 'NONE',  ( 0.000000000000000000, 0.000000000000000000, -1.000000000000000000 ) ) ;
#40 = PRODUCT_DEFINITION_SHAPE ( 'NONE', 'NONE',  #12030 ) ;
#41 = CARTESIAN_POINT ( 'NONE',  ( -55.00000000000000000, 0.000000000000000000, 17.00000000000000000 ) ) ;
#42 = ADVANCED_FACE ( 'NONE', ( #9193 ), #4399, .T. ) ;
#43 = DIRECTION ( 'NONE',  ( 0.000000000000000000, -0.000000000000000000, 1.000000000000000000 ) ) ;
#44 = LINE ( 'NONE', #6699, #5970 ) ;
#45 = APPROVAL_PERSON_ORGANIZATION ( #5569, #11957, #10154 ) ;
#46 = CARTESIAN_POINT ( 'NONE',  ( 29.94973070017960382, 18.00000000000000000, -18.51795332136457262 ) ) ;
#47 = CARTESIAN_POINT ( 'NONE',  ( 0.000000000000000000, 24.00000000000000000, 0.000000000000000000 ) ) ;
#48 = COORDINATED_UNIVERSAL_TIME_OFFSET ( 8, 0, .AHEAD. ) ;
#50 = ORIENTED_EDGE ( 'NONE', *, *, #7642, .F. ) ;
#49 = ADVANCED_FACE ( 'NONE', ( #3669 ), #8122, .F. ) ;
#51 = EDGE_LOOP ( 'NONE', ( #6493, #9656, #10992, #3198 ) ) ;
#52 = CARTESIAN_POINT ( 'NONE',  ( 0.000000000000000000, 22.00000000000000000, 0.000000000000000000 ) ) ;
#53 = DIRECTION ( 'NONE',  ( 0.000000000000000000, 0.000000000000000000, -1.000000000000000000 ) ) ;
#54 = CARTESIAN_POINT ( 'NONE',  ( 120.1043392264672747, 0.000000000000000000, -49.74884620746167485 ) ) ;
#55 = LINE ( 'NONE', #6306, #5415 ) ;
#56 = DIRECTION ( 'NONE',  ( 0.000000000000000000, 0.000000000000000000, 1.000000000000000000 ) ) ;
#57 = APPROVAL_ROLE ( '' ) ;
#58 = DIRECTION ( 'NONE',  ( 1.000000000000000000, 0.000000000000000000, 0.000000000000000000 ) ) ;
#59 = CC_DESIGN_PERSON_AND_ORGANIZATION_ASSIGNMENT ( #9918, #4384, ( #10684 ) ) ;
#60 = CIRCLE ( 'NONE', #6253, 4.500000000000017764 ) ;
#61 = CARTESIAN_POINT ( 'NONE',  ( 18.12278137398209310, 85.00000000000000000, -13.83921486740450746 ) ) ;
#62 = CC_DESIGN_PERSON_AND_ORGANIZATION_ASSIGNMENT ( #8410, #3845, ( #10095 ) ) ;
#64 = VERTEX_POINT ( 'NONE', #3556 ) ;
#63 = ORIENTED_EDGE ( 'NONE', *, *, #3052, .F. ) ;
#65 = VERTEX_POINT ( 'NONE', #6332 ) ;
#66 = LINE ( 'NONE', #9228, #8846 ) ;
#67 = DIRECTION ( 'NONE',  ( 1.000000000000000000, 0.000000000000000000, 0.000000000000000000 ) ) ;
#68 = CARTESIAN_POINT ( 'NONE',  ( -53.88728323699420741, 18.00000000000000000, 39.51734104046241924 ) ) ;
#69 = ORIENTED_EDGE ( 'NONE', *, *, #7679, .T. ) ;
#70 = APPROVAL ( #4308, 'æœª' ) ;
#71 = DIRECTION ( 'NONE',  ( -0.000000000000000000, -1.000000000000000000, -0.000000000000000000 ) ) ;
#72 = CALENDAR_DATE ( 2026, 29, 7 ) ;
#73 = ORIENTED_EDGE ( 'NONE', *, *, #638, .F. ) ;
#74 = APPROVAL_DATE_TIME ( #5683, #8511 ) ;
#75 = ORIENTED_EDGE ( 'NONE', *, *, #1260, .F. ) ;
#76 = EDGE_CURVE ( 'NONE', #6837, #1422, #1782, .T. ) ;
#77 = LINE ( 'NONE', #3041, #9699 ) ;
#78 = DIRECTION ( 'NONE',  ( 0.000000000000000000, 1.000000000000000000, 0.000000000000000000 ) ) ;
#79 = ORIENTED_EDGE ( 'NONE', *, *, #11575, .F. ) ;
#80 = DIRECTION ( 'NONE',  ( -0.000000000000000000, 1.000000000000000000, -0.000000000000000000 ) ) ;
#81 =( LENGTH_UNIT ( ) NAMED_UNIT ( * ) SI_UNIT ( .MILLI., .METRE. ) );
#82 = DIRECTION ( 'NONE',  ( -0.000000000000000000, -1.000000000000000000, -0.000000000000000000 ) ) ;
#83 = ORIENTED_EDGE ( 'NONE', *, *, #6011, .F. ) ;
#84 = APPROVAL_ROLE ( '' ) ;
#85 = APPROVAL_DATE_TIME ( #2001, #10007 ) ;
#86 = ADVANCED_FACE ( 'NONE', ( #10110 ), #10048, .F. ) ;
#87 = AXIS2_PLACEMENT_3D ( 'NONE', #1676, #2585, #4462 ) ;
#88 = LINE ( 'NONE', #7493, #11385 ) ;
#89 = CYLINDRICAL_SURFACE ( 'NONE', #3462, 5.612716763005752618 ) ;
#90 = ITEM_DEFINED_TRANSFORMATION ( 'NONE', 'NONE', #4909,  #2596 ) ;
#91 = LINE ( 'NONE', #41, #5392 ) ;
#92 = DIRECTION ( 'NONE',  ( 0.000000000000000000, 1.000000000000000000, 0.000000000000000000 ) ) ;
#93 = FACE_OUTER_BOUND ( 'NONE', #8210, .T. ) ;
#94 = CARTESIAN_POINT ( 'NONE',  ( 50.22628862590825349, 18.00000000000000000, 0.000000000000000000 ) ) ;
#95 = DATE_TIME_ROLE ( 'creation_date' ) ;
#96 = VECTOR ( 'NONE', #1239, 1000.000000000000000 ) ;
#97 = EDGE_CURVE ( 'NONE', #7181, #1137, #4626, .T. ) ;
#98 = ORGANIZATION ( 'NAUO-ORG29', 'UNSPECIFIED', 'UNSPECIFIED' ) ;
#99 = ORIENTED_EDGE ( 'NONE', *, *, #11143, .T. ) ;
#100 = ORIENTED_EDGE ( 'NONE', *, *, #306, .T. ) ;
#101 = DIRECTION ( 'NONE',  ( -1.000000000000000000, 0.000000000000000000, 0.000000000000000000 ) ) ;
#102 = DIRECTION ( 'NONE',  ( 0.000000000000000000, 0.000000000000000000, 1.000000000000000000 ) ) ;
#103 = LINE ( 'NONE', #7336, #4252 ) ;
#104 = VERTEX_POINT ( 'NONE', #4571 ) ;
#105 = VECTOR ( 'NONE', #8345, 1000.000000000000000 ) ;
#106 = CC_DESIGN_APPROVAL ( #3017, ( #7480 ) ) ;
#107 = DIRECTION ( 'NONE',  ( 1.000000000000000000, 0.000000000000000000, 0.000000000000000000 ) ) ;
#108 = DIRECTION ( 'NONE',  ( -0.000000000000000000, -1.000000000000000000, -0.000000000000000000 ) ) ;
#109 = CALENDAR_DATE ( 2026, 29, 7 ) ;
#110 = EDGE_CURVE ( 'NONE', #10140, #11738, #8295, .T. ) ;
#111 = DIRECTION ( 'NONE',  ( 0.000000000000000000, 0.000000000000000000, 1.000000000000000000 ) ) ;
#112 = VECTOR ( 'NONE', #71, 1000.000000000000000 ) ;
#114 = ORIENTED_EDGE ( 'NONE', *, *, #10249, .F. ) ;
#113 = EDGE_LOOP ( 'NONE', ( #4481, #7808 ) ) ;
#115 = CC_DESIGN_APPROVAL ( #3131, ( #11581 ) ) ;
#116 = AXIS2_PLACEMENT_3D ( 'NONE', #10594, #2260, #5956 ) ;
#117 = ORIENTED_EDGE ( 'NONE', *, *, #4593, .T. ) ;
#118 = DIRECTION ( 'NONE',  ( 0.000000000000000000, 0.000000000000000000, -1.000000000000000000 ) ) ;
#119 = CYLINDRICAL_SURFACE ( 'NONE', #2668, 6.999999999999992006 ) ;
#120 = ORIENTED_EDGE ( 'NONE', *, *, #5018, .F. ) ;
#121 = EDGE_LOOP ( 'NONE', ( #4663, #9097 ) ) ;
#122 = CARTESIAN_POINT ( 'NONE',  ( 30.00000000000000000, 0.000000000000000000, -30.00000000000000000 ) ) ;
#123 = EDGE_CURVE ( 'NONE', #7831, #4023, #7396, .T. ) ;
#124 = CARTESIAN_POINT ( 'NONE',  ( 163.1999999999999886, 42.00000000000000000, 56.99999999999999289 ) ) ;
#125 = ORIENTED_EDGE ( 'NONE', *, *, #10802, .T. ) ;
#126 = CARTESIAN_POINT ( 'NONE',  ( -55.15432893255070468, 0.000000000000000000, -60.65432893255069757 ) ) ;
#127 = PERSON_AND_ORGANIZATION ( #2011, #2802 ) ;
#128 = ORIENTED_EDGE ( 'NONE', *, *, #4420, .F. ) ;
#129 = DATE_TIME_ROLE ( 'classification_date' ) ;
#130 = ORIENTED_EDGE ( 'NONE', *, *, #11945, .F. ) ;
#131 = PRODUCT_RELATED_PRODUCT_CATEGORY ( 'detail', '', ( #1400 ) ) ;
#132 = PRODUCT_RELATED_PRODUCT_CATEGORY ( 'detail', '', ( #4479 ) ) ;
#133 = UNCERTAINTY_MEASURE_WITH_UNIT (LENGTH_MEASURE( 1.000000000000000082E-05 ), #154, 'distance_accuracy_value', 'NONE');
#134 = DIRECTION ( 'NONE',  ( 0.000000000000000000, 0.000000000000000000, 1.000000000000000000 ) ) ;
#135 = CARTESIAN_POINT ( 'NONE',  ( 0.000000000000000000, 14.00000000000000000, 0.000000000000000000 ) ) ;
#136 = CARTESIAN_POINT ( 'NONE',  ( 50.22628862590825349, 28.00000000000000000, 35.26296589018186012 ) ) ;
#137 = ADVANCED_BREP_SHAPE_REPRESENTATION ( '', ( #11001, #2596 ), #10771 ) ;
#138 = DIRECTION ( 'NONE',  ( 0.000000000000000000, 0.000000000000000000, 1.000000000000000000 ) ) ;
#139 = ORIENTED_EDGE ( 'NONE', *, *, #1113, .T. ) ;
#140 = EDGE_CURVE ( 'NONE', #3697, #10262, #2815, .T. ) ;
#141 = APPROVAL_STATUS ( 'not_yet_approved' ) ;
#142 = AXIS2_PLACEMENT_3D ( 'NONE', #10752, #9773, #5262 ) ;
#143 = DIRECTION ( 'NONE',  ( 0.000000000000000000, 0.000000000000000000, -1.000000000000000000 ) ) ;
#144 = CC_DESIGN_PERSON_AND_ORGANIZATION_ASSIGNMENT ( #9696, #4041, ( #6316 ) ) ;
#146 = AXIS2_PLACEMENT_3D ( 'NONE', #6811, #2693, #11097 ) ;
#145 = FACE_OUTER_BOUND ( 'NONE', #2323, .T. ) ;
#147 = PERSON_AND_ORGANIZATION ( #9991, #3700 ) ;
#148 = FACE_BOUND ( 'NONE', #2763, .T. ) ;
#149 =( REPRESENTATION_RELATIONSHIP ('NONE','NONE', #3053, #1030 ) REPRESENTATION_RELATIONSHIP_WITH_TRANSFORMATION ( #10836 )SHAPE_REPRESENTATION_RELATIONSHIP( ) );
#150 = AXIS2_PLACEMENT_3D ( 'NONE', #2367, #6065, #4322 ) ;
#151 = ADVANCED_FACE ( 'NONE', ( #6274 ), #9083, .F. ) ;
#152 = DIRECTION ( 'NONE',  ( 0.000000000000000000, 0.000000000000000000, 1.000000000000000000 ) ) ;
#153 = LINE ( 'NONE', #2809, #11847 ) ;
#154 =( LENGTH_UNIT ( ) NAMED_UNIT ( * ) SI_UNIT ( .MILLI., .METRE. ) );
#155 = LINE ( 'NONE', #1958, #5317 ) ;
#156 = COORDINATED_UNIVERSAL_TIME_OFFSET ( 8, 0, .AHEAD. ) ;
#157 = VECTOR ( 'NONE', #7521, 1000.000000000000000 ) ;
#158 = AXIS2_PLACEMENT_3D ( 'NONE', #3394, #2471, #2532 ) ;
#159 = CIRCLE ( 'NONE', #2287, 4.500000000000017764 ) ;
#160 = ORIENTED_EDGE ( 'NONE', *, *, #7722, .F. ) ;
#161 = CARTESIAN_POINT ( 'NONE',  ( 0.000000000000000000, 12.00000000000000000, -41.00000000000000000 ) ) ;
#162 = FACE_OUTER_BOUND ( 'NONE', #7116, .T. ) ;
#163 = FACE_OUTER_BOUND ( 'NONE', #6877, .T. ) ;
#164 = ORIENTED_EDGE ( 'NONE', *, *, #6259, .T. ) ;
#165 = ADVANCED_FACE ( 'NONE', ( #6510, #9253, #8349, #3728, #11151 ), #5296, .T. ) ;
#166 = DIRECTION ( 'NONE',  ( -1.000000000000000000, 0.000000000000000000, 0.000000000000000000 ) ) ;
#167 = CARTESIAN_POINT ( 'NONE',  ( 51.28027681660910275, 72.00000000000000000, 27.34948096885814550 ) ) ;
#168 = VECTOR ( 'NONE', #7148, 1000.000000000000000 ) ;
#169 = CALENDAR_DATE ( 2026, 29, 7 ) ;
#170 = CARTESIAN_POINT ( 'NONE',  ( 0.000000000000000000, 0.000000000000000000, 0.000000000000000000 ) ) ;
#171 = DIRECTION ( 'NONE',  ( 0.000000000000000000, 0.000000000000000000, -1.000000000000000000 ) ) ;
#172 = VECTOR ( 'NONE', #10222, 1000.000000000000000 ) ;
#174 = VERTEX_POINT ( 'NONE', #11841 ) ;
#173 = EDGE_LOOP ( 'NONE', ( #3187, #2248 ) ) ;
#175 = ORIENTED_EDGE ( 'NONE', *, *, #11179, .T. ) ;
#176 = AXIS2_PLACEMENT_3D ( 'NONE', #4730, #11022, #10101 ) ;
#177 = CARTESIAN_POINT ( 'NONE',  ( 40.00000000000000000, 60.00000000000000000, 20.00000000000000000 ) ) ;
#178 = EDGE_CURVE ( 'NONE', #3101, #4372, #6122, .T. ) ;
#179 = DIRECTION ( 'NONE',  ( 0.000000000000000000, 1.000000000000000000, 0.000000000000000000 ) ) ;
#180 = CARTESIAN_POINT ( 'NONE',  ( 0.000000000000000000, 170.0000000000000000, 0.000000000000000000 ) ) ;
#181 = EDGE_CURVE ( 'NONE', #6675, #8683, #768, .T. ) ;
#182 = CARTESIAN_POINT ( 'NONE',  ( -165.0000000000000000, 14.00000000000000000, -165.0000000000000000 ) ) ;
#183 = AXIS2_PLACEMENT_3D ( 'NONE', #8580, #3950, #7662 ) ;
#184 = FACE_OUTER_BOUND ( 'NONE', #7734, .T. ) ;
#185 = ORIENTED_EDGE ( 'NONE', *, *, #3129, .T. ) ;
#186 = CIRCLE ( 'NONE', #6978, 5.000000000000000000 ) ;
#187 = DIRECTION ( 'NONE',  ( 0.000000000000000000, 1.000000000000000000, 0.000000000000000000 ) ) ;
#188 = APPROVAL_STATUS ( 'not_yet_approved' ) ;
#189 = SHAPE_REPRESENTATION ( 'FD-005_bowl_drive', ( #2596 ), #2414 ) ;
#190 = EDGE_LOOP ( 'NONE', ( #3299, #1032, #10153, #2588 ) ) ;
#191 = DATE_AND_TIME ( #6552, #3531 ) ;
#192 = EDGE_LOOP ( 'NONE', ( #4312, #10553, #3685, #10002 ) ) ;
#193 = VECTOR ( 'NONE', #755, 1000.000000000000000 ) ;
#194 = EDGE_CURVE ( 'NONE', #1467, #5539, #3991, .T. ) ;
#195 = FACE_OUTER_BOUND ( 'NONE', #6793, .T. ) ;
#196 = VERTEX_POINT ( 'NONE', #8652 ) ;
#197 = CARTESIAN_POINT ( 'NONE',  ( 163.1999999999999886, 42.00000000000000000, -46.99999999999999289 ) ) ;
#198 = CARTESIAN_POINT ( 'NONE',  ( 11.00000000000000000, 10.00000000000000000, -45.58891454965356616 ) ) ;
#199 = PRODUCT_DEFINITION_FORMATION_WITH_SPECIFIED_SOURCE ( 'ä»', '', #1193, .NOT_KNOWN. ) ;
#200 =( LENGTH_UNIT ( ) NAMED_UNIT ( * ) SI_UNIT ( .MILLI., .METRE. ) );
#201 = VECTOR ( 'NONE', #953, 1000.000000000000000 ) ;
#202 = CARTESIAN_POINT ( 'NONE',  ( -170.0000000000000000, 0.000000000000000000, -65.00000000000000000 ) ) ;
#203 = ORIENTED_EDGE ( 'NONE', *, *, #2945, .F. ) ;
#204 = APPROVAL_DATE_TIME ( #6452, #11889 ) ;
#205 = CC_DESIGN_PERSON_AND_ORGANIZATION_ASSIGNMENT ( #7545, #4734, ( #1193 ) ) ;
#206 = LINE ( 'NONE', #7612, #11132 ) ;
#207 = PERSON_AND_ORGANIZATION ( #728, #2154 ) ;
#208 = LOCAL_TIME ( 1, 42, 14.00000000000000000, #9252 ) ;
#209 = LINE ( 'NONE', #8464, #892 ) ;
#210 = LOCAL_TIME ( 1, 42, 14.00000000000000000, #5383 ) ;
#211 = DIRECTION ( 'NONE',  ( -0.000000000000000000, -1.000000000000000000, -0.000000000000000000 ) ) ;
#212 = COORDINATED_UNIVERSAL_TIME_OFFSET ( 8, 0, .AHEAD. ) ;
#213 = DIRECTION ( 'NONE',  ( 0.000000000000000000, 0.000000000000000000, -1.000000000000000000 ) ) ;
#214 = DIRECTION ( 'NONE',  ( 0.000000000000000000, 0.000000000000000000, 1.000000000000000000 ) ) ;
#215 = DIRECTION ( 'NONE',  ( 0.000000000000000000, 1.000000000000000000, 0.000000000000000000 ) ) ;
#216 = CARTESIAN_POINT ( 'NONE',  ( 55.00000000000000000, 18.00000000000000000, 44.01734104046241924 ) ) ;
#217 = APPROVAL_PERSON_ORGANIZATION ( #3803, #4566, #9457 ) ;
#218 = APPROVAL_ROLE ( '' ) ;
#219 = CC_DESIGN_SECURITY_CLASSIFICATION ( #3691, ( #7984 ) ) ;
#220 = EDGE_CURVE ( 'NONE', #8557, #8735, #6501, .T. ) ;
#221 = DATE_AND_TIME ( #9510, #9314 ) ;
#222 = ORIENTED_EDGE ( 'NONE', *, *, #3945, .T. ) ;
#223 = VERTEX_POINT ( 'NONE', #4916 ) ;
#224 = DIRECTION ( 'NONE',  ( 0.000000000000000000, 1.000000000000000000, 0.000000000000000000 ) ) ;
#225 = DIRECTION ( 'NONE',  ( 0.000000000000000000, 1.000000000000000000, 0.000000000000000000 ) ) ;
#226 = EDGE_CURVE ( 'NONE', #4487, #10140, #1104, .T. ) ;
#227 = CARTESIAN_POINT ( 'NONE',  ( -500.0000000000000000, 18.00000000000000000, 325.0000000000000000 ) ) ;
#228 = ORIENTED_EDGE ( 'NONE', *, *, #3459, .T. ) ;
#229 = APPROVAL_PERSON_ORGANIZATION ( #5828, #10542, #2133 ) ;
#230 = PRODUCT_DEFINITION_SHAPE ( 'NONE', 'NONE',  #10440 ) ;
#231 = LINE ( 'NONE', #3009, #11470 ) ;
#232 = PLANE ( 'NONE',  #8380 ) ;
#233 = APPROVAL_DATE_TIME ( #3012, #3470 ) ;
#234 = CYLINDRICAL_SURFACE ( 'NONE', #11030, 1.223591395445790209 ) ;
#235 = VECTOR ( 'NONE', #10503, 1000.000000000000000 ) ;
#237 = ORIENTED_EDGE ( 'NONE', *, *, #9153, .F. ) ;
#236 = VERTEX_POINT ( 'NONE', #11214 ) ;
#238 = ADVANCED_FACE ( 'NONE', ( #7676 ), #6692, .F. ) ;
#239 = ORIENTED_EDGE ( 'NONE', *, *, #9006, .T. ) ;
#240 = CARTESIAN_POINT ( 'NONE',  ( 280.0000000000000000, 12.00000000000000000, -38.00000000000000000 ) ) ;
#241 = CARTESIAN_POINT ( 'NONE',  ( -170.0000000000000000, 0.000000000000000000, 65.00000000000000000 ) ) ;
#242 = CARTESIAN_POINT ( 'NONE',  ( 0.000000000000000000, 560.0000000000000000, 0.000000000000000000 ) ) ;
#243 = VERTEX_POINT ( 'NONE', #5766 ) ;
#244 = VERTEX_POINT ( 'NONE', #2983 ) ;
#245 = CARTESIAN_POINT ( 'NONE',  ( 450.0000000000000000, 8.000000000000000000, 210.0000000000000000 ) ) ;
#246 = AXIS2_PLACEMENT_3D ( 'NONE', #3278, #4414, #2420 ) ;
#247 = VERTEX_POINT ( 'NONE', #10467 ) ;
#248 = CARTESIAN_POINT ( 'NONE',  ( 40.00000000000000000, 0.000000000000000000, -3.500000000000000000 ) ) ;
#249 = VERTEX_POINT ( 'NONE', #6568 ) ;
#250 = CARTESIAN_POINT ( 'NONE',  ( 0.000000000000000000, 60.00000000000000000, 0.000000000000000000 ) ) ;
#251 = DATE_AND_TIME ( #9726, #2905 ) ;
#252 = ADVANCED_FACE ( 'NONE', ( #4797 ), #3054, .T. ) ;
#253 = VERTEX_POINT ( 'NONE', #9499 ) ;
#254 = CONTEXT_DEPENDENT_SHAPE_REPRESENTATION ( #4860, #11989 ) ;
#255 = ORIENTED_EDGE ( 'NONE', *, *, #6224, .F. ) ;
#256 = VECTOR ( 'NONE', #11608, 1000.000000000000000 ) ;
#257 = ORIENTED_EDGE ( 'NONE', *, *, #10061, .T. ) ;
#258 = CARTESIAN_POINT ( 'NONE',  ( 9.184850993605147944E-16, 44.00000000000000000, 7.500000000000000000 ) ) ;
#259 = CARTESIAN_POINT ( 'NONE',  ( -11.00000000000000000, 0.000000000000000000, 15.58891454965356793 ) ) ;
#260 = DIRECTION ( 'NONE',  ( -0.000000000000000000, -1.000000000000000000, -0.000000000000000000 ) ) ;
#261 = EDGE_CURVE ( 'NONE', #722, #5089, #4029, .T. ) ;
#262 = CARTESIAN_POINT ( 'NONE',  ( -165.0000000000000000, 14.00000000000000000, 165.0000000000000000 ) ) ;
#263 = ADVANCED_FACE ( 'NONE', ( #3966, #6758, #7737, #2003, #11339, #1948 ), #5587, .F. ) ;
#264 = ORIENTED_EDGE ( 'NONE', *, *, #5302, .T. ) ;
#265 = PERSON_AND_ORGANIZATION ( #2011, #2802 ) ;
#266 = DIRECTION ( 'NONE',  ( 0.000000000000000000, 0.000000000000000000, 1.000000000000000000 ) ) ;
#267 = PERSON_AND_ORGANIZATION_ROLE ( 'classification_officer' ) ;
#268 = DIRECTION ( 'NONE',  ( -1.000000000000000000, 0.000000000000000000, 0.000000000000000000 ) ) ;
#269 = CALENDAR_DATE ( 2026, 29, 7 ) ;
#270 = LINE ( 'NONE', #4977, #5002 ) ;
#271 = CC_DESIGN_PERSON_AND_ORGANIZATION_ASSIGNMENT ( #5017, #3099, ( #10695 ) ) ;
#272 = VERTEX_POINT ( 'NONE', #5835 ) ;
#273 = AXIS2_PLACEMENT_3D ( 'NONE', #2250, #11644, #9671 ) ;
#274 = LINE ( 'NONE', #4100, #10967 ) ;
#275 = CC_DESIGN_PERSON_AND_ORGANIZATION_ASSIGNMENT ( #8104, #10776, ( #2147 ) ) ;
#276 = DIRECTION ( 'NONE',  ( -0.000000000000000000, -1.000000000000000000, -0.000000000000000000 ) ) ;
#277 = EDGE_CURVE ( 'NONE', #1651, #1231, #9226, .T. ) ;
#278 = DIRECTION ( 'NONE',  ( -0.000000000000000000, -1.000000000000000000, -0.000000000000000000 ) ) ;
#279 = PERSON_AND_ORGANIZATION_ROLE ( 'design_owner' ) ;
#280 = PERSON_AND_ORGANIZATION ( #2011, #2802 ) ;
#281 = VERTEX_POINT ( 'NONE', #8528 ) ;
#282 = DIRECTION ( 'NONE',  ( 0.000000000000000000, -1.000000000000000000, 0.000000000000000000 ) ) ;
#283 = CARTESIAN_POINT ( 'NONE',  ( 0.000000000000000000, 130.0000000000000000, -200.0000000000000000 ) ) ;
#284 = DIRECTION ( 'NONE',  ( -0.000000000000000000, -1.000000000000000000, -0.000000000000000000 ) ) ;
#285 = VERTEX_POINT ( 'NONE', #1889 ) ;
#286 = PRODUCT_RELATED_PRODUCT_CATEGORY ( 'detail', '', ( #5061 ) ) ;
#287 = FACE_OUTER_BOUND ( 'NONE', #7041, .T. ) ;
#288 = DIRECTION ( 'NONE',  ( 0.000000000000000000, -1.000000000000000000, 0.000000000000000000 ) ) ;
#289 = VECTOR ( 'NONE', #6580, 1000.000000000000000 ) ;
#290 = DIRECTION ( 'NONE',  ( 0.000000000000000000, 1.000000000000000000, 0.000000000000000000 ) ) ;
#292 = CIRCLE ( 'NONE', #8825, 5.612716763005752618 ) ;
#291 = CALENDAR_DATE ( 2026, 29, 7 ) ;
#293 = ORIENTED_EDGE ( 'NONE', *, *, #4614, .T. ) ;
#294 = DIRECTION ( 'NONE',  ( 0.000000000000000000, 0.000000000000000000, 1.000000000000000000 ) ) ;
#295 = ADVANCED_BREP_SHAPE_REPRESENTATION ( '', ( #6933, #2596 ), #2422 ) ;
#296 = EDGE_CURVE ( 'NONE', #8062, #2963, #517, .T. ) ;
#298 = ORIENTED_EDGE ( 'NONE', *, *, #9769, .T. ) ;
#297 = ORIENTED_EDGE ( 'NONE', *, *, #2216, .T. ) ;
#299 = AXIS2_PLACEMENT_3D ( 'NONE', #3491, #3608, #6151 ) ;
#300 = ORIENTED_EDGE ( 'NONE', *, *, #6037, .F. ) ;
#301 = DIRECTION ( 'NONE',  ( -0.000000000000000000, -1.000000000000000000, -0.000000000000000000 ) ) ;
#302 = CC_DESIGN_SECURITY_CLASSIFICATION ( #7092, ( #12045 ) ) ;
#303 = CYLINDRICAL_SURFACE ( 'NONE', #1199, 4.500000000000017764 ) ;
#304 = DIRECTION ( 'NONE',  ( -0.000000000000000000, -1.000000000000000000, -0.000000000000000000 ) ) ;
#305 = DIRECTION ( 'NONE',  ( -0.000000000000000000, -1.000000000000000000, -0.000000000000000000 ) ) ;
#306 = EDGE_CURVE ( 'NONE', #5838, #3706, #4740, .T. ) ;
#307 = ORIENTED_EDGE ( 'NONE', *, *, #3659, .F. ) ;
#308 = DIRECTION ( 'NONE',  ( 0.000000000000000000, 1.000000000000000000, 0.000000000000000000 ) ) ;
#309 = ORIENTED_EDGE ( 'NONE', *, *, #9781, .T. ) ;
#310 = CIRCLE ( 'NONE', #8444, 2.877277303556587285 ) ;
#311 = LINE ( 'NONE', #10382, #10822 ) ;
#312 = LOCAL_TIME ( 1, 42, 14.00000000000000000, #11792 ) ;
#313 = APPROVAL_ROLE ( '' ) ;
#314 = AXIS2_PLACEMENT_3D ( 'NONE', #3308, #7011, #1423 ) ;
#315 = ORIENTED_EDGE ( 'NONE', *, *, #8636, .F. ) ;
#316 = CONTEXT_DEPENDENT_SHAPE_REPRESENTATION ( #6345, #3615 ) ;
#317 =( REPRESENTATION_RELATIONSHIP ('NONE','NONE', #3053, #189 ) REPRESENTATION_RELATIONSHIP_WITH_TRANSFORMATION ( #6027 )SHAPE_REPRESENTATION_RELATIONSHIP( ) );
#318 = ORIENTED_EDGE ( 'NONE', *, *, #3849, .F. ) ;
#319 = EDGE_LOOP ( 'NONE', ( #8209, #5385 ) ) ;
#320 = LINE ( 'NONE', #2188, #1354 ) ;
#321 = CARTESIAN_POINT ( 'NONE',  ( 18.12278137398209310, 0.000000000000000000, -13.83921486740450746 ) ) ;
#322 = LINE ( 'NONE', #10521, #11227 ) ;
#323 = EDGE_LOOP ( 'NONE', ( #10605, #8875, #3040, #6247 ) ) ;
#324 = DIRECTION ( 'NONE',  ( 0.000000000000000000, -0.4539904997395467490, 0.8910065241883678988 ) ) ;
#325 = CARTESIAN_POINT ( 'NONE',  ( -51.28027681660898907, 72.00000000000000000, -27.34948096885812063 ) ) ;
#326 = ORIENTED_EDGE ( 'NONE', *, *, #7972, .F. ) ;
#327 = DATE_TIME_ROLE ( 'creation_date' ) ;
#328 = DIRECTION ( 'NONE',  ( 0.000000000000000000, 1.000000000000000000, 0.000000000000000000 ) ) ;
#329 = DATE_AND_TIME ( #459, #10898 ) ;
#330 = PRODUCT ( 'FD-009_separator_cylinder', 'FD-009_separator_cylinder', '', ( #693 ) ) ;
#331 = ORIENTED_EDGE ( 'NONE', *, *, #11564, .F. ) ;
#332 = CARTESIAN_POINT ( 'NONE',  ( 0.000000000000000000, 34.00000000000000000, 0.000000000000000000 ) ) ;
#333 = EDGE_CURVE ( 'NONE', #6848, #6615, #209, .T. ) ;
#334 = CONTEXT_DEPENDENT_SHAPE_REPRESENTATION ( #3256, #10205 ) ;
#335 = DIRECTION ( 'NONE',  ( -0.000000000000000000, -1.000000000000000000, -0.000000000000000000 ) ) ;
#336 = EDGE_CURVE ( 'NONE', #11554, #2129, #88, .T. ) ;
#337 = ORIENTED_EDGE ( 'NONE', *, *, #11604, .T. ) ;
#338 = LINE ( 'NONE', #7809, #9208 ) ;
#339 = PLANE ( 'NONE',  #8718 ) ;
#340 = CIRCLE ( 'NONE', #9448, 10.00000000000000000 ) ;
#341 =( NAMED_UNIT ( * ) SI_UNIT ( $, .STERADIAN. ) SOLID_ANGLE_UNIT ( ) );
#342 = DIRECTION ( 'NONE',  ( -0.000000000000000000, -1.000000000000000000, -0.000000000000000000 ) ) ;
#343 = COORDINATED_UNIVERSAL_TIME_OFFSET ( 8, 0, .AHEAD. ) ;
#344 = PERSON_AND_ORGANIZATION_ROLE ( 'classification_officer' ) ;
#345 = CC_DESIGN_PERSON_AND_ORGANIZATION_ASSIGNMENT ( #5958, #11891, ( #7092 ) ) ;
#346 = VECTOR ( 'NONE', #2768, 1000.000000000000000 ) ;
#347 = EDGE_LOOP ( 'NONE', ( #5277, #5446, #11795, #9344 ) ) ;
#348 = LINE ( 'NONE', #10352, #10827 ) ;
#349 = ADVANCED_FACE ( 'NONE', ( #3842 ), #7550, .F. ) ;
#350 = LINE ( 'NONE', #5720, #7236 ) ;
#351 = LINE ( 'NONE', #4047, #1712 ) ;
#352 = ORIENTED_EDGE ( 'NONE', *, *, #8877, .T. ) ;
#353 = FACE_OUTER_BOUND ( 'NONE', #6495, .T. ) ;
#354 = DIRECTION ( 'NONE',  ( -1.000000000000000000, 0.000000000000000000, 0.000000000000000000 ) ) ;
#355 = DIRECTION ( 'NONE',  ( 0.000000000000000000, 1.000000000000000000, 0.000000000000000000 ) ) ;
#356 = VECTOR ( 'NONE', #9032, 1000.000000000000000 ) ;
#357 = DATE_AND_TIME ( #8730, #5136 ) ;
#358 = VECTOR ( 'NONE', #4409, 1000.000000000000000 ) ;
#359 = CARTESIAN_POINT ( 'NONE',  ( -52.50000000000000000, 60.00000000000000000, 30.00000000000000000 ) ) ;
#360 = PRODUCT_RELATED_PRODUCT_CATEGORY ( 'detail', '', ( #8978 ) ) ;
#361 = ORIENTED_EDGE ( 'NONE', *, *, #470, .F. ) ;
#362 = VERTEX_POINT ( 'NONE', #9863 ) ;
#363 = DIRECTION ( 'NONE',  ( 0.000000000000000000, 0.000000000000000000, -1.000000000000000000 ) ) ;
#364 = DIRECTION ( 'NONE',  ( 0.000000000000000000, 1.000000000000000000, 0.000000000000000000 ) ) ;
#365 = CARTESIAN_POINT ( 'NONE',  ( -30.00000000000000000, 0.000000000000000000, -30.00000000000000000 ) ) ;
#366 = AXIS2_PLACEMENT_3D ( 'NONE', #2377, #6075, #8159 ) ;
#367 = ORIENTED_EDGE ( 'NONE', *, *, #8076, .F. ) ;
#368 = ADVANCED_FACE ( 'NONE', ( #11711, #6943, #11769, #6825, #6143 ), #10532, .T. ) ;
#369 = FACE_OUTER_BOUND ( 'NONE', #5293, .T. ) ;
#370 = ORIENTED_EDGE ( 'NONE', *, *, #9949, .F. ) ;
#371 = DIRECTION ( 'NONE',  ( 0.000000000000000000, 0.000000000000000000, -1.000000000000000000 ) ) ;
#372 = VERTEX_POINT ( 'NONE', #10656 ) ;
#373 = CIRCLE ( 'NONE', #10642, 6.999999999999999112 ) ;
#374 = CARTESIAN_POINT ( 'NONE',  ( 297.5999999999999659, 34.00000000000000000, 39.00000000000000711 ) ) ;
#375 = CALENDAR_DATE ( 2026, 29, 7 ) ;
#376 = AXIS2_PLACEMENT_3D ( 'NONE', #9456, #288, #1127 ) ;
#377 = ADVANCED_FACE ( 'NONE', ( #583 ), #1295, .F. ) ;
#378 = ORIENTED_EDGE ( 'NONE', *, *, #3413, .F. ) ;
#379 = ORIENTED_EDGE ( 'NONE', *, *, #9745, .T. ) ;
#380 = VECTOR ( 'NONE', #3672, 1000.000000000000000 ) ;
#381 = EDGE_LOOP ( 'NONE', ( #1750, #5815 ) ) ;
#382 = EDGE_CURVE ( 'NONE', #3847, #9855, #11596, .T. ) ;
#383 = CARTESIAN_POINT ( 'NONE',  ( -310.0000000000000000, 0.000000000000000000, -48.00000000000000000 ) ) ;
#384 = AXIS2_PLACEMENT_3D ( 'NONE', #8596, #276, #10537 ) ;
#385 = CARTESIAN_POINT ( 'NONE',  ( 420.0000000000000000, 8.000000000000000000, 180.0000000000000000 ) ) ;
#386 = LINE ( 'NONE', #6871, #7209 ) ;
#387 = VERTEX_POINT ( 'NONE', #397 ) ;
#388 = LINE ( 'NONE', #4087, #4557 ) ;
#389 = ORIENTED_EDGE ( 'NONE', *, *, #1547, .F. ) ;
#390 = PERSON_AND_ORGANIZATION ( #2011, #2802 ) ;
#391 = APPLICATION_CONTEXT ( 'configuration controlled 3d designs of mechanical parts and assemblies' ) ;
#392 = AXIS2_PLACEMENT_3D ( 'NONE', #700, #7187, #10097 ) ;
#393 = FACE_OUTER_BOUND ( 'NONE', #945, .T. ) ;
#394 = APPROVAL_STATUS ( 'not_yet_approved' ) ;
#395 = ORIENTED_EDGE ( 'NONE', *, *, #5921, .T. ) ;
#396 = ADVANCED_FACE ( 'NONE', ( #7867 ), #5230, .F. ) ;
#397 = CARTESIAN_POINT ( 'NONE',  ( -30.00000000000000000, 560.0000000000000000, 30.00000000000000000 ) ) ;
#398 = DATE_AND_TIME ( #6206, #4176 ) ;
#399 = DIRECTION ( 'NONE',  ( -0.000000000000000000, -1.000000000000000000, -0.000000000000000000 ) ) ;
#400 = LOCAL_TIME ( 1, 42, 14.00000000000000000, #7859 ) ;
#401 = VECTOR ( 'NONE', #7510, 1000.000000000000000 ) ;
#402 = VERTEX_POINT ( 'NONE', #2201 ) ;
#403 = CARTESIAN_POINT ( 'NONE',  ( 49.74884620746168196, 14.00000000000000000, 113.1043392264672747 ) ) ;
#404 = FACE_OUTER_BOUND ( 'NONE', #11430, .T. ) ;
#405 = SHAPE_REPRESENTATION_RELATIONSHIP ( 'NONE' , 'NONE' ,  #189, #4763 ) ;
#406 = LINE ( 'NONE', #2335, #5901 ) ;
#407 = PERSON_AND_ORGANIZATION_ROLE ( 'creator' ) ;
#408 = EDGE_CURVE ( 'NONE', #6081, #8460, #7931, .T. ) ;
#409 = COORDINATED_UNIVERSAL_TIME_OFFSET ( 8, 0, .AHEAD. ) ;
#410 = LOCAL_TIME ( 1, 42, 14.00000000000000000, #2674 ) ;
#412 = EDGE_CURVE ( 'NONE', #7634, #9029, #10721, .T. ) ;
#411 = LOCAL_TIME ( 1, 42, 14.00000000000000000, #4717 ) ;
#413 = VERTEX_POINT ( 'NONE', #8830 ) ;
#414 = CARTESIAN_POINT ( 'NONE',  ( 46.15384615384618172, 12.00000000000000000, -65.88461538461542943 ) ) ;
#415 = CARTESIAN_POINT ( 'NONE',  ( -460.0000000000000000, 24.00000000000000000, 285.0000000000000000 ) ) ;
#416 = CARTESIAN_POINT ( 'NONE',  ( 0.000000000000000000, 70.00000000000000000, 0.000000000000000000 ) ) ;
#417 = ORIENTED_EDGE ( 'NONE', *, *, #2493, .F. ) ;
#418 = CARTESIAN_POINT ( 'NONE',  ( -35.00000000000000000, 26.00000000000000000, -10.00000000000000000 ) ) ;
#419 = APPROVAL_PERSON_ORGANIZATION ( #147, #2778, #7616 ) ;
#420 = PLANE ( 'NONE',  #8912 ) ;
#421 = CC_DESIGN_APPROVAL ( #5681, ( #7399 ) ) ;
#422 = DIRECTION ( 'NONE',  ( 1.000000000000000000, -0.000000000000000000, 0.000000000000000000 ) ) ;
#423 = SHAPE_DEFINITION_REPRESENTATION ( #5931, #7247 ) ;
#424 = ADVANCED_FACE ( 'NONE', ( #6085 ), #9804, .F. ) ;
#425 = FACE_OUTER_BOUND ( 'NONE', #11418, .T. ) ;
#427 = ORIENTED_EDGE ( 'NONE', *, *, #4450, .T. ) ;
#426 = ORIENTED_EDGE ( 'NONE', *, *, #5412, .F. ) ;
#428 = LOCAL_TIME ( 1, 42, 14.00000000000000000, #6082 ) ;
#429 = ORIENTED_EDGE ( 'NONE', *, *, #8854, .F. ) ;
#430 = DIRECTION ( 'NONE',  ( 0.000000000000000000, 0.000000000000000000, 1.000000000000000000 ) ) ;
#431 = CARTESIAN_POINT ( 'NONE',  ( 0.000000000000000000, 24.00000000000000000, 0.000000000000000000 ) ) ;
#432 = CARTESIAN_POINT ( 'NONE',  ( -120.1043392264672747, 14.00000000000000000, -56.74884620746168196 ) ) ;
#433 = CARTESIAN_POINT ( 'NONE',  ( 60.00000000000000000, 12.00000000000000000, -90.00000000000000000 ) ) ;
#434 = CC_DESIGN_PERSON_AND_ORGANIZATION_ASSIGNMENT ( #4422, #9843, ( #11200 ) ) ;
#435 = CC_DESIGN_DATE_AND_TIME_ASSIGNMENT ( #4801, #5706, ( #11083 ) ) ;
#436 = ORIENTED_EDGE ( 'NONE', *, *, #766, .T. ) ;
#437 = CARTESIAN_POINT ( 'NONE',  ( -30.00000000000000000, 0.000000000000000000, 30.00000000000000000 ) ) ;
#438 = VERTEX_POINT ( 'NONE', #5166 ) ;
#439 = SECURITY_CLASSIFICATION ( '', '', #8575 ) ;
#440 = VECTOR ( 'NONE', #2898, 1000.000000000000000 ) ;
#441 = FACE_OUTER_BOUND ( 'NONE', #5669, .T. ) ;
#442 = DATE_AND_TIME ( #8752, #1174 ) ;
#443 = EDGE_LOOP ( 'NONE', ( #8939, #4892, #10369, #10998 ) ) ;
#444 = COORDINATED_UNIVERSAL_TIME_OFFSET ( 8, 0, .AHEAD. ) ;
#445 = ORIENTED_EDGE ( 'NONE', *, *, #7201, .T. ) ;
#446 = DIRECTION ( 'NONE',  ( 0.000000000000000000, 0.000000000000000000, 1.000000000000000000 ) ) ;
#447 = EDGE_LOOP ( 'NONE', ( #8754, #11465 ) ) ;
#448 = VECTOR ( 'NONE', #6353, 1000.000000000000000 ) ;
#449 = DIRECTION ( 'NONE',  ( -0.000000000000000000, 0.000000000000000000, 1.000000000000000000 ) ) ;
#450 = EDGE_CURVE ( 'NONE', #3521, #4426, #7104, .T. ) ;
#451 = CARTESIAN_POINT ( 'NONE',  ( 420.0000000000000000, 8.000000000000000000, -180.0000000000000000 ) ) ;
#452 = LINE ( 'NONE', #5756, #5567 ) ;
#453 = ORIENTED_EDGE ( 'NONE', *, *, #928, .T. ) ;
#454 = CARTESIAN_POINT ( 'NONE',  ( -67.50000000000000000, 72.00000000000000000, 36.00000000000000000 ) ) ;
#455 = VERTEX_POINT ( 'NONE', #4095 ) ;
#456 = CALENDAR_DATE ( 2026, 29, 7 ) ;
#457 = VECTOR ( 'NONE', #9761, 1000.000000000000000 ) ;
#458 = DIRECTION ( 'NONE',  ( -0.000000000000000000, -1.000000000000000000, -0.000000000000000000 ) ) ;
#459 = CALENDAR_DATE ( 2026, 29, 7 ) ;
#460 = ADVANCED_BREP_SHAPE_REPRESENTATION ( '', ( #11580, #2596 ), #5493 ) ;
#461 = ADVANCED_FACE ( 'NONE', ( #8959 ), #7994, .F. ) ;
#462 = ORIENTED_EDGE ( 'NONE', *, *, #3528, .F. ) ;
#463 = CARTESIAN_POINT ( 'NONE',  ( 18.12278137398209310, 85.00000000000000000, -11.21199624138660411 ) ) ;
#464 = DATE_AND_TIME ( #10723, #11691 ) ;
#465 = DIRECTION ( 'NONE',  ( 0.000000000000000000, 0.000000000000000000, 1.000000000000000000 ) ) ;
#466 = VERTEX_POINT ( 'NONE', #10779 ) ;
#467 = CARTESIAN_POINT ( 'NONE',  ( 0.000000000000000000, 225.0000000000000000, 0.000000000000000000 ) ) ;
#468 = FACE_OUTER_BOUND ( 'NONE', #11526, .T. ) ;
#469 = DIRECTION ( 'NONE',  ( 0.000000000000000000, 1.000000000000000000, 0.000000000000000000 ) ) ;
#470 = EDGE_CURVE ( 'NONE', #7831, #174, #7805, .T. ) ;
#471 = PERSON_AND_ORGANIZATION ( #2011, #2802 ) ;
#472 = DATE_AND_TIME ( #10788, #4096 ) ;
#473 = ORIENTED_EDGE ( 'NONE', *, *, #10996, .F. ) ;
#474 = DIRECTION ( 'NONE',  ( 0.000000000000000000, 0.000000000000000000, 1.000000000000000000 ) ) ;
#475 = CIRCLE ( 'NONE', #11345, 4.500000000000031974 ) ;
#476 = CARTESIAN_POINT ( 'NONE',  ( 0.000000000000000000, 18.00000000000000000, -285.0000000000000000 ) ) ;
#477 = CARTESIAN_POINT ( 'NONE',  ( -170.0000000000000000, 0.000000000000000000, -65.00000000000000000 ) ) ;
#478 = ORIENTED_EDGE ( 'NONE', *, *, #4827, .F. ) ;
#479 = DIRECTION ( 'NONE',  ( -1.000000000000000000, -0.000000000000000000, -0.000000000000000000 ) ) ;
#480 = DIRECTION ( 'NONE',  ( 1.000000000000000000, 0.000000000000000000, -0.000000000000000000 ) ) ;
#481 = EDGE_CURVE ( 'NONE', #5804, #11127, #8083, .T. ) ;
#482 = DIRECTION ( 'NONE',  ( 0.000000000000000000, 0.000000000000000000, 1.000000000000000000 ) ) ;
#483 = APPROVAL_DATE_TIME ( #8925, #70 ) ;
#484 = ORIENTED_EDGE ( 'NONE', *, *, #9462, .F. ) ;
#485 = CARTESIAN_POINT ( 'NONE',  ( -165.0000000000000000, 0.000000000000000000, 165.0000000000000000 ) ) ;
#486 = VECTOR ( 'NONE', #4354, 1000.000000000000000 ) ;
#488 = ORIENTED_EDGE ( 'NONE', *, *, #10230, .F. ) ;
#487 = ORIENTED_EDGE ( 'NONE', *, *, #7972, .T. ) ;
#489 = EDGE_LOOP ( 'NONE', ( #1155, #5022, #6427, #3537 ) ) ;
#490 = CARTESIAN_POINT ( 'NONE',  ( 35.00000000000000000, 18.00000000000000355, 10.00000000000000000 ) ) ;
#491 = CARTESIAN_POINT ( 'NONE',  ( 47.50000000000000000, 18.00000000000000000, 35.00000000000000000 ) ) ;
#492 = DIRECTION ( 'NONE',  ( 1.000000000000000000, -0.000000000000000000, 0.000000000000000000 ) ) ;
#493 = AXIS2_PLACEMENT_3D ( 'NONE', #4068, #3156, #371 ) ;
#494 = EDGE_CURVE ( 'NONE', #4639, #9180, #9684, .T. ) ;
#495 = AXIS2_PLACEMENT_3D ( 'NONE', #4731, #4788, #11024 ) ;
#496 = VECTOR ( 'NONE', #11471, 1000.000000000000000 ) ;
#497 = CYLINDRICAL_SURFACE ( 'NONE', #3532, 4.500000000000031974 ) ;
#498 = VERTEX_POINT ( 'NONE', #8775 ) ;
#499 = CARTESIAN_POINT ( 'NONE',  ( -64.58429561200924240, 10.00000000000000000, -41.50461893764433796 ) ) ;
#500 = ORIENTED_EDGE ( 'NONE', *, *, #8953, .F. ) ;
#501 = LINE ( 'NONE', #4136, #4226 ) ;
#502 = APPLICATION_PROTOCOL_DEFINITION ( 'international standard', 'config_control_design', 1994, #4107 ) ;
#503 = VECTOR ( 'NONE', #7942, 1000.000000000000000 ) ;
#504 = ORIENTED_EDGE ( 'NONE', *, *, #333, .T. ) ;
#505 = AXIS2_PLACEMENT_3D ( 'NONE', #10187, #9955, #1803 ) ;
#506 = VECTOR ( 'NONE', #3338, 1000.000000000000000 ) ;
#507 = ORIENTED_EDGE ( 'NONE', *, *, #11160, .T. ) ;
#508 = ORIENTED_EDGE ( 'NONE', *, *, #3951, .F. ) ;
#509 = FACE_OUTER_BOUND ( 'NONE', #3836, .T. ) ;
#510 = EDGE_CURVE ( 'NONE', #8735, #10677, #3243, .T. ) ;
#511 = DIRECTION ( 'NONE',  ( 0.000000000000000000, 1.000000000000000000, 0.000000000000000000 ) ) ;
#512 = VECTOR ( 'NONE', #4496, 1000.000000000000000 ) ;
#513 = CC_DESIGN_SECURITY_CLASSIFICATION ( #4186, ( #6119 ) ) ;
#514 = DIRECTION ( 'NONE',  ( 0.000000000000000000, 1.000000000000000000, 0.000000000000000000 ) ) ;
#515 = CARTESIAN_POINT ( 'NONE',  ( -41.00000000000000000, 20.00000000000000000, -70.00000000000000000 ) ) ;
#516 = VERTEX_POINT ( 'NONE', #4154 ) ;
#517 = CIRCLE ( 'NONE', #10595, 4.500000000000031974 ) ;
#518 = DIRECTION ( 'NONE',  ( -1.000000000000000000, 0.000000000000000000, -0.000000000000000000 ) ) ;
#519 = EDGE_LOOP ( 'NONE', ( #8997, #1980, #7483, #2734 ) ) ;
#520 = PERSON_AND_ORGANIZATION ( #2011, #2802 ) ;
#521 = EDGE_LOOP ( 'NONE', ( #10329, #9059, #10021, #7485 ) ) ;
#522 = APPROVAL_STATUS ( 'not_yet_approved' ) ;
#523 = VERTEX_POINT ( 'NONE', #11657 ) ;
#524 = CC_DESIGN_DATE_AND_TIME_ASSIGNMENT ( #1570, #5307, ( #9259 ) ) ;
#525 = LOCAL_TIME ( 1, 42, 14.00000000000000000, #7258 ) ;
#526 = CARTESIAN_POINT ( 'NONE',  ( -170.0000000000000000, 10.00000000000000000, -65.00000000000000000 ) ) ;
#527 = PERSON_AND_ORGANIZATION_ROLE ( 'classification_officer' ) ;
#528 = PLANE ( 'NONE',  #6974 ) ;
#529 = CYLINDRICAL_SURFACE ( 'NONE', #7522, 3.346153846153804068 ) ;
#530 = LINE ( 'NONE', #2332, #6485 ) ;
#531 = EDGE_CURVE ( 'NONE', #5328, #104, #2031, .T. ) ;
#532 = CARTESIAN_POINT ( 'NONE',  ( 0.000000000000000000, 18.00000000000000000, -215.0000000000000000 ) ) ;
#533 = DIRECTION ( 'NONE',  ( 0.000000000000000000, 0.000000000000000000, 1.000000000000000000 ) ) ;
#534 = CARTESIAN_POINT ( 'NONE',  ( 420.0000000000000000, 0.000000000000000000, 175.4999999999999716 ) ) ;
#535 = PERSON_AND_ORGANIZATION ( #2011, #2802 ) ;
#536 = SECURITY_CLASSIFICATION_LEVEL ( 'unclassified' ) ;
#537 = EDGE_CURVE ( 'NONE', #5227, #10772, #66, .T. ) ;
#538 = ORIENTED_EDGE ( 'NONE', *, *, #855, .F. ) ;
#539 = DIRECTION ( 'NONE',  ( 0.000000000000000000, 0.000000000000000000, -1.000000000000000000 ) ) ;
#540 = ORIENTED_EDGE ( 'NONE', *, *, #3919, .T. ) ;
#541 = LINE ( 'NONE', #10741, #8022 ) ;
#542 = PLANE ( 'NONE',  #6182 ) ;
#543 = PRODUCT_DEFINITION_SHAPE ( 'NONE', 'NONE',  #8748 ) ;
#544 = DIRECTION ( 'NONE',  ( 0.000000000000000000, 0.000000000000000000, -1.000000000000000000 ) ) ;
#545 = CARTESIAN_POINT ( 'NONE',  ( 0.000000000000000000, 130.0000000000000000, -200.0000000000000000 ) ) ;
#546 = CARTESIAN_POINT ( 'NONE',  ( 120.1043392264672747, 14.00000000000000000, -42.74884620746167485 ) ) ;
#547 = COORDINATED_UNIVERSAL_TIME_OFFSET ( 8, 0, .AHEAD. ) ;
#548 = DIRECTION ( 'NONE',  ( -0.000000000000000000, -1.000000000000000000, -0.000000000000000000 ) ) ;
#549 = VECTOR ( 'NONE', #1917, 1000.000000000000000 ) ;
#551 = EDGE_LOOP ( 'NONE', ( #8363, #9803 ) ) ;
#550 = EDGE_LOOP ( 'NONE', ( #83, #1298, #4208, #11262 ) ) ;
#552 = ORIENTED_EDGE ( 'NONE', *, *, #11017, .F. ) ;
#553 = FACE_OUTER_BOUND ( 'NONE', #2111, .T. ) ;
#554 = EDGE_CURVE ( 'NONE', #5344, #6366, #7482, .T. ) ;
#555 = DIRECTION ( 'NONE',  ( 0.000000000000000000, 0.000000000000000000, 1.000000000000000000 ) ) ;
#556 = DIRECTION ( 'NONE',  ( -0.000000000000000000, -1.000000000000000000, -0.000000000000000000 ) ) ;
#557 = DIRECTION ( 'NONE',  ( -0.000000000000000000, -1.000000000000000000, -0.000000000000000000 ) ) ;
#558 =( REPRESENTATION_RELATIONSHIP ('NONE','NONE', #10121, #3053 ) REPRESENTATION_RELATIONSHIP_WITH_TRANSFORMATION ( #9437 )SHAPE_REPRESENTATION_RELATIONSHIP( ) );
#559 = VECTOR ( 'NONE', #2225, 1000.000000000000000 ) ;
#560 = ORIENTED_EDGE ( 'NONE', *, *, #10996, .T. ) ;
#561 = CARTESIAN_POINT ( 'NONE',  ( -64.58429561200924240, 10.00000000000000000, 49.67321016166282277 ) ) ;
#562 = COORDINATED_UNIVERSAL_TIME_OFFSET ( 8, 0, .AHEAD. ) ;
#563 = CIRCLE ( 'NONE', #9670, 215.0000000000000000 ) ;
#564 = ADVANCED_FACE ( 'NONE', ( #11190, #6484 ), #9173, .T. ) ;
#565 = ORIENTED_EDGE ( 'NONE', *, *, #6420, .T. ) ;
#566 = CIRCLE ( 'NONE', #7329, 5.500000000000025757 ) ;
#567 = ORIENTED_EDGE ( 'NONE', *, *, #1072, .T. ) ;
#568 = ORIENTED_EDGE ( 'NONE', *, *, #9686, .T. ) ;
#569 = AXIS2_PLACEMENT_3D ( 'NONE', #5676, #9293, #8329 ) ;
#570 = FACE_BOUND ( 'NONE', #9001, .T. ) ;
#571 = LINE ( 'NONE', #8042, #10083 ) ;
#572 = VECTOR ( 'NONE', #6241, 1000.000000000000000 ) ;
#573 = CARTESIAN_POINT ( 'NONE',  ( -27.50000000000000000, 28.00000000000000000, -18.00000000000000000 ) ) ;
#574 = VERTEX_POINT ( 'NONE', #1755 ) ;
#575 = AXIS2_PLACEMENT_3D ( 'NONE', #11280, #215, #3787 ) ;
#576 = CARTESIAN_POINT ( 'NONE',  ( 35.00000000000000000, 18.00000000000000000, -10.00000000000000000 ) ) ;
#577 = EDGE_LOOP ( 'NONE', ( #10983, #5458, #9368, #9203 ) ) ;
#578 = DATE_AND_TIME ( #1599, #5414 ) ;
#579 = EDGE_CURVE ( 'NONE', #1095, #9545, #1081, .T. ) ;
#580 = ORIENTED_EDGE ( 'NONE', *, *, #11767, .F. ) ;
#581 = ORIENTED_EDGE ( 'NONE', *, *, #5538, .F. ) ;
#582 = CIRCLE ( 'NONE', #3856, 105.0000000000000000 ) ;
#583 = FACE_OUTER_BOUND ( 'NONE', #5888, .T. ) ;
#584 = AXIS2_PLACEMENT_3D ( 'NONE', #5772, #9506, #1180 ) ;
#585 = DIRECTION ( 'NONE',  ( -0.000000000000000000, -1.000000000000000000, -0.000000000000000000 ) ) ;
#586 = CARTESIAN_POINT ( 'NONE',  ( -11.00000000000000000, 10.00000000000000000, -45.58891454965356616 ) ) ;
#587 = CARTESIAN_POINT ( 'NONE',  ( 53.88728323699425005, 18.00000000000000000, -33.90462427745670482 ) ) ;
#588 = PLANE ( 'NONE',  #5982 ) ;
#589 =( NAMED_UNIT ( * ) PLANE_ANGLE_UNIT ( ) SI_UNIT ( $, .RADIAN. ) );
#590 = APPROVAL ( #11940, 'æœª' ) ;
#591 = VECTOR ( 'NONE', #8283, 1000.000000000000000 ) ;
#592 = DIRECTION ( 'NONE',  ( -0.000000000000000000, -1.000000000000000000, -0.000000000000000000 ) ) ;
#593 = PERSON_AND_ORGANIZATION_ROLE ( 'design_owner' ) ;
#594 = ORIENTED_EDGE ( 'NONE', *, *, #11230, .T. ) ;
#595 = PERSON_AND_ORGANIZATION ( #2011, #2802 ) ;
#596 = VERTEX_POINT ( 'NONE', #5618 ) ;
#597 = ORIENTED_EDGE ( 'NONE', *, *, #8041, .T. ) ;
#598 = APPROVAL_PERSON_ORGANIZATION ( #3665, #8089, #2923 ) ;
#599 = AXIS2_PLACEMENT_3D ( 'NONE', #6254, #8481, #2554 ) ;
#600 = LINE ( 'NONE', #10852, #2271 ) ;
#601 = DIRECTION ( 'NONE',  ( -0.000000000000000000, -1.000000000000000000, -0.000000000000000000 ) ) ;
#602 = LINE ( 'NONE', #11787, #9292 ) ;
#603 = DIRECTION ( 'NONE',  ( 0.000000000000000000, 0.000000000000000000, -1.000000000000000000 ) ) ;
#604 = LINE ( 'NONE', #4460, #168 ) ;
#605 = DIRECTION ( 'NONE',  ( -0.000000000000000000, -1.000000000000000000, -0.000000000000000000 ) ) ;
#606 = CC_DESIGN_DATE_AND_TIME_ASSIGNMENT ( #5067, #9766, ( #8026 ) ) ;
#607 = APPROVAL_ROLE ( '' ) ;
#608 = SECURITY_CLASSIFICATION ( '', '', #6436 ) ;
#609 = AXIS2_PLACEMENT_3D ( 'NONE', #3732, #11038, #5534 ) ;
#610 = DIRECTION ( 'NONE',  ( 0.000000000000000000, 1.000000000000000000, 0.000000000000000000 ) ) ;
#612 = VERTEX_POINT ( 'NONE', #6540 ) ;
#611 = ORIENTED_EDGE ( 'NONE', *, *, #779, .T. ) ;
#613 = EDGE_CURVE ( 'NONE', #2874, #1682, #8388, .T. ) ;
#614 = VERTEX_POINT ( 'NONE', #6604 ) ;
#615 = DIRECTION ( 'NONE',  ( -0.000000000000000000, -1.000000000000000000, -0.000000000000000000 ) ) ;
#616 = CARTESIAN_POINT ( 'NONE',  ( 1.285879139104720791E-14, 14.00000000000000000, 105.0000000000000000 ) ) ;
#617 = CC_DESIGN_SECURITY_CLASSIFICATION ( #11083, ( #12039 ) ) ;
#618 = FACE_OUTER_BOUND ( 'NONE', #11184, .T. ) ;
#619 = SECURITY_CLASSIFICATION ( '', '', #536 ) ;
#620 = LINE ( 'NONE', #3153, #1770 ) ;
#621 = PRODUCT ( 'FD-006_linear_track', 'FD-006_linear_track', '', ( #6801 ) ) ;
#622 = DIRECTION ( 'NONE',  ( -0.000000000000000000, -1.000000000000000000, -0.000000000000000000 ) ) ;
#623 = ADVANCED_FACE ( 'NONE', ( #5557 ), #3704, .F. ) ;
#624 = EDGE_CURVE ( 'NONE', #9845, #7049, #6460, .T. ) ;
#625 = COORDINATED_UNIVERSAL_TIME_OFFSET ( 8, 0, .AHEAD. ) ;
#626 = LOCAL_TIME ( 1, 42, 14.00000000000000000, #7345 ) ;
#627 = EDGE_LOOP ( 'NONE', ( #6220, #8137, #7578, #6937 ) ) ;
#628 = VERTEX_POINT ( 'NONE', #4600 ) ;
#629 = VERTEX_POINT ( 'NONE', #10313 ) ;
#630 = DIRECTION ( 'NONE',  ( 0.000000000000000000, -0.000000000000000000, -1.000000000000000000 ) ) ;
#631 = FACE_OUTER_BOUND ( 'NONE', #10387, .T. ) ;
#632 = ORGANIZATION ( 'NAUO-ORG8', 'UNSPECIFIED', 'UNSPECIFIED' ) ;
#633 = VECTOR ( 'NONE', #10931, 1000.000000000000000 ) ;
#634 = CARTESIAN_POINT ( 'NONE',  ( 46.15384615384618172, 0.000000000000000000, 69.23076923076925482 ) ) ;
#635 = CARTESIAN_POINT ( 'NONE',  ( 1.530808498934191521E-15, 225.0000000000000000, 12.50000000000000000 ) ) ;
#636 = ORIENTED_EDGE ( 'NONE', *, *, #2300, .F. ) ;
#637 = PERSON_AND_ORGANIZATION ( #2011, #2802 ) ;
#638 = EDGE_CURVE ( 'NONE', #2908, #4878, #10128, .T. ) ;
#639 = EDGE_LOOP ( 'NONE', ( #3411, #2273, #1269, #4004 ) ) ;
#640 = ITEM_DEFINED_TRANSFORMATION ( 'NONE', 'NONE', #3770,  #2596 ) ;
#641 = ORIENTED_EDGE ( 'NONE', *, *, #6407, .T. ) ;
#642 = CARTESIAN_POINT ( 'NONE',  ( -500.0000000000000000, 18.00000000000000000, -325.0000000000000000 ) ) ;
#643 = APPROVAL_ROLE ( '' ) ;
#644 = DIRECTION ( 'NONE',  ( -0.000000000000000000, -1.000000000000000000, -0.000000000000000000 ) ) ;
#645 = LINE ( 'NONE', #3486, #10436 ) ;
#646 = ADVANCED_FACE ( 'NONE', ( #2774 ), #1921, .F. ) ;
#647 = FACE_OUTER_BOUND ( 'NONE', #1601, .T. ) ;
#648 = LINE ( 'NONE', #5350, #1346 ) ;
#649 = ORIENTED_EDGE ( 'NONE', *, *, #2072, .T. ) ;
#650 =( LENGTH_UNIT ( ) NAMED_UNIT ( * ) SI_UNIT ( .MILLI., .METRE. ) );
#651 = VECTOR ( 'NONE', #11291, 1000.000000000000000 ) ;
#652 = CARTESIAN_POINT ( 'NONE',  ( -40.00000000000000000, 18.00000000000000000, 3.500000000000000000 ) ) ;
#653 = CALENDAR_DATE ( 2026, 29, 7 ) ;
#654 = DATE_TIME_ROLE ( 'classification_date' ) ;
#655 = ORIENTED_EDGE ( 'NONE', *, *, #8636, .T. ) ;
#656 = CC_DESIGN_PERSON_AND_ORGANIZATION_ASSIGNMENT ( #973, #1872, ( #2035 ) ) ;
#657 = DIRECTION ( 'NONE',  ( -0.000000000000000000, -1.000000000000000000, -0.000000000000000000 ) ) ;
#658 = CIRCLE ( 'NONE', #7428, 10.00000000000000000 ) ;
#659 = APPROVAL ( #3479, 'UNKNOWN' ) ;
#660 = DIRECTION ( 'NONE',  ( 0.000000000000000000, 1.000000000000000000, 0.000000000000000000 ) ) ;
#661 = CARTESIAN_POINT ( 'NONE',  ( -280.0000000000000000, 12.00000000000000000, 38.00000000000000000 ) ) ;
#662 = EDGE_CURVE ( 'NONE', #8577, #9485, #856, .T. ) ;
#663 = CARTESIAN_POINT ( 'NONE',  ( -30.00000000000000000, 12.00000000000000000, 27.94637722496424459 ) ) ;
#664 = LINE ( 'NONE', #4353, #9685 ) ;
#665 = CARTESIAN_POINT ( 'NONE',  ( 297.5999999999999659, 34.00000000000000000, -39.00000000000000000 ) ) ;
#666 = COORDINATED_UNIVERSAL_TIME_OFFSET ( 8, 0, .AHEAD. ) ;
#667 = DIRECTION ( 'NONE',  ( 0.000000000000000000, 1.000000000000000000, 0.000000000000000000 ) ) ;
#668 = VERTEX_POINT ( 'NONE', #11002 ) ;
#669 = ORIENTED_EDGE ( 'NONE', *, *, #5612, .T. ) ;
#670 = APPROVAL ( #2576, 'æœª' ) ;
#671 = CARTESIAN_POINT ( 'NONE',  ( 500.0000000000000000, 18.00000000000000000, 325.0000000000000000 ) ) ;
#672 = PRODUCT_DEFINITION ( 'æœ', '', #4306, #9240 ) ;
#673 = LINE ( 'NONE', #1450, #2565 ) ;
#674 = CARTESIAN_POINT ( 'NONE',  ( -29.94973070017952566, 18.00000000000000000, 18.61781739428729310 ) ) ;
#675 = CARTESIAN_POINT ( 'NONE',  ( -60.00000000000000000, 0.000000000000000000, 90.00000000000000000 ) ) ;
#676 = VECTOR ( 'NONE', #3167, 1000.000000000000000 ) ;
#677 = ORIENTED_EDGE ( 'NONE', *, *, #194, .F. ) ;
#678 = EDGE_CURVE ( 'NONE', #6348, #3810, #8437, .T. ) ;
#679 = CARTESIAN_POINT ( 'NONE',  ( 57.50000000000000000, 22.00000000000000000, 36.00000000000000000 ) ) ;
#680 = PERSON_AND_ORGANIZATION_ROLE ( 'classification_officer' ) ;
#681 = EDGE_LOOP ( 'NONE', ( #8488, #5176, #8888, #4596 ) ) ;
#682 = EDGE_LOOP ( 'NONE', ( #8412, #11694, #11091, #11709 ) ) ;
#683 = VERTEX_POINT ( 'NONE', #3808 ) ;
#684 = CC_DESIGN_PERSON_AND_ORGANIZATION_ASSIGNMENT ( #7317, #8179, ( #8948 ) ) ;
#685 = LINE ( 'NONE', #11753, #2486 ) ;
#686 = EDGE_CURVE ( 'NONE', #7049, #7183, #2941, .T. ) ;
#687 = DIRECTION ( 'NONE',  ( 0.000000000000000000, 0.000000000000000000, -1.000000000000000000 ) ) ;
#688 = CARTESIAN_POINT ( 'NONE',  ( -85.00000000000000000, 0.000000000000000000, -60.00000000000000000 ) ) ;
#689 = VERTEX_POINT ( 'NONE', #9290 ) ;
#690 = AXIS2_PLACEMENT_3D ( 'NONE', #9477, #7652, #8568 ) ;
#691 = CARTESIAN_POINT ( 'NONE',  ( 0.000000000000000000, 18.00000000000000000, 0.000000000000000000 ) ) ;
#692 = AXIS2_PLACEMENT_3D ( 'NONE', #3957, #5882, #6180 ) ;
#693 = MECHANICAL_CONTEXT ( 'NONE', #1061, 'mechanical' ) ;
#694 = VECTOR ( 'NONE', #10957, 1000.000000000000000 ) ;
#695 = ORIENTED_EDGE ( 'NONE', *, *, #4277, .T. ) ;
#696 = CALENDAR_DATE ( 2026, 29, 7 ) ;
#697 = ORIENTED_EDGE ( 'NONE', *, *, #6292, .T. ) ;
#698 = AXIS2_PLACEMENT_3D ( 'NONE', #4925, #8658, #3128 ) ;
#699 = ADVANCED_FACE ( 'NONE', ( #5502 ), #8270, .F. ) ;
#700 = CARTESIAN_POINT ( 'NONE',  ( 0.000000000000000000, 70.00000000000000000, 0.000000000000000000 ) ) ;
#701 = DIRECTION ( 'NONE',  ( -0.000000000000000000, -1.000000000000000000, -0.000000000000000000 ) ) ;
#702 = DIRECTION ( 'NONE',  ( -0.000000000000000000, -0.000000000000000000, 1.000000000000000000 ) ) ;
#703 = CARTESIAN_POINT ( 'NONE',  ( 67.50000000000000000, 72.00000000000000000, 36.00000000000000000 ) ) ;
#704 = DIRECTION ( 'NONE',  ( -0.000000000000000000, -1.000000000000000000, -0.000000000000000000 ) ) ;
#705 = PERSON_AND_ORGANIZATION_ROLE ( 'creator' ) ;
#706 = SECURITY_CLASSIFICATION_LEVEL ( 'unclassified' ) ;
#707 = APPROVAL_PERSON_ORGANIZATION ( #9695, #2645, #7023 ) ;
#708 = VECTOR ( 'NONE', #5041, 1000.000000000000000 ) ;
#709 = EDGE_CURVE ( 'NONE', #9104, #10169, #3726, .T. ) ;
#710 = DIRECTION ( 'NONE',  ( 0.000000000000000000, -1.000000000000000000, 0.000000000000000000 ) ) ;
#711 = EDGE_CURVE ( 'NONE', #4108, #10182, #2892, .T. ) ;
#712 = FACE_OUTER_BOUND ( 'NONE', #6786, .T. ) ;
#713 = PRODUCT_DEFINITION_SHAPE ( 'NONE', 'NONE',  #3250 ) ;
#714 = PLANE ( 'NONE',  #6371 ) ;
#715 = CARTESIAN_POINT ( 'NONE',  ( 310.0000000000000000, 12.00000000000000000, 48.00000000000000000 ) ) ;
#716 = LINE ( 'NONE', #5419, #5767 ) ;
#717 = DIRECTION ( 'NONE',  ( 0.000000000000000000, 0.000000000000000000, -1.000000000000000000 ) ) ;
#718 = CARTESIAN_POINT ( 'NONE',  ( 18.12278137398207889, 0.000000000000000000, 16.46643349342240015 ) ) ;
#719 = APPROVAL_STATUS ( 'not_yet_approved' ) ;
#720 = DIRECTION ( 'NONE',  ( -0.000000000000000000, -0.000000000000000000, 1.000000000000000000 ) ) ;
#722 = VERTEX_POINT ( 'NONE', #241 ) ;
#721 = EDGE_CURVE ( 'NONE', #1492, #8640, #6244, .T. ) ;
#723 = ORIENTED_EDGE ( 'NONE', *, *, #7499, .F. ) ;
#724 = CARTESIAN_POINT ( 'NONE',  ( 41.00000000000000000, 12.00000000000000000, 0.000000000000000000 ) ) ;
#725 = PLANE ( 'NONE',  #246 ) ;
#726 = DIRECTION ( 'NONE',  ( -0.000000000000000000, -1.000000000000000000, -0.000000000000000000 ) ) ;
#727 = CARTESIAN_POINT ( 'NONE',  ( -41.00000000000000000, 20.00000000000000000, 70.00000000000000000 ) ) ;
#728 = PERSON ( 'NAUO-PER2', 'UNSPECIFIED', 'UNSPECIFIED', ('UNSPECIFIED'), ('UNSPECIFIED'), ('UNSPECIFIED') ) ;
#729 =( NAMED_UNIT ( * ) SI_UNIT ( $, .STERADIAN. ) SOLID_ANGLE_UNIT ( ) );
#730 = AXIS2_PLACEMENT_3D ( 'NONE', #3873, #8739, #1080 ) ;
#731 = CC_DESIGN_PERSON_AND_ORGANIZATION_ASSIGNMENT ( #2381, #8161, ( #10684 ) ) ;
#732 = DIRECTION ( 'NONE',  ( -0.000000000000000000, -1.000000000000000000, -0.000000000000000000 ) ) ;
#733 = PERSON_AND_ORGANIZATION ( #2011, #2802 ) ;
#735 = VERTEX_POINT ( 'NONE', #5863 ) ;
#734 = EDGE_LOOP ( 'NONE', ( #367, #7167, #8693, #2781 ) ) ;
#736 = ORIENTED_EDGE ( 'NONE', *, *, #11877, .F. ) ;
#737 = ORIENTED_EDGE ( 'NONE', *, *, #7127, .F. ) ;
#738 = AXIS2_PLACEMENT_3D ( 'NONE', #9085, #9194, #1839 ) ;
#739 = EDGE_CURVE ( 'NONE', #2667, #6250, #1392, .T. ) ;
#741 = VECTOR ( 'NONE', #2305, 1000.000000000000000 ) ;
#740 = DIRECTION ( 'NONE',  ( -1.000000000000000000, 0.000000000000000000, 0.000000000000000000 ) ) ;
#742 = PLANE ( 'NONE',  #7969 ) ;
#743 = DIRECTION ( 'NONE',  ( 0.000000000000000000, 0.000000000000000000, -1.000000000000000000 ) ) ;
#744 = EDGE_CURVE ( 'NONE', #498, #3703, #1963, .T. ) ;
#745 = AXIS2_PLACEMENT_3D ( 'NONE', #5390, #1468, #5152 ) ;
#746 = FACE_BOUND ( 'NONE', #4567, .T. ) ;
#747 = COORDINATED_UNIVERSAL_TIME_OFFSET ( 8, 0, .AHEAD. ) ;
#748 = CIRCLE ( 'NONE', #3645, 3.090475378041975141 ) ;
#749 = VECTOR ( 'NONE', #10768, 1000.000000000000000 ) ;
#750 = ORIENTED_EDGE ( 'NONE', *, *, #7016, .T. ) ;
#751 = DATE_TIME_ROLE ( 'classification_date' ) ;
#752 = EDGE_LOOP ( 'NONE', ( #7233, #641, #7065, #2551 ) ) ;
#753 = ADVANCED_FACE ( 'NONE', ( #4064 ), #7772, .F. ) ;
#754 = DESIGN_CONTEXT ( 'detailed design', #5708, 'design' ) ;
#755 = DIRECTION ( 'NONE',  ( -0.000000000000000000, -1.000000000000000000, -0.000000000000000000 ) ) ;
#756 = CIRCLE ( 'NONE', #11647, 4.219723183390904353 ) ;
#757 = DIRECTION ( 'NONE',  ( -0.000000000000000000, -1.000000000000000000, -0.000000000000000000 ) ) ;
#758 = CARTESIAN_POINT ( 'NONE',  ( -170.0000000000000000, 10.00000000000000000, -65.00000000000000000 ) ) ;
#759 = DIRECTION ( 'NONE',  ( -0.000000000000000000, -1.000000000000000000, -0.000000000000000000 ) ) ;
#760 = ORIENTED_EDGE ( 'NONE', *, *, #10834, .F. ) ;
#761 = LINE ( 'NONE', #11721, #2228 ) ;
#762 = EDGE_LOOP ( 'NONE', ( #7645, #5909, #10366, #11322 ) ) ;
#763 = DATE_AND_TIME ( #11837, #525 ) ;
#764 = AXIS2_PLACEMENT_3D ( 'NONE', #9214, #8425, #2879 ) ;
#765 = DATE_AND_TIME ( #5354, #4474 ) ;
#766 = EDGE_CURVE ( 'NONE', #6365, #6301, #4886, .T. ) ;
#767 = AXIS2_PLACEMENT_3D ( 'NONE', #5289, #8001, #11895 ) ;
#768 = LINE ( 'NONE', #830, #2243 ) ;
#769 = DIRECTION ( 'NONE',  ( 0.000000000000000000, -1.000000000000000000, 0.000000000000000000 ) ) ;
#770 = CARTESIAN_POINT ( 'NONE',  ( -420.0000000000000000, 8.000000000000000000, -184.5000000000000284 ) ) ;
#771 = AXIS2_PLACEMENT_3D ( 'NONE', #7553, #9565, #5647 ) ;
#772 = CARTESIAN_POINT ( 'NONE',  ( -18.12278137398203626, 0.000000000000000000, 10.96193756384787577 ) ) ;
#773 = LINE ( 'NONE', #837, #6957 ) ;
#774 = CIRCLE ( 'NONE', #3295, 3.249999999999999556 ) ;
#775 = DIRECTION ( 'NONE',  ( 0.000000000000000000, 1.000000000000000000, 0.000000000000000000 ) ) ;
#776 = EDGE_CURVE ( 'NONE', #10712, #6364, #10500, .T. ) ;
#777 = DIRECTION ( 'NONE',  ( 1.000000000000000000, 0.000000000000000000, 0.000000000000000000 ) ) ;
#778 = PERSON_AND_ORGANIZATION ( #2011, #2802 ) ;
#779 = EDGE_CURVE ( 'NONE', #11938, #5988, #4000, .T. ) ;
#780 = PLANE ( 'NONE',  #10232 ) ;
#781 = APPLICATION_CONTEXT ( 'configuration controlled 3d designs of mechanical parts and assemblies' ) ;
#782 = VECTOR ( 'NONE', #449, 1000.000000000000000 ) ;
#783 = EDGE_LOOP ( 'NONE', ( #10495, #833, #986, #2445 ) ) ;
#784 = ORIENTED_EDGE ( 'NONE', *, *, #8387, .F. ) ;
#785 = DIRECTION ( 'NONE',  ( 0.000000000000000000, -0.000000000000000000, 1.000000000000000000 ) ) ;
#786 = CARTESIAN_POINT ( 'NONE',  ( -60.00000000000000000, 12.00000000000000000, -90.00000000000000000 ) ) ;
#787 = CARTESIAN_POINT ( 'NONE',  ( -450.0000000000000000, 16.00000000000000000, 186.0000000000000000 ) ) ;
#788 = EDGE_CURVE ( 'NONE', #2116, #10683, #3540, .T. ) ;
#789 = DIRECTION ( 'NONE',  ( 0.000000000000000000, -1.000000000000000000, 0.000000000000000000 ) ) ;
#790 = LOCAL_TIME ( 1, 42, 14.00000000000000000, #4568 ) ;
#791 = VECTOR ( 'NONE', #9883, 1000.000000000000000 ) ;
#792 = EDGE_CURVE ( 'NONE', #866, #2615, #10559, .T. ) ;
#793 = ADVANCED_FACE ( 'NONE', ( #5924 ), #9650, .F. ) ;
#794 =( NAMED_UNIT ( * ) PLANE_ANGLE_UNIT ( ) SI_UNIT ( $, .RADIAN. ) );
#795 = DIRECTION ( 'NONE',  ( 0.000000000000000000, 0.000000000000000000, 1.000000000000000000 ) ) ;
#796 = DATE_AND_TIME ( #3695, #1382 ) ;
#798 = ORIENTED_EDGE ( 'NONE', *, *, #2561, .F. ) ;
#797 = ORIENTED_EDGE ( 'NONE', *, *, #9199, .T. ) ;
#799 = ORGANIZATION ( 'NAUO-ORG15', 'UNSPECIFIED', 'UNSPECIFIED' ) ;
#800 = LOCAL_TIME ( 1, 42, 14.00000000000000000, #625 ) ;
#801 = VERTEX_POINT ( 'NONE', #6916 ) ;
#802 = ORIENTED_EDGE ( 'NONE', *, *, #6037, .T. ) ;
#803 = CARTESIAN_POINT ( 'NONE',  ( 55.00000000000000000, 0.000000000000000000, 35.01734104046242635 ) ) ;
#804 = PRODUCT_DEFINITION ( 'æœ', '', #8743, #4723 ) ;
#805 = APPROVAL ( #10832, 'UNKNOWN' ) ;
#806 = EDGE_CURVE ( 'NONE', #10583, #7348, #11710, .T. ) ;
#807 = SECURITY_CLASSIFICATION_LEVEL ( 'unclassified' ) ;
#808 = CARTESIAN_POINT ( 'NONE',  ( 55.00000000000000000, 18.00000000000000000, 17.00000000000000000 ) ) ;
#809 = ORIENTED_EDGE ( 'NONE', *, *, #11680, .T. ) ;
#810 = APPROVAL_PERSON_ORGANIZATION ( #9081, #3552, #1666 ) ;
#811 = CARTESIAN_POINT ( 'NONE',  ( -55.15432893255071889, 0.000000000000000000, 49.65432893255073310 ) ) ;
#812 = APPLICATION_PROTOCOL_DEFINITION ( 'international standard', 'config_control_design', 1994, #1061 ) ;
#813 = ORIENTED_EDGE ( 'NONE', *, *, #4530, .T. ) ;
#814 = PERSON_AND_ORGANIZATION_ROLE ( 'classification_officer' ) ;
#815 = PRODUCT_DEFINITION_SHAPE ( 'NONE', 'NONE',  #12043 ) ;
#816 = ORIENTED_EDGE ( 'NONE', *, *, #412, .T. ) ;
#817 = ORGANIZATION ( 'NAUO-ORG3', 'UNSPECIFIED', 'UNSPECIFIED' ) ;
#818 = ADVANCED_FACE ( 'NONE', ( #4129, #7834, #7584, #5797, #4828, #11558, #3215 ), #8619, .F. ) ;
#819 = PLANE ( 'NONE',  #3490 ) ;
#820 = FACE_OUTER_BOUND ( 'NONE', #7042, .T. ) ;
#821 = CARTESIAN_POINT ( 'NONE',  ( 297.5999999999999659, 34.00000000000000000, -27.00000000000000355 ) ) ;
#822 = FACE_OUTER_BOUND ( 'NONE', #3272, .T. ) ;
#823 = DIRECTION ( 'NONE',  ( -0.000000000000000000, -1.000000000000000000, -0.000000000000000000 ) ) ;
#824 = ORIENTED_EDGE ( 'NONE', *, *, #3436, .T. ) ;
#825 = EDGE_CURVE ( 'NONE', #11995, #6301, #11908, .T. ) ;
#826 = COORDINATED_UNIVERSAL_TIME_OFFSET ( 8, 0, .AHEAD. ) ;
#827 = LOCAL_TIME ( 1, 42, 14.00000000000000000, #444 ) ;
#828 = VECTOR ( 'NONE', #9185, 1000.000000000000000 ) ;
#829 = COORDINATED_UNIVERSAL_TIME_OFFSET ( 8, 0, .AHEAD. ) ;
#830 = CARTESIAN_POINT ( 'NONE',  ( 0.000000000000000000, 18.00000000000000000, 35.26296589018186012 ) ) ;
#831 = CARTESIAN_POINT ( 'NONE',  ( 55.15432893255069047, 90.00000000000000000, -55.15432893255069047 ) ) ;
#832 = CARTESIAN_POINT ( 'NONE',  ( 120.1043392264672747, 0.000000000000000000, -56.74884620746167485 ) ) ;
#833 = ORIENTED_EDGE ( 'NONE', *, *, #261, .F. ) ;
#834 = AXIS2_PLACEMENT_3D ( 'NONE', #11997, #7294, #1022 ) ;
#835 = ADVANCED_FACE ( 'NONE', ( #6664 ), #303, .F. ) ;
#836 = FACE_OUTER_BOUND ( 'NONE', #6040, .T. ) ;
#837 = CARTESIAN_POINT ( 'NONE',  ( 75.00000000000000000, 18.00000000000000000, 55.00000000000000000 ) ) ;
#838 = CARTESIAN_POINT ( 'NONE',  ( 51.28027681660910275, 0.000000000000000000, 27.34948096885814550 ) ) ;
#839 = CARTESIAN_POINT ( 'NONE',  ( -47.50000000000000000, 0.000000000000000000, 35.00000000000000000 ) ) ;
#840 = PERSON_AND_ORGANIZATION_ROLE ( 'classification_officer' ) ;
#841 = CARTESIAN_POINT ( 'NONE',  ( 297.5999999999999659, 34.00000000000000000, 39.00000000000000711 ) ) ;
#842 = AXIS2_PLACEMENT_3D ( 'NONE', #8605, #7756, #8724 ) ;
#843 = VERTEX_POINT ( 'NONE', #10372 ) ;
#844 = ORIENTED_EDGE ( 'NONE', *, *, #3436, .F. ) ;
#845 = CARTESIAN_POINT ( 'NONE',  ( -75.00000000000000000, 18.00000000000000000, 55.00000000000000000 ) ) ;
#846 = CARTESIAN_POINT ( 'NONE',  ( 27.50000000000000000, 0.000000000000000000, -21.00000000000000000 ) ) ;
#847 = CARTESIAN_POINT ( 'NONE',  ( -55.15432893255070468, 90.00000000000000000, -49.65432893255069757 ) ) ;
#848 = CARTESIAN_POINT ( 'NONE',  ( -46.15384615384615330, 12.00000000000000000, -63.57692307692307310 ) ) ;
#849 = CARTESIAN_POINT ( 'NONE',  ( -163.1999999999999886, 42.00000000000000000, -57.00000000000000000 ) ) ;
#850 = CALENDAR_DATE ( 2026, 29, 7 ) ;
#852 = ORIENTED_EDGE ( 'NONE', *, *, #7174, .F. ) ;
#851 = ORIENTED_EDGE ( 'NONE', *, *, #2962, .F. ) ;
#853 = ORIENTED_EDGE ( 'NONE', *, *, #7111, .F. ) ;
#854 = VERTEX_POINT ( 'NONE', #9469 ) ;
#855 = EDGE_CURVE ( 'NONE', #689, #9974, #1140, .T. ) ;
#856 = LINE ( 'NONE', #4710, #5641 ) ;
#857 = DIRECTION ( 'NONE',  ( 0.000000000000000000, 0.000000000000000000, 1.000000000000000000 ) ) ;
#858 = EDGE_CURVE ( 'NONE', #523, #5310, #3088, .T. ) ;
#859 = AXIS2_PLACEMENT_3D ( 'NONE', #8670, #355, #4053 ) ;
#860 = CARTESIAN_POINT ( 'NONE',  ( 30.00000000000000000, 0.000000000000000000, 30.00000000000000000 ) ) ;
#861 = FACE_OUTER_BOUND ( 'NONE', #5599, .T. ) ;
#862 = PERSON_AND_ORGANIZATION_ROLE ( 'design_supplier' ) ;
#863 = VERTEX_POINT ( 'NONE', #491 ) ;
#864 = CONTEXT_DEPENDENT_SHAPE_REPRESENTATION ( #8450, #8956 ) ;
#865 = AXIS2_PLACEMENT_3D ( 'NONE', #838, #8924, #3620 ) ;
#866 = VERTEX_POINT ( 'NONE', #3401 ) ;
#867 = EDGE_CURVE ( 'NONE', #3051, #6129, #6632, .T. ) ;
#868 = UNCERTAINTY_MEASURE_WITH_UNIT (LENGTH_MEASURE( 1.000000000000000082E-05 ), #8229, 'distance_accuracy_value', 'NONE');
#869 = DIRECTION ( 'NONE',  ( -1.000000000000000000, 0.000000000000000000, 0.000000000000000000 ) ) ;
#870 = AXIS2_PLACEMENT_3D ( 'NONE', #4006, #308, #6859 ) ;
#871 = CARTESIAN_POINT ( 'NONE',  ( 60.00000000000000000, 12.00000000000000000, 90.00000000000000000 ) ) ;
#872 = CARTESIAN_POINT ( 'NONE',  ( -120.1043392264672747, 14.00000000000000000, 56.74884620746166064 ) ) ;
#873 = VECTOR ( 'NONE', #3316, 1000.000000000000000 ) ;
#874 = CARTESIAN_POINT ( 'NONE',  ( 0.000000000000000000, 130.0000000000000000, -155.0000000000000000 ) ) ;
#875 = CARTESIAN_POINT ( 'NONE',  ( -420.0000000000000000, 0.000000000000000000, -175.4999999999999716 ) ) ;
#876 = ORIENTED_EDGE ( 'NONE', *, *, #3799, .F. ) ;
#877 = COORDINATED_UNIVERSAL_TIME_OFFSET ( 8, 0, .AHEAD. ) ;
#878 = CC_DESIGN_PERSON_AND_ORGANIZATION_ASSIGNMENT ( #1733, #10803, ( #6896 ) ) ;
#879 = CALENDAR_DATE ( 2026, 29, 7 ) ;
#880 = VECTOR ( 'NONE', #11349, 1000.000000000000000 ) ;
#881 = AXIS2_PLACEMENT_3D ( 'NONE', #924, #8340, #6384 ) ;
#882 = DIRECTION ( 'NONE',  ( 0.000000000000000000, 1.000000000000000000, 0.000000000000000000 ) ) ;
#883 = DIRECTION ( 'NONE',  ( -1.000000000000000000, -0.000000000000000000, -0.000000000000000000 ) ) ;
#884 = ADVANCED_FACE ( 'NONE', ( #7102 ), #4362, .F. ) ;
#885 = CYLINDRICAL_SURFACE ( 'NONE', #3666, 2.877277303556590393 ) ;
#886 = CARTESIAN_POINT ( 'NONE',  ( -40.00000000000000000, 0.000000000000000000, -3.500000000000000000 ) ) ;
#887 = DIRECTION ( 'NONE',  ( -0.000000000000000000, -1.000000000000000000, -0.000000000000000000 ) ) ;
#888 = VECTOR ( 'NONE', #3235, 1000.000000000000000 ) ;
#889 = LOCAL_TIME ( 1, 42, 14.00000000000000000, #3393 ) ;
#890 = DIRECTION ( 'NONE',  ( 0.000000000000000000, -0.000000000000000000, -1.000000000000000000 ) ) ;
#891 = APPLICATION_PROTOCOL_DEFINITION ( 'international standard', 'config_control_design', 1994, #3489 ) ;
#892 = VECTOR ( 'NONE', #8408, 1000.000000000000000 ) ;
#893 = EDGE_CURVE ( 'NONE', #9553, #3220, #11115, .T. ) ;
#894 = DIRECTION ( 'NONE',  ( -1.000000000000000000, 0.000000000000000000, 0.000000000000000000 ) ) ;
#895 = ORIENTED_EDGE ( 'NONE', *, *, #1734, .F. ) ;
#896 = ORIENTED_EDGE ( 'NONE', *, *, #4310, .T. ) ;
#897 = CARTESIAN_POINT ( 'NONE',  ( 500.0000000000000000, 18.00000000000000000, 325.0000000000000000 ) ) ;
#898 = FACE_OUTER_BOUND ( 'NONE', #5174, .T. ) ;
#899 = DIRECTION ( 'NONE',  ( -0.000000000000000000, -1.000000000000000000, -0.000000000000000000 ) ) ;
#900 = DIRECTION ( 'NONE',  ( -0.000000000000000000, -1.000000000000000000, -0.000000000000000000 ) ) ;
#901 = DIRECTION ( 'NONE',  ( 0.000000000000000000, -1.000000000000000000, 6.123233995736766036E-17 ) ) ;
#902 = DIRECTION ( 'NONE',  ( -1.000000000000000000, 0.000000000000000000, 0.000000000000000000 ) ) ;
#903 = APPROVAL_STATUS ( 'not_yet_approved' ) ;
#905 = EDGE_LOOP ( 'NONE', ( #1793, #7420 ) ) ;
#904 = VERTEX_POINT ( 'NONE', #11858 ) ;
#906 = ADVANCED_FACE ( 'NONE', ( #2476 ), #8991, .F. ) ;
#907 = ORIENTED_EDGE ( 'NONE', *, *, #1610, .T. ) ;
#908 = EDGE_LOOP ( 'NONE', ( #11809, #4181, #10717, #697 ) ) ;
#909 = DIRECTION ( 'NONE',  ( 0.000000000000000000, -0.000000000000000000, -1.000000000000000000 ) ) ;
#910 = DIRECTION ( 'NONE',  ( -1.000000000000000000, 0.000000000000000000, 0.000000000000000000 ) ) ;
#911 = VECTOR ( 'NONE', #363, 1000.000000000000000 ) ;
#912 = DIRECTION ( 'NONE',  ( 0.000000000000000000, 1.000000000000000000, 0.000000000000000000 ) ) ;
#913 = VERTEX_POINT ( 'NONE', #616 ) ;
#914 = EDGE_CURVE ( 'NONE', #11737, #3753, #9834, .T. ) ;
#915 = DIRECTION ( 'NONE',  ( 0.000000000000000000, 0.000000000000000000, 1.000000000000000000 ) ) ;
#916 = PERSON_AND_ORGANIZATION_ROLE ( 'classification_officer' ) ;
#917 = EDGE_CURVE ( 'NONE', #2034, #6787, #6176, .T. ) ;
#918 = ORIENTED_EDGE ( 'NONE', *, *, #6309, .F. ) ;
#919 = APPROVAL_STATUS ( 'not_yet_approved' ) ;
#920 = CIRCLE ( 'NONE', #7709, 4.499999999999997335 ) ;
#921 = ORIENTED_EDGE ( 'NONE', *, *, #4954, .F. ) ;
#922 = CARTESIAN_POINT ( 'NONE',  ( -140.5000000000000000, 0.000000000000000000, -31.00000000000000000 ) ) ;
#923 = AXIS2_PLACEMENT_3D ( 'NONE', #2274, #2522, #474 ) ;
#924 = CARTESIAN_POINT ( 'NONE',  ( -53.88728323699420741, 18.00000000000000000, -38.00000000000000000 ) ) ;
#925 = DIRECTION ( 'NONE',  ( 0.000000000000000000, 1.000000000000000000, 0.000000000000000000 ) ) ;
#926 = APPLICATION_CONTEXT ( 'configuration controlled 3d designs of mechanical parts and assemblies' ) ;
#927 = AXIS2_PLACEMENT_3D ( 'NONE', #2642, #4467, #7390 ) ;
#928 = EDGE_CURVE ( 'NONE', #9530, #5371, #673, .T. ) ;
#929 = LINE ( 'NONE', #4620, #105 ) ;
#930 = VERTEX_POINT ( 'NONE', #8932 ) ;
#931 = PERSON_AND_ORGANIZATION ( #2011, #2802 ) ;
#932 = CALENDAR_DATE ( 2026, 29, 7 ) ;
#933 = AXIS2_PLACEMENT_3D ( 'NONE', #11641, #3844, #3909 ) ;
#934 = CARTESIAN_POINT ( 'NONE',  ( -105.0000000000000000, 90.00000000000000000, -105.0000000000000000 ) ) ;
#935 = DIRECTION ( 'NONE',  ( 0.000000000000000000, -0.000000000000000000, -1.000000000000000000 ) ) ;
#936 = DIRECTION ( 'NONE',  ( 0.000000000000000000, 0.000000000000000000, 1.000000000000000000 ) ) ;
#937 = APPROVAL ( #3760, 'æœª' ) ;
#938 = CARTESIAN_POINT ( 'NONE',  ( 0.000000000000000000, 0.000000000000000000, 0.000000000000000000 ) ) ;
#939 = DIRECTION ( 'NONE',  ( -1.000000000000000000, -0.000000000000000000, -0.000000000000000000 ) ) ;
#940 = VECTOR ( 'NONE', #8678, 1000.000000000000000 ) ;
#941 = CARTESIAN_POINT ( 'NONE',  ( -57.50000000000000000, 22.00000000000000000, 54.00000000000000000 ) ) ;
#942 = COORDINATED_UNIVERSAL_TIME_OFFSET ( 8, 0, .AHEAD. ) ;
#943 = AXIS2_PLACEMENT_3D ( 'NONE', #1441, #8669, #5125 ) ;
#944 = ORIENTED_EDGE ( 'NONE', *, *, #3175, .F. ) ;
#945 = EDGE_LOOP ( 'NONE', ( #6796, #2787, #128, #8136 ) ) ;
#946 = AXIS2_PLACEMENT_3D ( 'NONE', #2277, #1439, #10854 ) ;
#947 = CARTESIAN_POINT ( 'NONE',  ( -49.74884620746166775, 14.00000000000000000, 120.1043392264672889 ) ) ;
#948 = PLANE ( 'NONE',  #8980 ) ;
#949 = DIRECTION ( 'NONE',  ( 0.000000000000000000, 0.000000000000000000, 1.000000000000000000 ) ) ;
#950 = ORIENTED_EDGE ( 'NONE', *, *, #8032, .T. ) ;
#951 = AXIS2_PLACEMENT_3D ( 'NONE', #5897, #1302, #7135 ) ;
#952 = EDGE_CURVE ( 'NONE', #4438, #1920, #10692, .T. ) ;
#953 = DIRECTION ( 'NONE',  ( 1.000000000000000000, 0.000000000000000000, 0.000000000000000000 ) ) ;
#954 = CARTESIAN_POINT ( 'NONE',  ( 51.28027681660910986, 0.000000000000000000, -31.56920415224907828 ) ) ;
#955 = CALENDAR_DATE ( 2026, 29, 7 ) ;
#956 = CALENDAR_DATE ( 2026, 29, 7 ) ;
#957 = AXIS2_PLACEMENT_3D ( 'NONE', #4559, #4444, #6320 ) ;
#958 = CARTESIAN_POINT ( 'NONE',  ( -85.00000000000000000, 10.00000000000000000, -60.00000000000000000 ) ) ;
#959 = PERSON_AND_ORGANIZATION ( #2011, #2802 ) ;
#960 = ADVANCED_FACE ( 'NONE', ( #11798 ), #9774, .F. ) ;
#962 = ORIENTED_EDGE ( 'NONE', *, *, #5213, .F. ) ;
#961 = ORIENTED_EDGE ( 'NONE', *, *, #4477, .F. ) ;
#963 = SHAPE_REPRESENTATION ( 'FD-010_vblock_base', ( #2596 ), #11163 ) ;
#964 = ORIENTED_EDGE ( 'NONE', *, *, #5114, .F. ) ;
#965 = CARTESIAN_POINT ( 'NONE',  ( -460.0000000000000000, 24.00000000000000000, 285.0000000000000000 ) ) ;
#966 = CARTESIAN_POINT ( 'NONE',  ( 0.000000000000000000, 0.000000000000000000, 0.000000000000000000 ) ) ;
#967 = LOCAL_TIME ( 1, 42, 14.00000000000000000, #5949 ) ;
#968 = CIRCLE ( 'NONE', #6009, 6.999999999999999112 ) ;
#969 = ADVANCED_FACE ( 'NONE', ( #6289 ), #10009, .F. ) ;
#970 = CARTESIAN_POINT ( 'NONE',  ( -57.50000000000000000, 22.00000000000000000, 36.00000000000000000 ) ) ;
#971 = EDGE_LOOP ( 'NONE', ( #723, #1322 ) ) ;
#972 = CARTESIAN_POINT ( 'NONE',  ( -140.5000000000000000, 0.000000000000000000, 31.00000000000000000 ) ) ;
#973 = PERSON_AND_ORGANIZATION ( #2011, #2802 ) ;
#974 = APPROVAL_PERSON_ORGANIZATION ( #6376, #9777, #11137 ) ;
#975 = ORIENTED_EDGE ( 'NONE', *, *, #6658, .T. ) ;
#976 = PERSON_AND_ORGANIZATION_ROLE ( 'classification_officer' ) ;
#977 = ORIENTED_EDGE ( 'NONE', *, *, #1576, .T. ) ;
#978 = AXIS2_PLACEMENT_3D ( 'NONE', #11964, #4515, #11096 ) ;
#979 = ORGANIZATION ( 'NAUO-ORG24', 'UNSPECIFIED', 'UNSPECIFIED' ) ;
#980 = UNCERTAINTY_MEASURE_WITH_UNIT (LENGTH_MEASURE( 1.000000000000000082E-05 ), #2767, 'distance_accuracy_value', 'NONE');
#981 = CARTESIAN_POINT ( 'NONE',  ( -75.00000000000000000, 0.000000000000000000, -55.00000000000000000 ) ) ;
#982 = CC_DESIGN_APPROVAL ( #7120, ( #7581 ) ) ;
#983 = DIRECTION ( 'NONE',  ( -0.000000000000000000, -1.000000000000000000, -0.000000000000000000 ) ) ;
#984 = CARTESIAN_POINT ( 'NONE',  ( 55.15432893255069047, 90.00000000000000000, -55.15432893255069047 ) ) ;
#985 = CARTESIAN_POINT ( 'NONE',  ( 170.0000000000000000, 0.000000000000000000, 65.00000000000000000 ) ) ;
#986 = ORIENTED_EDGE ( 'NONE', *, *, #7814, .F. ) ;
#987 = APPLICATION_PROTOCOL_DEFINITION ( 'international standard', 'config_control_design', 1994, #11343 ) ;
#988 = DATE_TIME_ROLE ( 'classification_date' ) ;
#989 = DIRECTION ( 'NONE',  ( -0.000000000000000000, -1.000000000000000000, -0.000000000000000000 ) ) ;
#990 = CARTESIAN_POINT ( 'NONE',  ( -55.00000000000000000, 0.000000000000000000, -17.00000000000000000 ) ) ;
#991 = CARTESIAN_POINT ( 'NONE',  ( 64.58429561200922819, 10.00000000000000000, 45.58891454965358747 ) ) ;
#992 = EDGE_CURVE ( 'NONE', #2236, #5552, #6240, .T. ) ;
#993 = PRODUCT ( 'FD-005_bowl_drive', 'FD-005_bowl_drive', '', ( #8320 ) ) ;
#994 = DIRECTION ( 'NONE',  ( 0.000000000000000000, 1.000000000000000000, 0.000000000000000000 ) ) ;
#995 = APPLICATION_CONTEXT ( 'configuration controlled 3d designs of mechanical parts and assemblies' ) ;
#996 = ORIENTED_EDGE ( 'NONE', *, *, #5179, .F. ) ;
#997 = DIRECTION ( 'NONE',  ( 0.000000000000000000, 0.000000000000000000, 1.000000000000000000 ) ) ;
#998 = DIRECTION ( 'NONE',  ( 0.000000000000000000, 0.000000000000000000, -1.000000000000000000 ) ) ;
#999 = CC_DESIGN_SECURITY_CLASSIFICATION ( #2933, ( #12026 ) ) ;
#1000 = VECTOR ( 'NONE', #1070, 1000.000000000000000 ) ;
#1001 = DIRECTION ( 'NONE',  ( 0.000000000000000000, 1.000000000000000000, 0.000000000000000000 ) ) ;
#1002 = APPROVAL_DATE_TIME ( #2996, #3017 ) ;
#1003 = ORIENTED_EDGE ( 'NONE', *, *, #10237, .F. ) ;
#1004 = ORIENTED_EDGE ( 'NONE', *, *, #5438, .F. ) ;
#1005 = CARTESIAN_POINT ( 'NONE',  ( 85.00000000000000000, 10.00000000000000000, -60.00000000000000000 ) ) ;
#1006 = AXIS2_PLACEMENT_3D ( 'NONE', #2106, #8740, #5076 ) ;
#1007 = ADVANCED_FACE ( 'NONE', ( #9048 ), #725, .F. ) ;
#1008 = CARTESIAN_POINT ( 'NONE',  ( 450.0000000000000000, 16.00000000000000000, 210.0000000000000284 ) ) ;
#1009 = LINE ( 'NONE', #4699, #10444 ) ;
#1010 = ORIENTED_EDGE ( 'NONE', *, *, #5869, .F. ) ;
#1011 = DIRECTION ( 'NONE',  ( 0.000000000000000000, 0.000000000000000000, 1.000000000000000000 ) ) ;
#1012 = CARTESIAN_POINT ( 'NONE',  ( 0.000000000000000000, 0.000000000000000000, 0.000000000000000000 ) ) ;
#1013 = CALENDAR_DATE ( 2026, 29, 7 ) ;
#1014 = VERTEX_POINT ( 'NONE', #1685 ) ;
#1015 = PLANE ( 'NONE',  #8682 ) ;
#1016 = APPROVAL ( #11225, 'æœª' ) ;
#1018 = VERTEX_POINT ( 'NONE', #5137 ) ;
#1017 = EDGE_LOOP ( 'NONE', ( #4469, #7536 ) ) ;
#1019 = CC_DESIGN_PERSON_AND_ORGANIZATION_ASSIGNMENT ( #10075, #11411, ( #11095 ) ) ;
#1020 = ORIENTED_EDGE ( 'NONE', *, *, #5278, .F. ) ;
#1021 = VERTEX_POINT ( 'NONE', #8802 ) ;
#1022 = DIRECTION ( 'NONE',  ( 0.000000000000000000, 0.000000000000000000, -1.000000000000000000 ) ) ;
#1023 = LINE ( 'NONE', #6486, #1115 ) ;
#1024 = ORIENTED_EDGE ( 'NONE', *, *, #10024, .F. ) ;
#1025 = EDGE_CURVE ( 'NONE', #4023, #2707, #2360, .T. ) ;
#1026 = CARTESIAN_POINT ( 'NONE',  ( -30.00000000000000000, 0.000000000000000000, 30.00000000000000000 ) ) ;
#1027 = EDGE_LOOP ( 'NONE', ( #10792, #487, #4621, #11300 ) ) ;
#1028 = DIRECTION ( 'NONE',  ( -0.000000000000000000, -1.000000000000000000, -0.000000000000000000 ) ) ;
#1029 = PERSON_AND_ORGANIZATION_ROLE ( 'creator' ) ;
#1030 = SHAPE_REPRESENTATION ( 'FD-004_vibratory_bowl', ( #2596 ), #1820 ) ;
#1031 = APPROVAL ( #3435, 'æœª' ) ;
#1032 = ORIENTED_EDGE ( 'NONE', *, *, #2845, .T. ) ;
#1033 = SECURITY_CLASSIFICATION_LEVEL ( 'unclassified' ) ;
#1034 = EDGE_LOOP ( 'NONE', ( #3218, #1132, #5215, #10937, #3208, #1259, #22, #2750 ) ) ;
#1035 = ADVANCED_FACE ( 'NONE', ( #6059 ), #8028, .T. ) ;
#1036 = CARTESIAN_POINT ( 'NONE',  ( 170.0000000000000000, 10.00000000000000000, -65.00000000000000000 ) ) ;
#1037 = DIRECTION ( 'NONE',  ( 0.000000000000000000, 0.000000000000000000, 1.000000000000000000 ) ) ;
#1038 = ORIENTED_EDGE ( 'NONE', *, *, #2276, .F. ) ;
#1039 = CARTESIAN_POINT ( 'NONE',  ( -120.1043392264672747, 0.000000000000000000, -49.74884620746167485 ) ) ;
#1040 = DIRECTION ( 'NONE',  ( 1.000000000000000000, 0.000000000000000000, 0.000000000000000000 ) ) ;
#1041 = CYLINDRICAL_SURFACE ( 'NONE', #9415, 4.500000000000017764 ) ;
#1042 = AXIS2_PLACEMENT_3D ( 'NONE', #6340, #605, #2700 ) ;
#1043 = ORIENTED_EDGE ( 'NONE', *, *, #4119, .T. ) ;
#1044 = DATE_AND_TIME ( #1945, #5224 ) ;
#1045 = CALENDAR_DATE ( 2026, 29, 7 ) ;
#1046 = ADVANCED_FACE ( 'NONE', ( #11169 ), #8311, .T. ) ;
#1047 = DIRECTION ( 'NONE',  ( 0.000000000000000000, 0.000000000000000000, 1.000000000000000000 ) ) ;
#1048 = FACE_OUTER_BOUND ( 'NONE', #6067, .T. ) ;
#1049 = ITEM_DEFINED_TRANSFORMATION ( 'NONE', 'NONE', #11752,  #2596 ) ;
#1050 = FACE_BOUND ( 'NONE', #9618, .T. ) ;
#1051 = CARTESIAN_POINT ( 'NONE',  ( 284.3874821936960871, 0.000000000000000000, -39.00000000000001421 ) ) ;
#1052 = DIRECTION ( 'NONE',  ( -0.000000000000000000, -1.000000000000000000, -0.000000000000000000 ) ) ;
#1053 = CARTESIAN_POINT ( 'NONE',  ( 0.000000000000000000, 12.00000000000000000, 39.00000000000000711 ) ) ;
#1054 = FACE_OUTER_BOUND ( 'NONE', #3878, .T. ) ;
#1055 = APPROVAL_STATUS ( 'not_yet_approved' ) ;
#1056 = AXIS2_PLACEMENT_3D ( 'NONE', #10476, #5113, #7813 ) ;
#1057 = ADVANCED_FACE ( 'NONE', ( #9213 ), #6587, .F. ) ;
#1058 = AXIS2_PLACEMENT_3D ( 'NONE', #11058, #6419, #10136 ) ;
#1059 = VECTOR ( 'NONE', #5963, 1000.000000000000000 ) ;
#1060 = ADVANCED_FACE ( 'NONE', ( #9161 ), #948, .T. ) ;
#1061 = APPLICATION_CONTEXT ( 'configuration controlled 3d designs of mechanical parts and assemblies' ) ;
#1062 = ORIENTED_EDGE ( 'NONE', *, *, #6894, .F. ) ;
#1063 = ADVANCED_FACE ( 'NONE', ( #3628 ), #11922, .F. ) ;
#1064 = CARTESIAN_POINT ( 'NONE',  ( -500.0000000000000000, 18.00000000000000000, 325.0000000000000000 ) ) ;
#1065 = CARTESIAN_POINT ( 'NONE',  ( 120.1043392264672747, 14.00000000000000000, 56.74884620746168196 ) ) ;
#1066 = DIRECTION ( 'NONE',  ( -0.000000000000000000, -1.000000000000000000, -0.000000000000000000 ) ) ;
#1067 = AXIS2_PLACEMENT_3D ( 'NONE', #3817, #11254, #2902 ) ;
#1068 = LOCAL_TIME ( 1, 42, 14.00000000000000000, #6581 ) ;
#1069 = FACE_OUTER_BOUND ( 'NONE', #5682, .T. ) ;
#1070 = DIRECTION ( 'NONE',  ( -0.000000000000000000, -1.000000000000000000, -0.000000000000000000 ) ) ;
#1071 = COORDINATED_UNIVERSAL_TIME_OFFSET ( 8, 0, .AHEAD. ) ;
#1072 = EDGE_CURVE ( 'NONE', #7050, #1999, #9351, .T. ) ;
#1073 = ORIENTED_EDGE ( 'NONE', *, *, #11576, .F. ) ;
#1074 = CARTESIAN_POINT ( 'NONE',  ( 0.000000000000000000, 8.000000000000000000, 186.0000000000000000 ) ) ;
#1075 = AXIS2_PLACEMENT_3D ( 'NONE', #3711, #6375, #9178 ) ;
#1077 = ORIENTED_EDGE ( 'NONE', *, *, #1600, .T. ) ;
#1076 = ORIENTED_EDGE ( 'NONE', *, *, #10736, .F. ) ;
#1078 = CC_DESIGN_APPROVAL ( #1961, ( #1482 ) ) ;
#1079 = ORIENTED_EDGE ( 'NONE', *, *, #9371, .T. ) ;
#1080 = DIRECTION ( 'NONE',  ( 0.000000000000000000, 0.000000000000000000, -1.000000000000000000 ) ) ;
#1081 = LINE ( 'NONE', #2832, #6694 ) ;
#1082 = LINE ( 'NONE', #7295, #8697 ) ;
#1083 = ORIENTED_EDGE ( 'NONE', *, *, #4310, .F. ) ;
#1084 = LINE ( 'NONE', #245, #9934 ) ;
#1085 = CC_DESIGN_PERSON_AND_ORGANIZATION_ASSIGNMENT ( #931, #10396, ( #10471 ) ) ;
#1086 = CARTESIAN_POINT ( 'NONE',  ( 385.0000000000000000, 8.000000000000000000, 130.0000000000000284 ) ) ;
#1087 = CARTESIAN_POINT ( 'NONE',  ( -67.50000000000000000, 72.00000000000000000, -36.00000000000000000 ) ) ;
#1088 = COORDINATED_UNIVERSAL_TIME_OFFSET ( 8, 0, .AHEAD. ) ;
#1089 = EDGE_LOOP ( 'NONE', ( #538, #11241, #10651, #8891 ) ) ;
#1090 = VERTEX_POINT ( 'NONE', #1008 ) ;
#1091 = VERTEX_POINT ( 'NONE', #846 ) ;
#1092 = UNCERTAINTY_MEASURE_WITH_UNIT (LENGTH_MEASURE( 1.000000000000000082E-05 ), #200, 'distance_accuracy_value', 'NONE');
#1093 = PLANE ( 'NONE',  #9300 ) ;
#1094 = EDGE_CURVE ( 'NONE', #11681, #10155, #4698, .T. ) ;
#1095 = VERTEX_POINT ( 'NONE', #10180 ) ;
#1096 = CARTESIAN_POINT ( 'NONE',  ( -49.74884620746166775, 14.00000000000000000, 120.1043392264672889 ) ) ;
#1097 = CARTESIAN_POINT ( 'NONE',  ( 275.6125178063039698, 0.000000000000000000, -39.00000000000000000 ) ) ;
#1098 = DIRECTION ( 'NONE',  ( 0.000000000000000000, 0.000000000000000000, 1.000000000000000000 ) ) ;
#1099 = ORIENTED_EDGE ( 'NONE', *, *, #9672, .F. ) ;
#1100 = PERSON_AND_ORGANIZATION ( #2011, #2802 ) ;
#1101 = CARTESIAN_POINT ( 'NONE',  ( 0.000000000000000000, 85.00000000000000000, 0.000000000000000000 ) ) ;
#1102 = COORDINATED_UNIVERSAL_TIME_OFFSET ( 8, 0, .AHEAD. ) ;
#1103 = ADVANCED_FACE ( 'NONE', ( #2877 ), #2647, .F. ) ;
#1104 = LINE ( 'NONE', #2858, #4941 ) ;
#1106 = AXIS2_PLACEMENT_3D ( 'NONE', #6159, #6898, #8915 ) ;
#1105 = DIRECTION ( 'NONE',  ( -1.000000000000000000, 0.000000000000000000, 0.000000000000000000 ) ) ;
#1107 = APPROVAL_STATUS ( 'not_yet_approved' ) ;
#1108 = CARTESIAN_POINT ( 'NONE',  ( 52.50000000000000000, 60.00000000000000000, -30.00000000000000000 ) ) ;
#1109 = VECTOR ( 'NONE', #732, 1000.000000000000000 ) ;
#1110 = DIRECTION ( 'NONE',  ( 0.000000000000000000, 0.000000000000000000, -1.000000000000000000 ) ) ;
#1111 = PLANE ( 'NONE',  #8506 ) ;
#1112 = DIRECTION ( 'NONE',  ( 0.000000000000000000, 0.000000000000000000, 1.000000000000000000 ) ) ;
#1113 = EDGE_CURVE ( 'NONE', #2134, #1512, #7335, .T. ) ;
#1114 = PERSON_AND_ORGANIZATION ( #2011, #2802 ) ;
#1115 = VECTOR ( 'NONE', #1979, 1000.000000000000000 ) ;
#1116 = AXIS2_PLACEMENT_3D ( 'NONE', #9019, #8901, #5348 ) ;
#1117 = VECTOR ( 'NONE', #4547, 1000.000000000000000 ) ;
#1118 = EDGE_LOOP ( 'NONE', ( #3192, #9069, #5327, #1938 ) ) ;
#1119 = ORIENTED_EDGE ( 'NONE', *, *, #9212, .F. ) ;
#1120 = CARTESIAN_POINT ( 'NONE',  ( -18.12278137398203270, 0.000000000000000000, -13.83921486740446305 ) ) ;
#1121 = CARTESIAN_POINT ( 'NONE',  ( 49.74884620746168196, 0.000000000000000000, 127.1043392264673315 ) ) ;
#1122 = PLANE ( 'NONE',  #5197 ) ;
#1123 = ORIENTED_EDGE ( 'NONE', *, *, #1287, .F. ) ;
#1124 = CIRCLE ( 'NONE', #5978, 4.915704387990778024 ) ;
#1125 = EDGE_CURVE ( 'NONE', #11751, #7421, #9100, .T. ) ;
#1126 = DIRECTION ( 'NONE',  ( 0.000000000000000000, 0.000000000000000000, -1.000000000000000000 ) ) ;
#1127 = DIRECTION ( 'NONE',  ( 0.000000000000000000, -0.000000000000000000, -1.000000000000000000 ) ) ;
#1128 = EDGE_CURVE ( 'NONE', #9156, #10893, #11323, .T. ) ;
#1129 = VECTOR ( 'NONE', #7623, 1000.000000000000000 ) ;
#1130 = PERSON_AND_ORGANIZATION_ROLE ( 'classification_officer' ) ;
#1131 = PERSON_AND_ORGANIZATION ( #2011, #2802 ) ;
#1132 = ORIENTED_EDGE ( 'NONE', *, *, #1143, .T. ) ;
#1133 = DIRECTION ( 'NONE',  ( 0.000000000000000000, 0.000000000000000000, -1.000000000000000000 ) ) ;
#1134 = AXIS2_PLACEMENT_3D ( 'NONE', #4802, #213, #5107 ) ;
#1136 = VERTEX_POINT ( 'NONE', #2709 ) ;
#1135 = VERTEX_POINT ( 'NONE', #10986 ) ;
#1137 = VERTEX_POINT ( 'NONE', #1740 ) ;
#1138 = VECTOR ( 'NONE', #3318, 1000.000000000000000 ) ;
#1139 = LINE ( 'NONE', #3212, #3651 ) ;
#1140 = LINE ( 'NONE', #3938, #1604 ) ;
#1141 = FACE_OUTER_BOUND ( 'NONE', #8667, .T. ) ;
#1142 = ORIENTED_EDGE ( 'NONE', *, *, #3502, .F. ) ;
#1143 = EDGE_CURVE ( 'NONE', #8957, #7992, #9271, .T. ) ;
#1144 = EDGE_LOOP ( 'NONE', ( #11113, #2049, #9262, #2252 ) ) ;
#1145 = ADVANCED_FACE ( 'NONE', ( #898 ), #7395, .T. ) ;
#1146 = DIRECTION ( 'NONE',  ( 0.000000000000000000, 0.000000000000000000, 1.000000000000000000 ) ) ;
#1147 = VECTOR ( 'NONE', #1656, 1000.000000000000000 ) ;
#1148 = ORIENTED_EDGE ( 'NONE', *, *, #6779, .F. ) ;
#1149 = CARTESIAN_POINT ( 'NONE',  ( 0.000000000000000000, 170.0000000000000000, 0.000000000000000000 ) ) ;
#1150 = DIRECTION ( 'NONE',  ( -1.000000000000000000, 0.000000000000000000, 0.000000000000000000 ) ) ;
#1151 = COORDINATED_UNIVERSAL_TIME_OFFSET ( 8, 0, .AHEAD. ) ;
#1152 = ORIENTED_EDGE ( 'NONE', *, *, #10749, .F. ) ;
#1153 = APPROVAL_DATE_TIME ( #1339, #9399 ) ;
#1154 =( REPRESENTATION_RELATIONSHIP ('NONE','NONE', #7247, #5995 ) REPRESENTATION_RELATIONSHIP_WITH_TRANSFORMATION ( #6202 )SHAPE_REPRESENTATION_RELATIONSHIP( ) );
#1155 = ORIENTED_EDGE ( 'NONE', *, *, #1359, .T. ) ;
#1156 = CC_DESIGN_DATE_AND_TIME_ASSIGNMENT ( #8447, #3818, ( #2035 ) ) ;
#1157 = CIRCLE ( 'NONE', #8532, 4.219723183390904353 ) ;
#1158 = CC_DESIGN_PERSON_AND_ORGANIZATION_ASSIGNMENT ( #8552, #7574, ( #7981 ) ) ;
#1159 = ORIENTED_EDGE ( 'NONE', *, *, #10925, .F. ) ;
#1160 = ADVANCED_FACE ( 'NONE', ( #3743 ), #4531, .F. ) ;
#1161 = DIRECTION ( 'NONE',  ( 0.000000000000000000, 0.000000000000000000, 1.000000000000000000 ) ) ;
#1162 = LINE ( 'NONE', #5692, #8614 ) ;
#1163 = DIRECTION ( 'NONE',  ( -0.000000000000000000, -1.000000000000000000, -0.000000000000000000 ) ) ;
#1164 = LOCAL_TIME ( 1, 42, 14.00000000000000000, #747 ) ;
#1165 = VECTOR ( 'NONE', #9763, 1000.000000000000000 ) ;
#1166 = LINE ( 'NONE', #2193, #9220 ) ;
#1167 = ORIENTED_EDGE ( 'NONE', *, *, #1918, .F. ) ;
#1168 = PERSON_AND_ORGANIZATION ( #2011, #2802 ) ;
#1169 = DIRECTION ( 'NONE',  ( 0.000000000000000000, 0.000000000000000000, 1.000000000000000000 ) ) ;
#1170 = DATE_TIME_ROLE ( 'classification_date' ) ;
#1171 = CC_DESIGN_PERSON_AND_ORGANIZATION_ASSIGNMENT ( #6531, #7696, ( #7635 ) ) ;
#1172 = AXIS2_PLACEMENT_3D ( 'NONE', #11223, #4746, #3913 ) ;
#1173 = DIRECTION ( 'NONE',  ( 0.000000000000000000, 0.000000000000000000, -1.000000000000000000 ) ) ;
#1174 = LOCAL_TIME ( 1, 42, 14.00000000000000000, #6925 ) ;
#1175 = APPROVAL_DATE_TIME ( #6696, #9626 ) ;
#1176 = DIRECTION ( 'NONE',  ( 0.000000000000000000, -0.000000000000000000, -1.000000000000000000 ) ) ;
#1177 = EDGE_LOOP ( 'NONE', ( #4791, #2965, #964, #4669 ) ) ;
#1178 = CARTESIAN_POINT ( 'NONE',  ( -40.00000000000000000, 0.000000000000000000, 20.00000000000000000 ) ) ;
#1179 = ADVANCED_FACE ( 'NONE', ( #8254 ), #1854, .F. ) ;
#1180 = DIRECTION ( 'NONE',  ( 0.000000000000000000, 0.000000000000000000, 1.000000000000000000 ) ) ;
#1181 = DIRECTION ( 'NONE',  ( 1.000000000000000000, 0.000000000000000000, 0.000000000000000000 ) ) ;
#1182 = DIRECTION ( 'NONE',  ( 0.000000000000000000, 0.000000000000000000, 1.000000000000000000 ) ) ;
#1183 = CC_DESIGN_APPROVAL ( #11591, ( #2145 ) ) ;
#1184 = APPROVAL_ROLE ( '' ) ;
#1185 = SECURITY_CLASSIFICATION ( '', '', #2071 ) ;
#1186 = DATE_AND_TIME ( #2085, #2727 ) ;
#1187 = ORIENTED_EDGE ( 'NONE', *, *, #1125, .T. ) ;
#1188 = LINE ( 'NONE', #9634, #1303 ) ;
#1189 = EDGE_CURVE ( 'NONE', #1231, #1651, #6839, .T. ) ;
#1190 = CARTESIAN_POINT ( 'NONE',  ( -40.00000000000000000, 18.00000000000000000, 0.000000000000000000 ) ) ;
#1191 = CARTESIAN_POINT ( 'NONE',  ( 0.000000000000000000, 120.0000000000000000, -5.000000000000000000 ) ) ;
#1192 = CC_DESIGN_APPROVAL ( #4922, ( #4104 ) ) ;
#1193 = PRODUCT ( 'FD-017_workpiece_shaft', 'FD-017_workpiece_shaft', '', ( #4622 ) ) ;
#1194 = CIRCLE ( 'NONE', #2737, 4.915704387990778024 ) ;
#1195 = FACE_BOUND ( 'NONE', #5971, .T. ) ;
#1196 = FACE_BOUND ( 'NONE', #2057, .T. ) ;
#1197 = ORIENTED_EDGE ( 'NONE', *, *, #11123, .T. ) ;
#1198 = DIRECTION ( 'NONE',  ( 0.000000000000000000, 0.000000000000000000, 1.000000000000000000 ) ) ;
#1199 = AXIS2_PLACEMENT_3D ( 'NONE', #1265, #11434, #4950 ) ;
#1201 = EDGE_LOOP ( 'NONE', ( #8422, #11248 ) ) ;
#1200 = ORIENTED_EDGE ( 'NONE', *, *, #140, .T. ) ;
#1202 = EDGE_LOOP ( 'NONE', ( #3674, #10878 ) ) ;
#1203 = LINE ( 'NONE', #11556, #10617 ) ;
#1204 = EDGE_LOOP ( 'NONE', ( #5570, #1851, #5469, #6068, #7293, #5613, #63, #9840, #488, #6117, #2841, #1864 ) ) ;
#1205 = DIRECTION ( 'NONE',  ( -0.000000000000000000, -1.000000000000000000, -0.000000000000000000 ) ) ;
#1206 = CARTESIAN_POINT ( 'NONE',  ( 275.6125178063039698, 0.000000000000000000, 39.00000000000002132 ) ) ;
#1207 = CARTESIAN_POINT ( 'NONE',  ( 64.58429561200922819, 10.00000000000000000, -45.58891454965356616 ) ) ;
#1208 = AXIS2_PLACEMENT_3D ( 'NONE', #10484, #6708, #9451 ) ;
#1209 = EDGE_LOOP ( 'NONE', ( #6617, #9562, #3002, #1575 ) ) ;
#1210 = CARTESIAN_POINT ( 'NONE',  ( -140.5000000000000000, 10.00000000000000000, 31.00000000000000000 ) ) ;
#1211 = EDGE_LOOP ( 'NONE', ( #11836, #7817, #3425, #9960 ) ) ;
#1212 = CARTESIAN_POINT ( 'NONE',  ( 0.000000000000000000, 120.0000000000000000, 0.000000000000000000 ) ) ;
#1213 = PERSON_AND_ORGANIZATION ( #2011, #2802 ) ;
#1214 = EDGE_CURVE ( 'NONE', #3596, #854, #2151, .T. ) ;
#1215 = ORIENTED_EDGE ( 'NONE', *, *, #10697, .F. ) ;
#1216 = ITEM_DEFINED_TRANSFORMATION ( 'NONE', 'NONE', #9020,  #2596 ) ;
#1217 = EDGE_CURVE ( 'NONE', #10688, #904, #4755, .T. ) ;
#1218 = EDGE_LOOP ( 'NONE', ( #10949, #10764, #11870, #6 ) ) ;
#1219 = AXIS2_PLACEMENT_3D ( 'NONE', #11337, #2980, #1169 ) ;
#1220 = VERTEX_POINT ( 'NONE', #5850 ) ;
#1221 = CARTESIAN_POINT ( 'NONE',  ( 46.15384615384618172, 0.000000000000000000, -72.57692307692303757 ) ) ;
#1222 = DIRECTION ( 'NONE',  ( -0.000000000000000000, -1.000000000000000000, -0.000000000000000000 ) ) ;
#1223 = CARTESIAN_POINT ( 'NONE',  ( 1.285879139104720791E-14, 22.00000000000000000, 105.0000000000000000 ) ) ;
#1224 = ORIENTED_EDGE ( 'NONE', *, *, #8831, .T. ) ;
#1225 = FACE_OUTER_BOUND ( 'NONE', #5989, .T. ) ;
#1226 = VERTEX_POINT ( 'NONE', #2942 ) ;
#1227 = CALENDAR_DATE ( 2026, 29, 7 ) ;
#1228 = EDGE_CURVE ( 'NONE', #8277, #4108, #1246, .T. ) ;
#1229 = DIRECTION ( 'NONE',  ( 0.000000000000000000, 1.000000000000000000, 0.000000000000000000 ) ) ;
#1230 = CONTEXT_DEPENDENT_SHAPE_REPRESENTATION ( #11588, #7108 ) ;
#1231 = VERTEX_POINT ( 'NONE', #1121 ) ;
#1232 = DIRECTION ( 'NONE',  ( 1.000000000000000000, 0.000000000000000000, 0.000000000000000000 ) ) ;
#1233 = DATE_AND_TIME ( #10533, #2538 ) ;
#1234 = DIRECTION ( 'NONE',  ( 0.000000000000000000, 0.000000000000000000, -1.000000000000000000 ) ) ;
#1235 = AXIS2_PLACEMENT_3D ( 'NONE', #2848, #1222, #4785 ) ;
#1236 = PLANE ( 'NONE',  #11762 ) ;
#1237 = DIRECTION ( 'NONE',  ( 0.000000000000000000, 1.000000000000000000, 0.000000000000000000 ) ) ;
#1238 = CC_DESIGN_DATE_AND_TIME_ASSIGNMENT ( #6767, #10905, ( #6964 ) ) ;
#1239 = DIRECTION ( 'NONE',  ( -0.000000000000000000, -1.000000000000000000, -0.000000000000000000 ) ) ;
#1240 = APPLICATION_PROTOCOL_DEFINITION ( 'international standard', 'config_control_design', 1994, #8758 ) ;
#1241 = CALENDAR_DATE ( 2026, 29, 7 ) ;
#1242 = AXIS2_PLACEMENT_3D ( 'NONE', #7811, #11534, #6031 ) ;
#1243 = EDGE_CURVE ( 'NONE', #8848, #8928, #9947, .T. ) ;
#1244 = ORIENTED_EDGE ( 'NONE', *, *, #10261, .T. ) ;
#1245 = CARTESIAN_POINT ( 'NONE',  ( -40.00000000000000000, 60.00000000000000000, -20.00000000000000000 ) ) ;
#1246 = LINE ( 'NONE', #1312, #4132 ) ;
#1247 = CARTESIAN_POINT ( 'NONE',  ( 18.12278137398209310, 85.00000000000000000, -13.83921486740450746 ) ) ;
#1248 = ORIENTED_EDGE ( 'NONE', *, *, #8841, .T. ) ;
#1249 = CYLINDRICAL_SURFACE ( 'NONE', #1363, 5.653846153846162181 ) ;
#1250 = FACE_OUTER_BOUND ( 'NONE', #8313, .T. ) ;
#1251 = VECTOR ( 'NONE', #11105, 1000.000000000000000 ) ;
#1252 = DIRECTION ( 'NONE',  ( -0.000000000000000000, -1.000000000000000000, -0.000000000000000000 ) ) ;
#1253 = EDGE_CURVE ( 'NONE', #4121, #1417, #8477, .T. ) ;
#1254 = AXIS2_PLACEMENT_3D ( 'NONE', #12015, #9366, #1040 ) ;
#1256 = AXIS2_PLACEMENT_3D ( 'NONE', #9021, #5288, #9691 ) ;
#1255 = COORDINATED_UNIVERSAL_TIME_OFFSET ( 8, 0, .AHEAD. ) ;
#1257 = CARTESIAN_POINT ( 'NONE',  ( -170.0000000000000000, 10.00000000000000000, 65.00000000000000000 ) ) ;
#1259 = ORIENTED_EDGE ( 'NONE', *, *, #9728, .T. ) ;
#1258 = ORIENTED_EDGE ( 'NONE', *, *, #8841, .F. ) ;
#1260 = EDGE_CURVE ( 'NONE', #2513, #7796, #3135, .T. ) ;
#1261 = VECTOR ( 'NONE', #342, 1000.000000000000000 ) ;
#1262 = EDGE_LOOP ( 'NONE', ( #11242, #10831, #3360, #4810 ) ) ;
#1263 = DIRECTION ( 'NONE',  ( 0.000000000000000000, -1.000000000000000000, 0.000000000000000000 ) ) ;
#1264 = APPROVAL_PERSON_ORGANIZATION ( #6050, #70, #4943 ) ;
#1265 = CARTESIAN_POINT ( 'NONE',  ( -280.0000000000000000, 12.00000000000000000, -38.00000000000000000 ) ) ;
#1266 = CARTESIAN_POINT ( 'NONE',  ( -165.0000000000000000, 14.00000000000000000, -165.0000000000000000 ) ) ;
#1267 = ORIENTED_EDGE ( 'NONE', *, *, #5412, .T. ) ;
#1268 = CARTESIAN_POINT ( 'NONE',  ( -450.0000000000000000, 8.000000000000000000, -210.0000000000000000 ) ) ;
#1269 = ORIENTED_EDGE ( 'NONE', *, *, #4772, .T. ) ;
#1270 = CARTESIAN_POINT ( 'NONE',  ( -49.74884620746166775, 14.00000000000000000, 113.1043392264672605 ) ) ;
#1271 = VERTEX_POINT ( 'NONE', #9577 ) ;
#1272 = AXIS2_PLACEMENT_3D ( 'NONE', #6491, #7470, #7532 ) ;
#1273 = DIRECTION ( 'NONE',  ( 0.000000000000000000, 1.000000000000000000, 0.000000000000000000 ) ) ;
#1274 = LOCAL_TIME ( 1, 42, 14.00000000000000000, #11351 ) ;
#1275 = EDGE_CURVE ( 'NONE', #1459, #6823, #5658, .T. ) ;
#1276 = APPROVAL_ROLE ( '' ) ;
#1277 = AXIS2_PLACEMENT_3D ( 'NONE', #11273, #3908, #7614 ) ;
#1278 = EDGE_LOOP ( 'NONE', ( #10924, #7110, #473, #4099 ) ) ;
#1279 = APPROVAL_STATUS ( 'not_yet_approved' ) ;
#1280 = VERTEX_POINT ( 'NONE', #4932 ) ;
#1281 = ORIENTED_EDGE ( 'NONE', *, *, #6462, .F. ) ;
#1282 = PLANE ( 'NONE',  #6994 ) ;
#1283 = ADVANCED_FACE ( 'NONE', ( #6840 ), #11480, .T. ) ;
#1284 = FACE_OUTER_BOUND ( 'NONE', #51, .T. ) ;
#1285 = DIRECTION ( 'NONE',  ( 1.000000000000000000, -0.000000000000000000, 0.000000000000000000 ) ) ;
#1286 = VERTEX_POINT ( 'NONE', #2090 ) ;
#1287 = EDGE_CURVE ( 'NONE', #1349, #2183, #8987, .T. ) ;
#1288 = FACE_OUTER_BOUND ( 'NONE', #9712, .T. ) ;
#1289 = VERTEX_POINT ( 'NONE', #1065 ) ;
#1290 = APPROVAL_STATUS ( 'not_yet_approved' ) ;
#1291 = ADVANCED_FACE ( 'NONE', ( #162, #3859 ), #7690, .F. ) ;
#1292 = CARTESIAN_POINT ( 'NONE',  ( -297.5999999999999659, 34.00000000000000000, 27.00000000000000000 ) ) ;
#1293 = APPROVAL_ROLE ( '' ) ;
#1294 = ORIENTED_EDGE ( 'NONE', *, *, #7013, .F. ) ;
#1295 = PLANE ( 'NONE',  #10791 ) ;
#1296 = APPROVAL_ROLE ( '' ) ;
#1297 = DIRECTION ( 'NONE',  ( 0.000000000000000000, 0.000000000000000000, 1.000000000000000000 ) ) ;
#1298 = ORIENTED_EDGE ( 'NONE', *, *, #7081, .F. ) ;
#1299 = EDGE_CURVE ( 'NONE', #4251, #3964, #350, .T. ) ;
#1300 = PERSON ( 'NAUO-PER18', 'UNSPECIFIED', 'UNSPECIFIED', ('UNSPECIFIED'), ('UNSPECIFIED'), ('UNSPECIFIED') ) ;
#1301 = PLANE ( 'NONE',  #2008 ) ;
#1302 = DIRECTION ( 'NONE',  ( -1.000000000000000000, 0.000000000000000000, 0.000000000000000000 ) ) ;
#1303 = VECTOR ( 'NONE', #101, 1000.000000000000000 ) ;
#1304 = DIRECTION ( 'NONE',  ( -0.000000000000000000, -0.000000000000000000, 1.000000000000000000 ) ) ;
#1305 = APPROVAL_STATUS ( 'not_yet_approved' ) ;
#1306 = APPROVAL_STATUS ( 'not_yet_approved' ) ;
#1307 = CIRCLE ( 'NONE', #8114, 6.999999999999999112 ) ;
#1308 = EDGE_LOOP ( 'NONE', ( #5806, #6260, #4125, #5873 ) ) ;
#1309 = APPROVAL ( #3172, 'æœª' ) ;
#1310 = DIRECTION ( 'NONE',  ( -1.000000000000000000, 0.000000000000000000, 0.000000000000000000 ) ) ;
#1311 = APPROVAL ( #4339, 'UNKNOWN' ) ;
#1312 = CARTESIAN_POINT ( 'NONE',  ( -50.22628862590825349, 28.00000000000000000, -35.26296589018186012 ) ) ;
#1313 = CARTESIAN_POINT ( 'NONE',  ( 41.00000000000000000, 20.00000000000000000, 70.00000000000000000 ) ) ;
#1314 = ORIENTED_EDGE ( 'NONE', *, *, #7392, .T. ) ;
#1315 = DIRECTION ( 'NONE',  ( -0.000000000000000000, -1.000000000000000000, -0.000000000000000000 ) ) ;
#1316 = LINE ( 'NONE', #2638, #7738 ) ;
#1317 = PLANE ( 'NONE',  #859 ) ;
#1318 = VECTOR ( 'NONE', #6039, 1000.000000000000000 ) ;
#1319 = DATE_AND_TIME ( #8858, #10789 ) ;
#1320 = DIRECTION ( 'NONE',  ( -0.000000000000000000, -1.000000000000000000, -0.000000000000000000 ) ) ;
#1322 = ORIENTED_EDGE ( 'NONE', *, *, #5674, .F. ) ;
#1321 = ORIENTED_EDGE ( 'NONE', *, *, #4318, .F. ) ;
#1323 = ORIENTED_EDGE ( 'NONE', *, *, #2207, .T. ) ;
#1324 = EDGE_CURVE ( 'NONE', #5617, #11257, #10147, .T. ) ;
#1325 = VECTOR ( 'NONE', #9668, 1000.000000000000000 ) ;
#1326 = CARTESIAN_POINT ( 'NONE',  ( 55.00000000000000000, 18.00000000000000000, 39.51734104046241924 ) ) ;
#1327 = CARTESIAN_POINT ( 'NONE',  ( -49.74884620746166775, 14.00000000000000000, -127.1043392264672747 ) ) ;
#1328 = DIRECTION ( 'NONE',  ( -0.000000000000000000, -1.000000000000000000, -0.000000000000000000 ) ) ;
#1329 = AXIS2_PLACEMENT_3D ( 'NONE', #5880, #1285, #6745 ) ;
#1330 = PLANE ( 'NONE',  #5062 ) ;
#1331 = EDGE_CURVE ( 'NONE', #6615, #8038, #3731, .T. ) ;
#1332 = CARTESIAN_POINT ( 'NONE',  ( 51.28027681660910275, 72.00000000000000000, 27.34948096885814550 ) ) ;
#1333 = ORIENTED_EDGE ( 'NONE', *, *, #7608, .T. ) ;
#1334 = AXIS2_PLACEMENT_3D ( 'NONE', #1247, #6774, #11292 ) ;
#1335 = DIRECTION ( 'NONE',  ( -0.000000000000000000, -0.000000000000000000, 1.000000000000000000 ) ) ;
#1336 = PERSON_AND_ORGANIZATION_ROLE ( 'design_owner' ) ;
#1337 = CIRCLE ( 'NONE', #9482, 7.500000000000000000 ) ;
#1338 = ORIENTED_EDGE ( 'NONE', *, *, #7824, .T. ) ;
#1339 = DATE_AND_TIME ( #8691, #827 ) ;
#1340 = ORIENTED_EDGE ( 'NONE', *, *, #1324, .F. ) ;
#1341 = CARTESIAN_POINT ( 'NONE',  ( 0.000000000000000000, 12.00000000000000000, 27.00000000000000000 ) ) ;
#1342 = AXIS2_PLACEMENT_3D ( 'NONE', #11730, #994, #9147 ) ;
#1343 = ORIENTED_EDGE ( 'NONE', *, *, #3296, .F. ) ;
#1344 = EDGE_CURVE ( 'NONE', #5499, #9343, #8594, .T. ) ;
#1345 = CYLINDRICAL_SURFACE ( 'NONE', #5791, 3.090475378041975141 ) ;
#1346 = VECTOR ( 'NONE', #7075, 1000.000000000000000 ) ;
#1347 = LINE ( 'NONE', #10710, #11745 ) ;
#1348 = LINE ( 'NONE', #2063, #1730 ) ;
#1349 = VERTEX_POINT ( 'NONE', #7632 ) ;
#1350 = DIRECTION ( 'NONE',  ( 6.123233995736766036E-17, -1.000000000000000000, 0.000000000000000000 ) ) ;
#1351 = DIRECTION ( 'NONE',  ( 0.000000000000000000, 0.000000000000000000, 1.000000000000000000 ) ) ;
#1352 = EDGE_LOOP ( 'NONE', ( #5341, #3653 ) ) ;
#1353 = PERSON_AND_ORGANIZATION_ROLE ( 'creator' ) ;
#1354 = VECTOR ( 'NONE', #9301, 1000.000000000000000 ) ;
#1355 = DIRECTION ( 'NONE',  ( -1.000000000000000000, 0.000000000000000000, -0.000000000000000000 ) ) ;
#1356 = CONTEXT_DEPENDENT_SHAPE_REPRESENTATION ( #5950, #9336 ) ;
#1357 = EDGE_LOOP ( 'NONE', ( #73, #9729 ) ) ;
#1358 = CARTESIAN_POINT ( 'NONE',  ( -55.00000000000000000, 18.00000000000000000, 17.00000000000000000 ) ) ;
#1359 = EDGE_CURVE ( 'NONE', #1919, #1944, #11357, .T. ) ;
#1360 = APPROVAL_DATE_TIME ( #4221, #1311 ) ;
#1361 = CARTESIAN_POINT ( 'NONE',  ( 46.15384615384618172, 12.00000000000000000, 69.23076923076925482 ) ) ;
#1362 = PRODUCT_DEFINITION_FORMATION_WITH_SPECIFIED_SOURCE ( 'ä»', '', #2155, .NOT_KNOWN. ) ;
#1363 = AXIS2_PLACEMENT_3D ( 'NONE', #6710, #1379, #1126 ) ;
#1364 = EDGE_LOOP ( 'NONE', ( #2888, #5034, #5491, #10351 ) ) ;
#1365 = LINE ( 'NONE', #8401, #4365 ) ;
#1366 = CARTESIAN_POINT ( 'NONE',  ( -55.00000000000000000, 18.00000000000000000, 17.00000000000000000 ) ) ;
#1367 =( LENGTH_UNIT ( ) NAMED_UNIT ( * ) SI_UNIT ( .MILLI., .METRE. ) );
#1368 = CARTESIAN_POINT ( 'NONE',  ( 9.184850993605147944E-16, 44.00000000000000000, 7.500000000000000000 ) ) ;
#1369 = DATE_AND_TIME ( #5968, #1667 ) ;
#1370 = PERSON_AND_ORGANIZATION ( #2011, #2802 ) ;
#1371 = CC_DESIGN_APPROVAL ( #11957, ( #7801 ) ) ;
#1372 = CC_DESIGN_APPROVAL ( #6715, ( #608 ) ) ;
#1373 = EDGE_CURVE ( 'NONE', #1135, #4138, #4687, .T. ) ;
#1374 = ORIENTED_EDGE ( 'NONE', *, *, #11867, .T. ) ;
#1375 = LINE ( 'NONE', #414, #9458 ) ;
#1376 = CARTESIAN_POINT ( 'NONE',  ( 55.00000000000000000, 18.00000000000000000, 39.51734104046241924 ) ) ;
#1377 = CARTESIAN_POINT ( 'NONE',  ( -120.1043392264672747, 0.000000000000000000, 49.74884620746166064 ) ) ;
#1378 = ORIENTED_EDGE ( 'NONE', *, *, #6782, .F. ) ;
#1379 = DIRECTION ( 'NONE',  ( -0.000000000000000000, -1.000000000000000000, -0.000000000000000000 ) ) ;
#1380 = LOCAL_TIME ( 1, 42, 14.00000000000000000, #2006 ) ;
#1381 = LINE ( 'NONE', #11546, #4996 ) ;
#1382 = LOCAL_TIME ( 1, 42, 14.00000000000000000, #5845 ) ;
#1383 = DIRECTION ( 'NONE',  ( -0.000000000000000000, -0.000000000000000000, 1.000000000000000000 ) ) ;
#1384 = APPROVAL_STATUS ( 'not_yet_approved' ) ;
#1385 = DIRECTION ( 'NONE',  ( 0.000000000000000000, 0.000000000000000000, -1.000000000000000000 ) ) ;
#1388 = ORIENTED_EDGE ( 'NONE', *, *, #3353, .T. ) ;
#1387 = EDGE_CURVE ( 'NONE', #5742, #9056, #60, .T. ) ;
#1386 = ORIENTED_EDGE ( 'NONE', *, *, #6515, .F. ) ;
#1389 = LOCAL_TIME ( 1, 42, 14.00000000000000000, #6821 ) ;
#1390 = ORIENTED_EDGE ( 'NONE', *, *, #5637, .F. ) ;
#1391 = CARTESIAN_POINT ( 'NONE',  ( -40.55257305257448053, 12.00000000000000000, -70.00000000000000000 ) ) ;
#1392 = LINE ( 'NONE', #2958, #7040 ) ;
#1393 = CARTESIAN_POINT ( 'NONE',  ( 0.000000000000000000, 12.00000000000000000, 0.000000000000000000 ) ) ;
#1394 = CARTESIAN_POINT ( 'NONE',  ( -105.0000000000000000, 0.000000000000000000, 105.0000000000000000 ) ) ;
#1395 = APPLICATION_CONTEXT ( 'configuration controlled 3d designs of mechanical parts and assemblies' ) ;
#1396 = ORIENTED_EDGE ( 'NONE', *, *, #4617, .T. ) ;
#1397 = PLANE ( 'NONE',  #8246 ) ;
#1398 = VERTEX_POINT ( 'NONE', #2275 ) ;
#1399 = APPROVAL_PERSON_ORGANIZATION ( #3161, #4057, #7718 ) ;
#1400 = PRODUCT ( 'FD-015_diverter_chute', 'FD-015_diverter_chute', '', ( #9039 ) ) ;
#1401 = PRODUCT_RELATED_PRODUCT_CATEGORY ( 'detail', '', ( #2365 ) ) ;
#1402 = VECTOR ( 'NONE', #5011, 1000.000000000000000 ) ;
#1403 = CC_DESIGN_PERSON_AND_ORGANIZATION_ASSIGNMENT ( #4795, #267, ( #1185 ) ) ;
#1404 = FACE_BOUND ( 'NONE', #10571, .T. ) ;
#1405 = COORDINATED_UNIVERSAL_TIME_OFFSET ( 8, 0, .AHEAD. ) ;
#1406 = ORIENTED_EDGE ( 'NONE', *, *, #7259, .F. ) ;
#1407 = VERTEX_POINT ( 'NONE', #7950 ) ;
#1408 = ADVANCED_FACE ( 'NONE', ( #5184 ), #2405, .T. ) ;
#1409 = PLANE ( 'NONE',  #8129 ) ;
#1410 = AXIS2_PLACEMENT_3D ( 'NONE', #8385, #1811, #5448 ) ;
#1411 = DIRECTION ( 'NONE',  ( -0.000000000000000000, -1.000000000000000000, -0.000000000000000000 ) ) ;
#1412 = DIRECTION ( 'NONE',  ( -0.000000000000000000, -1.000000000000000000, -0.000000000000000000 ) ) ;
#1413 = CARTESIAN_POINT ( 'NONE',  ( -55.00000000000000000, 0.000000000000000000, -17.00000000000000000 ) ) ;
#1414 = ORIENTED_EDGE ( 'NONE', *, *, #3707, .T. ) ;
#1415 = CC_DESIGN_PERSON_AND_ORGANIZATION_ASSIGNMENT ( #6941, #3174, ( #6423 ) ) ;
#1416 = CARTESIAN_POINT ( 'NONE',  ( 105.0000000000000000, 90.00000000000000000, 105.0000000000000000 ) ) ;
#1417 = VERTEX_POINT ( 'NONE', #7086 ) ;
#1418 = COORDINATED_UNIVERSAL_TIME_OFFSET ( 8, 0, .AHEAD. ) ;
#1419 = AXIS2_PLACEMENT_3D ( 'NONE', #2215, #6773, #5907 ) ;
#1420 = ORIENTED_EDGE ( 'NONE', *, *, #5952, .T. ) ;
#1421 = DATE_TIME_ROLE ( 'classification_date' ) ;
#1422 = VERTEX_POINT ( 'NONE', #10796 ) ;
#1423 = DIRECTION ( 'NONE',  ( 0.000000000000000000, 0.000000000000000000, -1.000000000000000000 ) ) ;
#1424 = DATE_TIME_ROLE ( 'classification_date' ) ;
#1425 = DIRECTION ( 'NONE',  ( 0.000000000000000000, 1.000000000000000000, 0.000000000000000000 ) ) ;
#1426 = CARTESIAN_POINT ( 'NONE',  ( 0.000000000000000000, 0.000000000000000000, 0.000000000000000000 ) ) ;
#1427 = LINE ( 'NONE', #11662, #1138 ) ;
#1428 = CARTESIAN_POINT ( 'NONE',  ( -300.0000000000000000, 578.0000000000000000, 0.000000000000000000 ) ) ;
#1429 = CARTESIAN_POINT ( 'NONE',  ( 11.00000000000000000, 10.00000000000000000, 15.58891454965356793 ) ) ;
#1430 = SECURITY_CLASSIFICATION_LEVEL ( 'unclassified' ) ;
#1431 = COORDINATED_UNIVERSAL_TIME_OFFSET ( 8, 0, .AHEAD. ) ;
#1432 = EDGE_CURVE ( 'NONE', #11431, #11552, #2464, .T. ) ;
#1433 = SHAPE_REPRESENTATION ( 'FD-017_workpiece_shaft', ( #2596 ), #10562 ) ;
#1434 = LINE ( 'NONE', #7947, #5750 ) ;
#1435 = CARTESIAN_POINT ( 'NONE',  ( -420.0000000000000000, 0.000000000000000000, 184.5000000000000284 ) ) ;
#1436 = AXIS2_PLACEMENT_3D ( 'NONE', #3297, #11582, #6930 ) ;
#1437 = ORIENTED_EDGE ( 'NONE', *, *, #9212, .T. ) ;
#1438 = LINE ( 'NONE', #8851, #1971 ) ;
#1439 = DIRECTION ( 'NONE',  ( 0.000000000000000000, 1.000000000000000000, 0.000000000000000000 ) ) ;
#1440 = DIRECTION ( 'NONE',  ( -0.000000000000000000, -1.000000000000000000, -0.000000000000000000 ) ) ;
#1441 = CARTESIAN_POINT ( 'NONE',  ( 52.50000000000000000, 60.00000000000000000, 30.00000000000000000 ) ) ;
#1442 = CARTESIAN_POINT ( 'NONE',  ( -51.28027681660898907, 0.000000000000000000, 27.34948096885812774 ) ) ;
#1443 = EDGE_CURVE ( 'NONE', #10248, #243, #541, .T. ) ;
#1444 = DATE_AND_TIME ( #2284, #8832 ) ;
#1445 = EDGE_CURVE ( 'NONE', #4381, #1696, #11122, .T. ) ;
#1446 = CARTESIAN_POINT ( 'NONE',  ( -163.1999999999999886, 10.00000000000000000, 0.000000000000000000 ) ) ;
#1447 = VERTEX_POINT ( 'NONE', #6161 ) ;
#1448 = EDGE_LOOP ( 'NONE', ( #8862, #8541, #4385, #1536 ) ) ;
#1449 = CARTESIAN_POINT ( 'NONE',  ( -420.0000000000000000, 8.000000000000000000, 180.0000000000000000 ) ) ;
#1450 = CARTESIAN_POINT ( 'NONE',  ( -30.00000000000000000, 12.00000000000001066, 30.00000000000000000 ) ) ;
#1451 = CARTESIAN_POINT ( 'NONE',  ( 18.12278137398209310, 85.00000000000000000, -16.46643349342241436 ) ) ;
#1452 = AXIS2_PLACEMENT_3D ( 'NONE', #11284, #278, #2869 ) ;
#1453 = AXIS2_PLACEMENT_3D ( 'NONE', #6874, #324, #4021 ) ;
#1454 = CIRCLE ( 'NONE', #8250, 7.000000000000006217 ) ;
#1455 = FACE_OUTER_BOUND ( 'NONE', #7779, .T. ) ;
#1456 = ADVANCED_FACE ( 'NONE', ( #6042 ), #3388, .F. ) ;
#1457 = PERSON ( 'NAUO-PER7', 'UNSPECIFIED', 'UNSPECIFIED', ('UNSPECIFIED'), ('UNSPECIFIED'), ('UNSPECIFIED') ) ;
#1458 = VERTEX_POINT ( 'NONE', #5975 ) ;
#1459 = VERTEX_POINT ( 'NONE', #8917 ) ;
#1460 = DIRECTION ( 'NONE',  ( 0.000000000000000000, 0.000000000000000000, -1.000000000000000000 ) ) ;
#1461 = DATE_AND_TIME ( #9783, #8551 ) ;
#1462 = AXIS2_PLACEMENT_3D ( 'NONE', #8289, #5696, #11090 ) ;
#1463 = ORIENTED_EDGE ( 'NONE', *, *, #5470, .F. ) ;
#1464 =( GEOMETRIC_REPRESENTATION_CONTEXT ( 3 ) GLOBAL_UNCERTAINTY_ASSIGNED_CONTEXT ( ( #10953 ) ) GLOBAL_UNIT_ASSIGNED_CONTEXT ( ( #8087, #7639, #2825 ) ) REPRESENTATION_CONTEXT ( 'NONE', 'WORKASPACE' ) );
#1465 = AXIS2_PLACEMENT_3D ( 'NONE', #11087, #10037, #2793 ) ;
#1466 = ORIENTED_EDGE ( 'NONE', *, *, #9993, .F. ) ;
#1467 = VERTEX_POINT ( 'NONE', #4300 ) ;
#1468 = DIRECTION ( 'NONE',  ( 1.000000000000000000, -0.000000000000000000, 0.000000000000000000 ) ) ;
#1469 = APPROVAL ( #7178, 'æœª' ) ;
#1470 = LINE ( 'NONE', #2312, #782 ) ;
#1471 = AXIS2_PLACEMENT_3D ( 'NONE', #8101, #4272, #7124 ) ;
#1472 = APPROVAL_PERSON_ORGANIZATION ( #6463, #3017, #9383 ) ;
#1473 = CARTESIAN_POINT ( 'NONE',  ( -30.00000000000000000, 0.000000000000000000, -27.94637722496424459 ) ) ;
#1474 = ORIENTED_EDGE ( 'NONE', *, *, #11378, .T. ) ;
#1475 = VECTOR ( 'NONE', #2449, 1000.000000000000000 ) ;
#1476 = FACE_OUTER_BOUND ( 'NONE', #9227, .T. ) ;
#1477 = ORIENTED_EDGE ( 'NONE', *, *, #10945, .T. ) ;
#1478 = APPROVAL_ROLE ( '' ) ;
#1479 = ORIENTED_EDGE ( 'NONE', *, *, #7528, .T. ) ;
#1480 = DATE_AND_TIME ( #932, #2924 ) ;
#1481 = ORIENTED_EDGE ( 'NONE', *, *, #481, .F. ) ;
#1482 = PRODUCT_DEFINITION_FORMATION_WITH_SPECIFIED_SOURCE ( 'ä»', '', #1502, .NOT_KNOWN. ) ;
#1483 = DIRECTION ( 'NONE',  ( 0.000000000000000000, 0.000000000000000000, 1.000000000000000000 ) ) ;
#1484 = ADVANCED_FACE ( 'NONE', ( #9880 ), #1564, .F. ) ;
#1485 = DATE_TIME_ROLE ( 'classification_date' ) ;
#1486 = LINE ( 'NONE', #8899, #6192 ) ;
#1487 = DIRECTION ( 'NONE',  ( -0.000000000000000000, 1.000000000000000000, -0.000000000000000000 ) ) ;
#1488 = LINE ( 'NONE', #7938, #8633 ) ;
#1489 = CARTESIAN_POINT ( 'NONE',  ( 53.88728323699425005, 18.00000000000000000, -33.90462427745670482 ) ) ;
#1490 =( NAMED_UNIT ( * ) PLANE_ANGLE_UNIT ( ) SI_UNIT ( $, .RADIAN. ) );
#1491 = LINE ( 'NONE', #4228, #503 ) ;
#1492 = VERTEX_POINT ( 'NONE', #4168 ) ;
#1493 = EDGE_CURVE ( 'NONE', #7830, #7097, #8976, .T. ) ;
#1494 = APPROVAL_ROLE ( '' ) ;
#1495 = DATE_TIME_ROLE ( 'creation_date' ) ;
#1496 = EDGE_LOOP ( 'NONE', ( #9526, #11980 ) ) ;
#1497 = DIRECTION ( 'NONE',  ( 0.000000000000000000, 0.000000000000000000, -1.000000000000000000 ) ) ;
#1498 = ORIENTED_EDGE ( 'NONE', *, *, #928, .F. ) ;
#1499 = CARTESIAN_POINT ( 'NONE',  ( -163.1999999999999886, 42.00000000000000000, -46.99999999999999289 ) ) ;
#1500 = CARTESIAN_POINT ( 'NONE',  ( -500.0000000000000000, 18.00000000000000000, -325.0000000000000000 ) ) ;
#1501 = AXIS2_PLACEMENT_3D ( 'NONE', #7334, #3627, #8310 ) ;
#1502 = PRODUCT ( 'FD-200_feed_position_module', 'FD-200_feed_position_module', '', ( #7196 ) ) ;
#1503 = ADVANCED_FACE ( 'NONE', ( #3439 ), #10853, .F. ) ;
#1504 = DIRECTION ( 'NONE',  ( -0.000000000000000000, -1.000000000000000000, -0.000000000000000000 ) ) ;
#1505 = LINE ( 'NONE', #6845, #4113 ) ;
#1506 = CARTESIAN_POINT ( 'NONE',  ( -51.28027681660898907, 72.00000000000000000, 27.34948096885812774 ) ) ;
#1507 = DATE_AND_TIME ( #6110, #11771 ) ;
#1508 = DIRECTION ( 'NONE',  ( -0.000000000000000000, -1.000000000000000000, -0.000000000000000000 ) ) ;
#1509 = VECTOR ( 'NONE', #4822, 1000.000000000000000 ) ;
#1511 = EDGE_LOOP ( 'NONE', ( #11934, #9737, #3626, #1802 ) ) ;
#1510 = ORIENTED_EDGE ( 'NONE', *, *, #5039, .F. ) ;
#1512 = VERTEX_POINT ( 'NONE', #5057 ) ;
#1513 = DIRECTION ( 'NONE',  ( -0.000000000000000000, -1.000000000000000000, -0.000000000000000000 ) ) ;
#1514 = CARTESIAN_POINT ( 'NONE',  ( -105.0000000000000000, 90.00000000000000000, -105.0000000000000000 ) ) ;
#1515 = CARTESIAN_POINT ( 'NONE',  ( 6.123233995736766282E-16, 120.0000000000000000, 5.000000000000000000 ) ) ;
#1516 = EDGE_CURVE ( 'NONE', #4249, #11552, #8788, .T. ) ;
#1517 = VECTOR ( 'NONE', #5183, 1000.000000000000000 ) ;
#1518 = CARTESIAN_POINT ( 'NONE',  ( -163.1999999999999886, 42.00000000000000000, 56.99999999999999289 ) ) ;
#1519 = CIRCLE ( 'NONE', #4418, 4.084295612009243293 ) ;
#1520 = ORIENTED_EDGE ( 'NONE', *, *, #7761, .T. ) ;
#1521 = CARTESIAN_POINT ( 'NONE',  ( 29.94973070017960382, 18.00000000000000000, -18.51795332136457262 ) ) ;
#1522 = PERSON_AND_ORGANIZATION ( #2011, #2802 ) ;
#1523 = VECTOR ( 'NONE', #1328, 1000.000000000000000 ) ;
#1524 = EDGE_LOOP ( 'NONE', ( #1463, #8954, #5780, #540 ) ) ;
#1525 = CIRCLE ( 'NONE', #8168, 215.0000000000000000 ) ;
#1526 = ORIENTED_EDGE ( 'NONE', *, *, #5070, .T. ) ;
#1527 = VERTEX_POINT ( 'NONE', #6961 ) ;
#1528 = AXIS2_PLACEMENT_3D ( 'NONE', #11645, #6310, #9852 ) ;
#1529 = EDGE_CURVE ( 'NONE', #3412, #1459, #10675, .T. ) ;
#1530 = CYLINDRICAL_SURFACE ( 'NONE', #9274, 10.00000000000000000 ) ;
#1531 = ORIENTED_EDGE ( 'NONE', *, *, #3826, .F. ) ;
#1532 = CARTESIAN_POINT ( 'NONE',  ( -29.94973070017952210, 0.000000000000000000, -22.06822262118491196 ) ) ;
#1533 = AXIS2_PLACEMENT_3D ( 'NONE', #227, #5784, #2025 ) ;
#1534 = EDGE_LOOP ( 'NONE', ( #11220, #6328 ) ) ;
#1535 = LINE ( 'NONE', #2440, #6749 ) ;
#1536 = ORIENTED_EDGE ( 'NONE', *, *, #9192, .T. ) ;
#1537 = VECTOR ( 'NONE', #1620, 1000.000000000000000 ) ;
#1538 = CARTESIAN_POINT ( 'NONE',  ( -500.0000000000000000, 18.00000000000000000, -325.0000000000000000 ) ) ;
#1539 = EDGE_LOOP ( 'NONE', ( #1481, #6534 ) ) ;
#1540 = CALENDAR_DATE ( 2026, 29, 7 ) ;
#1541 = CC_DESIGN_PERSON_AND_ORGANIZATION_ASSIGNMENT ( #6128, #1691, ( #804 ) ) ;
#1542 = ORIENTED_EDGE ( 'NONE', *, *, #917, .T. ) ;
#1543 = PERSON_AND_ORGANIZATION_ROLE ( 'classification_officer' ) ;
#1544 = CC_DESIGN_DATE_AND_TIME_ASSIGNMENT ( #4609, #5747, ( #7801 ) ) ;
#1545 = ORIENTED_EDGE ( 'NONE', *, *, #7579, .T. ) ;
#1546 = AXIS2_PLACEMENT_3D ( 'NONE', #8712, #2990, #5769 ) ;
#1547 = EDGE_CURVE ( 'NONE', #7347, #2167, #1438, .T. ) ;
#1548 = DIRECTION ( 'NONE',  ( -0.000000000000000000, -1.000000000000000000, -0.000000000000000000 ) ) ;
#1549 = VECTOR ( 'NONE', #7743, 1000.000000000000000 ) ;
#1550 = LINE ( 'NONE', #11714, #8722 ) ;
#1551 = CARTESIAN_POINT ( 'NONE',  ( -53.88728323699420741, 18.00000000000000000, 39.51734104046241924 ) ) ;
#1552 = DIRECTION ( 'NONE',  ( -0.000000000000000000, -1.000000000000000000, -0.000000000000000000 ) ) ;
#1553 = CARTESIAN_POINT ( 'NONE',  ( -53.88728323699420741, 18.00000000000000000, -39.22359139544578710 ) ) ;
#1554 = AXIS2_PLACEMENT_3D ( 'NONE', #11828, #869, #2567 ) ;
#1555 = CARTESIAN_POINT ( 'NONE',  ( -46.15384615384615330, 12.00000000000000000, -69.23076923076924061 ) ) ;
#1556 = APPROVAL_STATUS ( 'not_yet_approved' ) ;
#1557 = CC_DESIGN_PERSON_AND_ORGANIZATION_ASSIGNMENT ( #2458, #593, ( #1502 ) ) ;
#1558 = PRODUCT_RELATED_PRODUCT_CATEGORY ( 'detail', '', ( #6316 ) ) ;
#1559 = APPLICATION_PROTOCOL_DEFINITION ( 'international standard', 'config_control_design', 1994, #4703 ) ;
#1560 = VERTEX_POINT ( 'NONE', #2257 ) ;
#1561 = CC_DESIGN_APPROVAL ( #8089, ( #8662 ) ) ;
#1562 = AXIS2_PLACEMENT_3D ( 'NONE', #9333, #5391, #9275 ) ;
#1563 = CARTESIAN_POINT ( 'NONE',  ( 51.28027681660910986, 72.00000000000000000, -27.34948096885818103 ) ) ;
#1564 = PLANE ( 'NONE',  #10738 ) ;
#1565 = EDGE_CURVE ( 'NONE', #2443, #11725, #10527, .T. ) ;
#1566 = FACE_OUTER_BOUND ( 'NONE', #7832, .T. ) ;
#1567 = DIRECTION ( 'NONE',  ( -0.000000000000000000, -1.000000000000000000, -0.000000000000000000 ) ) ;
#1568 = DIRECTION ( 'NONE',  ( -0.000000000000000000, -1.000000000000000000, -0.000000000000000000 ) ) ;
#1569 = CARTESIAN_POINT ( 'NONE',  ( 0.000000000000000000, 70.00000000000000000, 0.000000000000000000 ) ) ;
#1570 = DATE_AND_TIME ( #10862, #5335 ) ;
#1571 = CC_DESIGN_APPROVAL ( #3824, ( #11477 ) ) ;
#1572 = AXIS2_PLACEMENT_3D ( 'NONE', #2467, #11612, #544 ) ;
#1573 = CYLINDRICAL_SURFACE ( 'NONE', #4245, 4.499999999999997335 ) ;
#1575 = ORIENTED_EDGE ( 'NONE', *, *, #1189, .F. ) ;
#1574 = ORIENTED_EDGE ( 'NONE', *, *, #8119, .F. ) ;
#1576 = EDGE_CURVE ( 'NONE', #9485, #9339, #5953, .T. ) ;
#1577 = VERTEX_POINT ( 'NONE', #3117 ) ;
#1578 = CARTESIAN_POINT ( 'NONE',  ( 0.000000000000000000, 10.00000000000000000, -57.00000000000000000 ) ) ;
#1579 = DIRECTION ( 'NONE',  ( -0.000000000000000000, -1.000000000000000000, -0.000000000000000000 ) ) ;
#1580 = CC_DESIGN_APPROVAL ( #9246, ( #10887 ) ) ;
#1581 = FACE_OUTER_BOUND ( 'NONE', #1974, .T. ) ;
#1582 = APPROVAL_PERSON_ORGANIZATION ( #7405, #8393, #3578 ) ;
#1583 = PLANE ( 'NONE',  #6824 ) ;
#1584 = DIRECTION ( 'NONE',  ( 0.000000000000000000, 0.000000000000000000, 1.000000000000000000 ) ) ;
#1585 = CARTESIAN_POINT ( 'NONE',  ( -120.1043392264672747, 14.00000000000000000, 56.74884620746166064 ) ) ;
#1586 = DATE_AND_TIME ( #6066, #4840 ) ;
#1587 = APPROVAL_PERSON_ORGANIZATION ( #8104, #805, #6261 ) ;
#1588 = ORIENTED_EDGE ( 'NONE', *, *, #5226, .F. ) ;
#1589 = ORIENTED_EDGE ( 'NONE', *, *, #11108, .T. ) ;
#1590 = EDGE_LOOP ( 'NONE', ( #8440, #9388 ) ) ;
#1591 = FACE_OUTER_BOUND ( 'NONE', #6481, .T. ) ;
#1592 = CARTESIAN_POINT ( 'NONE',  ( -55.00000000000000000, 18.00000000000000000, 17.00000000000000000 ) ) ;
#1593 = CC_DESIGN_APPROVAL ( #3330, ( #1929 ) ) ;
#1594 = VECTOR ( 'NONE', #3281, 1000.000000000000000 ) ;
#1595 = PLANE ( 'NONE',  #1528 ) ;
#1596 = EDGE_LOOP ( 'NONE', ( #7489, #5561, #10233, #331 ) ) ;
#1597 = EDGE_CURVE ( 'NONE', #2944, #3325, #3547, .T. ) ;
#1598 = DIRECTION ( 'NONE',  ( -0.000000000000000000, -1.000000000000000000, -0.000000000000000000 ) ) ;
#1599 = CALENDAR_DATE ( 2026, 29, 7 ) ;
#1600 = EDGE_CURVE ( 'NONE', #9536, #6158, #11720, .T. ) ;
#1601 = EDGE_LOOP ( 'NONE', ( #11366, #10714 ) ) ;
#1602 = APPROVAL_ROLE ( '' ) ;
#1603 = EDGE_LOOP ( 'NONE', ( #2022, #6958, #4335, #7643 ) ) ;
#1604 = VECTOR ( 'NONE', #3022, 1000.000000000000000 ) ;
#1605 = UNCERTAINTY_MEASURE_WITH_UNIT (LENGTH_MEASURE( 1.000000000000000082E-05 ), #2143, 'distance_accuracy_value', 'NONE');
#1606 = FACE_OUTER_BOUND ( 'NONE', #7894, .T. ) ;
#1607 = CARTESIAN_POINT ( 'NONE',  ( 40.00000000000000000, 0.000000000000000000, 0.000000000000000000 ) ) ;
#1608 = PLANE ( 'NONE',  #1256 ) ;
#1609 = FACE_OUTER_BOUND ( 'NONE', #7525, .T. ) ;
#1610 = EDGE_CURVE ( 'NONE', #10125, #5429, #11916, .T. ) ;
#1611 = DIRECTION ( 'NONE',  ( 0.000000000000000000, 0.000000000000000000, -1.000000000000000000 ) ) ;
#1612 = PERSON_AND_ORGANIZATION ( #2011, #2802 ) ;
#1613 = CALENDAR_DATE ( 2026, 29, 7 ) ;
#1614 = CLOSED_SHELL ( 'NONE', ( #6679, #9689, #10517, #5566, #11490, #3286, #7365, #8288, #4924, #368, #9968, #5065, #5872, #4338, #1103, #4203, #8907, #753, #11412, #8641, #1853 ) ) ;
#1615 = DIRECTION ( 'NONE',  ( 0.000000000000000000, 1.000000000000000000, 0.000000000000000000 ) ) ;
#1616 = LINE ( 'NONE', #8786, #1878 ) ;
#1617 = CARTESIAN_POINT ( 'NONE',  ( -57.50000000000000000, 22.00000000000000000, 54.00000000000000000 ) ) ;
#1618 = CC_DESIGN_PERSON_AND_ORGANIZATION_ASSIGNMENT ( #265, #4149, ( #2155 ) ) ;
#1619 = LINE ( 'NONE', #715, #2713 ) ;
#1620 = DIRECTION ( 'NONE',  ( -0.000000000000000000, -1.000000000000000000, -0.000000000000000000 ) ) ;
#1621 = CARTESIAN_POINT ( 'NONE',  ( 0.000000000000000000, 70.00000000000000000, 0.000000000000000000 ) ) ;
#1622 = CARTESIAN_POINT ( 'NONE',  ( -60.00000000000000000, 12.00000000000000000, 90.00000000000000000 ) ) ;
#1623 = COORDINATED_UNIVERSAL_TIME_OFFSET ( 8, 0, .AHEAD. ) ;
#1624 = LINE ( 'NONE', #1446, #8307 ) ;
#1625 = EDGE_CURVE ( 'NONE', #7964, #10757, #9559, .T. ) ;
#1626 = APPLICATION_CONTEXT ( 'configuration controlled 3d designs of mechanical parts and assemblies' ) ;
#1627 = ORIENTED_EDGE ( 'NONE', *, *, #7228, .T. ) ;
#1628 = EDGE_LOOP ( 'NONE', ( #7475, #3807, #10325, #5895 ) ) ;
#1629 = DIRECTION ( 'NONE',  ( -0.000000000000000000, -1.000000000000000000, -0.000000000000000000 ) ) ;
#1630 = CARTESIAN_POINT ( 'NONE',  ( 29.94973070017958960, 18.00000000000000000, 22.06822262118494393 ) ) ;
#1631 = LINE ( 'NONE', #674, #4796 ) ;
#1632 = EDGE_CURVE ( 'NONE', #1286, #6615, #5848, .T. ) ;
#1633 = DIRECTION ( 'NONE',  ( 0.000000000000000000, 1.000000000000000000, 0.000000000000000000 ) ) ;
#1634 = DIRECTION ( 'NONE',  ( -1.000000000000000000, -0.000000000000000000, -0.000000000000000000 ) ) ;
#1635 = EDGE_CURVE ( 'NONE', #5372, #4487, #3173, .T. ) ;
#1636 = CALENDAR_DATE ( 2026, 29, 7 ) ;
#1637 = ADVANCED_FACE ( 'NONE', ( #9615 ), #2070, .T. ) ;
#1638 = EDGE_LOOP ( 'NONE', ( #5158, #3870 ) ) ;
#1639 = VECTOR ( 'NONE', #5306, 1000.000000000000000 ) ;
#1640 = ORIENTED_EDGE ( 'NONE', *, *, #8212, .F. ) ;
#1641 = ORIENTED_EDGE ( 'NONE', *, *, #5345, .T. ) ;
#1642 = DIRECTION ( 'NONE',  ( 1.000000000000000000, -0.000000000000000000, 0.000000000000000000 ) ) ;
#1643 = DIRECTION ( 'NONE',  ( 0.000000000000000000, 0.000000000000000000, 1.000000000000000000 ) ) ;
#1644 = EDGE_CURVE ( 'NONE', #8927, #4, #658, .T. ) ;
#1645 = LINE ( 'NONE', #573, #3068 ) ;
#1646 = ORIENTED_EDGE ( 'NONE', *, *, #7286, .F. ) ;
#1647 = CIRCLE ( 'NONE', #299, 3.249999999999999556 ) ;
#1648 = CYLINDRICAL_SURFACE ( 'NONE', #1471, 7.500000000000000000 ) ;
#1649 = APPROVAL_DATE_TIME ( #10947, #1469 ) ;
#1650 = VECTOR ( 'NONE', #3972, 1000.000000000000000 ) ;
#1651 = VERTEX_POINT ( 'NONE', #6753 ) ;
#1652 = VERTEX_POINT ( 'NONE', #6880 ) ;
#1653 = AXIS2_PLACEMENT_3D ( 'NONE', #691, #10828, #9854 ) ;
#1654 = EDGE_CURVE ( 'NONE', #683, #10155, #206, .T. ) ;
#1655 = CC_DESIGN_APPROVAL ( #6578, ( #6119 ) ) ;
#1656 = DIRECTION ( 'NONE',  ( -0.000000000000000000, -0.000000000000000000, 1.000000000000000000 ) ) ;
#1657 = EDGE_CURVE ( 'NONE', #7796, #5865, #2184, .T. ) ;
#1658 = DIRECTION ( 'NONE',  ( -0.000000000000000000, -1.000000000000000000, -0.000000000000000000 ) ) ;
#1659 = CARTESIAN_POINT ( 'NONE',  ( 46.15384615384618172, 0.000000000000000000, -69.23076923076924061 ) ) ;
#1660 = PLANE ( 'NONE',  #6567 ) ;
#1661 = EDGE_CURVE ( 'NONE', #2162, #9473, #8031, .T. ) ;
#1662 = CARTESIAN_POINT ( 'NONE',  ( -40.00000000000000000, 60.00000000000000000, -20.00000000000000000 ) ) ;
#1663 = ORIENTED_EDGE ( 'NONE', *, *, #2550, .T. ) ;
#1664 = COORDINATED_UNIVERSAL_TIME_OFFSET ( 8, 0, .AHEAD. ) ;
#1665 = CIRCLE ( 'NONE', #1075, 4.500000000000017764 ) ;
#1666 = APPROVAL_ROLE ( '' ) ;
#1667 = LOCAL_TIME ( 1, 42, 14.00000000000000000, #11537 ) ;
#1668 = CARTESIAN_POINT ( 'NONE',  ( 500.0000000000000000, 18.00000000000000000, 325.0000000000000000 ) ) ;
#1669 = CARTESIAN_POINT ( 'NONE',  ( -40.55257305257448053, 12.00000000000000000, 70.00000000000000000 ) ) ;
#1670 = ADVANCED_FACE ( 'NONE', ( #393 ), #7798, .F. ) ;
#1671 = PRODUCT_DEFINITION_SHAPE ( 'NONE', 'NONE',  #12042 ) ;
#1672 = DIRECTION ( 'NONE',  ( 0.000000000000000000, 1.000000000000000000, 0.000000000000000000 ) ) ;
#1673 = FACE_OUTER_BOUND ( 'NONE', #10448, .T. ) ;
#1674 = DIRECTION ( 'NONE',  ( -0.000000000000000000, -1.000000000000000000, -0.000000000000000000 ) ) ;
#1675 = DIRECTION ( 'NONE',  ( 0.000000000000000000, 1.000000000000000000, 0.000000000000000000 ) ) ;
#1676 = CARTESIAN_POINT ( 'NONE',  ( -120.1043392264672747, 14.00000000000000000, -49.74884620746167485 ) ) ;
#1677 = APPLICATION_PROTOCOL_DEFINITION ( 'international standard', 'config_control_design', 1994, #8074 ) ;
#1678 = CARTESIAN_POINT ( 'NONE',  ( -49.74884620746166775, 14.00000000000000000, -120.1043392264672747 ) ) ;
#1679 = APPROVAL ( #3461, 'æœª' ) ;
#1680 = ORIENTED_EDGE ( 'NONE', *, *, #3558, .T. ) ;
#1681 = APPROVAL ( #1107, 'UNKNOWN' ) ;
#1682 = VERTEX_POINT ( 'NONE', #5036 ) ;
#1683 = CARTESIAN_POINT ( 'NONE',  ( 0.000000000000000000, 44.00000000000000000, 0.000000000000000000 ) ) ;
#1684 = EDGE_CURVE ( 'NONE', #2116, #3762, #3962, .T. ) ;
#1685 = CARTESIAN_POINT ( 'NONE',  ( -40.55257305257448053, 12.00000000000000000, 70.00000000000000000 ) ) ;
#1686 = DIRECTION ( 'NONE',  ( -0.000000000000000000, -0.000000000000000000, 1.000000000000000000 ) ) ;
#1687 = CARTESIAN_POINT ( 'NONE',  ( 1.898202538678397636E-14, 18.00000000000000355, 155.0000000000000000 ) ) ;
#1688 = EDGE_LOOP ( 'NONE', ( #1821, #7277 ) ) ;
#1689 = AXIS2_PLACEMENT_3D ( 'NONE', #2708, #2646, #3686 ) ;
#1690 = DIRECTION ( 'NONE',  ( 1.000000000000000000, -0.000000000000000000, 0.000000000000000000 ) ) ;
#1691 = PERSON_AND_ORGANIZATION_ROLE ( 'creator' ) ;
#1692 = EDGE_CURVE ( 'NONE', #11147, #8433, #11399, .T. ) ;
#1694 = ORIENTED_EDGE ( 'NONE', *, *, #3183, .F. ) ;
#1693 = EDGE_LOOP ( 'NONE', ( #10141, #4347 ) ) ;
#1695 = EDGE_LOOP ( 'NONE', ( #2055, #760 ) ) ;
#1696 = VERTEX_POINT ( 'NONE', #8588 ) ;
#1697 = VECTOR ( 'NONE', #5937, 1000.000000000000000 ) ;
#1699 = VECTOR ( 'NONE', #6183, 1000.000000000000000 ) ;
#1698 = CARTESIAN_POINT ( 'NONE',  ( -60.00000000000000000, 0.000000000000000000, 90.00000000000000000 ) ) ;
#1700 = EDGE_CURVE ( 'NONE', #8690, #9588, #7672, .T. ) ;
#1701 = CARTESIAN_POINT ( 'NONE',  ( 46.15384615384618172, 0.000000000000000000, -65.88461538461542943 ) ) ;
#1702 = CARTESIAN_POINT ( 'NONE',  ( -55.15432893255071889, 0.000000000000000000, 55.15432893255073310 ) ) ;
#1703 = ORIENTED_EDGE ( 'NONE', *, *, #9767, .T. ) ;
#1704 = AXIS2_PLACEMENT_3D ( 'NONE', #7979, #8213, #6305 ) ;
#1705 = LINE ( 'NONE', #5279, #7477 ) ;
#1706 = PERSON_AND_ORGANIZATION ( #2011, #2802 ) ;
#1707 = CIRCLE ( 'NONE', #4246, 5.653846153846162181 ) ;
#1708 = ORIENTED_EDGE ( 'NONE', *, *, #2482, .F. ) ;
#1709 = ITEM_DEFINED_TRANSFORMATION ( 'NONE', 'NONE', #495,  #2596 ) ;
#1710 = EDGE_LOOP ( 'NONE', ( #6152, #9111, #1703, #6270 ) ) ;
#1711 = EDGE_CURVE ( 'NONE', #3941, #5372, #4912, .T. ) ;
#1712 = VECTOR ( 'NONE', #2943, 1000.000000000000000 ) ;
#1713 = UNCERTAINTY_MEASURE_WITH_UNIT (LENGTH_MEASURE( 1.000000000000000082E-05 ), #11121, 'distance_accuracy_value', 'NONE');
#1714 = CARTESIAN_POINT ( 'NONE',  ( 49.74884620746168196, 14.00000000000000000, -113.1043392264672747 ) ) ;
#1715 = DIRECTION ( 'NONE',  ( 0.000000000000000000, 0.000000000000000000, -1.000000000000000000 ) ) ;
#1716 = CARTESIAN_POINT ( 'NONE',  ( 0.000000000000000000, 28.00000000000000000, 0.000000000000000000 ) ) ;
#1717 = DIRECTION ( 'NONE',  ( 0.000000000000000000, 0.000000000000000000, 1.000000000000000000 ) ) ;
#1718 = CYLINDRICAL_SURFACE ( 'NONE', #6291, 2.480694691784170125 ) ;
#1719 = VERTEX_POINT ( 'NONE', #7649 ) ;
#1720 = PERSON_AND_ORGANIZATION ( #2011, #2802 ) ;
#1721 = COORDINATED_UNIVERSAL_TIME_OFFSET ( 8, 0, .AHEAD. ) ;
#1722 = VECTOR ( 'NONE', #5841, 1000.000000000000000 ) ;
#1723 = CARTESIAN_POINT ( 'NONE',  ( -163.1999999999999886, 10.00000000000000000, 0.000000000000000000 ) ) ;
#1724 = CARTESIAN_POINT ( 'NONE',  ( -52.50000000000000000, 60.00000000000000000, 30.00000000000000000 ) ) ;
#1725 = ADVANCED_BREP_SHAPE_REPRESENTATION ( '', ( #2926, #2596 ), #9386 ) ;
#1726 = LINE ( 'NONE', #9196, #9105 ) ;
#1727 = CIRCLE ( 'NONE', #9504, 3.450405226897622413 ) ;
#1728 = CARTESIAN_POINT ( 'NONE',  ( 11.00000000000000000, 0.000000000000000000, 15.58891454965356793 ) ) ;
#1729 = FACE_OUTER_BOUND ( 'NONE', #3900, .T. ) ;
#1730 = VECTOR ( 'NONE', #7792, 1000.000000000000000 ) ;
#1731 = DIRECTION ( 'NONE',  ( 0.000000000000000000, 0.000000000000000000, -1.000000000000000000 ) ) ;
#1732 = FACE_BOUND ( 'NONE', #8489, .T. ) ;
#1733 = PERSON_AND_ORGANIZATION ( #2011, #2802 ) ;
#1734 = EDGE_CURVE ( 'NONE', #65, #10705, #6383, .T. ) ;
#1735 = DIRECTION ( 'NONE',  ( -0.000000000000000000, -1.000000000000000000, -0.000000000000000000 ) ) ;
#1736 = VECTOR ( 'NONE', #3989, 1000.000000000000000 ) ;
#1737 = ORIENTED_EDGE ( 'NONE', *, *, #5579, .T. ) ;
#1738 = ORIENTED_EDGE ( 'NONE', *, *, #6621, .T. ) ;
#1739 = DIRECTION ( 'NONE',  ( -0.000000000000000000, -1.000000000000000000, -0.000000000000000000 ) ) ;
#1740 = CARTESIAN_POINT ( 'NONE',  ( 6.429395695523603956E-15, 18.00000000000000355, 52.50000000000000000 ) ) ;
#1741 = DIRECTION ( 'NONE',  ( 0.000000000000000000, 0.000000000000000000, 1.000000000000000000 ) ) ;
#1742 = CARTESIAN_POINT ( 'NONE',  ( -500.0000000000000000, 18.00000000000000000, 325.0000000000000000 ) ) ;
#1743 = SECURITY_CLASSIFICATION ( '', '', #9856 ) ;
#1744 = CIRCLE ( 'NONE', #11070, 5.500000000000018652 ) ;
#1745 =( NAMED_UNIT ( * ) SI_UNIT ( $, .STERADIAN. ) SOLID_ANGLE_UNIT ( ) );
#1746 = ADVANCED_FACE ( 'NONE', ( #3942 ), #2048, .F. ) ;
#1747 = CARTESIAN_POINT ( 'NONE',  ( 55.15432893255069047, 90.00000000000000000, -60.65432893255071178 ) ) ;
#1748 = DATE_AND_TIME ( #5779, #626 ) ;
#1750 = ORIENTED_EDGE ( 'NONE', *, *, #531, .T. ) ;
#1749 = ORIENTED_EDGE ( 'NONE', *, *, #9943, .F. ) ;
#1751 = LOCAL_TIME ( 1, 42, 14.00000000000000000, #11467 ) ;
#1752 = LOCAL_TIME ( 1, 42, 14.00000000000000000, #4010 ) ;
#1753 = ORIENTED_EDGE ( 'NONE', *, *, #2821, .F. ) ;
#1754 = ORIENTED_EDGE ( 'NONE', *, *, #2872, .F. ) ;
#1755 = CARTESIAN_POINT ( 'NONE',  ( 55.00000000000000000, 18.00000000000000000, 44.01734104046241924 ) ) ;
#1756 = DIRECTION ( 'NONE',  ( -1.000000000000000000, -0.000000000000000000, -0.000000000000000000 ) ) ;
#1757 = CC_DESIGN_PERSON_AND_ORGANIZATION_ASSIGNMENT ( #10120, #1790, ( #9259 ) ) ;
#1758 = LOCAL_TIME ( 1, 42, 14.00000000000000000, #9805 ) ;
#1759 = DIRECTION ( 'NONE',  ( 0.000000000000000000, 1.000000000000000000, 0.000000000000000000 ) ) ;
#1760 = ORIENTED_EDGE ( 'NONE', *, *, #10033, .T. ) ;
#1761 = APPROVAL_PERSON_ORGANIZATION ( #8059, #4433, #3667 ) ;
#1762 = DIRECTION ( 'NONE',  ( 0.000000000000000000, 0.000000000000000000, 1.000000000000000000 ) ) ;
#1763 = APPROVAL_ROLE ( '' ) ;
#1764 = ORIENTED_EDGE ( 'NONE', *, *, #4185, .T. ) ;
#1765 = DATE_AND_TIME ( #9921, #10116 ) ;
#1766 = PRODUCT_DEFINITION_SHAPE ( 'NONE', 'NONE',  #12037 ) ;
#1767 = EDGE_CURVE ( 'NONE', #11967, #7195, #11377, .T. ) ;
#1768 = VERTEX_POINT ( 'NONE', #122 ) ;
#1769 = LOCAL_TIME ( 1, 42, 14.00000000000000000, #4027 ) ;
#1770 = VECTOR ( 'NONE', #9595, 1000.000000000000000 ) ;
#1771 = CARTESIAN_POINT ( 'NONE',  ( 29.94973070017960382, 0.000000000000000000, -25.61849192100537920 ) ) ;
#1773 = EDGE_CURVE ( 'NONE', #5825, #6016, #7219, .T. ) ;
#1772 = CARTESIAN_POINT ( 'NONE',  ( -40.00000000000000000, 0.000000000000000000, -20.00000000000000000 ) ) ;
#1774 = DIRECTION ( 'NONE',  ( 0.000000000000000000, 1.000000000000000000, 0.000000000000000000 ) ) ;
#1775 = FACE_OUTER_BOUND ( 'NONE', #8365, .T. ) ;
#1776 =( REPRESENTATION_RELATIONSHIP ('NONE','NONE', #8109, #8417 ) REPRESENTATION_RELATIONSHIP_WITH_TRANSFORMATION ( #8278 )SHAPE_REPRESENTATION_RELATIONSHIP( ) );
#1777 = LINE ( 'NONE', #4344, #3201 ) ;
#1778 = ORIENTED_EDGE ( 'NONE', *, *, #2872, .T. ) ;
#1779 = CALENDAR_DATE ( 2026, 29, 7 ) ;
#1780 = AXIS2_PLACEMENT_3D ( 'NONE', #8623, #7588, #2680 ) ;
#1781 = CALENDAR_DATE ( 2026, 29, 7 ) ;
#1782 = LINE ( 'NONE', #7434, #11802 ) ;
#1783 = DIRECTION ( 'NONE',  ( -0.000000000000000000, -1.000000000000000000, -0.000000000000000000 ) ) ;
#1784 = DIRECTION ( 'NONE',  ( 0.000000000000000000, 0.000000000000000000, 1.000000000000000000 ) ) ;
#1785 = ORIENTED_EDGE ( 'NONE', *, *, #867, .F. ) ;
#1786 = DIRECTION ( 'NONE',  ( 0.000000000000000000, 0.000000000000000000, 1.000000000000000000 ) ) ;
#1787 = LINE ( 'NONE', #10973, #2297 ) ;
#1788 = LINE ( 'NONE', #9202, #1251 ) ;
#1789 = EDGE_CURVE ( 'NONE', #3452, #7347, #8005, .T. ) ;
#1790 = PERSON_AND_ORGANIZATION_ROLE ( 'creator' ) ;
#1791 = DIRECTION ( 'NONE',  ( 1.000000000000000000, 0.000000000000000000, 0.000000000000000000 ) ) ;
#1792 = AXIS2_PLACEMENT_3D ( 'NONE', #10129, #11116, #1796 ) ;
#1793 = ORIENTED_EDGE ( 'NONE', *, *, #5816, .T. ) ;
#1794 = ORIENTED_EDGE ( 'NONE', *, *, #2289, .F. ) ;
#1795 = CARTESIAN_POINT ( 'NONE',  ( 0.000000000000000000, 170.0000000000000000, 0.000000000000000000 ) ) ;
#1796 = DIRECTION ( 'NONE',  ( 0.000000000000000000, -0.000000000000000000, 1.000000000000000000 ) ) ;
#1797 = DIRECTION ( 'NONE',  ( -0.000000000000000000, -1.000000000000000000, -0.000000000000000000 ) ) ;
#1798 = VERTEX_POINT ( 'NONE', #8225 ) ;
#1799 = EDGE_CURVE ( 'NONE', #1090, #9741, #1084, .T. ) ;
#1800 = LINE ( 'NONE', #9217, #5263 ) ;
#1801 = EDGE_CURVE ( 'NONE', #2773, #1932, #1957, .T. ) ;
#1802 = ORIENTED_EDGE ( 'NONE', *, *, #10960, .T. ) ;
#1803 = DIRECTION ( 'NONE',  ( 0.9781476007338056888, -0.2079116908177593426, 0.000000000000000000 ) ) ;
#1804 = ORIENTED_EDGE ( 'NONE', *, *, #11544, .T. ) ;
#1805 = CARTESIAN_POINT ( 'NONE',  ( -140.5000000000000000, 0.000000000000000000, -31.00000000000000000 ) ) ;
#1806 = APPROVAL_STATUS ( 'not_yet_approved' ) ;
#1808 = ORIENTED_EDGE ( 'NONE', *, *, #97, .F. ) ;
#1807 = VERTEX_POINT ( 'NONE', #4889 ) ;
#1809 = EDGE_LOOP ( 'NONE', ( #6647, #8967, #8574, #11593 ) ) ;
#1810 = VERTEX_POINT ( 'NONE', #10439 ) ;
#1811 = DIRECTION ( 'NONE',  ( 0.000000000000000000, 0.000000000000000000, -1.000000000000000000 ) ) ;
#1812 = CARTESIAN_POINT ( 'NONE',  ( -46.15384615384615330, 12.00000000000000000, 69.23076923076924061 ) ) ;
#1813 = EDGE_CURVE ( 'NONE', #3269, #1398, #2156, .T. ) ;
#1814 = AXIS2_PLACEMENT_3D ( 'NONE', #1506, #290, #9765 ) ;
#1815 = LINE ( 'NONE', #9353, #4789 ) ;
#1816 = CARTESIAN_POINT ( 'NONE',  ( -53.88728323699420741, 18.00000000000000000, -38.00000000000000000 ) ) ;
#1817 = CALENDAR_DATE ( 2026, 29, 7 ) ;
#1818 = ORIENTED_EDGE ( 'NONE', *, *, #1657, .T. ) ;
#1819 = APPROVAL_STATUS ( 'not_yet_approved' ) ;
#1820 =( GEOMETRIC_REPRESENTATION_CONTEXT ( 3 ) GLOBAL_UNCERTAINTY_ASSIGNED_CONTEXT ( ( #7424 ) ) GLOBAL_UNIT_ASSIGNED_CONTEXT ( ( #4227, #5965, #11473 ) ) REPRESENTATION_CONTEXT ( 'NONE', 'WORKASPACE' ) );
#1821 = ORIENTED_EDGE ( 'NONE', *, *, #277, .T. ) ;
#1822 = CC_DESIGN_PERSON_AND_ORGANIZATION_ASSIGNMENT ( #9740, #4969, ( #10440 ) ) ;
#1823 = UNCERTAINTY_MEASURE_WITH_UNIT (LENGTH_MEASURE( 1.000000000000000082E-05 ), #9023, 'distance_accuracy_value', 'NONE');
#1824 = DIRECTION ( 'NONE',  ( 0.000000000000000000, 0.000000000000000000, -1.000000000000000000 ) ) ;
#1825 = VECTOR ( 'NONE', #4806, 1000.000000000000000 ) ;
#1826 =( GEOMETRIC_REPRESENTATION_CONTEXT ( 3 ) GLOBAL_UNCERTAINTY_ASSIGNED_CONTEXT ( ( #10096 ) ) GLOBAL_UNIT_ASSIGNED_CONTEXT ( ( #2192, #2064, #8701 ) ) REPRESENTATION_CONTEXT ( 'NONE', 'WORKASPACE' ) );
#1827 = DIRECTION ( 'NONE',  ( 0.000000000000000000, 0.000000000000000000, -1.000000000000000000 ) ) ;
#1828 = AXIS2_PLACEMENT_3D ( 'NONE', #9505, #7742, #4862 ) ;
#1829 = PLANE ( 'NONE',  #2881 ) ;
#1830 = DIRECTION ( 'NONE',  ( 1.000000000000000000, 0.000000000000000000, 0.000000000000000000 ) ) ;
#1831 = DIRECTION ( 'NONE',  ( 0.000000000000000000, 0.000000000000000000, -1.000000000000000000 ) ) ;
#1832 = ORIENTED_EDGE ( 'NONE', *, *, #3230, .T. ) ;
#1833 = APPROVAL_ROLE ( '' ) ;
#1834 = CALENDAR_DATE ( 2026, 29, 7 ) ;
#1835 = AXIS2_PLACEMENT_3D ( 'NONE', #8358, #1900, #8599 ) ;
#1836 = CC_DESIGN_DATE_AND_TIME_ASSIGNMENT ( #7763, #2161, ( #8845 ) ) ;
#1837 = APPROVAL_PERSON_ORGANIZATION ( #3748, #6509, #10492 ) ;
#1838 = DIRECTION ( 'NONE',  ( -0.000000000000000000, -1.000000000000000000, -0.000000000000000000 ) ) ;
#1839 = DIRECTION ( 'NONE',  ( 0.000000000000000000, 0.000000000000000000, 1.000000000000000000 ) ) ;
#1840 = LINE ( 'NONE', #4685, #6965 ) ;
#1841 = CARTESIAN_POINT ( 'NONE',  ( 0.000000000000000000, 18.00000000000000000, 0.000000000000000000 ) ) ;
#1842 = EDGE_CURVE ( 'NONE', #8460, #5214, #4770, .T. ) ;
#1843 = DIRECTION ( 'NONE',  ( 0.000000000000000000, 0.000000000000000000, 1.000000000000000000 ) ) ;
#1844 = AXIS2_PLACEMENT_3D ( 'NONE', #8887, #4436, #5221 ) ;
#1845 = CARTESIAN_POINT ( 'NONE',  ( -41.00000000000000000, 12.00000000000000000, 0.000000000000000000 ) ) ;
#1846 = LOCAL_TIME ( 1, 42, 14.00000000000000000, #9754 ) ;
#1847 = LINE ( 'NONE', #7684, #7272 ) ;
#1848 = CALENDAR_DATE ( 2026, 29, 7 ) ;
#1849 = VECTOR ( 'NONE', #4220, 1000.000000000000000 ) ;
#1850 = ORIENTED_EDGE ( 'NONE', *, *, #10163, .F. ) ;
#1851 = ORIENTED_EDGE ( 'NONE', *, *, #11991, .T. ) ;
#1852 = CARTESIAN_POINT ( 'NONE',  ( 52.50000000000000000, 60.00000000000000000, 30.00000000000000000 ) ) ;
#1853 = ADVANCED_FACE ( 'NONE', ( #820 ), #6727, .F. ) ;
#1854 = CYLINDRICAL_SURFACE ( 'NONE', #7819, 2.627218626017918446 ) ;
#1855 = FACE_BOUND ( 'NONE', #3226, .T. ) ;
#1856 = ORIENTED_EDGE ( 'NONE', *, *, #5991, .F. ) ;
#1857 = FACE_BOUND ( 'NONE', #6000, .T. ) ;
#1858 = COORDINATED_UNIVERSAL_TIME_OFFSET ( 8, 0, .AHEAD. ) ;
#1859 = PRODUCT_DEFINITION_SHAPE ( 'NONE', 'NONE',  #12017 ) ;
#1860 = FACE_OUTER_BOUND ( 'NONE', #6272, .T. ) ;
#1861 = COORDINATED_UNIVERSAL_TIME_OFFSET ( 8, 0, .AHEAD. ) ;
#1863 = ORIENTED_EDGE ( 'NONE', *, *, #10024, .T. ) ;
#1862 = ORIENTED_EDGE ( 'NONE', *, *, #2986, .T. ) ;
#1864 = ORIENTED_EDGE ( 'NONE', *, *, #6077, .F. ) ;
#1865 = DIRECTION ( 'NONE',  ( 0.000000000000000000, 1.000000000000000000, 0.000000000000000000 ) ) ;
#1866 = PLANE ( 'NONE',  #3828 ) ;
#1867 = PERSON ( 'NAUO-PER8', 'UNSPECIFIED', 'UNSPECIFIED', ('UNSPECIFIED'), ('UNSPECIFIED'), ('UNSPECIFIED') ) ;
#1868 = AXIS2_PLACEMENT_3D ( 'NONE', #52, #1739, #6523 ) ;
#1869 = CARTESIAN_POINT ( 'NONE',  ( 310.0000000000000000, 12.00000000000000000, 48.00000000000000000 ) ) ;
#1870 = ORIENTED_EDGE ( 'NONE', *, *, #1684, .F. ) ;
#1871 = FACE_OUTER_BOUND ( 'NONE', #10997, .T. ) ;
#1872 = PERSON_AND_ORGANIZATION_ROLE ( 'creator' ) ;
#1873 = EDGE_CURVE ( 'NONE', #2874, #2404, #11313, .T. ) ;
#1874 = EDGE_LOOP ( 'NONE', ( #9483, #9795, #6195, #7505 ) ) ;
#1875 = CIRCLE ( 'NONE', #11219, 3.249999999999999556 ) ;
#1876 = EDGE_LOOP ( 'NONE', ( #7727, #4910, #1119, #9014 ) ) ;
#1877 = DIRECTION ( 'NONE',  ( 1.000000000000000000, -0.000000000000000000, 0.000000000000000000 ) ) ;
#1878 = VECTOR ( 'NONE', #539, 1000.000000000000000 ) ;
#1879 = CARTESIAN_POINT ( 'NONE',  ( 85.00000000000000000, 10.00000000000000000, 60.00000000000000000 ) ) ;
#1880 = CARTESIAN_POINT ( 'NONE',  ( 64.58429561200922819, 10.00000000000000000, -50.50461893764433796 ) ) ;
#1881 = CC_DESIGN_PERSON_AND_ORGANIZATION_ASSIGNMENT ( #5269, #680, ( #11274 ) ) ;
#1882 = CARTESIAN_POINT ( 'NONE',  ( 297.5999999999999659, 34.00000000000000000, -39.00000000000000000 ) ) ;
#1883 = CC_DESIGN_PERSON_AND_ORGANIZATION_ASSIGNMENT ( #2117, #11387, ( #439 ) ) ;
#1884 = VERTEX_POINT ( 'NONE', #7307 ) ;
#1885 = APPROVAL_DATE_TIME ( #7431, #9041 ) ;
#1886 = ADVANCED_FACE ( 'NONE', ( #2108 ), #4834, .F. ) ;
#1887 = PERSON_AND_ORGANIZATION_ROLE ( 'classification_officer' ) ;
#1888 = VECTOR ( 'NONE', #9060, 1000.000000000000000 ) ;
#1889 = CARTESIAN_POINT ( 'NONE',  ( -75.00000000000000000, 0.000000000000000000, -55.00000000000000000 ) ) ;
#1890 = VECTOR ( 'NONE', #4019, 1000.000000000000000 ) ;
#1891 = CYLINDRICAL_SURFACE ( 'NONE', #10423, 4.915704387990778024 ) ;
#1892 = DIRECTION ( 'NONE',  ( 0.000000000000000000, 1.000000000000000000, 0.000000000000000000 ) ) ;
#1893 = VERTEX_POINT ( 'NONE', #5803 ) ;
#1894 = DIRECTION ( 'NONE',  ( 0.000000000000000000, 0.000000000000000000, 1.000000000000000000 ) ) ;
#1895 = DIRECTION ( 'NONE',  ( 1.000000000000000000, 0.000000000000000000, 0.000000000000000000 ) ) ;
#1896 = DIRECTION ( 'NONE',  ( 0.000000000000000000, 0.000000000000000000, 1.000000000000000000 ) ) ;
#1897 = CC_DESIGN_PERSON_AND_ORGANIZATION_ASSIGNMENT ( #9945, #2530, ( #2365 ) ) ;
#1898 = AXIS2_PLACEMENT_3D ( 'NONE', #11358, #8725, #2152 ) ;
#1899 = CC_DESIGN_PERSON_AND_ORGANIZATION_ASSIGNMENT ( #9875, #9935, ( #4479 ) ) ;
#1900 = DIRECTION ( 'NONE',  ( 0.000000000000000000, 1.000000000000000000, 0.000000000000000000 ) ) ;
#1901 = DATE_AND_TIME ( #4693, #6499 ) ;
#1902 = CIRCLE ( 'NONE', #8710, 4.500000000000017764 ) ;
#1903 = VERTEX_POINT ( 'NONE', #9537 ) ;
#1904 = EDGE_CURVE ( 'NONE', #5429, #10125, #2935, .T. ) ;
#1905 = EDGE_LOOP ( 'NONE', ( #11141, #11026, #9637, #1589 ) ) ;
#1906 = VECTOR ( 'NONE', #10341, 1000.000000000000000 ) ;
#1907 = DIRECTION ( 'NONE',  ( -1.000000000000000000, 0.000000000000000000, -0.000000000000000000 ) ) ;
#1908 = CARTESIAN_POINT ( 'NONE',  ( -385.0000000000002274, 8.000000000000000000, 130.0000000000000284 ) ) ;
#1909 = CARTESIAN_POINT ( 'NONE',  ( 18.12278137398209310, 85.00000000000000000, -16.46643349342241436 ) ) ;
#1910 = ORIENTED_EDGE ( 'NONE', *, *, #23, .F. ) ;
#1911 = CIRCLE ( 'NONE', #2104, 215.0000000000000000 ) ;
#1912 = CARTESIAN_POINT ( 'NONE',  ( -40.00000000000000000, 0.000000000000000000, 0.000000000000000000 ) ) ;
#1913 = FACE_BOUND ( 'NONE', #11898, .T. ) ;
#1914 = APPROVAL_STATUS ( 'not_yet_approved' ) ;
#1915 = CC_DESIGN_DATE_AND_TIME_ASSIGNMENT ( #8648, #7929, ( #6423 ) ) ;
#1916 = AXIS2_PLACEMENT_3D ( 'NONE', #2390, #6946, #9865 ) ;
#1917 = DIRECTION ( 'NONE',  ( 1.000000000000000000, 0.000000000000000000, 0.000000000000000000 ) ) ;
#1918 = EDGE_CURVE ( 'NONE', #4191, #2717, #6794, .T. ) ;
#1919 = VERTEX_POINT ( 'NONE', #871 ) ;
#1920 = VERTEX_POINT ( 'NONE', #4560 ) ;
#1921 = CYLINDRICAL_SURFACE ( 'NONE', #834, 6.999999999999999112 ) ;
#1922 = DIRECTION ( 'NONE',  ( -0.000000000000000000, -1.000000000000000000, -0.000000000000000000 ) ) ;
#1923 = LOCAL_TIME ( 1, 42, 14.00000000000000000, #2500 ) ;
#1924 = VECTOR ( 'NONE', #8668, 1000.000000000000000 ) ;
#1925 = VERTEX_POINT ( 'NONE', #8284 ) ;
#1926 = CARTESIAN_POINT ( 'NONE',  ( 30.00000000000000000, 12.00000000000000000, -27.94637722496424459 ) ) ;
#1927 = LINE ( 'NONE', #10087, #6300 ) ;
#1928 = ADVANCED_FACE ( 'NONE', ( #6608 ), #10316, .F. ) ;
#1930 = PERSON_AND_ORGANIZATION_ROLE ( 'design_owner' ) ;
#1929 = SECURITY_CLASSIFICATION ( '', '', #3821 ) ;
#1931 = SECURITY_CLASSIFICATION ( '', '', #11319 ) ;
#1932 = VERTEX_POINT ( 'NONE', #8804 ) ;
#1933 = ORIENTED_EDGE ( 'NONE', *, *, #8576, .T. ) ;
#1934 = APPROVAL_PERSON_ORGANIZATION ( #2096, #11049, #57 ) ;
#1935 = DESIGN_CONTEXT ( 'detailed design', #1626, 'design' ) ;
#1936 = LINE ( 'NONE', #981, #6573 ) ;
#1937 = APPROVAL_PERSON_ORGANIZATION ( #11961, #1031, #11839 ) ;
#1938 = ORIENTED_EDGE ( 'NONE', *, *, #11464, .F. ) ;
#1939 = EDGE_CURVE ( 'NONE', #9180, #31, #4257, .T. ) ;
#1940 = CYLINDRICAL_SURFACE ( 'NONE', #5664, 5.500000000000025757 ) ;
#1941 = DIRECTION ( 'NONE',  ( 0.000000000000000000, 0.000000000000000000, 1.000000000000000000 ) ) ;
#1942 = ADVANCED_FACE ( 'NONE', ( #1455 ), #497, .F. ) ;
#1943 = CARTESIAN_POINT ( 'NONE',  ( -29.94973070017952210, 18.00000000000000000, -25.51862784808253792 ) ) ;
#1944 = VERTEX_POINT ( 'NONE', #433 ) ;
#1945 = CALENDAR_DATE ( 2026, 29, 7 ) ;
#1946 = COORDINATED_UNIVERSAL_TIME_OFFSET ( 8, 0, .AHEAD. ) ;
#1947 = ORGANIZATION ( 'NAUO-ORG7', 'UNSPECIFIED', 'UNSPECIFIED' ) ;
#1948 = FACE_OUTER_BOUND ( 'NONE', #11112, .T. ) ;
#1949 = FACE_OUTER_BOUND ( 'NONE', #8820, .T. ) ;
#1950 = PERSON_AND_ORGANIZATION_ROLE ( 'classification_officer' ) ;
#1951 = DIRECTION ( 'NONE',  ( 1.000000000000000000, 0.000000000000000000, 0.000000000000000000 ) ) ;
#1952 = ORIENTED_EDGE ( 'NONE', *, *, #10094, .F. ) ;
#1953 = ADVANCED_FACE ( 'NONE', ( #369 ), #8030, .T. ) ;
#1954 = CARTESIAN_POINT ( 'NONE',  ( 163.1999999999999886, 42.00000000000000000, -46.99999999999999289 ) ) ;
#1955 = DIRECTION ( 'NONE',  ( -0.000000000000000000, -1.000000000000000000, -0.000000000000000000 ) ) ;
#1956 = ORGANIZATION ( 'NAUO-ORG17', 'UNSPECIFIED', 'UNSPECIFIED' ) ;
#1957 = CIRCLE ( 'NONE', #6046, 2.480694691784170125 ) ;
#1958 = CARTESIAN_POINT ( 'NONE',  ( -11.00000000000000000, 10.00000000000000000, 15.58891454965356793 ) ) ;
#1959 = SECURITY_CLASSIFICATION_LEVEL ( 'unclassified' ) ;
#1960 = EDGE_LOOP ( 'NONE', ( #3511, #6656, #10038, #6434 ) ) ;
#1961 = APPROVAL ( #1556, 'æœª' ) ;
#1962 = CARTESIAN_POINT ( 'NONE',  ( 46.15384615384618172, 0.000000000000000000, 72.57692307692305178 ) ) ;
#1963 = CIRCLE ( 'NONE', #9939, 10.00000000000000000 ) ;
#1964 = DIRECTION ( 'NONE',  ( 0.000000000000000000, 0.000000000000000000, 1.000000000000000000 ) ) ;
#1965 = LINE ( 'NONE', #847, #4993 ) ;
#1966 = EDGE_LOOP ( 'NONE', ( #1062, #3305, #7977, #10032 ) ) ;
#1967 = CARTESIAN_POINT ( 'NONE',  ( 11.00000000000000000, 0.000000000000000000, -45.58891454965356616 ) ) ;
#1968 = FACE_OUTER_BOUND ( 'NONE', #6714, .T. ) ;
#1969 = COORDINATED_UNIVERSAL_TIME_OFFSET ( 8, 0, .AHEAD. ) ;
#1970 = DIRECTION ( 'NONE',  ( 1.000000000000000000, 0.000000000000000000, 0.000000000000000000 ) ) ;
#1971 = VECTOR ( 'NONE', #10462, 1000.000000000000000 ) ;
#1972 = LINE ( 'NONE', #1747, #4232 ) ;
#1974 = EDGE_LOOP ( 'NONE', ( #10431, #8008, #568, #10192 ) ) ;
#1973 = ORIENTED_EDGE ( 'NONE', *, *, #8130, .F. ) ;
#1975 = ORIENTED_EDGE ( 'NONE', *, *, #8430, .T. ) ;
#1976 = ADVANCED_FACE ( 'NONE', ( #2175, #4953, #10755, #5141, #4190, #4131 ), #6061, .F. ) ;
#1977 = CARTESIAN_POINT ( 'NONE',  ( -297.5999999999999659, 34.00000000000000000, 39.00000000000000711 ) ) ;
#1978 = DIRECTION ( 'NONE',  ( -0.000000000000000000, -1.000000000000000000, -0.000000000000000000 ) ) ;
#1979 = DIRECTION ( 'NONE',  ( -0.000000000000000000, -1.000000000000000000, -0.000000000000000000 ) ) ;
#1980 = ORIENTED_EDGE ( 'NONE', *, *, #11825, .T. ) ;
#1981 = CARTESIAN_POINT ( 'NONE',  ( -170.0000000000000000, 10.00000000000000000, 65.00000000000000000 ) ) ;
#1982 = EDGE_CURVE ( 'NONE', #3753, #4194, #3405, .T. ) ;
#1983 = DIRECTION ( 'NONE',  ( 0.000000000000000000, 0.000000000000000000, 1.000000000000000000 ) ) ;
#1984 = ORIENTED_EDGE ( 'NONE', *, *, #4371, .F. ) ;
#1985 = DIRECTION ( 'NONE',  ( 0.000000000000000000, 1.000000000000000000, 0.000000000000000000 ) ) ;
#1986 = PERSON_AND_ORGANIZATION ( #2011, #2802 ) ;
#1987 = ORIENTED_EDGE ( 'NONE', *, *, #296, .T. ) ;
#1988 = CALENDAR_DATE ( 2026, 29, 7 ) ;
#1989 = APPLICATION_CONTEXT ( 'configuration controlled 3d designs of mechanical parts and assemblies' ) ;
#1990 = ORIENTED_EDGE ( 'NONE', *, *, #10613, .T. ) ;
#1991 = VERTEX_POINT ( 'NONE', #5203 ) ;
#1992 = EDGE_CURVE ( 'NONE', #1577, #1021, #3351, .T. ) ;
#1993 = CARTESIAN_POINT ( 'NONE',  ( 30.00000000000000000, 0.000000000000000000, 27.94637722496424459 ) ) ;
#1994 = EDGE_LOOP ( 'NONE', ( #4584, #4595, #1640, #4992 ) ) ;
#1995 = CARTESIAN_POINT ( 'NONE',  ( 50.22628862590825349, 28.00000000000000000, 35.26296589018186012 ) ) ;
#1996 = DIRECTION ( 'NONE',  ( 0.000000000000000000, 0.000000000000000000, 1.000000000000000000 ) ) ;
#1997 = CARTESIAN_POINT ( 'NONE',  ( 275.6125178063039698, 12.00000000000000000, -39.00000000000000000 ) ) ;
#1998 = CIRCLE ( 'NONE', #6475, 4.915704387990778024 ) ;
#1999 = VERTEX_POINT ( 'NONE', #2362 ) ;
#2000 = PERSON_AND_ORGANIZATION ( #2011, #2802 ) ;
#2001 = DATE_AND_TIME ( #11212, #10490 ) ;
#2002 = ADVANCED_FACE ( 'NONE', ( #6857 ), #1330, .F. ) ;
#2003 = FACE_BOUND ( 'NONE', #7712, .T. ) ;
#2004 = EDGE_CURVE ( 'NONE', #11543, #11257, #620, .T. ) ;
#2005 = CARTESIAN_POINT ( 'NONE',  ( 55.00000000000000000, 0.000000000000000000, 39.51734104046241924 ) ) ;
#2006 = COORDINATED_UNIVERSAL_TIME_OFFSET ( 8, 0, .AHEAD. ) ;
#2007 =( GEOMETRIC_REPRESENTATION_CONTEXT ( 3 ) GLOBAL_UNCERTAINTY_ASSIGNED_CONTEXT ( ( #868 ) ) GLOBAL_UNIT_ASSIGNED_CONTEXT ( ( #8229, #7021, #6093 ) ) REPRESENTATION_CONTEXT ( 'NONE', 'WORKASPACE' ) );
#2008 = AXIS2_PLACEMENT_3D ( 'NONE', #6763, #8713, #5771 ) ;
#2009 = LINE ( 'NONE', #10283, #9882 ) ;
#2010 = ORIENTED_EDGE ( 'NONE', *, *, #1789, .T. ) ;
#2011 = PERSON ( 'æœª', 'æœª', 'æœª', ('æœª'), ('æœª'), ('æœª') ) ;
#2012 = CARTESIAN_POINT ( 'NONE',  ( 460.0000000000000000, 18.00000000000000000, 0.000000000000000000 ) ) ;
#2013 = CARTESIAN_POINT ( 'NONE',  ( 40.00000000000000000, 60.00000000000000000, 16.75000000000000000 ) ) ;
#2014 = DIRECTION ( 'NONE',  ( -0.000000000000000000, -1.000000000000000000, -0.000000000000000000 ) ) ;
#2015 = CALENDAR_DATE ( 2026, 29, 7 ) ;
#2016 = VECTOR ( 'NONE', #10844, 1000.000000000000000 ) ;
#2017 = EDGE_CURVE ( 'NONE', #11010, #8220, #10563, .T. ) ;
#2018 = CIRCLE ( 'NONE', #8833, 5.653846153846162181 ) ;
#2019 = ADVANCED_FACE ( 'NONE', ( #3217 ), #9776, .F. ) ;
#2020 = EDGE_CURVE ( 'NONE', #8220, #466, #7903, .T. ) ;
#2021 = EDGE_LOOP ( 'NONE', ( #736, #4192, #2770, #3960 ) ) ;
#2022 = ORIENTED_EDGE ( 'NONE', *, *, #4230, .F. ) ;
#2023 = CARTESIAN_POINT ( 'NONE',  ( -60.00000000000000000, 0.000000000000000000, -90.00000000000000000 ) ) ;
#2024 = DIRECTION ( 'NONE',  ( 0.000000000000000000, -0.000000000000000000, -1.000000000000000000 ) ) ;
#2025 = DIRECTION ( 'NONE',  ( 0.000000000000000000, 0.000000000000000000, -1.000000000000000000 ) ) ;
#2026 = ORIENTED_EDGE ( 'NONE', *, *, #1344, .F. ) ;
#2027 = AXIS2_PLACEMENT_3D ( 'NONE', #6875, #8643, #10585 ) ;
#2028 = CC_DESIGN_APPROVAL ( #5832, ( #8026 ) ) ;
#2029 = DIRECTION ( 'NONE',  ( 0.000000000000000000, 1.000000000000000000, 0.000000000000000000 ) ) ;
#2030 = FACE_BOUND ( 'NONE', #9547, .T. ) ;
#2031 = CIRCLE ( 'NONE', #11783, 4.915704387990771806 ) ;
#2032 = APPROVAL_ROLE ( '' ) ;
#2033 =( LENGTH_UNIT ( ) NAMED_UNIT ( * ) SI_UNIT ( .MILLI., .METRE. ) );
#2034 = VERTEX_POINT ( 'NONE', #11499 ) ;
#2035 = PRODUCT_DEFINITION ( 'æœ', '', #11077, #10327 ) ;
#2036 = CARTESIAN_POINT ( 'NONE',  ( -40.00000000000000000, 18.00000000000000000, -3.500000000000000000 ) ) ;
#2037 = CC_DESIGN_DATE_AND_TIME_ASSIGNMENT ( #10092, #9860, ( #7571 ) ) ;
#2040 = ORIENTED_EDGE ( 'NONE', *, *, #6566, .F. ) ;
#2039 = EDGE_CURVE ( 'NONE', #11725, #6304, #2234, .T. ) ;
#2038 = EDGE_LOOP ( 'NONE', ( #2897, #8626, #7717, #6883 ) ) ;
#2041 = CC_DESIGN_SECURITY_CLASSIFICATION ( #8853, ( #10008 ) ) ;
#2042 = ORIENTED_EDGE ( 'NONE', *, *, #5068, .F. ) ;
#2043 = LINE ( 'NONE', #5734, #911 ) ;
#2044 = CARTESIAN_POINT ( 'NONE',  ( 57.50000000000000000, 10.00000000000000000, 0.000000000000000000 ) ) ;
#2045 = CARTESIAN_POINT ( 'NONE',  ( -35.00000000000000000, 26.00000000000000000, 10.00000000000000000 ) ) ;
#2046 = ORIENTED_EDGE ( 'NONE', *, *, #10914, .F. ) ;
#2047 = ORIENTED_EDGE ( 'NONE', *, *, #11648, .F. ) ;
#2048 = PLANE ( 'NONE',  #7033 ) ;
#2049 = ORIENTED_EDGE ( 'NONE', *, *, #2746, .T. ) ;
#2050 = DIRECTION ( 'NONE',  ( -0.000000000000000000, -1.000000000000000000, -0.000000000000000000 ) ) ;
#2051 = VERTEX_POINT ( 'NONE', #6919 ) ;
#2052 = EDGE_CURVE ( 'NONE', #9170, #1231, #10626, .T. ) ;
#2053 = CARTESIAN_POINT ( 'NONE',  ( 55.00000000000000000, 0.000000000000000000, -17.00000000000000000 ) ) ;
#2054 = MECHANICAL_CONTEXT ( 'NONE', #4107, 'mechanical' ) ;
#2055 = ORIENTED_EDGE ( 'NONE', *, *, #220, .F. ) ;
#2056 = DATE_AND_TIME ( #9421, #10506 ) ;
#2057 = EDGE_LOOP ( 'NONE', ( #7582, #9730 ) ) ;
#2058 = EDGE_CURVE ( 'NONE', #5281, #735, #9720, .T. ) ;
#2059 = AXIS2_PLACEMENT_3D ( 'NONE', #6838, #7506, #4812 ) ;
#2060 = DIRECTION ( 'NONE',  ( 0.000000000000000000, 0.000000000000000000, 1.000000000000000000 ) ) ;
#2061 = DIRECTION ( 'NONE',  ( -0.000000000000000000, -1.000000000000000000, -0.000000000000000000 ) ) ;
#2062 = ORIENTED_EDGE ( 'NONE', *, *, #481, .T. ) ;
#2063 = CARTESIAN_POINT ( 'NONE',  ( 47.50000000000000000, 0.000000000000000000, 35.00000000000000000 ) ) ;
#2064 =( NAMED_UNIT ( * ) PLANE_ANGLE_UNIT ( ) SI_UNIT ( $, .RADIAN. ) );
#2065 = DIRECTION ( 'NONE',  ( 0.000000000000000000, 0.000000000000000000, 1.000000000000000000 ) ) ;
#2066 = VERTEX_POINT ( 'NONE', #848 ) ;
#2067 = APPROVAL_DATE_TIME ( #8291, #8089 ) ;
#2068 = APPLICATION_CONTEXT ( 'configuration controlled 3d designs of mechanical parts and assemblies' ) ;
#2069 = VECTOR ( 'NONE', #8090, 1000.000000000000000 ) ;
#2070 = PLANE ( 'NONE',  #8995 ) ;
#2071 = SECURITY_CLASSIFICATION_LEVEL ( 'unclassified' ) ;
#2072 = EDGE_CURVE ( 'NONE', #4528, #2758, #7162, .T. ) ;
#2073 = CARTESIAN_POINT ( 'NONE',  ( 0.000000000000000000, 130.0000000000000000, 0.000000000000000000 ) ) ;
#2074 = DATE_TIME_ROLE ( 'classification_date' ) ;
#2075 = DIRECTION ( 'NONE',  ( 0.000000000000000000, -0.000000000000000000, -1.000000000000000000 ) ) ;
#2076 = VECTOR ( 'NONE', #720, 1000.000000000000000 ) ;
#2077 = VERTEX_POINT ( 'NONE', #4533 ) ;
#2078 = CARTESIAN_POINT ( 'NONE',  ( 0.000000000000000000, 26.00000000000000000, 0.000000000000000000 ) ) ;
#2079 = CARTESIAN_POINT ( 'NONE',  ( -47.50000000000000000, 0.000000000000000000, -35.00000000000000000 ) ) ;
#2080 = CARTESIAN_POINT ( 'NONE',  ( -300.0000000000000000, 592.0000000000000000, 0.000000000000000000 ) ) ;
#2081 = CARTESIAN_POINT ( 'NONE',  ( 29.94973070017960382, 0.000000000000000000, -22.06822262118497591 ) ) ;
#2082 = APPROVAL_STATUS ( 'not_yet_approved' ) ;
#2083 = EDGE_CURVE ( 'NONE', #6734, #1492, #11800, .T. ) ;
#2084 = VECTOR ( 'NONE', #8494, 1000.000000000000000 ) ;
#2085 = CALENDAR_DATE ( 2026, 29, 7 ) ;
#2086 = AXIS2_PLACEMENT_3D ( 'NONE', #6146, #757, #7017 ) ;
#2087 = VECTOR ( 'NONE', #8098, 1000.000000000000000 ) ;
#2088 = ORIENTED_EDGE ( 'NONE', *, *, #11594, .F. ) ;
#2089 = CARTESIAN_POINT ( 'NONE',  ( -30.00000000000000000, 12.00000000000001066, -30.00000000000000000 ) ) ;
#2090 = CARTESIAN_POINT ( 'NONE',  ( -46.15384615384615330, 0.000000000000000000, 63.57692307692307310 ) ) ;
#2091 = PLANE ( 'NONE',  #1533 ) ;
#2092 = AXIS2_PLACEMENT_3D ( 'NONE', #9953, #4415, #11686 ) ;
#2093 = FACE_OUTER_BOUND ( 'NONE', #9678, .T. ) ;
#2094 = CARTESIAN_POINT ( 'NONE',  ( -46.15384615384615330, 12.00000000000000000, -69.23076923076924061 ) ) ;
#2095 = VECTOR ( 'NONE', #10172, 1000.000000000000000 ) ;
#2096 = PERSON_AND_ORGANIZATION ( #5620, #5243 ) ;
#2097 = EDGE_CURVE ( 'NONE', #11638, #11147, #4476, .T. ) ;
#2098 = EDGE_CURVE ( 'NONE', #5104, #11037, #3518, .T. ) ;
#2099 = DIRECTION ( 'NONE',  ( -0.000000000000000000, -1.000000000000000000, -0.000000000000000000 ) ) ;
#2100 = VECTOR ( 'NONE', #5249, 1000.000000000000000 ) ;
#2102 = ORIENTED_EDGE ( 'NONE', *, *, #4792, .T. ) ;
#2101 = ORIENTED_EDGE ( 'NONE', *, *, #6973, .T. ) ;
#2103 = EDGE_LOOP ( 'NONE', ( #6623, #10619 ) ) ;
#2104 = AXIS2_PLACEMENT_3D ( 'NONE', #6091, #9928, #9810 ) ;
#2105 = LINE ( 'NONE', #11496, #9841 ) ;
#2106 = CARTESIAN_POINT ( 'NONE',  ( -310.0000000000000000, 12.00000000000000000, 48.00000000000000000 ) ) ;
#2107 = DIRECTION ( 'NONE',  ( 0.000000000000000000, 1.000000000000000000, 0.000000000000000000 ) ) ;
#2108 = FACE_OUTER_BOUND ( 'NONE', #5445, .T. ) ;
#2109 = AXIS2_PLACEMENT_3D ( 'NONE', #4340, #5044, #465 ) ;
#2110 = ADVANCED_FACE ( 'NONE', ( #7339, #3690, #9164, #8258, #2649 ), #8143, .F. ) ;
#2111 = EDGE_LOOP ( 'NONE', ( #8448, #6669, #8800, #3953 ) ) ;
#2112 = LINE ( 'NONE', #8685, #8821 ) ;
#2113 = ORIENTED_EDGE ( 'NONE', *, *, #10765, .F. ) ;
#2114 = DIRECTION ( 'NONE',  ( 0.000000000000000000, -0.000000000000000000, -1.000000000000000000 ) ) ;
#2115 = APPROVAL_DATE_TIME ( #10446, #3824 ) ;
#2116 = VERTEX_POINT ( 'NONE', #3457 ) ;
#2117 = PERSON_AND_ORGANIZATION ( #8996, #7600 ) ;
#2118 = PRODUCT_DEFINITION_FORMATION_WITH_SPECIFIED_SOURCE ( 'ä»', '', #2634, .NOT_KNOWN. ) ;
#2119 = VERTEX_POINT ( 'NONE', #7223 ) ;
#2120 = VECTOR ( 'NONE', #3294, 1000.000000000000000 ) ;
#2121 = CC_DESIGN_DATE_AND_TIME_ASSIGNMENT ( #6231, #7326, ( #11581 ) ) ;
#2122 = CARTESIAN_POINT ( 'NONE',  ( -75.00000000000000000, 18.00000000000000000, 55.00000000000000000 ) ) ;
#2123 = DIRECTION ( 'NONE',  ( 0.000000000000000000, 0.000000000000000000, 1.000000000000000000 ) ) ;
#2124 = CARTESIAN_POINT ( 'NONE',  ( -64.58429561200924240, 0.000000000000000000, -49.67321016166282277 ) ) ;
#2125 = ORIENTED_EDGE ( 'NONE', *, *, #4454, .F. ) ;
#2126 = CC_DESIGN_APPROVAL ( #4055, ( #8743 ) ) ;
#2127 =( NAMED_UNIT ( * ) PLANE_ANGLE_UNIT ( ) SI_UNIT ( $, .RADIAN. ) );
#2128 = DIRECTION ( 'NONE',  ( -1.000000000000000000, 0.000000000000000000, 0.000000000000000000 ) ) ;
#2129 = VERTEX_POINT ( 'NONE', #10813 ) ;
#2130 = EDGE_CURVE ( 'NONE', #5073, #9721, #3632, .T. ) ;
#2131 = APPROVAL_DATE_TIME ( #10460, #4500 ) ;
#2132 = CARTESIAN_POINT ( 'NONE',  ( 163.1999999999999886, 10.00000000000000000, 0.000000000000000000 ) ) ;
#2133 = APPROVAL_ROLE ( '' ) ;
#2134 = VERTEX_POINT ( 'NONE', #10871 ) ;
#2135 = CC_DESIGN_APPROVAL ( #9626, ( #11083 ) ) ;
#2136 = DIRECTION ( 'NONE',  ( 0.000000000000000000, -1.000000000000000000, 0.000000000000000000 ) ) ;
#2137 = LOCAL_TIME ( 1, 42, 14.00000000000000000, #2577 ) ;
#2138 = EDGE_CURVE ( 'NONE', #9029, #7043, #5319, .T. ) ;
#2139 = COORDINATED_UNIVERSAL_TIME_OFFSET ( 8, 0, .AHEAD. ) ;
#2140 = DIRECTION ( 'NONE',  ( 0.000000000000000000, 0.000000000000000000, -1.000000000000000000 ) ) ;
#2141 = DIRECTION ( 'NONE',  ( 0.000000000000000000, 1.000000000000000000, 0.000000000000000000 ) ) ;
#2142 = DIRECTION ( 'NONE',  ( 0.000000000000000000, 0.000000000000000000, 1.000000000000000000 ) ) ;
#2143 =( LENGTH_UNIT ( ) NAMED_UNIT ( * ) SI_UNIT ( .MILLI., .METRE. ) );
#2144 = LINE ( 'NONE', #3251, #9215 ) ;
#2145 = SECURITY_CLASSIFICATION ( '', '', #5231 ) ;
#2146 = CALENDAR_DATE ( 2026, 29, 7 ) ;
#2147 = SECURITY_CLASSIFICATION ( '', '', #10950 ) ;
#2148 = PERSON_AND_ORGANIZATION_ROLE ( 'creator' ) ;
#2149 = EDGE_LOOP ( 'NONE', ( #100, #7289, #6409, #1338 ) ) ;
#2150 = LINE ( 'NONE', #3796, #11819 ) ;
#2151 = LINE ( 'NONE', #7820, #9175 ) ;
#2152 = DIRECTION ( 'NONE',  ( 0.000000000000000000, -0.000000000000000000, -1.000000000000000000 ) ) ;
#2153 = ORIENTED_EDGE ( 'NONE', *, *, #11288, .T. ) ;
#2154 = ORGANIZATION ( 'NAUO-ORG2', 'UNSPECIFIED', 'UNSPECIFIED' ) ;
#2155 = PRODUCT ( 'FD-010_vblock_base', 'FD-010_vblock_base', '', ( #9614 ) ) ;
#2156 = CIRCLE ( 'NONE', #3915, 3.550269299820409952 ) ;
#2157 = EDGE_CURVE ( 'NONE', #5344, #2213, #4589, .T. ) ;
#2158 = PLANE ( 'NONE',  #8163 ) ;
#2159 = CARTESIAN_POINT ( 'NONE',  ( 165.0000000000000000, 14.00000000000000000, -165.0000000000000000 ) ) ;
#2160 = LINE ( 'NONE', #546, #3594 ) ;
#2161 = DATE_TIME_ROLE ( 'classification_date' ) ;
#2162 = VERTEX_POINT ( 'NONE', #2595 ) ;
#2163 = APPLICATION_CONTEXT ( 'configuration controlled 3d designs of mechanical parts and assemblies' ) ;
#2164 = CARTESIAN_POINT ( 'NONE',  ( -53.88728323699420741, 0.000000000000000000, -38.00000000000000000 ) ) ;
#2165 = AXIS2_PLACEMENT_3D ( 'NONE', #5264, #3454, #7158 ) ;
#2167 = VERTEX_POINT ( 'NONE', #1687 ) ;
#2166 = VERTEX_POINT ( 'NONE', #2711 ) ;
#2168 = ORIENTED_EDGE ( 'NONE', *, *, #7094, .T. ) ;
#2169 = CARTESIAN_POINT ( 'NONE',  ( 140.5000000000000000, 0.000000000000000000, -31.00000000000000000 ) ) ;
#2170 = EDGE_CURVE ( 'NONE', #10875, #5485, #3719, .T. ) ;
#2171 = CARTESIAN_POINT ( 'NONE',  ( -310.0000000000000000, 0.000000000000000000, 48.00000000000000000 ) ) ;
#2172 = DIRECTION ( 'NONE',  ( -1.000000000000000000, 0.000000000000000000, -0.000000000000000000 ) ) ;
#2173 = EDGE_CURVE ( 'NONE', #10794, #2077, #4366, .T. ) ;
#2174 = EDGE_LOOP ( 'NONE', ( #20, #3739 ) ) ;
#2175 = FACE_BOUND ( 'NONE', #11325, .T. ) ;
#2176 = AXIS2_PLACEMENT_3D ( 'NONE', #8665, #3196, #3984 ) ;
#2177 = DIRECTION ( 'NONE',  ( 1.000000000000000000, 0.000000000000000000, 0.000000000000000000 ) ) ;
#2178 = EDGE_LOOP ( 'NONE', ( #11982, #4112 ) ) ;
#2179 = DIRECTION ( 'NONE',  ( 0.000000000000000000, 0.000000000000000000, 1.000000000000000000 ) ) ;
#2180 = PERSON_AND_ORGANIZATION ( #2011, #2802 ) ;
#2181 = EDGE_LOOP ( 'NONE', ( #8634, #5831 ) ) ;
#2182 = ITEM_DEFINED_TRANSFORMATION ( 'NONE', 'NONE', #692,  #2596 ) ;
#2183 = VERTEX_POINT ( 'NONE', #5436 ) ;
#2184 = CIRCLE ( 'NONE', #1219, 200.0000000000000000 ) ;
#2185 = EDGE_CURVE ( 'NONE', #1682, #2874, #1194, .T. ) ;
#2186 = CLOSED_SHELL ( 'NONE', ( #10122, #7689, #11222, #5142, #349, #835, #6913, #4291, #6624, #2878, #793, #9028, #6097, #5916, #9125, #10273, #2227, #960, #4873, #2267, #6843, #5776, #3317, #49, #5355, #238 ) ) ;
#2187 = ORIENTED_EDGE ( 'NONE', *, *, #11213, .F. ) ;
#2188 = CARTESIAN_POINT ( 'NONE',  ( 46.15384615384618172, 12.00000000000000000, 72.57692307692305178 ) ) ;
#2189 = DIRECTION ( 'NONE',  ( 0.000000000000000000, 0.000000000000000000, -1.000000000000000000 ) ) ;
#2190 = DIRECTION ( 'NONE',  ( 0.000000000000000000, 0.000000000000000000, 1.000000000000000000 ) ) ;
#2191 = ORIENTED_EDGE ( 'NONE', *, *, #3266, .F. ) ;
#2192 =( LENGTH_UNIT ( ) NAMED_UNIT ( * ) SI_UNIT ( .MILLI., .METRE. ) );
#2193 = CARTESIAN_POINT ( 'NONE',  ( -170.0000000000000000, 10.00000000000000000, -65.00000000000000000 ) ) ;
#2194 = EDGE_LOOP ( 'NONE', ( #9350, #9610, #125, #8252 ) ) ;
#2195 = APPROVAL_DATE_TIME ( #10525, #2196 ) ;
#2196 = APPROVAL ( #9557, 'æœª' ) ;
#2197 = DIRECTION ( 'NONE',  ( 0.000000000000000000, 0.000000000000000000, -1.000000000000000000 ) ) ;
#2198 = DATE_AND_TIME ( #4091, #1769 ) ;
#2199 = CC_DESIGN_PERSON_AND_ORGANIZATION_ASSIGNMENT ( #3124, #1950, ( #2348 ) ) ;
#2200 = ORIENTED_EDGE ( 'NONE', *, *, #8352, .F. ) ;
#2201 = CARTESIAN_POINT ( 'NONE',  ( 40.00000000000000000, 0.000000000000000000, -16.75000000000000000 ) ) ;
#2202 = PERSON_AND_ORGANIZATION_ROLE ( 'classification_officer' ) ;
#2203 = CARTESIAN_POINT ( 'NONE',  ( -49.74884620746166775, 0.000000000000000000, 113.1043392264672605 ) ) ;
#2204 = AXIS2_PLACEMENT_3D ( 'NONE', #7091, #4461, #717 ) ;
#2205 = FACE_BOUND ( 'NONE', #1638, .T. ) ;
#2206 = FACE_OUTER_BOUND ( 'NONE', #5630, .T. ) ;
#2207 = EDGE_CURVE ( 'NONE', #6785, #4654, #7804, .T. ) ;
#2208 = CARTESIAN_POINT ( 'NONE',  ( 275.6125178063039698, 12.00000000000000000, -39.00000000000000000 ) ) ;
#2209 = PERSON_AND_ORGANIZATION ( #2011, #2802 ) ;
#2210 = CC_DESIGN_PERSON_AND_ORGANIZATION_ASSIGNMENT ( #4054, #6847, ( #5511 ) ) ;
#2211 = APPROVAL_ROLE ( '' ) ;
#2212 = AXIS2_PLACEMENT_3D ( 'NONE', #1569, #775, #5420 ) ;
#2213 = VERTEX_POINT ( 'NONE', #10133 ) ;
#2214 = FACE_OUTER_BOUND ( 'NONE', #7599, .T. ) ;
#2215 = CARTESIAN_POINT ( 'NONE',  ( -46.15384615384615330, 0.000000000000000000, 69.23076923076924061 ) ) ;
#2216 = EDGE_CURVE ( 'NONE', #1527, #9830, #1800, .T. ) ;
#2217 = CARTESIAN_POINT ( 'NONE',  ( 60.00000000000000000, 12.00000000000000000, 90.00000000000000000 ) ) ;
#2218 = VERTEX_POINT ( 'NONE', #727 ) ;
#2219 = CARTESIAN_POINT ( 'NONE',  ( 0.000000000000000000, 120.0000000000000000, 0.000000000000000000 ) ) ;
#2220 = PLANE ( 'NONE',  #943 ) ;
#2221 = VECTOR ( 'NONE', #8272, 1000.000000000000000 ) ;
#2222 = PLANE ( 'NONE',  #9806 ) ;
#2224 = AXIS2_PLACEMENT_3D ( 'NONE', #2623, #6323, #8226 ) ;
#2223 = CALENDAR_DATE ( 2026, 29, 7 ) ;
#2225 = DIRECTION ( 'NONE',  ( -0.000000000000000000, -1.000000000000000000, -0.000000000000000000 ) ) ;
#2226 = ORIENTED_EDGE ( 'NONE', *, *, #11991, .F. ) ;
#2227 = ADVANCED_FACE ( 'NONE', ( #9898 ), #1583, .F. ) ;
#2228 = VECTOR ( 'NONE', #7254, 1000.000000000000000 ) ;
#2229 = VERTEX_POINT ( 'NONE', #675 ) ;
#2230 = CARTESIAN_POINT ( 'NONE',  ( -57.50000000000000000, 10.00000000000000000, 0.000000000000000000 ) ) ;
#2231 = DIRECTION ( 'NONE',  ( 0.000000000000000000, 0.000000000000000000, 1.000000000000000000 ) ) ;
#2232 = DIRECTION ( 'NONE',  ( -0.000000000000000000, -1.000000000000000000, -0.000000000000000000 ) ) ;
#2233 = DIRECTION ( 'NONE',  ( -1.000000000000000000, -0.000000000000000000, -0.000000000000000000 ) ) ;
#2234 = LINE ( 'NONE', #5926, #1402 ) ;
#2235 =( REPRESENTATION_RELATIONSHIP ('NONE','NONE', #8109, #10979 ) REPRESENTATION_RELATIONSHIP_WITH_TRANSFORMATION ( #640 )SHAPE_REPRESENTATION_RELATIONSHIP( ) );
#2236 = VERTEX_POINT ( 'NONE', #8084 ) ;
#2237 = CARTESIAN_POINT ( 'NONE',  ( -51.28027681660898907, 72.00000000000000000, 24.25900559081614816 ) ) ;
#2238 = EDGE_LOOP ( 'NONE', ( #4248, #7443, #10285, #7725 ) ) ;
#2239 = CARTESIAN_POINT ( 'NONE',  ( 40.00000000000000000, 0.000000000000000000, 20.00000000000000000 ) ) ;
#2240 = LOCAL_TIME ( 1, 42, 14.00000000000000000, #343 ) ;
#2241 = DATE_AND_TIME ( #8688, #4296 ) ;
#2242 = ADVANCED_FACE ( 'NONE', ( #4701 ), #232, .F. ) ;
#2243 = VECTOR ( 'NONE', #2925, 1000.000000000000000 ) ;
#2244 = ORIENTED_EDGE ( 'NONE', *, *, #3858, .T. ) ;
#2245 = ITEM_DEFINED_TRANSFORMATION ( 'NONE', 'NONE', #1453,  #2596 ) ;
#2246 = ORIENTED_EDGE ( 'NONE', *, *, #4511, .T. ) ;
#2247 = CARTESIAN_POINT ( 'NONE',  ( -163.1999999999999886, 42.00000000000000000, -57.00000000000000000 ) ) ;
#2248 = ORIENTED_EDGE ( 'NONE', *, *, #6399, .T. ) ;
#2249 = FACE_OUTER_BOUND ( 'NONE', #3020, .T. ) ;
#2250 = CARTESIAN_POINT ( 'NONE',  ( 0.000000000000000000, 18.00000000000000355, 0.000000000000000000 ) ) ;
#2251 = CARTESIAN_POINT ( 'NONE',  ( 0.000000000000000000, 24.00000000000000000, 0.000000000000000000 ) ) ;
#2252 = ORIENTED_EDGE ( 'NONE', *, *, #3696, .T. ) ;
#2253 = ADVANCED_FACE ( 'NONE', ( #10242, #1968, #1857, #6711, #7511, #11296, #1913, #5607, #9334, #6591 ), #3928, .F. ) ;
#2254 = CARTESIAN_POINT ( 'NONE',  ( -165.0000000000000000, 0.000000000000000000, -165.0000000000000000 ) ) ;
#2255 = VERTEX_POINT ( 'NONE', #954 ) ;
#2256 = PERSON_AND_ORGANIZATION_ROLE ( 'design_supplier' ) ;
#2257 = CARTESIAN_POINT ( 'NONE',  ( -284.3874821936960871, 12.00000000000000000, 39.00000000000000711 ) ) ;
#2258 = CONTEXT_DEPENDENT_SHAPE_REPRESENTATION ( #5330, #10990 ) ;
#2259 = ORIENTED_EDGE ( 'NONE', *, *, #10804, .F. ) ;
#2260 = DIRECTION ( 'NONE',  ( 0.000000000000000000, 1.000000000000000000, 0.000000000000000000 ) ) ;
#2261 = CONTEXT_DEPENDENT_SHAPE_REPRESENTATION ( #317, #9146 ) ;
#2262 = LINE ( 'NONE', #9017, #10864 ) ;
#2263 = LINE ( 'NONE', #8469, #1650 ) ;
#2264 = CARTESIAN_POINT ( 'NONE',  ( -297.5999999999999659, 0.000000000000000000, -39.00000000000000000 ) ) ;
#2265 = VECTOR ( 'NONE', #11370, 1000.000000000000000 ) ;
#2266 =( NAMED_UNIT ( * ) PLANE_ANGLE_UNIT ( ) SI_UNIT ( $, .RADIAN. ) );
#2267 = ADVANCED_FACE ( 'NONE', ( #7637 ), #2764, .F. ) ;
#2268 = DIRECTION ( 'NONE',  ( -0.000000000000000000, -1.000000000000000000, -0.000000000000000000 ) ) ;
#2269 = APPROVAL_DATE_TIME ( #4229, #2645 ) ;
#2270 = PERSON_AND_ORGANIZATION_ROLE ( 'creator' ) ;
#2271 = VECTOR ( 'NONE', #3259, 1000.000000000000000 ) ;
#2272 = VECTOR ( 'NONE', #1150, 1000.000000000000000 ) ;
#2273 = ORIENTED_EDGE ( 'NONE', *, *, #1243, .T. ) ;
#2274 = CARTESIAN_POINT ( 'NONE',  ( 0.000000000000000000, 0.000000000000000000, 0.000000000000000000 ) ) ;
#2275 = CARTESIAN_POINT ( 'NONE',  ( 29.94973070017958960, 0.000000000000000000, 25.61849192100535078 ) ) ;
#2276 = EDGE_CURVE ( 'NONE', #668, #1280, #7451, .T. ) ;
#2277 = CARTESIAN_POINT ( 'NONE',  ( 18.12278137398207889, 85.00000000000000000, 13.83921486740448081 ) ) ;
#2278 = CC_DESIGN_DATE_AND_TIME_ASSIGNMENT ( #9509, #6645, ( #4186 ) ) ;
#2279 = CC_DESIGN_PERSON_AND_ORGANIZATION_ASSIGNMENT ( #8207, #2148, ( #6579 ) ) ;
#2280 = CARTESIAN_POINT ( 'NONE',  ( 30.00000000000000000, 560.0000000000000000, 30.00000000000000000 ) ) ;
#2281 = CARTESIAN_POINT ( 'NONE',  ( -18.12278137398203626, 85.00000000000000000, 10.96193756384787577 ) ) ;
#2282 = CARTESIAN_POINT ( 'NONE',  ( -49.74884620746166775, 14.00000000000000000, 127.1043392264673315 ) ) ;
#2283 = VECTOR ( 'NONE', #6605, 1000.000000000000000 ) ;
#2284 = CALENDAR_DATE ( 2026, 29, 7 ) ;
#2285 = ORIENTED_EDGE ( 'NONE', *, *, #10221, .T. ) ;
#2286 = CIRCLE ( 'NONE', #4033, 1.223591395445790209 ) ;
#2287 = AXIS2_PLACEMENT_3D ( 'NONE', #6135, #11702, #10026 ) ;
#2288 = CARTESIAN_POINT ( 'NONE',  ( 18.12278137398207889, 85.00000000000000000, 11.21199624138656148 ) ) ;
#2289 = EDGE_CURVE ( 'NONE', #1289, #10893, #4818, .T. ) ;
#2291 = ORIENTED_EDGE ( 'NONE', *, *, #4408, .F. ) ;
#2290 = ORIENTED_EDGE ( 'NONE', *, *, #4772, .F. ) ;
#2292 = EDGE_LOOP ( 'NONE', ( #2448, #7793 ) ) ;
#2293 = VECTOR ( 'NONE', #2421, 1000.000000000000000 ) ;
#2294 = DIRECTION ( 'NONE',  ( 0.000000000000000000, 0.000000000000000000, -1.000000000000000000 ) ) ;
#2295 = DIRECTION ( 'NONE',  ( 0.000000000000000000, -0.000000000000000000, -1.000000000000000000 ) ) ;
#2296 = LINE ( 'NONE', #7835, #1523 ) ;
#2297 = VECTOR ( 'NONE', #1674, 1000.000000000000000 ) ;
#2298 = CC_DESIGN_PERSON_AND_ORGANIZATION_ASSIGNMENT ( #207, #1887, ( #8189 ) ) ;
#2299 = CARTESIAN_POINT ( 'NONE',  ( -420.0000000000000000, 8.000000000000000000, 180.0000000000000000 ) ) ;
#2300 = EDGE_CURVE ( 'NONE', #6076, #1991, #2556, .T. ) ;
#2301 = ORIENTED_EDGE ( 'NONE', *, *, #5715, .F. ) ;
#2302 = CARTESIAN_POINT ( 'NONE',  ( 0.000000000000000000, 42.00000000000000000, 0.000000000000000000 ) ) ;
#2303 = ORIENTED_EDGE ( 'NONE', *, *, #10697, .T. ) ;
#2304 = AXIS2_PLACEMENT_3D ( 'NONE', #11310, #2959, #3151 ) ;
#2305 = DIRECTION ( 'NONE',  ( -0.000000000000000000, -1.000000000000000000, -0.000000000000000000 ) ) ;
#2306 = APPROVAL_ROLE ( '' ) ;
#2307 = AXIS2_PLACEMENT_3D ( 'NONE', #8966, #9870, #10039 ) ;
#2308 = ORIENTED_EDGE ( 'NONE', *, *, #2415, .F. ) ;
#2309 = ORIENTED_EDGE ( 'NONE', *, *, #11192, .F. ) ;
#2310 = PERSON ( 'NAUO-PER27', 'UNSPECIFIED', 'UNSPECIFIED', ('UNSPECIFIED'), ('UNSPECIFIED'), ('UNSPECIFIED') ) ;
#2311 = CARTESIAN_POINT ( 'NONE',  ( 140.5000000000000000, 10.00000000000000000, 31.00000000000000000 ) ) ;
#2312 = CARTESIAN_POINT ( 'NONE',  ( -30.00000000000000000, 12.00000000000001066, 30.00000000000000000 ) ) ;
#2313 = AXIS2_PLACEMENT_3D ( 'NONE', #11208, #28, #6626 ) ;
#2314 = CARTESIAN_POINT ( 'NONE',  ( -450.0000000000000000, 8.000000000000000000, -210.0000000000000000 ) ) ;
#2315 = EDGE_CURVE ( 'NONE', #863, #6286, #8427, .T. ) ;
#2316 = CARTESIAN_POINT ( 'NONE',  ( -49.74884620746166775, 14.00000000000000000, -120.1043392264672747 ) ) ;
#2317 = ORIENTED_EDGE ( 'NONE', *, *, #6818, .F. ) ;
#2318 = DIRECTION ( 'NONE',  ( 0.000000000000000000, 0.000000000000000000, -1.000000000000000000 ) ) ;
#2319 = ORIENTED_EDGE ( 'NONE', *, *, #9106, .F. ) ;
#2320 = SHAPE_DEFINITION_REPRESENTATION ( #3906, #9264 ) ;
#2321 = VECTOR ( 'NONE', #7603, 1000.000000000000000 ) ;
#2322 = CARTESIAN_POINT ( 'NONE',  ( -46.15384615384615330, 0.000000000000000000, 69.23076923076924061 ) ) ;
#2323 = EDGE_LOOP ( 'NONE', ( #8435, #9221, #11000, #7215 ) ) ;
#2324 = CARTESIAN_POINT ( 'NONE',  ( 85.00000000000000000, 10.00000000000000000, 60.00000000000000000 ) ) ;
#2325 = EDGE_CURVE ( 'NONE', #4367, #1018, #10358, .T. ) ;
#2326 = APPROVAL_STATUS ( 'not_yet_approved' ) ;
#2327 = DIRECTION ( 'NONE',  ( -1.000000000000000000, 0.000000000000000000, 0.000000000000000000 ) ) ;
#2329 = EDGE_CURVE ( 'NONE', #8928, #8848, #756, .T. ) ;
#2328 = APPROVAL_PERSON_ORGANIZATION ( #10652, #5001, #11651 ) ;
#2330 = VECTOR ( 'NONE', #10917, 1000.000000000000000 ) ;
#2331 = VERTEX_POINT ( 'NONE', #3010 ) ;
#2332 = CARTESIAN_POINT ( 'NONE',  ( -67.50000000000000000, 0.000000000000000000, -36.00000000000000000 ) ) ;
#2333 = PLANE ( 'NONE',  #5209 ) ;
#2334 = DIRECTION ( 'NONE',  ( 1.000000000000000000, 0.000000000000000000, 0.000000000000000000 ) ) ;
#2335 = CARTESIAN_POINT ( 'NONE',  ( 67.50000000000000000, 72.00000000000000000, 36.00000000000000000 ) ) ;
#2336 = APPROVAL_DATE_TIME ( #4038, #11282 ) ;
#2337 = VERTEX_POINT ( 'NONE', #9276 ) ;
#2338 = CALENDAR_DATE ( 2026, 29, 7 ) ;
#2339 = CC_DESIGN_SECURITY_CLASSIFICATION ( #5606, ( #12030 ) ) ;
#2340 = LOCAL_TIME ( 1, 42, 14.00000000000000000, #4536 ) ;
#2341 = ORIENTED_EDGE ( 'NONE', *, *, #261, .T. ) ;
#2342 = DIRECTION ( 'NONE',  ( 0.000000000000000000, 1.000000000000000000, 0.000000000000000000 ) ) ;
#2343 = EDGE_CURVE ( 'NONE', #5552, #5760, #4256, .T. ) ;
#2344 = CARTESIAN_POINT ( 'NONE',  ( -385.0000000000002274, 0.000000000000000000, 130.0000000000000284 ) ) ;
#2345 = CARTESIAN_POINT ( 'NONE',  ( -64.58429561200924240, 10.00000000000000000, 49.67321016166282277 ) ) ;
#2346 = ORIENTED_EDGE ( 'NONE', *, *, #2746, .F. ) ;
#2347 = DIRECTION ( 'NONE',  ( 0.000000000000000000, 0.000000000000000000, 1.000000000000000000 ) ) ;
#2348 = SECURITY_CLASSIFICATION ( '', '', #9622 ) ;
#2349 = DIRECTION ( 'NONE',  ( 0.000000000000000000, 0.000000000000000000, -1.000000000000000000 ) ) ;
#2350 = CC_DESIGN_APPROVAL ( #3552, ( #8948 ) ) ;
#2351 = CARTESIAN_POINT ( 'NONE',  ( -29.94973070017952210, 0.000000000000000000, -25.51862784808253792 ) ) ;
#2352 = CALENDAR_DATE ( 2026, 29, 7 ) ;
#2353 = CYLINDRICAL_SURFACE ( 'NONE', #9266, 3.500000000000000000 ) ;
#2354 = CC_DESIGN_PERSON_AND_ORGANIZATION_ASSIGNMENT ( #1612, #11027, ( #8453 ) ) ;
#2356 = ORIENTED_EDGE ( 'NONE', *, *, #3838, .T. ) ;
#2355 = EDGE_LOOP ( 'NONE', ( #3702, #8661, #5666, #11510 ) ) ;
#2357 = CARTESIAN_POINT ( 'NONE',  ( -67.50000000000000000, 72.00000000000000000, 36.00000000000000000 ) ) ;
#2358 = ORIENTED_EDGE ( 'NONE', *, *, #2072, .F. ) ;
#2359 = LINE ( 'NONE', #1578, #2466 ) ;
#2360 = LINE ( 'NONE', #1514, #3362 ) ;
#2361 = CARTESIAN_POINT ( 'NONE',  ( -53.88728323699420741, 0.000000000000000000, -39.22359139544578710 ) ) ;
#2362 = CARTESIAN_POINT ( 'NONE',  ( -46.15384615384615330, 0.000000000000000000, -63.57692307692307310 ) ) ;
#2363 = EDGE_LOOP ( 'NONE', ( #6629, #5936, #3343, #1856 ) ) ;
#2364 = LOCAL_TIME ( 1, 42, 14.00000000000000000, #9972 ) ;
#2365 = PRODUCT ( 'FD-016_guard_panel', 'FD-016_guard_panel', '', ( #10921 ) ) ;
#2366 = AXIS2_PLACEMENT_3D ( 'NONE', #5377, #789, #11988 ) ;
#2367 = CARTESIAN_POINT ( 'NONE',  ( -29.94973070017952566, 0.000000000000000000, 22.06822262118491906 ) ) ;
#2368 = COORDINATED_UNIVERSAL_TIME_OFFSET ( 8, 0, .AHEAD. ) ;
#2369 = EDGE_CURVE ( 'NONE', #863, #4438, #7572, .T. ) ;
#2370 = ORIENTED_EDGE ( 'NONE', *, *, #7286, .T. ) ;
#2371 = EDGE_LOOP ( 'NONE', ( #4598, #8807, #2910, #7587 ) ) ;
#2372 = ORIENTED_EDGE ( 'NONE', *, *, #2991, .T. ) ;
#2373 = FACE_OUTER_BOUND ( 'NONE', #3576, .T. ) ;
#2374 = EDGE_CURVE ( 'NONE', #2066, #9845, #9289, .T. ) ;
#2375 = CARTESIAN_POINT ( 'NONE',  ( -30.00000000000000000, 560.0000000000000000, -30.00000000000000000 ) ) ;
#2376 = ORIENTED_EDGE ( 'NONE', *, *, #1565, .F. ) ;
#2377 = CARTESIAN_POINT ( 'NONE',  ( 0.000000000000000000, 60.00000000000000000, 0.000000000000000000 ) ) ;
#2378 = EDGE_LOOP ( 'NONE', ( #7741, #117, #4179, #11392 ) ) ;
#2379 = CARTESIAN_POINT ( 'NONE',  ( -420.0000000000000000, 8.000000000000000000, -175.4999999999999716 ) ) ;
#2380 = ORIENTED_EDGE ( 'NONE', *, *, #11500, .F. ) ;
#2381 = PERSON_AND_ORGANIZATION ( #2011, #2802 ) ;
#2382 = AXIS2_PLACEMENT_3D ( 'NONE', #10546, #4110, #2024 ) ;
#2383 = EDGE_LOOP ( 'NONE', ( #8451, #5928 ) ) ;
#2384 = COORDINATED_UNIVERSAL_TIME_OFFSET ( 8, 0, .AHEAD. ) ;
#2385 = ORIENTED_EDGE ( 'NONE', *, *, #8314, .T. ) ;
#2386 = ADVANCED_FACE ( 'NONE', ( #6653, #1196, #2823, #6529, #4876, #2030 ), #5725, .T. ) ;
#2387 = CLOSED_SHELL ( 'NONE', ( #1291, #11140, #86, #2834, #8949, #7423, #8158, #5574, #699, #2242, #3646 ) ) ;
#2388 = CARTESIAN_POINT ( 'NONE',  ( 0.000000000000000000, 0.000000000000000000, 0.000000000000000000 ) ) ;
#2389 = SECURITY_CLASSIFICATION_LEVEL ( 'unclassified' ) ;
#2390 = CARTESIAN_POINT ( 'NONE',  ( -18.12278137398203270, 85.00000000000000000, -13.83921486740446305 ) ) ;
#2391 = CARTESIAN_POINT ( 'NONE',  ( 0.000000000000000000, 18.00000000000000000, 0.000000000000000000 ) ) ;
#2392 = DIRECTION ( 'NONE',  ( 0.000000000000000000, 0.000000000000000000, 1.000000000000000000 ) ) ;
#2393 = CARTESIAN_POINT ( 'NONE',  ( 420.0000000000000000, 8.000000000000000000, -175.4999999999999716 ) ) ;
#2394 = EDGE_LOOP ( 'NONE', ( #50, #9674, #8208, #6746 ) ) ;
#2395 = CARTESIAN_POINT ( 'NONE',  ( -51.28027681660898907, 72.00000000000000000, -27.34948096885812063 ) ) ;
#2396 = COORDINATED_UNIVERSAL_TIME_OFFSET ( 8, 0, .AHEAD. ) ;
#2397 = ORIENTED_EDGE ( 'NONE', *, *, #6163, .T. ) ;
#2398 = DATE_AND_TIME ( #9756, #7783 ) ;
#2399 = EDGE_CURVE ( 'NONE', #7361, #7170, #5389, .T. ) ;
#2400 =( REPRESENTATION_RELATIONSHIP ('NONE','NONE', #7247, #5995 ) REPRESENTATION_RELATIONSHIP_WITH_TRANSFORMATION ( #5037 )SHAPE_REPRESENTATION_RELATIONSHIP( ) );
#2401 = EDGE_LOOP ( 'NONE', ( #11081, #9288, #10224, #1167 ) ) ;
#2402 = FACE_OUTER_BOUND ( 'NONE', #2038, .T. ) ;
#2403 = AXIS2_PLACEMENT_3D ( 'NONE', #7762, #4242, #7825 ) ;
#2404 = VERTEX_POINT ( 'NONE', #10611 ) ;
#2405 = CYLINDRICAL_SURFACE ( 'NONE', #9360, 215.0000000000000000 ) ;
#2406 = FACE_OUTER_BOUND ( 'NONE', #9299, .T. ) ;
#2407 = DIRECTION ( 'NONE',  ( 1.000000000000000000, -0.000000000000000000, 0.000000000000000000 ) ) ;
#2408 = LINE ( 'NONE', #2159, #10059 ) ;
#2409 = EDGE_CURVE ( 'NONE', #1577, #6033, #5187, .T. ) ;
#2410 = LINE ( 'NONE', #11547, #11373 ) ;
#2411 = PERSON_AND_ORGANIZATION ( #2011, #2802 ) ;
#2412 = ADVANCED_FACE ( 'NONE', ( #8922 ), #7760, .T. ) ;
#2413 = FACE_OUTER_BOUND ( 'NONE', #3242, .T. ) ;
#2414 =( GEOMETRIC_REPRESENTATION_CONTEXT ( 3 ) GLOBAL_UNCERTAINTY_ASSIGNED_CONTEXT ( ( #10837 ) ) GLOBAL_UNIT_ASSIGNED_CONTEXT ( ( #1367, #2266, #341 ) ) REPRESENTATION_CONTEXT ( 'NONE', 'WORKASPACE' ) );
#2415 = EDGE_CURVE ( 'NONE', #9784, #5686, #10680, .T. ) ;
#2417 = ORIENTED_EDGE ( 'NONE', *, *, #3734, .T. ) ;
#2416 = ORIENTED_EDGE ( 'NONE', *, *, #10230, .T. ) ;
#2418 = EDGE_LOOP ( 'NONE', ( #8700, #2168 ) ) ;
#2419 = LINE ( 'NONE', #9951, #8105 ) ;
#2420 = DIRECTION ( 'NONE',  ( 1.000000000000000000, 0.000000000000000000, -0.000000000000000000 ) ) ;
#2421 = DIRECTION ( 'NONE',  ( 1.000000000000000000, 0.000000000000000000, 0.000000000000000000 ) ) ;
#2422 =( GEOMETRIC_REPRESENTATION_CONTEXT ( 3 ) GLOBAL_UNCERTAINTY_ASSIGNED_CONTEXT ( ( #8282 ) ) GLOBAL_UNIT_ASSIGNED_CONTEXT ( ( #650, #6326, #9135 ) ) REPRESENTATION_CONTEXT ( 'NONE', 'WORKASPACE' ) );
#2423 = CIRCLE ( 'NONE', #10958, 6.999999999999999112 ) ;
#2424 = DIRECTION ( 'NONE',  ( 0.000000000000000000, 0.000000000000000000, -1.000000000000000000 ) ) ;
#2425 = CC_DESIGN_DATE_AND_TIME_ASSIGNMENT ( #442, #3224, ( #10695 ) ) ;
#2426 = CC_DESIGN_DATE_AND_TIME_ASSIGNMENT ( #7799, #4151, ( #4104 ) ) ;
#2427 = ADVANCED_FACE ( 'NONE', ( #3990 ), #420, .F. ) ;
#2428 = DIRECTION ( 'NONE',  ( 1.000000000000000000, -0.000000000000000000, 0.000000000000000000 ) ) ;
#2429 = DATE_AND_TIME ( #1636, #210 ) ;
#2430 = VECTOR ( 'NONE', #9382, 1000.000000000000000 ) ;
#2431 = EDGE_LOOP ( 'NONE', ( #69, #7530 ) ) ;
#2432 = AXIS2_PLACEMENT_3D ( 'NONE', #6504, #6655, #58 ) ;
#2433 = VERTEX_POINT ( 'NONE', #7694 ) ;
#2434 = ORIENTED_EDGE ( 'NONE', *, *, #5531, .F. ) ;
#2435 = DIRECTION ( 'NONE',  ( 0.000000000000000000, 0.000000000000000000, -1.000000000000000000 ) ) ;
#2436 = LINE ( 'NONE', #11642, #2120 ) ;
#2437 = VECTOR ( 'NONE', #11209, 1000.000000000000000 ) ;
#2438 = CC_DESIGN_DATE_AND_TIME_ASSIGNMENT ( #1507, #5190, ( #4929 ) ) ;
#2439 = CC_DESIGN_APPROVAL ( #5665, ( #6215 ) ) ;
#2440 = CARTESIAN_POINT ( 'NONE',  ( 460.0000000000000000, 24.00000000000000000, -285.0000000000000000 ) ) ;
#2441 = AXIS2_PLACEMENT_3D ( 'NONE', #2388, #3372, #9620 ) ;
#2442 = CARTESIAN_POINT ( 'NONE',  ( 163.1999999999999886, 10.00000000000001599, 56.99999999999999289 ) ) ;
#2443 = VERTEX_POINT ( 'NONE', #6777 ) ;
#2444 = DATE_TIME_ROLE ( 'creation_date' ) ;
#2445 = ORIENTED_EDGE ( 'NONE', *, *, #5210, .F. ) ;
#2446 = APPROVAL_ROLE ( '' ) ;
#2447 = ADVANCED_FACE ( 'NONE', ( #9764 ), #11420, .F. ) ;
#2448 = ORIENTED_EDGE ( 'NONE', *, *, #7321, .F. ) ;
#2449 = DIRECTION ( 'NONE',  ( -0.000000000000000000, -1.000000000000000000, -0.000000000000000000 ) ) ;
#2450 = PERSON_AND_ORGANIZATION_ROLE ( 'classification_officer' ) ;
#2451 = DESIGN_CONTEXT ( 'detailed design', #781, 'design' ) ;
#2452 = LINE ( 'NONE', #4284, #7952 ) ;
#2453 = CARTESIAN_POINT ( 'NONE',  ( 0.000000000000000000, 225.0000000000000000, -12.50000000000000000 ) ) ;
#2454 = PLANE ( 'NONE',  #4918 ) ;
#2455 = DIRECTION ( 'NONE',  ( 1.000000000000000000, 0.000000000000000000, -0.000000000000000000 ) ) ;
#2456 = CARTESIAN_POINT ( 'NONE',  ( -49.74884620746166775, 14.00000000000000000, 113.1043392264672605 ) ) ;
#2457 = EDGE_CURVE ( 'NONE', #2236, #4146, #11044, .T. ) ;
#2458 = PERSON_AND_ORGANIZATION ( #2011, #2802 ) ;
#2459 = DATE_AND_TIME ( #2338, #3517 ) ;
#2460 = ORIENTED_EDGE ( 'NONE', *, *, #11243, .F. ) ;
#2461 = FACE_OUTER_BOUND ( 'NONE', #7629, .T. ) ;
#2462 = ADVANCED_BREP_SHAPE_REPRESENTATION ( '', ( #2984, #2596 ), #10562 ) ;
#2463 = EDGE_LOOP ( 'NONE', ( #977, #6243, #6751, #8381 ) ) ;
#2464 = LINE ( 'NONE', #7031, #3932 ) ;
#2465 = DIRECTION ( 'NONE',  ( -0.000000000000000000, -1.000000000000000000, -0.000000000000000000 ) ) ;
#2466 = VECTOR ( 'NONE', #9894, 1000.000000000000000 ) ;
#2467 = CARTESIAN_POINT ( 'NONE',  ( 0.000000000000000000, 44.00000000000000000, 0.000000000000000000 ) ) ;
#2468 = CARTESIAN_POINT ( 'NONE',  ( -30.00000000000000000, 0.000000000000000000, 30.00000000000000000 ) ) ;
#2469 = DIRECTION ( 'NONE',  ( 0.000000000000000000, 0.000000000000000000, -1.000000000000000000 ) ) ;
#2470 = SHAPE_DEFINITION_REPRESENTATION ( #3030, #5995 ) ;
#2471 = DIRECTION ( 'NONE',  ( 0.000000000000000000, 1.000000000000000000, 0.000000000000000000 ) ) ;
#2472 = AXIS2_PLACEMENT_3D ( 'NONE', #359, #1133, #8487 ) ;
#2473 = ORIENTED_EDGE ( 'NONE', *, *, #7850, .T. ) ;
#2474 = ORIENTED_EDGE ( 'NONE', *, *, #7321, .T. ) ;
#2475 = CARTESIAN_POINT ( 'NONE',  ( 35.00000000000000000, 26.00000000000000000, -10.00000000000000000 ) ) ;
#2476 = FACE_OUTER_BOUND ( 'NONE', #11301, .T. ) ;
#2477 = CARTESIAN_POINT ( 'NONE',  ( 297.5999999999999659, 34.00000000000000000, 27.00000000000000000 ) ) ;
#2478 = AXIS2_PLACEMENT_3D ( 'NONE', #3922, #8543, #9389 ) ;
#2479 = EDGE_CURVE ( 'NONE', #6081, #10018, #2408, .T. ) ;
#2480 = CARTESIAN_POINT ( 'NONE',  ( -140.5000000000000000, 10.00000000000000000, 31.00000000000000000 ) ) ;
#2481 = VECTOR ( 'NONE', #4356, 1000.000000000000000 ) ;
#2482 = EDGE_CURVE ( 'NONE', #11632, #10688, #5854, .T. ) ;
#2483 = DIRECTION ( 'NONE',  ( 0.000000000000000000, -1.000000000000000000, 6.123233995736766036E-17 ) ) ;
#2484 = FACE_OUTER_BOUND ( 'NONE', #8194, .T. ) ;
#2485 = APPROVAL_STATUS ( 'not_yet_approved' ) ;
#2486 = VECTOR ( 'NONE', #4490, 1000.000000000000000 ) ;
#2487 = EDGE_LOOP ( 'NONE', ( #10889, #257 ) ) ;
#2488 = ORIENTED_EDGE ( 'NONE', *, *, #9781, .F. ) ;
#2489 = EDGE_LOOP ( 'NONE', ( #5977, #4526 ) ) ;
#2490 = CIRCLE ( 'NONE', #2859, 5.653846153846162181 ) ;
#2491 = LINE ( 'NONE', #11811, #5376 ) ;
#2492 = EDGE_LOOP ( 'NONE', ( #6721, #9798, #10310, #500 ) ) ;
#2493 = EDGE_CURVE ( 'NONE', #10200, #6522, #6906, .T. ) ;
#2494 = FACE_OUTER_BOUND ( 'NONE', #4581, .T. ) ;
#2495 = AXIS2_PLACEMENT_3D ( 'NONE', #2762, #6588, #949 ) ;
#2496 = CARTESIAN_POINT ( 'NONE',  ( 310.0000000000000000, 0.000000000000000000, 48.00000000000000000 ) ) ;
#2497 = EDGE_LOOP ( 'NONE', ( #2153, #4823, #4851, #10879 ) ) ;
#2498 = AXIS2_PLACEMENT_3D ( 'NONE', #2582, #7208, #10115 ) ;
#2499 = FACE_BOUND ( 'NONE', #4955, .T. ) ;
#2500 = COORDINATED_UNIVERSAL_TIME_OFFSET ( 8, 0, .AHEAD. ) ;
#2501 = EDGE_LOOP ( 'NONE', ( #11128, #996, #2658, #3996 ) ) ;
#2502 = PERSON_AND_ORGANIZATION ( #1867, #632 ) ;
#2503 = VERTEX_POINT ( 'NONE', #2281 ) ;
#2504 = APPROVAL ( #8232, 'æœª' ) ;
#2505 = CIRCLE ( 'NONE', #1342, 2.877277303556590393 ) ;
#2506 = VECTOR ( 'NONE', #11408, 1000.000000000000000 ) ;
#2507 = COORDINATED_UNIVERSAL_TIME_OFFSET ( 8, 0, .AHEAD. ) ;
#2508 = DIRECTION ( 'NONE',  ( -0.000000000000000000, -1.000000000000000000, -0.000000000000000000 ) ) ;
#2509 = DIRECTION ( 'NONE',  ( 0.000000000000000000, 0.000000000000000000, -1.000000000000000000 ) ) ;
#2510 = DIRECTION ( 'NONE',  ( 0.000000000000000000, 0.000000000000000000, -1.000000000000000000 ) ) ;
#2511 = ADVANCED_FACE ( 'NONE', ( #5981 ), #2220, .F. ) ;
#2512 = PLANE ( 'NONE',  #4625 ) ;
#2513 = VERTEX_POINT ( 'NONE', #545 ) ;
#2514 = CIRCLE ( 'NONE', #11461, 2.480694691784170125 ) ;
#2515 = FACE_OUTER_BOUND ( 'NONE', #8564, .T. ) ;
#2516 = APPROVAL_DATE_TIME ( #10963, #670 ) ;
#2517 = ORIENTED_EDGE ( 'NONE', *, *, #1813, .T. ) ;
#2518 = APPROVAL_STATUS ( 'not_yet_approved' ) ;
#2519 = EDGE_CURVE ( 'NONE', #1091, #5211, #4241, .T. ) ;
#2520 = ORIENTED_EDGE ( 'NONE', *, *, #3382, .F. ) ;
#2521 = LOCAL_TIME ( 1, 42, 14.00000000000000000, #3837 ) ;
#2522 = DIRECTION ( 'NONE',  ( 0.000000000000000000, 1.000000000000000000, 0.000000000000000000 ) ) ;
#2523 = DIRECTION ( 'NONE',  ( -0.000000000000000000, -1.000000000000000000, -0.000000000000000000 ) ) ;
#2524 = CARTESIAN_POINT ( 'NONE',  ( -280.0000000000000000, 12.00000000000000000, 13.00000000000000000 ) ) ;
#2525 = DIRECTION ( 'NONE',  ( -1.000000000000000000, -0.000000000000000000, -0.000000000000000000 ) ) ;
#2526 = ADVANCED_FACE ( 'NONE', ( #1250 ), #3141, .T. ) ;
#2527 = LINE ( 'NONE', #10054, #9676 ) ;
#2528 = CYLINDRICAL_SURFACE ( 'NONE', #9973, 6.000000000000000888 ) ;
#2529 = LINE ( 'NONE', #2701, #11361 ) ;
#2530 = PERSON_AND_ORGANIZATION_ROLE ( 'design_owner' ) ;
#2531 = LOCAL_TIME ( 1, 42, 14.00000000000000000, #8148 ) ;
#2532 = DIRECTION ( 'NONE',  ( 0.000000000000000000, 0.000000000000000000, 1.000000000000000000 ) ) ;
#2533 = ORIENTED_EDGE ( 'NONE', *, *, #10399, .F. ) ;
#2534 = EDGE_LOOP ( 'NONE', ( #8280, #4451, #9058, #4553 ) ) ;
#2535 = CARTESIAN_POINT ( 'NONE',  ( -46.15384615384615330, 0.000000000000000000, -74.88461538461540101 ) ) ;
#2536 = EDGE_CURVE ( 'NONE', #9002, #2218, #1381, .T. ) ;
#2537 = DIRECTION ( 'NONE',  ( 0.000000000000000000, 0.000000000000000000, -1.000000000000000000 ) ) ;
#2538 = LOCAL_TIME ( 1, 42, 14.00000000000000000, #6570 ) ;
#2539 = CARTESIAN_POINT ( 'NONE',  ( 0.000000000000000000, 70.00000000000000000, 0.000000000000000000 ) ) ;
#2540 = LOCAL_TIME ( 1, 42, 14.00000000000000000, #1431 ) ;
#2541 = DIRECTION ( 'NONE',  ( -0.000000000000000000, -0.000000000000000000, 1.000000000000000000 ) ) ;
#2542 = PRODUCT ( 'FD-100_frame_bowl_module', 'FD-100_frame_bowl_module', '', ( #2054 ) ) ;
#2543 = DIRECTION ( 'NONE',  ( 0.000000000000000000, -1.000000000000000000, 6.123233995736766036E-17 ) ) ;
#2544 = CARTESIAN_POINT ( 'NONE',  ( -51.28027681660898907, 72.00000000000000000, -24.25900559081614460 ) ) ;
#2545 = PERSON_AND_ORGANIZATION_ROLE ( 'design_supplier' ) ;
#2546 = CC_DESIGN_SECURITY_CLASSIFICATION ( #4104, ( #12023 ) ) ;
#2547 = EDGE_CURVE ( 'NONE', #1768, #5310, #4995, .T. ) ;
#2549 = ORIENTED_EDGE ( 'NONE', *, *, #450, .T. ) ;
#2548 = EDGE_LOOP ( 'NONE', ( #7661, #11682, #4973, #1477 ) ) ;
#2550 = EDGE_CURVE ( 'NONE', #2051, #11958, #1505, .T. ) ;
#2551 = ORIENTED_EDGE ( 'NONE', *, *, #6405, .F. ) ;
#2552 = EDGE_LOOP ( 'NONE', ( #6858, #11917 ) ) ;
#2553 = CARTESIAN_POINT ( 'NONE',  ( 420.0000000000000000, 0.000000000000000000, -175.4999999999999716 ) ) ;
#2554 = DIRECTION ( 'NONE',  ( 1.000000000000000000, 0.000000000000000000, -0.000000000000000000 ) ) ;
#2555 = DIRECTION ( 'NONE',  ( 0.000000000000000000, 0.000000000000000000, -1.000000000000000000 ) ) ;
#2556 = CIRCLE ( 'NONE', #4115, 10.00000000000000000 ) ;
#2557 = DIRECTION ( 'NONE',  ( 0.000000000000000000, 0.000000000000000000, 1.000000000000000000 ) ) ;
#2558 = ORIENTED_EDGE ( 'NONE', *, *, #8878, .T. ) ;
#2559 = CARTESIAN_POINT ( 'NONE',  ( 30.00000000000000000, 0.000000000000000000, 30.00000000000000000 ) ) ;
#2560 = DATE_TIME_ROLE ( 'classification_date' ) ;
#2561 = EDGE_CURVE ( 'NONE', #3051, #3269, #1316, .T. ) ;
#2562 = EDGE_LOOP ( 'NONE', ( #2317, #5295, #2742, #1850 ) ) ;
#2563 = COORDINATED_UNIVERSAL_TIME_OFFSET ( 8, 0, .AHEAD. ) ;
#2564 = EDGE_LOOP ( 'NONE', ( #6023, #3367 ) ) ;
#2565 = VECTOR ( 'NONE', #10868, 1000.000000000000000 ) ;
#2566 = UNCERTAINTY_MEASURE_WITH_UNIT (LENGTH_MEASURE( 1.000000000000000082E-05 ), #2994, 'distance_accuracy_value', 'NONE');
#2567 = DIRECTION ( 'NONE',  ( 0.000000000000000000, 0.000000000000000000, 1.000000000000000000 ) ) ;
#2568 = LINE ( 'NONE', #2620, #6747 ) ;
#2569 = FACE_BOUND ( 'NONE', #3378, .T. ) ;
#2570 = CARTESIAN_POINT ( 'NONE',  ( -52.50000000000000000, 60.00000000000000000, -30.00000000000000000 ) ) ;
#2571 = PRODUCT_DEFINITION ( 'æœ', '', #7984, #1935 ) ;
#2572 = AXIS2_PLACEMENT_3D ( 'NONE', #9822, #3331, #11670 ) ;
#2573 = FACE_OUTER_BOUND ( 'NONE', #10250, .T. ) ;
#2574 = CC_DESIGN_PERSON_AND_ORGANIZATION_ASSIGNMENT ( #4972, #11525, ( #4104 ) ) ;
#2575 = ORIENTED_EDGE ( 'NONE', *, *, #10221, .F. ) ;
#2576 = APPROVAL_STATUS ( 'not_yet_approved' ) ;
#2577 = COORDINATED_UNIVERSAL_TIME_OFFSET ( 8, 0, .AHEAD. ) ;
#2578 = DIRECTION ( 'NONE',  ( -1.000000000000000000, -0.000000000000000000, -0.000000000000000000 ) ) ;
#2579 = FACE_BOUND ( 'NONE', #5444, .T. ) ;
#2580 = DIRECTION ( 'NONE',  ( 0.000000000000000000, -0.000000000000000000, 1.000000000000000000 ) ) ;
#2581 = DIRECTION ( 'NONE',  ( 0.000000000000000000, 0.000000000000000000, -1.000000000000000000 ) ) ;
#2582 = CARTESIAN_POINT ( 'NONE',  ( 280.0000000000000000, 0.000000000000000000, -38.00000000000000000 ) ) ;
#2583 = DIRECTION ( 'NONE',  ( 0.000000000000000000, -0.000000000000000000, -1.000000000000000000 ) ) ;
#2584 = APPROVAL ( #3013, 'æœª' ) ;
#2585 = DIRECTION ( 'NONE',  ( 0.000000000000000000, 1.000000000000000000, 0.000000000000000000 ) ) ;
#2586 = APPROVAL_DATE_TIME ( #8192, #3551 ) ;
#2587 = LINE ( 'NONE', #485, #3058 ) ;
#2588 = ORIENTED_EDGE ( 'NONE', *, *, #9235, .F. ) ;
#2589 = VECTOR ( 'NONE', #7665, 1000.000000000000000 ) ;
#2590 = EDGE_CURVE ( 'NONE', #9339, #7758, #604, .T. ) ;
#2591 = ORIENTED_EDGE ( 'NONE', *, *, #2550, .F. ) ;
#2592 = PLANE ( 'NONE',  #7504 ) ;
#2593 = CARTESIAN_POINT ( 'NONE',  ( -29.94973070017952566, 18.00000000000000000, 22.06822262118491906 ) ) ;
#2594 = DIRECTION ( 'NONE',  ( 1.000000000000000000, -0.000000000000000000, 0.000000000000000000 ) ) ;
#2595 = CARTESIAN_POINT ( 'NONE',  ( 46.15384615384618172, 12.00000000000000000, -65.88461538461542943 ) ) ;
#2596 = AXIS2_PLACEMENT_3D ( 'NONE', #10346, #7439, #2811 ) ;
#2597 = DIRECTION ( 'NONE',  ( 0.000000000000000000, -1.000000000000000000, 6.123233995736766036E-17 ) ) ;
#2598 = DIRECTION ( 'NONE',  ( 0.000000000000000000, 0.000000000000000000, 1.000000000000000000 ) ) ;
#2599 = EDGE_CURVE ( 'NONE', #10763, #2229, #3561, .T. ) ;
#2600 = APPROVAL_DATE_TIME ( #2429, #3163 ) ;
#2602 = ORIENTED_EDGE ( 'NONE', *, *, #7927, .F. ) ;
#2601 = ORIENTED_EDGE ( 'NONE', *, *, #7595, .F. ) ;
#2603 = AXIS2_PLACEMENT_3D ( 'NONE', #3621, #4193, #890 ) ;
#2604 = ORIENTED_EDGE ( 'NONE', *, *, #11177, .T. ) ;
#2605 = ORIENTED_EDGE ( 'NONE', *, *, #779, .F. ) ;
#2606 = DIRECTION ( 'NONE',  ( 0.000000000000000000, -1.000000000000000000, 0.000000000000000000 ) ) ;
#2607 = FACE_OUTER_BOUND ( 'NONE', #3855, .T. ) ;
#2608 = LINE ( 'NONE', #7920, #7524 ) ;
#2609 = ORIENTED_EDGE ( 'NONE', *, *, #4491, .F. ) ;
#2610 = VECTOR ( 'NONE', #7876, 1000.000000000000000 ) ;
#2611 = DIRECTION ( 'NONE',  ( 0.000000000000000000, 0.000000000000000000, -1.000000000000000000 ) ) ;
#2612 = AXIS2_PLACEMENT_3D ( 'NONE', #170, #3866, #1970 ) ;
#2613 = DATE_TIME_ROLE ( 'classification_date' ) ;
#2614 = VECTOR ( 'NONE', #7556, 1000.000000000000000 ) ;
#2615 = VERTEX_POINT ( 'NONE', #3443 ) ;
#2616 = ITEM_DEFINED_TRANSFORMATION ( 'NONE', 'NONE', #1254,  #2596 ) ;
#2617 = ORIENTED_EDGE ( 'NONE', *, *, #11767, .T. ) ;
#2618 = LOCAL_TIME ( 1, 42, 14.00000000000000000, #5844 ) ;
#2619 = CARTESIAN_POINT ( 'NONE',  ( -40.00000000000000000, 0.000000000000000000, -20.00000000000000000 ) ) ;
#2620 = CARTESIAN_POINT ( 'NONE',  ( -40.00000000000000000, 60.00000000000000000, -17.51930530821583076 ) ) ;
#2621 = VERTEX_POINT ( 'NONE', #6339 ) ;
#2622 = ADVANCED_FACE ( 'NONE', ( #10800 ), #9995, .T. ) ;
#2623 = CARTESIAN_POINT ( 'NONE',  ( -40.00000000000000000, 18.00000000000000000, 0.000000000000000000 ) ) ;
#2624 = LINE ( 'NONE', #6211, #4261 ) ;
#2625 = APPLICATION_CONTEXT ( 'configuration controlled 3d designs of mechanical parts and assemblies' ) ;
#2626 = CARTESIAN_POINT ( 'NONE',  ( 140.5000000000000000, 10.00000000000000000, -31.00000000000000000 ) ) ;
#2627 = VERTEX_POINT ( 'NONE', #6398 ) ;
#2628 = PERSON_AND_ORGANIZATION ( #2011, #2802 ) ;
#2629 = AXIS2_PLACEMENT_3D ( 'NONE', #8332, #187, #16 ) ;
#2630 = DATE_TIME_ROLE ( 'creation_date' ) ;
#2631 = APPROVAL_PERSON_ORGANIZATION ( #8117, #2504, #9025 ) ;
#2632 = DIRECTION ( 'NONE',  ( 0.000000000000000000, -0.000000000000000000, 1.000000000000000000 ) ) ;
#2633 = CARTESIAN_POINT ( 'NONE',  ( -420.0000000000000000, 8.000000000000000000, 180.0000000000000000 ) ) ;
#2634 = PRODUCT ( 'FD-008_separator_block', 'FD-008_separator_block', '', ( #10029 ) ) ;
#2635 = LINE ( 'NONE', #3784, #172 ) ;
#2636 = EDGE_CURVE ( 'NONE', #2331, #3481, #11840, .T. ) ;
#2637 = DIRECTION ( 'NONE',  ( -0.000000000000000000, -1.000000000000000000, -0.000000000000000000 ) ) ;
#2638 = CARTESIAN_POINT ( 'NONE',  ( 29.94973070017958960, 18.00000000000000000, 18.51795332136453354 ) ) ;
#2639 = CYLINDRICAL_SURFACE ( 'NONE', #1042, 5.499999999999998224 ) ;
#2640 = CARTESIAN_POINT ( 'NONE',  ( 50.22628862590825349, 28.00000000000000000, 35.26296589018186012 ) ) ;
#2641 = COORDINATED_UNIVERSAL_TIME_OFFSET ( 8, 0, .AHEAD. ) ;
#2642 = CARTESIAN_POINT ( 'NONE',  ( 49.74884620746168196, 14.00000000000000000, -120.1043392264672747 ) ) ;
#2643 = VERTEX_POINT ( 'NONE', #6280 ) ;
#2644 = ORIENTED_EDGE ( 'NONE', *, *, #4122, .T. ) ;
#2645 = APPROVAL ( #1305, 'æœª' ) ;
#2646 = DIRECTION ( 'NONE',  ( 0.000000000000000000, 1.000000000000000000, 0.000000000000000000 ) ) ;
#2647 = CYLINDRICAL_SURFACE ( 'NONE', #6639, 3.346153846153804068 ) ;
#2648 = DIRECTION ( 'NONE',  ( -0.000000000000000000, -1.000000000000000000, -0.000000000000000000 ) ) ;
#2649 = FACE_OUTER_BOUND ( 'NONE', #9770, .T. ) ;
#2650 = ORIENTED_EDGE ( 'NONE', *, *, #10897, .F. ) ;
#2651 = EDGE_CURVE ( 'NONE', #8390, #3762, #8018, .T. ) ;
#2652 = VECTOR ( 'NONE', #6175, 1000.000000000000000 ) ;
#2653 = EDGE_LOOP ( 'NONE', ( #3345, #4667, #8988, #5967 ) ) ;
#2654 = DIRECTION ( 'NONE',  ( 0.000000000000000000, 0.000000000000000000, -1.000000000000000000 ) ) ;
#2655 = PERSON_AND_ORGANIZATION ( #2011, #2802 ) ;
#2657 = VERTEX_POINT ( 'NONE', #10858 ) ;
#2656 = ORIENTED_EDGE ( 'NONE', *, *, #4377, .T. ) ;
#2658 = ORIENTED_EDGE ( 'NONE', *, *, #4119, .F. ) ;
#2659 = ORIENTED_EDGE ( 'NONE', *, *, #7241, .T. ) ;
#2660 = CC_DESIGN_DATE_AND_TIME_ASSIGNMENT ( #11992, #3978, ( #6579 ) ) ;
#2661 = AXIS2_PLACEMENT_3D ( 'NONE', #7144, #2342, #9879 ) ;
#2662 = CARTESIAN_POINT ( 'NONE',  ( -46.15384615384615330, 12.00000000000000000, 69.23076923076924061 ) ) ;
#2664 = VECTOR ( 'NONE', #2887, 1000.000000000000000 ) ;
#2663 = DIRECTION ( 'NONE',  ( 1.000000000000000000, 0.000000000000000000, -0.000000000000000000 ) ) ;
#2665 = VECTOR ( 'NONE', #4233, 1000.000000000000000 ) ;
#2666 = LINE ( 'NONE', #10084, #6358 ) ;
#2667 = VERTEX_POINT ( 'NONE', #11846 ) ;
#2668 = AXIS2_PLACEMENT_3D ( 'NONE', #6369, #5449, #9174 ) ;
#2669 = LINE ( 'NONE', #1538, #9617 ) ;
#2670 = PERSON_AND_ORGANIZATION_ROLE ( 'creator' ) ;
#2671 = AXIS2_PLACEMENT_3D ( 'NONE', #1551, #701, #2509 ) ;
#2672 = AXIS2_PLACEMENT_3D ( 'NONE', #8764, #4965, #11330 ) ;
#2673 = EDGE_LOOP ( 'NONE', ( #6314, #6425, #1004, #961 ) ) ;
#2674 = COORDINATED_UNIVERSAL_TIME_OFFSET ( 8, 0, .AHEAD. ) ;
#2675 = VERTEX_POINT ( 'NONE', #11911 ) ;
#2676 = AXIS2_PLACEMENT_3D ( 'NONE', #3629, #9272, #1741 ) ;
#2677 = EDGE_CURVE ( 'NONE', #4898, #6902, #1787, .T. ) ;
#2678 = DIRECTION ( 'NONE',  ( -1.000000000000000000, 0.000000000000000000, 0.000000000000000000 ) ) ;
#2679 = AXIS2_PLACEMENT_3D ( 'NONE', #9443, #4576, #10405 ) ;
#2680 = DIRECTION ( 'NONE',  ( 0.000000000000000000, -0.000000000000000000, -1.000000000000000000 ) ) ;
#2681 = LINE ( 'NONE', #3604, #2971 ) ;
#2682 = LINE ( 'NONE', #6559, #10257 ) ;
#2683 = CARTESIAN_POINT ( 'NONE',  ( 310.0000000000000000, 668.0000000000000000, -6.000000000000000000 ) ) ;
#2684 = DIRECTION ( 'NONE',  ( 1.000000000000000000, 0.000000000000000000, 0.000000000000000000 ) ) ;
#2685 = VERTEX_POINT ( 'NONE', #11969 ) ;
#2686 = PERSON_AND_ORGANIZATION ( #2011, #2802 ) ;
#2687 = AXIS2_PLACEMENT_3D ( 'NONE', #3969, #7678, #2075 ) ;
#2688 = DATE_AND_TIME ( #5294, #6602 ) ;
#2689 = AXIS2_PLACEMENT_3D ( 'NONE', #1039, #8457, #1941 ) ;
#2690 = EDGE_CURVE ( 'NONE', #362, #5211, #2527, .T. ) ;
#2691 = DIRECTION ( 'NONE',  ( -0.000000000000000000, -0.000000000000000000, 1.000000000000000000 ) ) ;
#2692 = ADVANCED_FACE ( 'NONE', ( #1729 ), #7089, .F. ) ;
#2693 = DIRECTION ( 'NONE',  ( -0.000000000000000000, -1.000000000000000000, -0.000000000000000000 ) ) ;
#2694 = CARTESIAN_POINT ( 'NONE',  ( -500.0000000000000000, 0.000000000000000000, -325.0000000000000000 ) ) ;
#2695 = APPLICATION_CONTEXT ( 'configuration controlled 3d designs of mechanical parts and assemblies' ) ;
#2696 = CIRCLE ( 'NONE', #183, 105.0000000000000000 ) ;
#2697 = ORIENTED_EDGE ( 'NONE', *, *, #7259, .T. ) ;
#2698 = CYLINDRICAL_SURFACE ( 'NONE', #8943, 4.084295612009243293 ) ;
#2699 = DIRECTION ( 'NONE',  ( -0.000000000000000000, -1.000000000000000000, -0.000000000000000000 ) ) ;
#2700 = DIRECTION ( 'NONE',  ( 0.000000000000000000, 0.000000000000000000, -1.000000000000000000 ) ) ;
#2701 = CARTESIAN_POINT ( 'NONE',  ( -18.12278137398203626, 85.00000000000000000, 10.96193756384787577 ) ) ;
#2702 = PERSON_AND_ORGANIZATION ( #2011, #2802 ) ;
#2703 = CARTESIAN_POINT ( 'NONE',  ( 1.530808498934191521E-15, 225.0000000000000000, 12.50000000000000000 ) ) ;
#2704 = VECTOR ( 'NONE', #8017, 1000.000000000000000 ) ;
#2706 = EDGE_LOOP ( 'NONE', ( #1437, #4425, #2889, #5326 ) ) ;
#2705 = EDGE_CURVE ( 'NONE', #7347, #3452, #7946, .T. ) ;
#2707 = VERTEX_POINT ( 'NONE', #9885 ) ;
#2708 = CARTESIAN_POINT ( 'NONE',  ( 0.000000000000000000, 12.00000000000000000, 0.000000000000000000 ) ) ;
#2709 = CARTESIAN_POINT ( 'NONE',  ( 27.50000000000000000, 18.00000000000000000, 18.00000000000000000 ) ) ;
#2710 = DIRECTION ( 'NONE',  ( 0.000000000000000000, 0.000000000000000000, 1.000000000000000000 ) ) ;
#2711 = CARTESIAN_POINT ( 'NONE',  ( 163.1999999999999886, 42.00000000000000000, -46.99999999999999289 ) ) ;
#2712 = CC_DESIGN_APPROVAL ( #3093, ( #5239 ) ) ;
#2713 = VECTOR ( 'NONE', #6966, 1000.000000000000000 ) ;
#2714 = CC_DESIGN_PERSON_AND_ORGANIZATION_ASSIGNMENT ( #11821, #4333, ( #1743 ) ) ;
#2715 = DIRECTION ( 'NONE',  ( -0.000000000000000000, -1.000000000000000000, -0.000000000000000000 ) ) ;
#2716 = DATE_AND_TIME ( #10995, #5042 ) ;
#2718 = VERTEX_POINT ( 'NONE', #7267 ) ;
#2717 = VERTEX_POINT ( 'NONE', #9088 ) ;
#2719 = AXIS2_PLACEMENT_3D ( 'NONE', #9255, #11036, #7265 ) ;
#2720 = LOCAL_TIME ( 1, 42, 14.00000000000000000, #2840 ) ;
#2721 = EDGE_LOOP ( 'NONE', ( #6041, #10543, #6479, #2978 ) ) ;
#2722 = ORIENTED_EDGE ( 'NONE', *, *, #10736, .T. ) ;
#2723 = CARTESIAN_POINT ( 'NONE',  ( 40.00000000000000000, 60.00000000000000000, 20.00000000000000000 ) ) ;
#2724 = CARTESIAN_POINT ( 'NONE',  ( -64.58429561200924240, 10.00000000000000000, 41.50461893764433796 ) ) ;
#2725 = LOCAL_TIME ( 1, 42, 14.00000000000000000, #6086 ) ;
#2726 = DIRECTION ( 'NONE',  ( 0.000000000000000000, 0.000000000000000000, -1.000000000000000000 ) ) ;
#2727 = LOCAL_TIME ( 1, 42, 14.00000000000000000, #1861 ) ;
#2728 = CC_DESIGN_PERSON_AND_ORGANIZATION_ASSIGNMENT ( #10552, #5917, ( #5511 ) ) ;
#2729 = PLANE ( 'NONE',  #1067 ) ;
#2730 = PERSON_AND_ORGANIZATION_ROLE ( 'design_supplier' ) ;
#2731 = ORIENTED_EDGE ( 'NONE', *, *, #5127, .F. ) ;
#2732 = CALENDAR_DATE ( 2026, 29, 7 ) ;
#2733 = PRODUCT_DEFINITION_SHAPE ( 'NONE', 'NONE',  #12041 ) ;
#2734 = ORIENTED_EDGE ( 'NONE', *, *, #8398, .F. ) ;
#2735 = EDGE_CURVE ( 'NONE', #7373, #10520, #11732, .T. ) ;
#2736 = LOCAL_TIME ( 1, 42, 14.00000000000000000, #2745 ) ;
#2737 = AXIS2_PLACEMENT_3D ( 'NONE', #9954, #1633, #6179 ) ;
#2738 = CARTESIAN_POINT ( 'NONE',  ( -41.00000000000000000, 0.000000000000000000, 70.00000000000000000 ) ) ;
#2739 = LINE ( 'NONE', #11144, #9030 ) ;
#2740 = DIRECTION ( 'NONE',  ( -1.000000000000000000, 0.000000000000000000, -0.000000000000000000 ) ) ;
#2741 = LINE ( 'NONE', #5638, #5689 ) ;
#2742 = ORIENTED_EDGE ( 'NONE', *, *, #3315, .T. ) ;
#2743 = PERSON_AND_ORGANIZATION ( #2011, #2802 ) ;
#2744 = AXIS2_PLACEMENT_3D ( 'NONE', #8865, #555, #11684 ) ;
#2745 = COORDINATED_UNIVERSAL_TIME_OFFSET ( 8, 0, .AHEAD. ) ;
#2746 = EDGE_CURVE ( 'NONE', #5055, #1577, #716, .T. ) ;
#2747 = DIRECTION ( 'NONE',  ( 0.000000000000000000, 0.000000000000000000, 1.000000000000000000 ) ) ;
#2748 = LINE ( 'NONE', #9145, #10625 ) ;
#2749 = DIRECTION ( 'NONE',  ( -0.000000000000000000, -1.000000000000000000, -0.000000000000000000 ) ) ;
#2750 = ORIENTED_EDGE ( 'NONE', *, *, #624, .T. ) ;
#2751 = AXIS2_PLACEMENT_3D ( 'NONE', #11054, #5543, #4471 ) ;
#2752 = DIRECTION ( 'NONE',  ( -0.000000000000000000, -0.000000000000000000, 1.000000000000000000 ) ) ;
#2753 = LINE ( 'NONE', #11157, #2095 ) ;
#2754 = FACE_OUTER_BOUND ( 'NONE', #8726, .T. ) ;
#2755 = CALENDAR_DATE ( 2026, 29, 7 ) ;
#2756 = EDGE_CURVE ( 'NONE', #9801, #4588, #9149, .T. ) ;
#2757 = AXIS2_PLACEMENT_3D ( 'NONE', #6940, #10589, #1355 ) ;
#2758 = VERTEX_POINT ( 'NONE', #8242 ) ;
#2759 = ORIENTED_EDGE ( 'NONE', *, *, #1597, .F. ) ;
#2760 = FACE_OUTER_BOUND ( 'NONE', #9613, .T. ) ;
#2761 = DIRECTION ( 'NONE',  ( 0.000000000000000000, 0.000000000000000000, -1.000000000000000000 ) ) ;
#2762 = CARTESIAN_POINT ( 'NONE',  ( 0.000000000000000000, 18.00000000000000355, 0.000000000000000000 ) ) ;
#2763 = EDGE_LOOP ( 'NONE', ( #9472, #5194 ) ) ;
#2764 = PLANE ( 'NONE',  #11505 ) ;
#2765 = DATE_AND_TIME ( #10360, #5423 ) ;
#2766 = EDGE_CURVE ( 'NONE', #2119, #6348, #773, .T. ) ;
#2767 =( LENGTH_UNIT ( ) NAMED_UNIT ( * ) SI_UNIT ( .MILLI., .METRE. ) );
#2768 = DIRECTION ( 'NONE',  ( -0.000000000000000000, -0.000000000000000000, 1.000000000000000000 ) ) ;
#2769 = APPLICATION_PROTOCOL_DEFINITION ( 'international standard', 'config_control_design', 1994, #11110 ) ;
#2771 = ORIENTED_EDGE ( 'NONE', *, *, #277, .F. ) ;
#2770 = ORIENTED_EDGE ( 'NONE', *, *, #8794, .F. ) ;
#2772 = ORIENTED_EDGE ( 'NONE', *, *, #6935, .F. ) ;
#2773 = VERTEX_POINT ( 'NONE', #4521 ) ;
#2774 = FACE_OUTER_BOUND ( 'NONE', #3830, .T. ) ;
#2775 = DIRECTION ( 'NONE',  ( 0.000000000000000000, 0.000000000000000000, 1.000000000000000000 ) ) ;
#2776 = CC_DESIGN_PERSON_AND_ORGANIZATION_ASSIGNMENT ( #8873, #10933, ( #8743 ) ) ;
#2777 = CIRCLE ( 'NONE', #5693, 3.090475378041978249 ) ;
#2778 = APPROVAL ( #8597, 'UNKNOWN' ) ;
#2779 = EDGE_CURVE ( 'NONE', #2066, #1999, #5479, .T. ) ;
#2780 = DIRECTION ( 'NONE',  ( 0.000000000000000000, 0.000000000000000000, -1.000000000000000000 ) ) ;
#2781 = ORIENTED_EDGE ( 'NONE', *, *, #11604, .F. ) ;
#2782 = DIRECTION ( 'NONE',  ( 0.000000000000000000, 0.000000000000000000, -1.000000000000000000 ) ) ;
#2783 = DATE_AND_TIME ( #4606, #7370 ) ;
#2784 = ORIENTED_EDGE ( 'NONE', *, *, #8929, .F. ) ;
#2785 = DATE_AND_TIME ( #4777, #11272 ) ;
#2786 = CIRCLE ( 'NONE', #5299, 200.0000000000000000 ) ;
#2787 = ORIENTED_EDGE ( 'NONE', *, *, #181, .T. ) ;
#2788 = PRODUCT_DEFINITION ( 'æœ', '', #1482, #3542 ) ;
#2789 = CC_DESIGN_DATE_AND_TIME_ASSIGNMENT ( #2398, #5053, ( #619 ) ) ;
#2790 = UNCERTAINTY_MEASURE_WITH_UNIT (LENGTH_MEASURE( 1.000000000000000082E-05 ), #8203, 'distance_accuracy_value', 'NONE');
#2791 = LINE ( 'NONE', #4503, #4067 ) ;
#2792 = CIRCLE ( 'NONE', #9793, 3.249999999999999556 ) ;
#2793 = DIRECTION ( 'NONE',  ( 0.000000000000000000, 0.000000000000000000, 1.000000000000000000 ) ) ;
#2794 = VECTOR ( 'NONE', #1552, 1000.000000000000000 ) ;
#2795 = CARTESIAN_POINT ( 'NONE',  ( -67.50000000000000000, 72.00000000000000000, -36.00000000000000000 ) ) ;
#2796 = CARTESIAN_POINT ( 'NONE',  ( -420.0000000000000000, 0.000000000000000000, 180.0000000000000000 ) ) ;
#2797 = VERTEX_POINT ( 'NONE', #8982 ) ;
#2798 = EDGE_CURVE ( 'NONE', #6787, #7195, #664, .T. ) ;
#2799 = APPROVAL_STATUS ( 'not_yet_approved' ) ;
#2800 = APPROVAL_STATUS ( 'not_yet_approved' ) ;
#2801 = AXIS2_PLACEMENT_3D ( 'NONE', #9930, #1611, #9308 ) ;
#2802 = ORGANIZATION ( 'æœª', 'æœª', '' ) ;
#2803 = CYLINDRICAL_SURFACE ( 'NONE', #978, 2.480694691784170125 ) ;
#2804 = CC_DESIGN_PERSON_AND_ORGANIZATION_ASSIGNMENT ( #11667, #7750, ( #7303 ) ) ;
#2805 = FACE_BOUND ( 'NONE', #10882, .T. ) ;
#2806 = DIRECTION ( 'NONE',  ( 1.000000000000000000, 0.000000000000000000, 0.000000000000000000 ) ) ;
#2807 = EDGE_CURVE ( 'NONE', #1696, #4138, #10226, .T. ) ;
#2808 = CARTESIAN_POINT ( 'NONE',  ( -55.00000000000000000, 0.000000000000000000, 17.00000000000000000 ) ) ;
#2809 = CARTESIAN_POINT ( 'NONE',  ( -52.50000000000000000, 60.00000000000000000, -30.00000000000000000 ) ) ;
#2810 = AXIS2_PLACEMENT_3D ( 'NONE', #4967, #7004, #6078 ) ;
#2811 = DIRECTION ( 'NONE',  ( 1.000000000000000000, 0.000000000000000000, 0.000000000000000000 ) ) ;
#2812 = CC_DESIGN_APPROVAL ( #4867, ( #10593 ) ) ;
#2813 = DIRECTION ( 'NONE',  ( 0.000000000000000000, 1.000000000000000000, 0.000000000000000000 ) ) ;
#2814 = PERSON_AND_ORGANIZATION_ROLE ( 'classification_officer' ) ;
#2815 = CIRCLE ( 'NONE', #5139, 4.084295612009243293 ) ;
#2816 = ORIENTED_EDGE ( 'NONE', *, *, #4907, .F. ) ;
#2817 = EDGE_LOOP ( 'NONE', ( #7449, #10311, #9601, #4888 ) ) ;
#2818 = DIRECTION ( 'NONE',  ( 0.000000000000000000, 0.000000000000000000, -1.000000000000000000 ) ) ;
#2819 = DIRECTION ( 'NONE',  ( 0.000000000000000000, 1.000000000000000000, 0.000000000000000000 ) ) ;
#2820 = DIRECTION ( 'NONE',  ( 1.000000000000000000, 0.000000000000000000, 0.000000000000000000 ) ) ;
#2821 = EDGE_CURVE ( 'NONE', #1807, #6659, #1902, .T. ) ;
#2822 = CARTESIAN_POINT ( 'NONE',  ( -29.94973070017952210, 0.000000000000000000, -22.06822262118491196 ) ) ;
#2823 = FACE_BOUND ( 'NONE', #11927, .T. ) ;
#2824 = PRODUCT_DEFINITION_SHAPE ( 'NONE', 'NONE',  #12039 ) ;
#2825 =( NAMED_UNIT ( * ) SI_UNIT ( $, .STERADIAN. ) SOLID_ANGLE_UNIT ( ) );
#2826 = DIRECTION ( 'NONE',  ( -0.000000000000000000, -1.000000000000000000, -0.000000000000000000 ) ) ;
#2828 = ORIENTED_EDGE ( 'NONE', *, *, #7722, .T. ) ;
#2827 = ORIENTED_EDGE ( 'NONE', *, *, #2020, .T. ) ;
#2829 = ORIENTED_EDGE ( 'NONE', *, *, #8784, .T. ) ;
#2830 = EDGE_CURVE ( 'NONE', #8309, #4084, #8356, .T. ) ;
#2831 = ORIENTED_EDGE ( 'NONE', *, *, #744, .F. ) ;
#2832 = CARTESIAN_POINT ( 'NONE',  ( -85.00000000000000000, 10.00000000000000000, 60.00000000000000000 ) ) ;
#2833 = DIRECTION ( 'NONE',  ( -0.000000000000000000, -1.000000000000000000, -0.000000000000000000 ) ) ;
#2834 = ADVANCED_FACE ( 'NONE', ( #8414 ), #3676, .F. ) ;
#2835 = ORIENTED_EDGE ( 'NONE', *, *, #788, .T. ) ;
#2836 = CIRCLE ( 'NONE', #1689, 41.00000000000000000 ) ;
#2837 = CARTESIAN_POINT ( 'NONE',  ( -460.0000000000000000, 24.00000000000000000, 285.0000000000000000 ) ) ;
#2838 = EDGE_LOOP ( 'NONE', ( #4947, #9905, #3258, #8823 ) ) ;
#2839 = PLANE ( 'NONE',  #4737 ) ;
#2840 = COORDINATED_UNIVERSAL_TIME_OFFSET ( 8, 0, .AHEAD. ) ;
#2841 = ORIENTED_EDGE ( 'NONE', *, *, #6621, .F. ) ;
#2842 = CONTEXT_DEPENDENT_SHAPE_REPRESENTATION ( #1776, #40 ) ;
#2843 = VECTOR ( 'NONE', #1634, 1000.000000000000000 ) ;
#2844 = ORIENTED_EDGE ( 'NONE', *, *, #6487, .T. ) ;
#2845 = EDGE_CURVE ( 'NONE', #372, #5697, #7438, .T. ) ;
#2846 = CARTESIAN_POINT ( 'NONE',  ( -284.3874821936960871, 12.00000000000000000, -39.00000000000000000 ) ) ;
#2847 = AXIS2_PLACEMENT_3D ( 'NONE', #1064, #3983, #4045 ) ;
#2848 = CARTESIAN_POINT ( 'NONE',  ( -46.15384615384615330, 12.00000000000000000, 69.23076923076924061 ) ) ;
#2849 = CARTESIAN_POINT ( 'NONE',  ( -165.0000000000000000, 14.00000000000000000, 165.0000000000000000 ) ) ;
#2850 = AXIS2_PLACEMENT_3D ( 'NONE', #1607, #6322, #8964 ) ;
#2851 = VECTOR ( 'NONE', #4662, 1000.000000000000000 ) ;
#2852 = CARTESIAN_POINT ( 'NONE',  ( -27.50000000000000000, 0.000000000000000000, -21.00000000000000000 ) ) ;
#2853 = VERTEX_POINT ( 'NONE', #4632 ) ;
#2854 = APPLICATION_PROTOCOL_DEFINITION ( 'international standard', 'config_control_design', 1994, #10616 ) ;
#2855 = PRODUCT_RELATED_PRODUCT_CATEGORY ( 'detail', '', ( #2155 ) ) ;
#2856 = CALENDAR_DATE ( 2026, 29, 7 ) ;
#2857 = AXIS2_PLACEMENT_3D ( 'NONE', #180, #1922, #11191 ) ;
#2858 = CARTESIAN_POINT ( 'NONE',  ( 0.000000000000000000, 10.00000000000000000, 47.00000000000000000 ) ) ;
#2859 = AXIS2_PLACEMENT_3D ( 'NONE', #3815, #7416, #6372 ) ;
#2860 = CARTESIAN_POINT ( 'NONE',  ( 105.0000000000000000, 0.000000000000000000, 105.0000000000000000 ) ) ;
#2861 = PERSON_AND_ORGANIZATION_ROLE ( 'classification_officer' ) ;
#2862 = EDGE_CURVE ( 'NONE', #11543, #9844, #1337, .T. ) ;
#2863 = LINE ( 'NONE', #6571, #2875 ) ;
#2864 = ORIENTED_EDGE ( 'NONE', *, *, #3886, .F. ) ;
#2865 = LINE ( 'NONE', #10972, #3968 ) ;
#2866 = CARTESIAN_POINT ( 'NONE',  ( 297.5999999999999659, 12.00000000000000000, 0.000000000000000000 ) ) ;
#2867 =( LENGTH_UNIT ( ) NAMED_UNIT ( * ) SI_UNIT ( .MILLI., .METRE. ) );
#2868 = CIRCLE ( 'NONE', #7538, 7.000000000000006217 ) ;
#2869 = DIRECTION ( 'NONE',  ( 0.000000000000000000, 0.000000000000000000, -1.000000000000000000 ) ) ;
#2870 = PERSON_AND_ORGANIZATION ( #2011, #2802 ) ;
#2871 = AXIS2_PLACEMENT_3D ( 'NONE', #8535, #9200, #1843 ) ;
#2872 = EDGE_CURVE ( 'NONE', #9666, #904, #9380, .T. ) ;
#2873 = PERSON ( 'NAUO-PER15', 'UNSPECIFIED', 'UNSPECIFIED', ('UNSPECIFIED'), ('UNSPECIFIED'), ('UNSPECIFIED') ) ;
#2874 = VERTEX_POINT ( 'NONE', #4804 ) ;
#2875 = VECTOR ( 'NONE', #1234, 1000.000000000000000 ) ;
#2876 = FACE_BOUND ( 'NONE', #2174, .T. ) ;
#2877 = FACE_OUTER_BOUND ( 'NONE', #1364, .T. ) ;
#2878 = ADVANCED_FACE ( 'NONE', ( #93 ), #1111, .F. ) ;
#2879 = DIRECTION ( 'NONE',  ( 0.000000000000000000, 0.000000000000000000, 1.000000000000000000 ) ) ;
#2880 = ORIENTED_EDGE ( 'NONE', *, *, #10834, .T. ) ;
#2881 = AXIS2_PLACEMENT_3D ( 'NONE', #136, #10270, #12012 ) ;
#2882 = DIRECTION ( 'NONE',  ( -1.000000000000000000, 0.000000000000000000, -0.000000000000000000 ) ) ;
#2883 = CARTESIAN_POINT ( 'NONE',  ( 47.50000000000000000, 18.00000000000000000, 35.00000000000000000 ) ) ;
#2884 = APPROVAL_DATE_TIME ( #10186, #4566 ) ;
#2885 = COORDINATED_UNIVERSAL_TIME_OFFSET ( 8, 0, .AHEAD. ) ;
#2886 = CIRCLE ( 'NONE', #11663, 41.00000000000000000 ) ;
#2887 = DIRECTION ( 'NONE',  ( -1.000000000000000000, 0.000000000000000000, 0.000000000000000000 ) ) ;
#2889 = ORIENTED_EDGE ( 'NONE', *, *, #7789, .F. ) ;
#2888 = ORIENTED_EDGE ( 'NONE', *, *, #9895, .F. ) ;
#2890 = EDGE_CURVE ( 'NONE', #5447, #2433, #8142, .T. ) ;
#2891 = ORIENTED_EDGE ( 'NONE', *, *, #11701, .F. ) ;
#2892 = LINE ( 'NONE', #9407, #10317 ) ;
#2893 = DIRECTION ( 'NONE',  ( 0.000000000000000000, 0.000000000000000000, 1.000000000000000000 ) ) ;
#2894 = CC_DESIGN_SECURITY_CLASSIFICATION ( #9899, ( #10872 ) ) ;
#2895 = AXIS2_PLACEMENT_3D ( 'NONE', #10357, #2347, #7953 ) ;
#2896 = EDGE_LOOP ( 'NONE', ( #484, #4542, #2040, #10751 ) ) ;
#2897 = ORIENTED_EDGE ( 'NONE', *, *, #1387, .T. ) ;
#2898 = DIRECTION ( 'NONE',  ( -0.000000000000000000, -1.000000000000000000, -0.000000000000000000 ) ) ;
#2899 = PLANE ( 'NONE',  #11640 ) ;
#2900 = ORIENTED_EDGE ( 'NONE', *, *, #1113, .F. ) ;
#2901 = EDGE_CURVE ( 'NONE', #1696, #4381, #11236, .T. ) ;
#2902 = DIRECTION ( 'NONE',  ( 1.000000000000000000, 0.000000000000000000, -0.000000000000000000 ) ) ;
#2904 = PERSON_AND_ORGANIZATION ( #2011, #2802 ) ;
#2903 = ORGANIZATION ( 'NAUO-ORG12', 'UNSPECIFIED', 'UNSPECIFIED' ) ;
#2906 = EDGE_CURVE ( 'NONE', #9239, #7275, #44, .T. ) ;
#2905 = LOCAL_TIME ( 1, 42, 14.00000000000000000, #6005 ) ;
#2907 = MANIFOLD_SOLID_BREP ( '02_Reinforcement_Boss', #4692 ) ;
#2908 = VERTEX_POINT ( 'NONE', #2013 ) ;
#2909 = APPROVAL_STATUS ( 'not_yet_approved' ) ;
#2910 = ORIENTED_EDGE ( 'NONE', *, *, #792, .T. ) ;
#2911 = ORGANIZATION ( 'NAUO-ORG23', 'UNSPECIFIED', 'UNSPECIFIED' ) ;
#2912 = LINE ( 'NONE', #2375, #11260 ) ;
#2913 = APPROVAL_PERSON_ORGANIZATION ( #11724, #7120, #4105 ) ;
#2914 = ORIENTED_EDGE ( 'NONE', *, *, #2766, .T. ) ;
#2915 = ORIENTED_EDGE ( 'NONE', *, *, #6662, .F. ) ;
#2916 = CYLINDRICAL_SURFACE ( 'NONE', #1235, 5.653846153846162181 ) ;
#2917 = DIRECTION ( 'NONE',  ( 0.000000000000000000, 1.000000000000000000, 0.000000000000000000 ) ) ;
#2918 =( NAMED_UNIT ( * ) SI_UNIT ( $, .STERADIAN. ) SOLID_ANGLE_UNIT ( ) );
#2919 = ADVANCED_FACE ( 'NONE', ( #5651 ), #7501, .F. ) ;
#2920 = CARTESIAN_POINT ( 'NONE',  ( 163.1999999999999886, 42.00000000000000000, -57.00000000000000000 ) ) ;
#2921 = EDGE_CURVE ( 'NONE', #3342, #6770, #2753, .T. ) ;
#2922 = ORIENTED_EDGE ( 'NONE', *, *, #11648, .T. ) ;
#2923 = APPROVAL_ROLE ( '' ) ;
#2924 = LOCAL_TIME ( 1, 42, 14.00000000000000000, #9251 ) ;
#2925 = DIRECTION ( 'NONE',  ( 1.000000000000000000, 0.000000000000000000, 0.000000000000000000 ) ) ;
#2926 = MANIFOLD_SOLID_BREP ( '02_Reinforcement_Boss', #2387 ) ;
#2927 = LINE ( 'NONE', #1341, #10231 ) ;
#2928 = CARTESIAN_POINT ( 'NONE',  ( -297.5999999999999659, 34.00000000000000000, 27.00000000000000000 ) ) ;
#2929 = APPROVAL ( #5871, 'æœª' ) ;
#2930 = DIRECTION ( 'NONE',  ( 0.000000000000000000, 1.000000000000000000, 0.000000000000000000 ) ) ;
#2931 = CC_DESIGN_PERSON_AND_ORGANIZATION_ASSIGNMENT ( #6494, #976, ( #3507 ) ) ;
#2932 = DIRECTION ( 'NONE',  ( 0.000000000000000000, 0.000000000000000000, 1.000000000000000000 ) ) ;
#2933 = SECURITY_CLASSIFICATION ( '', '', #11824 ) ;
#2934 =( NAMED_UNIT ( * ) SI_UNIT ( $, .STERADIAN. ) SOLID_ANGLE_UNIT ( ) );
#2935 = CIRCLE ( 'NONE', #4857, 4.915704387990771806 ) ;
#2936 = EDGE_CURVE ( 'NONE', #3816, #10020, #5778, .T. ) ;
#2937 = CARTESIAN_POINT ( 'NONE',  ( 57.50000000000000000, 22.00000000000000000, 54.00000000000000000 ) ) ;
#2938 = COORDINATED_UNIVERSAL_TIME_OFFSET ( 8, 0, .AHEAD. ) ;
#2939 = ORIENTED_EDGE ( 'NONE', *, *, #5199, .T. ) ;
#2940 = LINE ( 'NONE', #7688, #8292 ) ;
#2941 = CIRCLE ( 'NONE', #4501, 5.653846153846162181 ) ;
#2942 = CARTESIAN_POINT ( 'NONE',  ( -51.28027681660898907, 72.00000000000000000, -24.25900559081614460 ) ) ;
#2943 = DIRECTION ( 'NONE',  ( -0.000000000000000000, -1.000000000000000000, -0.000000000000000000 ) ) ;
#2944 = VERTEX_POINT ( 'NONE', #5535 ) ;
#2945 = EDGE_CURVE ( 'NONE', #9465, #3273, #153, .T. ) ;
#2946 = LINE ( 'NONE', #3140, #5023 ) ;
#2947 = DIRECTION ( 'NONE',  ( 1.000000000000000000, 0.000000000000000000, 0.000000000000000000 ) ) ;
#2948 = COORDINATED_UNIVERSAL_TIME_OFFSET ( 8, 0, .AHEAD. ) ;
#2949 = APPLICATION_PROTOCOL_DEFINITION ( 'international standard', 'config_control_design', 1994, #6736 ) ;
#2950 = AXIS2_PLACEMENT_3D ( 'NONE', #4237, #5122, #6102 ) ;
#2951 = ORIENTED_EDGE ( 'NONE', *, *, #9373, .F. ) ;
#2952 = LINE ( 'NONE', #5000, #5748 ) ;
#2953 = EDGE_CURVE ( 'NONE', #9545, #6977, #9257, .T. ) ;
#2955 = ORIENTED_EDGE ( 'NONE', *, *, #8, .T. ) ;
#2954 = ORIENTED_EDGE ( 'NONE', *, *, #788, .F. ) ;
#2956 = ORIENTED_EDGE ( 'NONE', *, *, #9475, .T. ) ;
#2957 = FACE_OUTER_BOUND ( 'NONE', #3001, .T. ) ;
#2958 = CARTESIAN_POINT ( 'NONE',  ( -170.0000000000000000, 10.00000000000000000, 65.00000000000000000 ) ) ;
#2959 = DIRECTION ( 'NONE',  ( 0.000000000000000000, -1.000000000000000000, 0.000000000000000000 ) ) ;
#2960 = ORIENTED_EDGE ( 'NONE', *, *, #6658, .F. ) ;
#2961 = CARTESIAN_POINT ( 'NONE',  ( 64.58429561200922819, 10.00000000000000000, 50.50461893764436638 ) ) ;
#2962 = EDGE_CURVE ( 'NONE', #2443, #8790, #6577, .T. ) ;
#2963 = VERTEX_POINT ( 'NONE', #6642 ) ;
#2964 = PLANE ( 'NONE',  #5680 ) ;
#2965 = ORIENTED_EDGE ( 'NONE', *, *, #2690, .F. ) ;
#2966 = LINE ( 'NONE', #9660, #7512 ) ;
#2967 = DATE_AND_TIME ( #375, #8171 ) ;
#2968 = ORIENTED_EDGE ( 'NONE', *, *, #7127, .T. ) ;
#2969 = DATE_TIME_ROLE ( 'classification_date' ) ;
#2970 = ORIENTED_EDGE ( 'NONE', *, *, #952, .F. ) ;
#2971 = VECTOR ( 'NONE', #9186, 1000.000000000000000 ) ;
#2972 = ORIENTED_EDGE ( 'NONE', *, *, #2173, .T. ) ;
#2973 = LINE ( 'NONE', #5688, #5998 ) ;
#2974 = CARTESIAN_POINT ( 'NONE',  ( -120.1043392264672747, 0.000000000000000000, -42.74884620746166775 ) ) ;
#2975 = CARTESIAN_POINT ( 'NONE',  ( -385.0000000000002274, 8.000000000000000000, -170.0000000000000000 ) ) ;
#2976 = DIRECTION ( 'NONE',  ( 0.000000000000000000, 0.000000000000000000, 1.000000000000000000 ) ) ;
#2977 = AXIS2_PLACEMENT_3D ( 'NONE', #8128, #6400, #3505 ) ;
#2978 = ORIENTED_EDGE ( 'NONE', *, *, #6381, .F. ) ;
#2979 = PERSON_AND_ORGANIZATION_ROLE ( 'creator' ) ;
#2980 = DIRECTION ( 'NONE',  ( -0.000000000000000000, -1.000000000000000000, -0.000000000000000000 ) ) ;
#2981 = SECURITY_CLASSIFICATION_LEVEL ( 'unclassified' ) ;
#2982 = AXIS2_PLACEMENT_3D ( 'NONE', #10228, #4691, #5595 ) ;
#2983 = CARTESIAN_POINT ( 'NONE',  ( -18.12278137398203626, 85.00000000000000000, 16.71649217096105744 ) ) ;
#2984 = MANIFOLD_SOLID_BREP ( '03_Shaft_Step_D12', #3029 ) ;
#2985 = CARTESIAN_POINT ( 'NONE',  ( -52.50000000000000000, 0.000000000000000000, -30.00000000000000000 ) ) ;
#2986 = EDGE_CURVE ( 'NONE', #8790, #9666, #10345, .T. ) ;
#2987 = DATE_AND_TIME ( #3783, #6999 ) ;
#2988 = AXIS2_PLACEMENT_3D ( 'NONE', #11089, #6448, #1830 ) ;
#2989 = AXIS2_PLACEMENT_3D ( 'NONE', #6575, #7266, #7500 ) ;
#2990 = DIRECTION ( 'NONE',  ( -0.000000000000000000, -1.000000000000000000, -0.000000000000000000 ) ) ;
#2991 = EDGE_CURVE ( 'NONE', #4878, #438, #8779, .T. ) ;
#2992 = CARTESIAN_POINT ( 'NONE',  ( 75.00000000000000000, 18.00000000000000000, -55.00000000000000000 ) ) ;
#2993 = DIRECTION ( 'NONE',  ( 1.000000000000000000, 0.000000000000000000, -0.000000000000000000 ) ) ;
#2994 =( LENGTH_UNIT ( ) NAMED_UNIT ( * ) SI_UNIT ( .MILLI., .METRE. ) );
#2995 = CARTESIAN_POINT ( 'NONE',  ( 40.00000000000000000, 0.000000000000000000, -20.00000000000000000 ) ) ;
#2996 = DATE_AND_TIME ( #9323, #1274 ) ;
#2997 = CIRCLE ( 'NONE', #1056, 6.999999999999999112 ) ;
#2998 = COORDINATED_UNIVERSAL_TIME_OFFSET ( 8, 0, .AHEAD. ) ;
#2999 = APPROVAL_PERSON_ORGANIZATION ( #10540, #11282, #4926 ) ;
#3000 = CIRCLE ( 'NONE', #1436, 41.00000000000000000 ) ;
#3001 = EDGE_LOOP ( 'NONE', ( #3584, #9042, #11244, #6172 ) ) ;
#3002 = ORIENTED_EDGE ( 'NONE', *, *, #10925, .T. ) ;
#3003 = PLANE ( 'NONE',  #2059 ) ;
#3004 = ADVANCED_FACE ( 'NONE', ( #6890 ), #339, .F. ) ;
#3005 = DIRECTION ( 'NONE',  ( 0.000000000000000000, 1.000000000000000000, 0.000000000000000000 ) ) ;
#3006 = CARTESIAN_POINT ( 'NONE',  ( -41.00000000000000000, 20.00000000000000000, -70.00000000000000000 ) ) ;
#3007 = AXIS2_PLACEMENT_3D ( 'NONE', #8218, #11939, #3591 ) ;
#3008 = CC_DESIGN_APPROVAL ( #9486, ( #6896 ) ) ;
#3009 = CARTESIAN_POINT ( 'NONE',  ( -385.0000000000002274, 0.000000000000000000, 130.0000000000000284 ) ) ;
#3010 = CARTESIAN_POINT ( 'NONE',  ( 280.0000000000000000, 0.000000000000000000, -42.50000000000001421 ) ) ;
#3011 = AXIS2_PLACEMENT_3D ( 'NONE', #332, #10219, #3781 ) ;
#3012 = DATE_AND_TIME ( #7638, #11285 ) ;
#3013 = APPROVAL_STATUS ( 'not_yet_approved' ) ;
#3014 = ORIENTED_EDGE ( 'NONE', *, *, #7111, .T. ) ;
#3015 =( REPRESENTATION_RELATIONSHIP ('NONE','NONE', #10121, #7247 ) REPRESENTATION_RELATIONSHIP_WITH_TRANSFORMATION ( #3904 )SHAPE_REPRESENTATION_RELATIONSHIP( ) );
#3016 = CARTESIAN_POINT ( 'NONE',  ( -280.0000000000000000, 12.00000000000000000, 13.00000000000000000 ) ) ;
#3017 = APPROVAL ( #3736, 'æœª' ) ;
#3019 = VERTEX_POINT ( 'NONE', #7810 ) ;
#3018 = ORIENTED_EDGE ( 'NONE', *, *, #11186, .T. ) ;
#3020 = EDGE_LOOP ( 'NONE', ( #5148, #5440, #3512, #10621 ) ) ;
#3021 = LINE ( 'NONE', #5923, #7698 ) ;
#3022 = DIRECTION ( 'NONE',  ( -0.000000000000000000, -1.000000000000000000, -0.000000000000000000 ) ) ;
#3023 = DIRECTION ( 'NONE',  ( 0.000000000000000000, 0.000000000000000000, -1.000000000000000000 ) ) ;
#3024 = ADVANCED_FACE ( 'NONE', ( #404 ), #7874, .F. ) ;
#3025 = CARTESIAN_POINT ( 'NONE',  ( -165.0000000000000000, 14.00000000000000000, -165.0000000000000000 ) ) ;
#3026 = ORIENTED_EDGE ( 'NONE', *, *, #8736, .F. ) ;
#3027 = DIRECTION ( 'NONE',  ( -0.000000000000000000, -1.000000000000000000, -0.000000000000000000 ) ) ;
#3028 = ORIENTED_EDGE ( 'NONE', *, *, #5052, .T. ) ;
#3029 = CLOSED_SHELL ( 'NONE', ( #11857, #5402, #8095, #11903, #6471, #6268, #10690, #7276, #9454, #4092 ) ) ;
#3030 = PRODUCT_DEFINITION_SHAPE ( 'NONE', 'NONE',  #9259 ) ;
#3031 = DIRECTION ( 'NONE',  ( 0.000000000000000000, 0.000000000000000000, 1.000000000000000000 ) ) ;
#3032 = APPROVAL_ROLE ( '' ) ;
#3033 = ADVANCED_FACE ( 'NONE', ( #10663 ), #11600, .T. ) ;
#3034 = EDGE_LOOP ( 'NONE', ( #1510, #11353, #5793, #3464 ) ) ;
#3035 = APPROVAL_STATUS ( 'not_yet_approved' ) ;
#3036 = EDGE_LOOP ( 'NONE', ( #5380, #975, #436, #8547 ) ) ;
#3037 = ADVANCED_BREP_SHAPE_REPRESENTATION ( '', ( #7003, #2596 ), #10361 ) ;
#3038 = CLOSED_SHELL ( 'NONE', ( #9790, #5255, #252, #1408, #5370, #9337, #4034, #11015, #11622, #8108, #10814, #8895, #8514 ) ) ;
#3039 = AXIS2_PLACEMENT_3D ( 'NONE', #5313, #5135, #4184 ) ;
#3040 = ORIENTED_EDGE ( 'NONE', *, *, #6598, .T. ) ;
#3041 = CARTESIAN_POINT ( 'NONE',  ( -52.50000000000000000, 0.000000000000000000, 30.00000000000000000 ) ) ;
#3042 = CARTESIAN_POINT ( 'NONE',  ( -460.0000000000000000, 24.00000000000000000, -285.0000000000000000 ) ) ;
#3043 = ORIENTED_EDGE ( 'NONE', *, *, #11111, .F. ) ;
#3044 = PLANE ( 'NONE',  #2672 ) ;
#3045 = ORIENTED_EDGE ( 'NONE', *, *, #5992, .T. ) ;
#3046 = DIRECTION ( 'NONE',  ( -0.000000000000000000, -1.000000000000000000, -0.000000000000000000 ) ) ;
#3047 = ORIENTED_EDGE ( 'NONE', *, *, #5869, .T. ) ;
#3048 = COORDINATED_UNIVERSAL_TIME_OFFSET ( 8, 0, .AHEAD. ) ;
#3049 = AXIS2_PLACEMENT_3D ( 'NONE', #4123, #4944, #8672 ) ;
#3050 = DIRECTION ( 'NONE',  ( 0.000000000000000000, 0.000000000000000000, 1.000000000000000000 ) ) ;
#3051 = VERTEX_POINT ( 'NONE', #9569 ) ;
#3052 = EDGE_CURVE ( 'NONE', #8479, #1807, #8838, .T. ) ;
#3053 = SHAPE_REPRESENTATION ( 'FD-100_frame_bowl_module', ( #8421, #1242, #8621, #3395, #4909, #11752, #8054, #7659, #7857 ), #11951 ) ;
#3054 = CYLINDRICAL_SURFACE ( 'NONE', #10980, 200.0000000000000000 ) ;
#3055 = MANIFOLD_SOLID_BREP ( '03_Output_Shaft', #11336 ) ;
#3056 = AXIS2_PLACEMENT_3D ( 'NONE', #1120, #224, #7631 ) ;
#3057 = CARTESIAN_POINT ( 'NONE',  ( 64.58429561200922819, 10.00000000000000000, -45.58891454965356616 ) ) ;
#3058 = VECTOR ( 'NONE', #7895, 1000.000000000000000 ) ;
#3059 = CARTESIAN_POINT ( 'NONE',  ( 385.0000000000000000, 8.000000000000000000, 130.0000000000000284 ) ) ;
#3060 = DIRECTION ( 'NONE',  ( 0.000000000000000000, 1.000000000000000000, 0.000000000000000000 ) ) ;
#3061 = SHAPE_REPRESENTATION_RELATIONSHIP ( 'NONE' , 'NONE' ,  #5586, #4478 ) ;
#3062 = CARTESIAN_POINT ( 'NONE',  ( -55.15432893255071889, 90.00000000000000000, 60.65432893255073310 ) ) ;
#3063 = PERSON_AND_ORGANIZATION ( #2011, #2802 ) ;
#3064 = ADVANCED_FACE ( 'NONE', ( #468 ), #2333, .F. ) ;
#3065 = PERSON_AND_ORGANIZATION_ROLE ( 'classification_officer' ) ;
#3066 = AXIS2_PLACEMENT_3D ( 'NONE', #6209, #10840, #11893 ) ;
#3067 = EDGE_CURVE ( 'NONE', #7361, #1893, #9627, .T. ) ;
#3068 = VECTOR ( 'NONE', #4207, 1000.000000000000000 ) ;
#3069 = EDGE_LOOP ( 'NONE', ( #6446, #9096, #203, #4779 ) ) ;
#3070 = LINE ( 'NONE', #3857, #8120 ) ;
#3071 = DIRECTION ( 'NONE',  ( 0.000000000000000000, 0.000000000000000000, -1.000000000000000000 ) ) ;
#3072 = PLANE ( 'NONE',  #1898 ) ;
#3073 = VERTEX_POINT ( 'NONE', #8657 ) ;
#3074 = VECTOR ( 'NONE', #4255, 1000.000000000000000 ) ;
#3075 = LINE ( 'NONE', #10610, #1924 ) ;
#3076 = CARTESIAN_POINT ( 'NONE',  ( 500.0000000000000000, 0.000000000000000000, 325.0000000000000000 ) ) ;
#3077 = AXIS2_PLACEMENT_3D ( 'NONE', #9705, #9826, #7891 ) ;
#3078 = DIRECTION ( 'NONE',  ( 0.000000000000000000, 1.000000000000000000, 0.000000000000000000 ) ) ;
#3079 = DATE_TIME_ROLE ( 'creation_date' ) ;
#3080 = EDGE_CURVE ( 'NONE', #7473, #5015, #4443, .T. ) ;
#3081 = CARTESIAN_POINT ( 'NONE',  ( 47.50000000000000000, 0.000000000000000000, 35.00000000000000000 ) ) ;
#3082 = VECTOR ( 'NONE', #2749, 1000.000000000000000 ) ;
#3084 = ORIENTED_EDGE ( 'NONE', *, *, #7433, .F. ) ;
#3083 = ORIENTED_EDGE ( 'NONE', *, *, #10502, .T. ) ;
#3085 = ORIENTED_EDGE ( 'NONE', *, *, #306, .F. ) ;
#3086 = AXIS2_PLACEMENT_3D ( 'NONE', #4101, #8714, #2142 ) ;
#3087 = FACE_OUTER_BOUND ( 'NONE', #3820, .T. ) ;
#3088 = LINE ( 'NONE', #8140, #10729 ) ;
#3089 = DIRECTION ( 'NONE',  ( 0.000000000000000000, 0.000000000000000000, 1.000000000000000000 ) ) ;
#3090 = ORIENTED_EDGE ( 'NONE', *, *, #7537, .F. ) ;
#3091 = CARTESIAN_POINT ( 'NONE',  ( -40.00000000000000000, 60.00000000000000000, 22.48069469178416924 ) ) ;
#3092 = APPLICATION_CONTEXT ( 'configuration controlled 3d designs of mechanical parts and assemblies' ) ;
#3093 = APPROVAL ( #5223, 'æœª' ) ;
#3094 = AXIS2_PLACEMENT_3D ( 'NONE', #11142, #8224, #11016 ) ;
#3095 = ORIENTED_EDGE ( 'NONE', *, *, #8745, .F. ) ;
#3096 = CYLINDRICAL_SURFACE ( 'NONE', #493, 3.500000000000000000 ) ;
#3097 = EDGE_LOOP ( 'NONE', ( #8874, #9123, #1862, #4325 ) ) ;
#3098 = PLANE ( 'NONE',  #9077 ) ;
#3099 = PERSON_AND_ORGANIZATION_ROLE ( 'classification_officer' ) ;
#3100 = MANIFOLD_SOLID_BREP ( '02_Frame_Rail', #6073 ) ;
#3101 = VERTEX_POINT ( 'NONE', #532 ) ;
#3102 = DATE_TIME_ROLE ( 'classification_date' ) ;
#3103 = CC_DESIGN_APPROVAL ( #590, ( #3250 ) ) ;
#3104 = EDGE_LOOP ( 'NONE', ( #3083, #11931 ) ) ;
#3105 = AXIS2_PLACEMENT_3D ( 'NONE', #2822, #5605, #1011 ) ;
#3106 = EDGE_LOOP ( 'NONE', ( #8037, #6173, #4882, #1479 ) ) ;
#3107 = DIRECTION ( 'NONE',  ( 0.000000000000000000, 0.000000000000000000, -1.000000000000000000 ) ) ;
#3108 = EDGE_CURVE ( 'NONE', #4946, #7275, #10859, .T. ) ;
#3109 = LINE ( 'NONE', #4964, #2589 ) ;
#3110 = LINE ( 'NONE', #1223, #10839 ) ;
#3111 = ORIENTED_EDGE ( 'NONE', *, *, #5025, .T. ) ;
#3112 = APPROVAL_PERSON_ORGANIZATION ( #10384, #10146, #2306 ) ;
#3113 = CARTESIAN_POINT ( 'NONE',  ( 120.0000000000000000, 780.0000000000000000, -30.00000000000000000 ) ) ;
#3114 = CARTESIAN_POINT ( 'NONE',  ( 27.94637722496424459, 0.000000000000000000, -30.00000000000000000 ) ) ;
#3115 = ORIENTED_EDGE ( 'NONE', *, *, #11960, .T. ) ;
#3116 = PERSON_AND_ORGANIZATION_ROLE ( 'creator' ) ;
#3117 = CARTESIAN_POINT ( 'NONE',  ( -297.5999999999999659, 34.00000000000000000, -39.00000000000000000 ) ) ;
#3118 = SECURITY_CLASSIFICATION_LEVEL ( 'unclassified' ) ;
#3119 = EDGE_CURVE ( 'NONE', #5635, #9648, #1427, .T. ) ;
#3120 = ORIENTED_EDGE ( 'NONE', *, *, #5657, .F. ) ;
#3121 = CC_DESIGN_APPROVAL ( #11049, ( #10291 ) ) ;
#3122 = CARTESIAN_POINT ( 'NONE',  ( 49.74884620746168196, 0.000000000000000000, 120.1043392264672889 ) ) ;
#3123 = CC_DESIGN_APPROVAL ( #8393, ( #11095 ) ) ;
#3124 = PERSON_AND_ORGANIZATION ( #5770, #979 ) ;
#3125 = FACE_BOUND ( 'NONE', #3716, .T. ) ;
#3126 = CARTESIAN_POINT ( 'NONE',  ( -75.00000000000000000, 18.00000000000000000, -55.00000000000000000 ) ) ;
#3127 = DIRECTION ( 'NONE',  ( 0.000000000000000000, 1.000000000000000000, 0.000000000000000000 ) ) ;
#3128 = DIRECTION ( 'NONE',  ( 0.000000000000000000, 0.000000000000000000, 1.000000000000000000 ) ) ;
#3129 = EDGE_CURVE ( 'NONE', #11127, #5804, #6768, .T. ) ;
#3130 = DATE_AND_TIME ( #2146, #1846 ) ;
#3131 = APPROVAL ( #4524, 'æœª' ) ;
#3132 = DATE_AND_TIME ( #9816, #7012 ) ;
#3133 = ORIENTED_EDGE ( 'NONE', *, *, #6631, .T. ) ;
#3134 = PLANE ( 'NONE',  #10036 ) ;
#3135 = LINE ( 'NONE', #283, #4507 ) ;
#3136 = DIRECTION ( 'NONE',  ( 0.000000000000000000, 0.000000000000000000, 1.000000000000000000 ) ) ;
#3137 = ORIENTED_EDGE ( 'NONE', *, *, #11111, .T. ) ;
#3138 = CC_DESIGN_APPROVAL ( #4057, ( #7216 ) ) ;
#3139 = AXIS2_PLACEMENT_3D ( 'NONE', #8566, #11249, #6668 ) ;
#3140 = CARTESIAN_POINT ( 'NONE',  ( -500.0000000000000000, 0.000000000000000000, 325.0000000000000000 ) ) ;
#3141 = PLANE ( 'NONE',  #9876 ) ;
#3142 = CYLINDRICAL_SURFACE ( 'NONE', #2403, 4.084295612009243293 ) ;
#3143 = COORDINATED_UNIVERSAL_TIME_OFFSET ( 8, 0, .AHEAD. ) ;
#3144 = ORIENTED_EDGE ( 'NONE', *, *, #2945, .T. ) ;
#3145 = DIRECTION ( 'NONE',  ( 1.000000000000000000, 0.000000000000000000, 0.000000000000000000 ) ) ;
#3146 = VECTOR ( 'NONE', #1205, 1000.000000000000000 ) ;
#3147 = EDGE_LOOP ( 'NONE', ( #1808, #130, #8509, #2125 ) ) ;
#3148 = EDGE_LOOP ( 'NONE', ( #7863, #11320, #8560, #2303 ) ) ;
#3149 = CARTESIAN_POINT ( 'NONE',  ( 85.00000000000000000, 0.000000000000000000, 60.00000000000000000 ) ) ;
#3150 = DIRECTION ( 'NONE',  ( -0.000000000000000000, -0.000000000000000000, 1.000000000000000000 ) ) ;
#3151 = DIRECTION ( 'NONE',  ( 0.000000000000000000, -0.000000000000000000, -1.000000000000000000 ) ) ;
#3152 = EDGE_CURVE ( 'NONE', #104, #5328, #11056, .T. ) ;
#3153 = CARTESIAN_POINT ( 'NONE',  ( 0.000000000000000000, 44.00000000000000000, -7.500000000000000000 ) ) ;
#3154 = VECTOR ( 'NONE', #7279, 1000.000000000000000 ) ;
#3155 = ORIENTED_EDGE ( 'NONE', *, *, #914, .F. ) ;
#3156 = DIRECTION ( 'NONE',  ( -0.000000000000000000, -1.000000000000000000, -0.000000000000000000 ) ) ;
#3157 = VERTEX_POINT ( 'NONE', #4863 ) ;
#3158 = FACE_BOUND ( 'NONE', #4712, .T. ) ;
#3159 = DATE_TIME_ROLE ( 'classification_date' ) ;
#3160 = ORIENTED_EDGE ( 'NONE', *, *, #4520, .T. ) ;
#3161 = PERSON_AND_ORGANIZATION ( #9136, #1956 ) ;
#3162 = ORIENTED_EDGE ( 'NONE', *, *, #5728, .T. ) ;
#3163 = APPROVAL ( #10877, 'æœª' ) ;
#3164 = EDGE_LOOP ( 'NONE', ( #3399, #1200 ) ) ;
#3165 = EDGE_CURVE ( 'NONE', #2183, #1349, #5585, .T. ) ;
#3166 = CARTESIAN_POINT ( 'NONE',  ( 0.000000000000000000, 18.00000000000000000, -215.0000000000000000 ) ) ;
#3167 = DIRECTION ( 'NONE',  ( 1.000000000000000000, 0.000000000000000000, 0.000000000000000000 ) ) ;
#3168 = LINE ( 'NONE', #4145, #5961 ) ;
#3169 = ORIENTED_EDGE ( 'NONE', *, *, #8041, .F. ) ;
#3170 = CARTESIAN_POINT ( 'NONE',  ( -53.88728323699420741, 18.00000000000000000, -36.77640860455420579 ) ) ;
#3171 = ORIENTED_EDGE ( 'NONE', *, *, #9904, .F. ) ;
#3172 = APPROVAL_STATUS ( 'not_yet_approved' ) ;
#3173 = LINE ( 'NONE', #5762, #6449 ) ;
#3174 = PERSON_AND_ORGANIZATION_ROLE ( 'classification_officer' ) ;
#3175 = EDGE_CURVE ( 'NONE', #9056, #10015, #11253, .T. ) ;
#3176 = EDGE_LOOP ( 'NONE', ( #677, #7710, #11623, #9410 ) ) ;
#3177 = CC_DESIGN_PERSON_AND_ORGANIZATION_ASSIGNMENT ( #10292, #5537, ( #7480 ) ) ;
#3178 = CC_DESIGN_DATE_AND_TIME_ASSIGNMENT ( #6273, #4398, ( #7399 ) ) ;
#3179 = DIRECTION ( 'NONE',  ( 0.000000000000000000, 1.000000000000000000, 0.000000000000000000 ) ) ;
#3180 = APPROVAL_ROLE ( '' ) ;
#3181 = DIRECTION ( 'NONE',  ( -0.000000000000000000, -1.000000000000000000, -0.000000000000000000 ) ) ;
#3182 = DIRECTION ( 'NONE',  ( -0.000000000000000000, -1.000000000000000000, -0.000000000000000000 ) ) ;
#3183 = EDGE_CURVE ( 'NONE', #2218, #11584, #4036, .T. ) ;
#3184 = PLANE ( 'NONE',  #951 ) ;
#3185 = CARTESIAN_POINT ( 'NONE',  ( -310.0000000000000000, 12.00000000000000000, -48.00000000000000000 ) ) ;
#3186 = APPROVAL_STATUS ( 'not_yet_approved' ) ;
#3187 = ORIENTED_EDGE ( 'NONE', *, *, #11350, .T. ) ;
#3188 = APPROVAL_DATE_TIME ( #10733, #6232 ) ;
#3189 = AXIS2_PLACEMENT_3D ( 'NONE', #1149, #5805, #10504 ) ;
#3190 = PRODUCT_DEFINITION ( 'æœ', '', #7581, #8399 ) ;
#3191 =( GEOMETRIC_REPRESENTATION_CONTEXT ( 3 ) GLOBAL_UNCERTAINTY_ASSIGNED_CONTEXT ( ( #1823 ) ) GLOBAL_UNIT_ASSIGNED_CONTEXT ( ( #9023, #589, #4395 ) ) REPRESENTATION_CONTEXT ( 'NONE', 'WORKASPACE' ) );
#3192 = ORIENTED_EDGE ( 'NONE', *, *, #4555, .T. ) ;
#3193 = LINE ( 'NONE', #7028, #4416 ) ;
#3194 = PERSON ( 'NAUO-PER21', 'UNSPECIFIED', 'UNSPECIFIED', ('UNSPECIFIED'), ('UNSPECIFIED'), ('UNSPECIFIED') ) ;
#3195 = ADVANCED_FACE ( 'NONE', ( #2206 ), #3184, .F. ) ;
#3196 = DIRECTION ( 'NONE',  ( 0.000000000000000000, 0.000000000000000000, -1.000000000000000000 ) ) ;
#3197 = CARTESIAN_POINT ( 'NONE',  ( 49.74884620746168196, 0.000000000000000000, -120.1043392264672747 ) ) ;
#3198 = ORIENTED_EDGE ( 'NONE', *, *, #10734, .F. ) ;
#3199 = CARTESIAN_POINT ( 'NONE',  ( -67.50000000000000000, 0.000000000000000000, -36.00000000000000000 ) ) ;
#3200 = DIRECTION ( 'NONE',  ( -0.000000000000000000, -0.000000000000000000, 1.000000000000000000 ) ) ;
#3201 = VECTOR ( 'NONE', #5468, 1000.000000000000000 ) ;
#3202 = CARTESIAN_POINT ( 'NONE',  ( -47.50000000000000000, 18.00000000000000000, -35.00000000000000000 ) ) ;
#3203 = CC_DESIGN_SECURITY_CLASSIFICATION ( #4929, ( #5511 ) ) ;
#3205 = AXIS2_PLACEMENT_3D ( 'NONE', #8965, #3431, #5047 ) ;
#3204 = PERSON_AND_ORGANIZATION_ROLE ( 'design_owner' ) ;
#3206 = ORIENTED_EDGE ( 'NONE', *, *, #5992, .F. ) ;
#3207 = DIRECTION ( 'NONE',  ( -0.000000000000000000, -1.000000000000000000, -0.000000000000000000 ) ) ;
#3209 = ORIENTED_EDGE ( 'NONE', *, *, #9869, .T. ) ;
#3208 = ORIENTED_EDGE ( 'NONE', *, *, #9459, .T. ) ;
#3210 = VECTOR ( 'NONE', #4732, 1000.000000000000000 ) ;
#3211 = ORIENTED_EDGE ( 'NONE', *, *, #7174, .T. ) ;
#3212 = CARTESIAN_POINT ( 'NONE',  ( -165.0000000000000000, 0.000000000000000000, -165.0000000000000000 ) ) ;
#3213 = LOCAL_TIME ( 1, 42, 14.00000000000000000, #4244 ) ;
#3214 = EDGE_CURVE ( 'NONE', #6440, #4639, #9981, .T. ) ;
#3215 = FACE_BOUND ( 'NONE', #7083, .T. ) ;
#3216 = DIRECTION ( 'NONE',  ( -1.000000000000000000, 0.000000000000000000, -0.000000000000000000 ) ) ;
#3217 = FACE_OUTER_BOUND ( 'NONE', #7063, .T. ) ;
#3218 = ORIENTED_EDGE ( 'NONE', *, *, #9589, .F. ) ;
#3219 = DIRECTION ( 'NONE',  ( -1.000000000000000000, 0.000000000000000000, -0.000000000000000000 ) ) ;
#3220 = VERTEX_POINT ( 'NONE', #2393 ) ;
#3221 = CIRCLE ( 'NONE', #4747, 5.612716763005752618 ) ;
#3222 = FACE_BOUND ( 'NONE', #1357, .T. ) ;
#3223 = LOCAL_TIME ( 1, 42, 14.00000000000000000, #11723 ) ;
#3224 = DATE_TIME_ROLE ( 'classification_date' ) ;
#3225 = EDGE_CURVE ( 'NONE', #6189, #1798, #3288, .T. ) ;
#3226 = EDGE_LOOP ( 'NONE', ( #10494, #8951 ) ) ;
#3227 = EDGE_CURVE ( 'NONE', #9170, #516, #8331, .T. ) ;
#3228 = ORIENTED_EDGE ( 'NONE', *, *, #4349, .T. ) ;
#3229 = CARTESIAN_POINT ( 'NONE',  ( 105.0000000000000000, 90.00000000000000000, -105.0000000000000000 ) ) ;
#3230 = EDGE_CURVE ( 'NONE', #11189, #11995, #9075, .T. ) ;
#3231 = DIRECTION ( 'NONE',  ( -0.000000000000000000, -1.000000000000000000, -0.000000000000000000 ) ) ;
#3232 = CARTESIAN_POINT ( 'NONE',  ( 40.00000000000000000, 0.000000000000000000, -23.25000000000000000 ) ) ;
#3233 = LINE ( 'NONE', #11456, #6549 ) ;
#3234 = ORIENTED_EDGE ( 'NONE', *, *, #11715, .F. ) ;
#3235 = DIRECTION ( 'NONE',  ( -0.000000000000000000, -1.000000000000000000, -0.000000000000000000 ) ) ;
#3236 = ORIENTED_EDGE ( 'NONE', *, *, #10134, .T. ) ;
#3237 = DATE_TIME_ROLE ( 'creation_date' ) ;
#3238 = ADVANCED_FACE ( 'NONE', ( #8227 ), #1660, .F. ) ;
#3239 = DIRECTION ( 'NONE',  ( 0.000000000000000000, 0.000000000000000000, 1.000000000000000000 ) ) ;
#3240 = SECURITY_CLASSIFICATION_LEVEL ( 'unclassified' ) ;
#3241 = PRODUCT ( 'FD-300_inspection_divert_module', 'FD-300_inspection_divert_module', '', ( #5984 ) ) ;
#3242 = EDGE_LOOP ( 'NONE', ( #9158, #10934, #1990, #918 ) ) ;
#3243 = LINE ( 'NONE', #463, #1849 ) ;
#3244 = DIRECTION ( 'NONE',  ( 0.000000000000000000, 0.000000000000000000, -1.000000000000000000 ) ) ;
#3245 = ORIENTED_EDGE ( 'NONE', *, *, #10804, .T. ) ;
#3246 = CARTESIAN_POINT ( 'NONE',  ( 40.00000000000000000, 60.00000000000000000, -16.75000000000000000 ) ) ;
#3247 = CARTESIAN_POINT ( 'NONE',  ( -450.0000000000000000, 16.00000000000000000, 210.0000000000000284 ) ) ;
#3248 = AXIS2_PLACEMENT_3D ( 'NONE', #1326, #10370, #430 ) ;
#3249 = DIRECTION ( 'NONE',  ( 1.000000000000000000, 0.000000000000000000, 0.000000000000000000 ) ) ;
#3250 = PRODUCT_DEFINITION ( 'æœ', '', #2118, #11326 ) ;
#3251 = CARTESIAN_POINT ( 'NONE',  ( -67.50000000000000000, 72.00000000000000000, -36.00000000000000000 ) ) ;
#3252 = ORIENTED_EDGE ( 'NONE', *, *, #3595, .F. ) ;
#3253 = CALENDAR_DATE ( 2026, 29, 7 ) ;
#3254 = APPLICATION_PROTOCOL_DEFINITION ( 'international standard', 'config_control_design', 1994, #10304 ) ;
#3255 = CIRCLE ( 'NONE', #4599, 4.219723183390894583 ) ;
#3256 =( REPRESENTATION_RELATIONSHIP ('NONE','NONE', #3053, #8962 ) REPRESENTATION_RELATIONSHIP_WITH_TRANSFORMATION ( #4819 )SHAPE_REPRESENTATION_RELATIONSHIP( ) );
#3257 = VECTOR ( 'NONE', #902, 1000.000000000000000 ) ;
#3258 = ORIENTED_EDGE ( 'NONE', *, *, #11350, .F. ) ;
#3259 = DIRECTION ( 'NONE',  ( -0.000000000000000000, -1.000000000000000000, -0.000000000000000000 ) ) ;
#3260 = DIRECTION ( 'NONE',  ( 0.000000000000000000, 0.000000000000000000, 1.000000000000000000 ) ) ;
#3261 = FACE_OUTER_BOUND ( 'NONE', #2706, .T. ) ;
#3262 = ORIENTED_EDGE ( 'NONE', *, *, #4760, .T. ) ;
#3263 = PLANE ( 'NONE',  #11078 ) ;
#3264 = DIRECTION ( 'NONE',  ( 0.000000000000000000, 0.000000000000000000, 1.000000000000000000 ) ) ;
#3265 = CARTESIAN_POINT ( 'NONE',  ( -27.50000000000000000, 85.00000000000000000, 21.00000000000000000 ) ) ;
#3266 = EDGE_CURVE ( 'NONE', #2853, #2337, #648, .T. ) ;
#3267 = VECTOR ( 'NONE', #304, 1000.000000000000000 ) ;
#3268 = SHAPE_DEFINITION_REPRESENTATION ( #7802, #10121 ) ;
#3269 = VERTEX_POINT ( 'NONE', #8174 ) ;
#3270 = VECTOR ( 'NONE', #4494, 1000.000000000000000 ) ;
#3271 = FACE_OUTER_BOUND ( 'NONE', #9743, .T. ) ;
#3273 = VERTEX_POINT ( 'NONE', #2570 ) ;
#3272 = EDGE_LOOP ( 'NONE', ( #9112, #8513, #4825, #3357 ) ) ;
#3274 = ADVANCED_FACE ( 'NONE', ( #3605 ), #2512, .F. ) ;
#3275 = ORIENTED_EDGE ( 'NONE', *, *, #11835, .F. ) ;
#3276 = VECTOR ( 'NONE', #3516, 1000.000000000000000 ) ;
#3277 = DIRECTION ( 'NONE',  ( -0.000000000000000000, -1.000000000000000000, -0.000000000000000000 ) ) ;
#3278 = CARTESIAN_POINT ( 'NONE',  ( -55.00000000000000000, 18.00000000000000000, -17.00000000000000000 ) ) ;
#3279 = CYLINDRICAL_SURFACE ( 'NONE', #4432, 3.450405226897622413 ) ;
#3280 = AXIS2_PLACEMENT_3D ( 'NONE', #11101, #887, #6459 ) ;
#3281 = DIRECTION ( 'NONE',  ( 1.000000000000000000, 0.000000000000000000, 0.000000000000000000 ) ) ;
#3282 = VERTEX_POINT ( 'NONE', #1553 ) ;
#3283 = EDGE_LOOP ( 'NONE', ( #6744, #8584, #10473, #75 ) ) ;
#3284 = AXIS2_PLACEMENT_3D ( 'NONE', #5707, #9441, #2140 ) ;
#3285 = DIRECTION ( 'NONE',  ( 0.000000000000000000, 0.000000000000000000, -1.000000000000000000 ) ) ;
#3286 = ADVANCED_FACE ( 'NONE', ( #822 ), #3377, .F. ) ;
#3287 = DATE_TIME_ROLE ( 'creation_date' ) ;
#3288 = CIRCLE ( 'NONE', #2307, 6.999999999999999112 ) ;
#3289 = EDGE_LOOP ( 'NONE', ( #11993, #8088, #4264, #7313 ) ) ;
#3290 = VERTEX_POINT ( 'NONE', #5237 ) ;
#3291 = ORIENTED_EDGE ( 'NONE', *, *, #4060, .F. ) ;
#3292 = DIRECTION ( 'NONE',  ( -0.000000000000000000, -0.000000000000000000, 1.000000000000000000 ) ) ;
#3293 = AXIS2_PLACEMENT_3D ( 'NONE', #3658, #6382, #11085 ) ;
#3294 = DIRECTION ( 'NONE',  ( 1.000000000000000000, 0.000000000000000000, 0.000000000000000000 ) ) ;
#3295 = AXIS2_PLACEMENT_3D ( 'NONE', #9431, #8286, #11145 ) ;
#3296 = EDGE_CURVE ( 'NONE', #10982, #3481, #3546, .T. ) ;
#3297 = CARTESIAN_POINT ( 'NONE',  ( 0.000000000000000000, 0.000000000000000000, 0.000000000000000000 ) ) ;
#3298 = CARTESIAN_POINT ( 'NONE',  ( 55.15432893255069047, 0.000000000000000000, -60.65432893255071178 ) ) ;
#3299 = ORIENTED_EDGE ( 'NONE', *, *, #8993, .T. ) ;
#3300 = EDGE_CURVE ( 'NONE', #1090, #2443, #2624, .T. ) ;
#3301 = LINE ( 'NONE', #262, #6690 ) ;
#3302 = ORIENTED_EDGE ( 'NONE', *, *, #11247, .T. ) ;
#3303 = COORDINATED_UNIVERSAL_TIME_OFFSET ( 8, 0, .AHEAD. ) ;
#3304 = AXIS2_PLACEMENT_3D ( 'NONE', #9087, #2407, #9940 ) ;
#3305 = ORIENTED_EDGE ( 'NONE', *, *, #3175, .T. ) ;
#3306 = COORDINATED_UNIVERSAL_TIME_OFFSET ( 8, 0, .AHEAD. ) ;
#3307 = ORIENTED_EDGE ( 'NONE', *, *, #1072, .F. ) ;
#3308 = CARTESIAN_POINT ( 'NONE',  ( -163.1999999999999886, 42.00000000000000000, 56.99999999999999289 ) ) ;
#3309 = ADVANCED_FACE ( 'NONE', ( #11718 ), #6325, .F. ) ;
#3310 = CALENDAR_DATE ( 2026, 29, 7 ) ;
#3311 = CARTESIAN_POINT ( 'NONE',  ( 420.0000000000000000, 8.000000000000000000, -184.5000000000000284 ) ) ;
#3312 = LOCAL_TIME ( 1, 42, 14.00000000000000000, #8889 ) ;
#3313 = CARTESIAN_POINT ( 'NONE',  ( -55.15432893255071889, 90.00000000000000000, 49.65432893255073310 ) ) ;
#3314 = AXIS2_PLACEMENT_3D ( 'NONE', #8981, #10857, #603 ) ;
#3315 = EDGE_CURVE ( 'NONE', #223, #9913, #1911, .T. ) ;
#3316 = DIRECTION ( 'NONE',  ( 0.000000000000000000, 0.000000000000000000, 1.000000000000000000 ) ) ;
#3317 = ADVANCED_FACE ( 'NONE', ( #8903 ), #588, .F. ) ;
#3318 = DIRECTION ( 'NONE',  ( -0.000000000000000000, -1.000000000000000000, -0.000000000000000000 ) ) ;
#3319 = ORIENTED_EDGE ( 'NONE', *, *, #8266, .F. ) ;
#3320 = DIRECTION ( 'NONE',  ( 1.000000000000000000, 0.000000000000000000, 0.000000000000000000 ) ) ;
#3321 = PLANE ( 'NONE',  #4725 ) ;
#3322 = SHAPE_DEFINITION_REPRESENTATION ( #4320, #3907 ) ;
#3323 = ORIENTED_EDGE ( 'NONE', *, *, #2058, .T. ) ;
#3324 = APPROVAL_STATUS ( 'not_yet_approved' ) ;
#3325 = VERTEX_POINT ( 'NONE', #8536 ) ;
#3326 = CC_DESIGN_APPROVAL ( #3681, ( #11077 ) ) ;
#3327 = EDGE_LOOP ( 'NONE', ( #8768, #9633, #9008, #11171 ) ) ;
#3328 = CC_DESIGN_DATE_AND_TIME_ASSIGNMENT ( #7782, #3159, ( #1931 ) ) ;
#3329 = DIRECTION ( 'NONE',  ( 0.000000000000000000, 0.000000000000000000, -1.000000000000000000 ) ) ;
#3330 = APPROVAL ( #8449, 'UNKNOWN' ) ;
#3331 = DIRECTION ( 'NONE',  ( 0.000000000000000000, 1.000000000000000000, 0.000000000000000000 ) ) ;
#3332 = CYLINDRICAL_SURFACE ( 'NONE', #5774, 3.249999999999999556 ) ;
#3333 = ADVANCED_FACE ( 'NONE', ( #6148, #11775, #1609, #3432, #9022 ), #4394, .T. ) ;
#3334 = FACE_OUTER_BOUND ( 'NONE', #10728, .T. ) ;
#3335 = APPROVAL_PERSON_ORGANIZATION ( #10780, #11120, #3180 ) ;
#3336 = CARTESIAN_POINT ( 'NONE',  ( -85.00000000000000000, 10.00000000000000000, -60.00000000000000000 ) ) ;
#3337 = CC_DESIGN_APPROVAL ( #4433, ( #9142 ) ) ;
#3338 = DIRECTION ( 'NONE',  ( -0.000000000000000000, -0.000000000000000000, 1.000000000000000000 ) ) ;
#3339 = PERSON_AND_ORGANIZATION ( #2011, #2802 ) ;
#3340 = CARTESIAN_POINT ( 'NONE',  ( 0.000000000000000000, 71.99999999999998579, 0.000000000000000000 ) ) ;
#3341 = PERSON ( 'NAUO-PER12', 'UNSPECIFIED', 'UNSPECIFIED', ('UNSPECIFIED'), ('UNSPECIFIED'), ('UNSPECIFIED') ) ;
#3343 = ORIENTED_EDGE ( 'NONE', *, *, #5199, .F. ) ;
#3342 = VERTEX_POINT ( 'NONE', #10159 ) ;
#3344 = CC_DESIGN_APPROVAL ( #10148, ( #6035 ) ) ;
#3345 = ORIENTED_EDGE ( 'NONE', *, *, #2185, .T. ) ;
#3346 = EDGE_CURVE ( 'NONE', #8460, #6054, #5578, .T. ) ;
#3347 = DIRECTION ( 'NONE',  ( -0.000000000000000000, -1.000000000000000000, -0.000000000000000000 ) ) ;
#3348 = AXIS2_PLACEMENT_3D ( 'NONE', #1268, #8868, #7775 ) ;
#3349 = DIRECTION ( 'NONE',  ( 0.000000000000000000, 1.000000000000000000, 0.000000000000000000 ) ) ;
#3350 = CARTESIAN_POINT ( 'NONE',  ( 27.50000000000000000, 18.00000000000000000, 0.000000000000000000 ) ) ;
#3351 = LINE ( 'NONE', #8934, #10308 ) ;
#3352 = ORIENTED_EDGE ( 'NONE', *, *, #1576, .F. ) ;
#3353 = EDGE_CURVE ( 'NONE', #11066, #3810, #2682, .T. ) ;
#3354 = AXIS2_PLACEMENT_3D ( 'NONE', #965, #4659, #7520 ) ;
#3355 = LINE ( 'NONE', #8376, #346 ) ;
#3356 = DATE_AND_TIME ( #6246, #5425 ) ;
#3358 = EDGE_LOOP ( 'NONE', ( #5156, #4657, #6115, #11376 ) ) ;
#3357 = ORIENTED_EDGE ( 'NONE', *, *, #9589, .T. ) ;
#3359 = ORIENTED_EDGE ( 'NONE', *, *, #2936, .F. ) ;
#3360 = ORIENTED_EDGE ( 'NONE', *, *, #11910, .T. ) ;
#3361 = DIRECTION ( 'NONE',  ( 0.000000000000000000, 0.000000000000000000, 1.000000000000000000 ) ) ;
#3362 = VECTOR ( 'NONE', #5200, 1000.000000000000000 ) ;
#3363 = ADVANCED_FACE ( 'NONE', ( #7368 ), #1829, .F. ) ;
#3364 = CARTESIAN_POINT ( 'NONE',  ( 55.15432893255069047, 0.000000000000000000, -55.15432893255069047 ) ) ;
#3365 = DIRECTION ( 'NONE',  ( -0.000000000000000000, -1.000000000000000000, -0.000000000000000000 ) ) ;
#3366 = CARTESIAN_POINT ( 'NONE',  ( -163.1999999999999886, 42.00000000000000000, -46.99999999999999289 ) ) ;
#3367 = ORIENTED_EDGE ( 'NONE', *, *, #10660, .F. ) ;
#3368 = APPROVAL_DATE_TIME ( #7240, #3093 ) ;
#3369 = EDGE_LOOP ( 'NONE', ( #3209, #3935 ) ) ;
#3370 = DATE_AND_TIME ( #11764, #9541 ) ;
#3371 = VERTEX_POINT ( 'NONE', #198 ) ;
#3372 = DIRECTION ( 'NONE',  ( 0.000000000000000000, -1.000000000000000000, 0.000000000000000000 ) ) ;
#3373 = CALENDAR_DATE ( 2026, 29, 7 ) ;
#3374 = LINE ( 'NONE', #3429, #9115 ) ;
#3375 = CARTESIAN_POINT ( 'NONE',  ( -50.22628862590825349, 18.00000000000000000, 35.26296589018186012 ) ) ;
#3376 = CARTESIAN_POINT ( 'NONE',  ( 140.5000000000000000, 10.00000000000000000, 31.00000000000000000 ) ) ;
#3377 = CYLINDRICAL_SURFACE ( 'NONE', #767, 5.653846153846162181 ) ;
#3378 = EDGE_LOOP ( 'NONE', ( #10524, #11414, #5811, #3252 ) ) ;
#3379 = DIRECTION ( 'NONE',  ( 0.000000000000000000, 0.000000000000000000, -1.000000000000000000 ) ) ;
#3380 = PERSON_AND_ORGANIZATION ( #2011, #2802 ) ;
#3381 = MECHANICAL_CONTEXT ( 'NONE', #9460, 'mechanical' ) ;
#3382 = EDGE_CURVE ( 'NONE', #1719, #11757, #3896, .T. ) ;
#3383 = EDGE_LOOP ( 'NONE', ( #6408, #9657, #8439, #8346 ) ) ;
#3384 = EDGE_CURVE ( 'NONE', #9057, #4709, #9243, .T. ) ;
#3385 = PLANE ( 'NONE',  #1106 ) ;
#3386 = AXIS2_PLACEMENT_3D ( 'NONE', #4615, #983, #11207 ) ;
#3387 = ORIENTED_EDGE ( 'NONE', *, *, #3687, .F. ) ;
#3388 = CYLINDRICAL_SURFACE ( 'NONE', #2950, 3.450405226897622413 ) ;
#3389 = CARTESIAN_POINT ( 'NONE',  ( -29.94973070017952566, 0.000000000000000000, 18.61781739428729310 ) ) ;
#3390 = CARTESIAN_POINT ( 'NONE',  ( -60.00000000000000000, 12.00000000000000000, -90.00000000000000000 ) ) ;
#3391 = CARTESIAN_POINT ( 'NONE',  ( -46.15384615384615330, 12.00000000000000000, -63.57692307692307310 ) ) ;
#3392 = CARTESIAN_POINT ( 'NONE',  ( 75.00000000000000000, 18.00000000000000000, 55.00000000000000000 ) ) ;
#3393 = COORDINATED_UNIVERSAL_TIME_OFFSET ( 8, 0, .AHEAD. ) ;
#3394 = CARTESIAN_POINT ( 'NONE',  ( -280.0000000000000000, 0.000000000000000000, -38.00000000000000000 ) ) ;
#3395 = AXIS2_PLACEMENT_3D ( 'NONE', #7875, #10538, #9751 ) ;
#3398 = VERTEX_POINT ( 'NONE', #10211 ) ;
#3397 = ADVANCED_FACE ( 'NONE', ( #1775 ), #7542, .F. ) ;
#3396 = EDGE_LOOP ( 'NONE', ( #6842, #5271 ) ) ;
#3399 = ORIENTED_EDGE ( 'NONE', *, *, #6444, .T. ) ;
#3400 = PLANE ( 'NONE',  #5540 ) ;
#3401 = CARTESIAN_POINT ( 'NONE',  ( -49.74884620746166775, 14.00000000000000000, -127.1043392264672747 ) ) ;
#3402 = FACE_OUTER_BOUND ( 'NONE', #4079, .T. ) ;
#3403 = CIRCLE ( 'NONE', #4539, 155.0000000000000000 ) ;
#3404 = VECTOR ( 'NONE', #4921, 1000.000000000000000 ) ;
#3405 = LINE ( 'NONE', #1518, #8579 ) ;
#3406 = CC_DESIGN_PERSON_AND_ORGANIZATION_ASSIGNMENT ( #6095, #9814, ( #8978 ) ) ;
#3407 = LINE ( 'NONE', #679, #2069 ) ;
#3408 = APPROVAL_ROLE ( '' ) ;
#3409 = AXIS2_PLACEMENT_3D ( 'NONE', #5291, #9078, #6327 ) ;
#3410 = ORIENTED_EDGE ( 'NONE', *, *, #739, .F. ) ;
#3411 = ORIENTED_EDGE ( 'NONE', *, *, #4630, .F. ) ;
#3412 = VERTEX_POINT ( 'NONE', #6385 ) ;
#3413 = EDGE_CURVE ( 'NONE', #11539, #1271, #6968, .T. ) ;
#3414 = FACE_BOUND ( 'NONE', #9597, .T. ) ;
#3415 = LINE ( 'NONE', #8817, #9122 ) ;
#3416 = CIRCLE ( 'NONE', #10190, 4.084295612009243293 ) ;
#3417 = APPROVAL_PERSON_ORGANIZATION ( #11851, #3131, #5482 ) ;
#3418 = DIRECTION ( 'NONE',  ( 0.000000000000000000, 0.000000000000000000, 1.000000000000000000 ) ) ;
#3419 = VECTOR ( 'NONE', #4682, 1000.000000000000000 ) ;
#3420 = EDGE_CURVE ( 'NONE', #7001, #7251, #10068, .T. ) ;
#3421 = PLANE ( 'NONE',  #1653 ) ;
#3422 = APPLICATION_PROTOCOL_DEFINITION ( 'international standard', 'config_control_design', 1994, #7369 ) ;
#3423 = ORIENTED_EDGE ( 'NONE', *, *, #8881, .T. ) ;
#3424 = DATE_TIME_ROLE ( 'classification_date' ) ;
#3425 = ORIENTED_EDGE ( 'NONE', *, *, #709, .F. ) ;
#3426 = EDGE_CURVE ( 'NONE', #689, #5600, #4808, .T. ) ;
#3427 = DIRECTION ( 'NONE',  ( 0.000000000000000000, 0.000000000000000000, 1.000000000000000000 ) ) ;
#3428 = COORDINATED_UNIVERSAL_TIME_OFFSET ( 8, 0, .AHEAD. ) ;
#3429 = CARTESIAN_POINT ( 'NONE',  ( 420.0000000000000000, 8.000000000000000000, 175.4999999999999716 ) ) ;
#3430 = FACE_OUTER_BOUND ( 'NONE', #7099, .T. ) ;
#3431 = DIRECTION ( 'NONE',  ( -0.000000000000000000, -1.000000000000000000, -0.000000000000000000 ) ) ;
#3432 = FACE_BOUND ( 'NONE', #2431, .T. ) ;
#3433 = LINE ( 'NONE', #7137, #2016 ) ;
#3434 = PERSON_AND_ORGANIZATION_ROLE ( 'classification_officer' ) ;
#3435 = APPROVAL_STATUS ( 'not_yet_approved' ) ;
#3436 = EDGE_CURVE ( 'NONE', #10705, #6489, #3668, .T. ) ;
#3437 = ORIENTED_EDGE ( 'NONE', *, *, #6405, .T. ) ;
#3438 = DIRECTION ( 'NONE',  ( -0.000000000000000000, -1.000000000000000000, -0.000000000000000000 ) ) ;
#3439 = FACE_OUTER_BOUND ( 'NONE', #5812, .T. ) ;
#3440 = FACE_OUTER_BOUND ( 'NONE', #10581, .T. ) ;
#3441 = VECTOR ( 'NONE', #4766, 1000.000000000000000 ) ;
#3442 = CARTESIAN_POINT ( 'NONE',  ( -41.00000000000000000, 20.00000000000000000, 70.00000000000000000 ) ) ;
#3443 = CARTESIAN_POINT ( 'NONE',  ( -49.74884620746166775, 0.000000000000000000, -127.1043392264672747 ) ) ;
#3444 = DIRECTION ( 'NONE',  ( 0.000000000000000000, 0.000000000000000000, -1.000000000000000000 ) ) ;
#3445 = EDGE_CURVE ( 'NONE', #4878, #2908, #774, .T. ) ;
#3446 = DIRECTION ( 'NONE',  ( 0.000000000000000000, 0.000000000000000000, 1.000000000000000000 ) ) ;
#3447 = APPROVAL_ROLE ( '' ) ;
#3448 = EDGE_CURVE ( 'NONE', #5600, #689, #3862, .T. ) ;
#3449 = CARTESIAN_POINT ( 'NONE',  ( 0.000000000000000000, 120.0000000000000000, 0.000000000000000000 ) ) ;
#3450 = CIRCLE ( 'NONE', #10627, 5.499999999999998224 ) ;
#3451 = ORIENTED_EDGE ( 'NONE', *, *, #2479, .F. ) ;
#3452 = VERTEX_POINT ( 'NONE', #874 ) ;
#3453 = PLANE ( 'NONE',  #142 ) ;
#3454 = DIRECTION ( 'NONE',  ( -0.000000000000000000, -1.000000000000000000, -0.000000000000000000 ) ) ;
#3455 = CARTESIAN_POINT ( 'NONE',  ( -460.0000000000000000, 18.00000000000000000, 0.000000000000000000 ) ) ;
#3456 = CIRCLE ( 'NONE', #5556, 7.000000000000006217 ) ;
#3457 = CARTESIAN_POINT ( 'NONE',  ( -30.00000000000000000, 12.00000000000000000, -27.94637722496424459 ) ) ;
#3458 = AXIS2_PLACEMENT_3D ( 'NONE', #10001, #894, #11978 ) ;
#3459 = EDGE_CURVE ( 'NONE', #6921, #1289, #7549, .T. ) ;
#3460 = CARTESIAN_POINT ( 'NONE',  ( -29.94973070017952566, 18.00000000000000000, 22.06822262118491906 ) ) ;
#3461 = APPROVAL_STATUS ( 'not_yet_approved' ) ;
#3462 = AXIS2_PLACEMENT_3D ( 'NONE', #6569, #4800, #8815 ) ;
#3464 = ORIENTED_EDGE ( 'NONE', *, *, #1625, .F. ) ;
#3463 = ORIENTED_EDGE ( 'NONE', *, *, #4683, .T. ) ;
#3465 = ORIENTED_EDGE ( 'NONE', *, *, #2157, .T. ) ;
#3466 = ORIENTED_EDGE ( 'NONE', *, *, #7528, .F. ) ;
#3467 = AXIS2_PLACEMENT_3D ( 'NONE', #1702, #11756, #3418 ) ;
#3468 = LINE ( 'NONE', #9910, #10635 ) ;
#3469 = CC_DESIGN_PERSON_AND_ORGANIZATION_ASSIGNMENT ( #2743, #9190, ( #199 ) ) ;
#3470 = APPROVAL ( #1279, 'UNKNOWN' ) ;
#3471 = LINE ( 'NONE', #10241, #8733 ) ;
#3472 = VECTOR ( 'NONE', #9516, 1000.000000000000000 ) ;
#3473 = DIRECTION ( 'NONE',  ( -0.000000000000000000, -1.000000000000000000, -0.000000000000000000 ) ) ;
#3474 = ORIENTED_EDGE ( 'NONE', *, *, #4569, .T. ) ;
#3475 = VECTOR ( 'NONE', #998, 1000.000000000000000 ) ;
#3476 = CARTESIAN_POINT ( 'NONE',  ( 64.58429561200922819, 10.00000000000000000, -50.50461893764433796 ) ) ;
#3477 = COORDINATED_UNIVERSAL_TIME_OFFSET ( 8, 0, .AHEAD. ) ;
#3478 = EDGE_LOOP ( 'NONE', ( #4537, #597, #9476, #6021 ) ) ;
#3479 = APPROVAL_STATUS ( 'not_yet_approved' ) ;
#3480 = ADVANCED_BREP_SHAPE_REPRESENTATION ( '', ( #7026, #2596 ), #1820 ) ;
#3481 = VERTEX_POINT ( 'NONE', #1097 ) ;
#3482 = CIRCLE ( 'NONE', #4623, 6.999999999999999112 ) ;
#3483 = VECTOR ( 'NONE', #3773, 1000.000000000000000 ) ;
#3484 = ADVANCED_FACE ( 'NONE', ( #4562 ), #10331, .F. ) ;
#3485 = CARTESIAN_POINT ( 'NONE',  ( 52.50000000000000000, 0.000000000000000000, -30.00000000000000000 ) ) ;
#3486 = CARTESIAN_POINT ( 'NONE',  ( -57.50000000000000000, 22.00000000000000000, 54.00000000000000000 ) ) ;
#3487 = FACE_OUTER_BOUND ( 'NONE', #9540, .T. ) ;
#3488 = DIRECTION ( 'NONE',  ( 0.000000000000000000, -0.000000000000000000, -1.000000000000000000 ) ) ;
#3489 = APPLICATION_CONTEXT ( 'configuration controlled 3d designs of mechanical parts and assemblies' ) ;
#3490 = AXIS2_PLACEMENT_3D ( 'NONE', #5463, #1877, #1824 ) ;
#3491 = CARTESIAN_POINT ( 'NONE',  ( 40.00000000000000000, 0.000000000000000000, -20.00000000000000000 ) ) ;
#3492 = ORIENTED_EDGE ( 'NONE', *, *, #7499, .T. ) ;
#3493 = EDGE_CURVE ( 'NONE', #596, #10379, #8518, .T. ) ;
#3494 = DATE_AND_TIME ( #1779, #7889 ) ;
#3495 = VERTEX_POINT ( 'NONE', #3722 ) ;
#3496 = APPROVAL_DATE_TIME ( #10911, #6983 ) ;
#3497 = DIRECTION ( 'NONE',  ( 0.000000000000000000, 0.000000000000000000, 1.000000000000000000 ) ) ;
#3498 = LOCAL_TIME ( 1, 42, 14.00000000000000000, #8769 ) ;
#3499 = AXIS2_PLACEMENT_3D ( 'NONE', #8607, #4939, #7759 ) ;
#3500 = FACE_OUTER_BOUND ( 'NONE', #7519, .T. ) ;
#3501 = CARTESIAN_POINT ( 'NONE',  ( 47.50000000000000000, 18.00000000000000000, 35.00000000000000000 ) ) ;
#3502 = EDGE_CURVE ( 'NONE', #5429, #5328, #7486, .T. ) ;
#3503 = CARTESIAN_POINT ( 'NONE',  ( 7.347880794884120722E-16, 60.00000000000000000, 6.000000000000000888 ) ) ;
#3504 = DIRECTION ( 'NONE',  ( 1.000000000000000000, 0.000000000000000000, -0.000000000000000000 ) ) ;
#3505 = DIRECTION ( 'NONE',  ( 0.000000000000000000, 0.000000000000000000, -1.000000000000000000 ) ) ;
#3506 = FACE_OUTER_BOUND ( 'NONE', #5628, .T. ) ;
#3507 = SECURITY_CLASSIFICATION ( '', '', #8335 ) ;
#3508 = CALENDAR_DATE ( 2026, 29, 7 ) ;
#3509 = LOCAL_TIME ( 1, 42, 14.00000000000000000, #4137 ) ;
#3510 = DIRECTION ( 'NONE',  ( 0.000000000000000000, 0.000000000000000000, -1.000000000000000000 ) ) ;
#3511 = ORIENTED_EDGE ( 'NONE', *, *, #6536, .F. ) ;
#3512 = ORIENTED_EDGE ( 'NONE', *, *, #1600, .F. ) ;
#3513 = CYLINDRICAL_SURFACE ( 'NONE', #4217, 5.612716763005752618 ) ;
#3514 = DIRECTION ( 'NONE',  ( 1.000000000000000000, -0.000000000000000000, 0.000000000000000000 ) ) ;
#3515 = ORGANIZATION ( 'NAUO-ORG19', 'UNSPECIFIED', 'UNSPECIFIED' ) ;
#3516 = DIRECTION ( 'NONE',  ( 0.000000000000000000, 0.000000000000000000, 1.000000000000000000 ) ) ;
#3517 = LOCAL_TIME ( 1, 42, 14.00000000000000000, #6956 ) ;
#3518 = LINE ( 'NONE', #9103, #6424 ) ;
#3519 = PRODUCT_DEFINITION_SHAPE ( 'NONE', 'NONE',  #12035 ) ;
#3520 = SHAPE_REPRESENTATION_RELATIONSHIP ( 'NONE' , 'NONE' ,  #4739, #6806 ) ;
#3521 = VERTEX_POINT ( 'NONE', #8342 ) ;
#3522 = CARTESIAN_POINT ( 'NONE',  ( 30.00000000000000000, 560.0000000000000000, -30.00000000000000000 ) ) ;
#3523 = PERSON_AND_ORGANIZATION ( #2011, #2802 ) ;
#3524 = LOCAL_TIME ( 1, 42, 14.00000000000000000, #8525 ) ;
#3525 = ORIENTED_EDGE ( 'NONE', *, *, #2039, .F. ) ;
#3526 = ORIENTED_EDGE ( 'NONE', *, *, #7476, .T. ) ;
#3527 = EDGE_LOOP ( 'NONE', ( #417, #9950, #6006, #508 ) ) ;
#3528 = EDGE_CURVE ( 'NONE', #3325, #2944, #186, .T. ) ;
#3529 = CARTESIAN_POINT ( 'NONE',  ( -40.55257305257448053, 0.000000000000000000, 70.00000000000000000 ) ) ;
#3530 = DIRECTION ( 'NONE',  ( -0.000000000000000000, -0.000000000000000000, 1.000000000000000000 ) ) ;
#3531 = LOCAL_TIME ( 1, 42, 14.00000000000000000, #21 ) ;
#3532 = AXIS2_PLACEMENT_3D ( 'NONE', #2299, #6984, #8744 ) ;
#3533 = DIRECTION ( 'NONE',  ( 0.000000000000000000, 1.000000000000000000, 0.000000000000000000 ) ) ;
#3534 = ORIENTED_EDGE ( 'NONE', *, *, #2779, .T. ) ;
#3535 = DIRECTION ( 'NONE',  ( -0.000000000000000000, -1.000000000000000000, -0.000000000000000000 ) ) ;
#3536 = SHAPE_DEFINITION_REPRESENTATION ( #10507, #8884 ) ;
#3537 = ORIENTED_EDGE ( 'NONE', *, *, #5171, .T. ) ;
#3538 = APPROVAL_ROLE ( '' ) ;
#3539 = ORIENTED_EDGE ( 'NONE', *, *, #4979, .F. ) ;
#3540 = CIRCLE ( 'NONE', #10516, 41.00000000000000000 ) ;
#3541 = EDGE_CURVE ( 'NONE', #6286, #8309, #1348, .T. ) ;
#3542 = DESIGN_CONTEXT ( 'detailed design', #10081, 'design' ) ;
#3543 = DIRECTION ( 'NONE',  ( 0.000000000000000000, 1.000000000000000000, 0.000000000000000000 ) ) ;
#3544 = DIRECTION ( 'NONE',  ( 0.000000000000000000, 1.000000000000000000, 0.000000000000000000 ) ) ;
#3545 = DIRECTION ( 'NONE',  ( 1.000000000000000000, 0.000000000000000000, -0.000000000000000000 ) ) ;
#3546 = LINE ( 'NONE', #6266, #7955 ) ;
#3547 = CIRCLE ( 'NONE', #6441, 5.000000000000000000 ) ;
#3548 = CARTESIAN_POINT ( 'NONE',  ( 60.00000000000000000, 0.000000000000000000, 90.00000000000000000 ) ) ;
#3549 = ORIENTED_EDGE ( 'NONE', *, *, #2756, .T. ) ;
#3550 = COORDINATED_UNIVERSAL_TIME_OFFSET ( 8, 0, .AHEAD. ) ;
#3551 = APPROVAL ( #719, 'æœª' ) ;
#3552 = APPROVAL ( #10106, 'æœª' ) ;
#3553 = DATE_AND_TIME ( #8973, #5434 ) ;
#3554 = CLOSED_SHELL ( 'NONE', ( #4202, #9176, #6334, #7029, #11318, #5840, #10386, #2511, #8281, #3717, #6318, #38, #11805, #4883, #151, #8177, #11664 ) ) ;
#3555 = ORIENTED_EDGE ( 'NONE', *, *, #9578, .F. ) ;
#3556 = CARTESIAN_POINT ( 'NONE',  ( -11.00000000000000000, 10.00000000000000000, -45.58891454965356616 ) ) ;
#3557 = FACE_OUTER_BOUND ( 'NONE', #9414, .T. ) ;
#3558 = EDGE_CURVE ( 'NONE', #7357, #9465, #452, .T. ) ;
#3559 = LINE ( 'NONE', #2694, #9487 ) ;
#3560 = PLANE ( 'NONE',  #5684 ) ;
#3561 = LINE ( 'NONE', #8068, #5575 ) ;
#3562 = FACE_OUTER_BOUND ( 'NONE', #11646, .T. ) ;
#3563 = CARTESIAN_POINT ( 'NONE',  ( 40.00000000000000000, 18.00000000000000000, 3.500000000000000000 ) ) ;
#3564 = PERSON_AND_ORGANIZATION ( #2011, #2802 ) ;
#3565 = CC_DESIGN_DATE_AND_TIME_ASSIGNMENT ( #3553, #654, ( #9142 ) ) ;
#3566 = LINE ( 'NONE', #7273, #4978 ) ;
#3567 = VERTEX_POINT ( 'NONE', #2975 ) ;
#3568 = VECTOR ( 'NONE', #11329, 1000.000000000000000 ) ;
#3569 = EDGE_CURVE ( 'NONE', #1798, #9267, #322, .T. ) ;
#3570 = EDGE_LOOP ( 'NONE', ( #7284, #2968, #10809, #7846 ) ) ;
#3571 = CARTESIAN_POINT ( 'NONE',  ( 29.94973070017958960, 18.00000000000000000, 25.61849192100535078 ) ) ;
#3572 = CARTESIAN_POINT ( 'NONE',  ( 165.0000000000000000, 14.00000000000000000, 165.0000000000000000 ) ) ;
#3573 = CARTESIAN_POINT ( 'NONE',  ( 29.94973070017958960, 18.00000000000000000, 22.06822262118494393 ) ) ;
#3574 = DIRECTION ( 'NONE',  ( 1.000000000000000000, 0.000000000000000000, 0.000000000000000000 ) ) ;
#3575 = AXIS2_PLACEMENT_3D ( 'NONE', #1621, #7210, #10919 ) ;
#3576 = EDGE_LOOP ( 'NONE', ( #389, #4707, #6687, #9590 ) ) ;
#3577 = CARTESIAN_POINT ( 'NONE',  ( -52.50000000000000000, 60.00000000000000000, -30.00000000000000000 ) ) ;
#3578 = APPROVAL_ROLE ( '' ) ;
#3580 = ORIENTED_EDGE ( 'NONE', *, *, #8032, .F. ) ;
#3579 = ORIENTED_EDGE ( 'NONE', *, *, #181, .F. ) ;
#3581 = ADVANCED_FACE ( 'NONE', ( #9492 ), #3044, .T. ) ;
#3582 = VECTOR ( 'NONE', #777, 1000.000000000000000 ) ;
#3583 = VERTEX_POINT ( 'NONE', #2124 ) ;
#3584 = ORIENTED_EDGE ( 'NONE', *, *, #8587, .T. ) ;
#3585 = CIRCLE ( 'NONE', #9797, 155.0000000000000000 ) ;
#3586 = DIRECTION ( 'NONE',  ( -1.000000000000000000, 0.000000000000000000, 0.000000000000000000 ) ) ;
#3587 = DIRECTION ( 'NONE',  ( 0.000000000000000000, 1.000000000000000000, 0.000000000000000000 ) ) ;
#3588 = ORIENTED_EDGE ( 'NONE', *, *, #1025, .F. ) ;
#3589 = VECTOR ( 'NONE', #3379, 1000.000000000000000 ) ;
#3590 = EDGE_CURVE ( 'NONE', #9172, #10169, #6685, .T. ) ;
#3591 = DIRECTION ( 'NONE',  ( 0.000000000000000000, 0.000000000000000000, 1.000000000000000000 ) ) ;
#3592 = AXIS2_PLACEMENT_3D ( 'NONE', #4368, #901, #4590 ) ;
#3593 = CALENDAR_DATE ( 2026, 29, 7 ) ;
#3594 = VECTOR ( 'NONE', #1252, 1000.000000000000000 ) ;
#3595 = EDGE_CURVE ( 'NONE', #8433, #8240, #7853, .T. ) ;
#3596 = VERTEX_POINT ( 'NONE', #11516 ) ;
#3597 = PERSON_AND_ORGANIZATION_ROLE ( 'classification_officer' ) ;
#3598 = ORIENTED_EDGE ( 'NONE', *, *, #6299, .F. ) ;
#3599 = CIRCLE ( 'NONE', #11779, 3.450405226897622413 ) ;
#3600 = APPROVAL_PERSON_ORGANIZATION ( #8671, #11748, #9584 ) ;
#3601 = DIRECTION ( 'NONE',  ( -0.000000000000000000, -1.000000000000000000, -0.000000000000000000 ) ) ;
#3602 = AXIS2_PLACEMENT_3D ( 'NONE', #10968, #4455, #9989 ) ;
#3603 = DIRECTION ( 'NONE',  ( 0.000000000000000000, 1.000000000000000000, 0.000000000000000000 ) ) ;
#3604 = CARTESIAN_POINT ( 'NONE',  ( 105.0000000000000000, 90.00000000000000000, 105.0000000000000000 ) ) ;
#3605 = FACE_OUTER_BOUND ( 'NONE', #3383, .T. ) ;
#3606 = DIRECTION ( 'NONE',  ( 1.000000000000000000, 0.000000000000000000, 0.000000000000000000 ) ) ;
#3607 = EDGE_CURVE ( 'NONE', #10893, #9156, #6948, .T. ) ;
#3608 = DIRECTION ( 'NONE',  ( 0.000000000000000000, 1.000000000000000000, 0.000000000000000000 ) ) ;
#3609 = ORIENTED_EDGE ( 'NONE', *, *, #8757, .F. ) ;
#3610 = PERSON_AND_ORGANIZATION_ROLE ( 'design_supplier' ) ;
#3611 = PERSON_AND_ORGANIZATION_ROLE ( 'creator' ) ;
#3612 = CC_DESIGN_APPROVAL ( #8233, ( #6964 ) ) ;
#3613 = DIRECTION ( 'NONE',  ( 0.000000000000000000, 0.000000000000000000, -1.000000000000000000 ) ) ;
#3614 = PLANE ( 'NONE',  #9265 ) ;
#3615 = PRODUCT_DEFINITION_SHAPE ( 'NONE', 'NONE',  #12031 ) ;
#3616 = CARTESIAN_POINT ( 'NONE',  ( 0.000000000000000000, 0.000000000000000000, 0.000000000000000000 ) ) ;
#3617 = PRODUCT_RELATED_PRODUCT_CATEGORY ( 'detail', '', ( #4008 ) ) ;
#3618 = CARTESIAN_POINT ( 'NONE',  ( 46.15384615384618172, 12.00000000000000000, 65.88461538461544365 ) ) ;
#3619 = DIRECTION ( 'NONE',  ( 0.000000000000000000, 0.000000000000000000, 1.000000000000000000 ) ) ;
#3620 = DIRECTION ( 'NONE',  ( 0.000000000000000000, 0.000000000000000000, 1.000000000000000000 ) ) ;
#3621 = CARTESIAN_POINT ( 'NONE',  ( 0.000000000000000000, 0.000000000000000000, 0.000000000000000000 ) ) ;
#3622 = CALENDAR_DATE ( 2026, 29, 7 ) ;
#3623 = LINE ( 'NONE', #5427, #6947 ) ;
#3624 = ORIENTED_EDGE ( 'NONE', *, *, #6631, .F. ) ;
#3625 = PERSON ( 'NAUO-PER9', 'UNSPECIFIED', 'UNSPECIFIED', ('UNSPECIFIED'), ('UNSPECIFIED'), ('UNSPECIFIED') ) ;
#3626 = ORIENTED_EDGE ( 'NONE', *, *, #6598, .F. ) ;
#3627 = DIRECTION ( 'NONE',  ( -0.000000000000000000, -1.000000000000000000, -0.000000000000000000 ) ) ;
#3628 = FACE_OUTER_BOUND ( 'NONE', #1209, .T. ) ;
#3629 = CARTESIAN_POINT ( 'NONE',  ( 0.000000000000000000, 130.0000000000000000, 0.000000000000000000 ) ) ;
#3630 = EDGE_LOOP ( 'NONE', ( #1764, #264, #6388, #6963 ) ) ;
#3631 = EDGE_CURVE ( 'NONE', #866, #10063, #8134, .T. ) ;
#3632 = LINE ( 'NONE', #6356, #633 ) ;
#3633 = DIRECTION ( 'NONE',  ( 1.000000000000000000, 0.000000000000000000, 0.000000000000000000 ) ) ;
#3634 = VECTOR ( 'NONE', #7226, 1000.000000000000000 ) ;
#3635 = LINE ( 'NONE', #1074, #2664 ) ;
#3636 = PERSON_AND_ORGANIZATION ( #2011, #2802 ) ;
#3637 = EDGE_CURVE ( 'NONE', #3941, #11737, #3233, .T. ) ;
#3639 = ORIENTED_EDGE ( 'NONE', *, *, #7608, .F. ) ;
#3638 = ORIENTED_EDGE ( 'NONE', *, *, #3382, .T. ) ;
#3640 = ORIENTED_EDGE ( 'NONE', *, *, #709, .T. ) ;
#3641 = ORIENTED_EDGE ( 'NONE', *, *, #11793, .T. ) ;
#3642 = CARTESIAN_POINT ( 'NONE',  ( -29.94973070017952566, 0.000000000000000000, 22.06822262118491906 ) ) ;
#3643 =( REPRESENTATION_RELATIONSHIP ('NONE','NONE', #8109, #10979 ) REPRESENTATION_RELATIONSHIP_WITH_TRANSFORMATION ( #11199 )SHAPE_REPRESENTATION_RELATIONSHIP( ) );
#3645 = AXIS2_PLACEMENT_3D ( 'NONE', #10805, #667, #6113 ) ;
#3644 = CYLINDRICAL_SURFACE ( 'NONE', #2857, 10.00000000000000000 ) ;
#3646 = ADVANCED_FACE ( 'NONE', ( #4083 ), #6015, .F. ) ;
#3647 = PLANE ( 'NONE',  #4986 ) ;
#3648 = AXIS2_PLACEMENT_3D ( 'NONE', #11374, #3023, #2172 ) ;
#3649 = CARTESIAN_POINT ( 'NONE',  ( -385.0000000000002274, 8.000000000000000000, -170.0000000000000000 ) ) ;
#3650 = PERSON_AND_ORGANIZATION ( #2011, #2802 ) ;
#3651 = VECTOR ( 'NONE', #10312, 1000.000000000000000 ) ;
#3652 = VECTOR ( 'NONE', #8639, 1000.000000000000000 ) ;
#3653 = ORIENTED_EDGE ( 'NONE', *, *, #3951, .T. ) ;
#3654 = COORDINATED_UNIVERSAL_TIME_OFFSET ( 8, 0, .AHEAD. ) ;
#3655 = ORIENTED_EDGE ( 'NONE', *, *, #4722, .T. ) ;
#3656 = AXIS2_PLACEMENT_3D ( 'NONE', #11117, #5603, #9330 ) ;
#3657 = UNCERTAINTY_MEASURE_WITH_UNIT (LENGTH_MEASURE( 1.000000000000000082E-05 ), #81, 'distance_accuracy_value', 'NONE');
#3658 = CARTESIAN_POINT ( 'NONE',  ( -35.00000000000000000, 26.00000000000000000, 10.00000000000000000 ) ) ;
#3659 = EDGE_CURVE ( 'NONE', #7830, #9002, #5029, .T. ) ;
#3660 = VECTOR ( 'NONE', #4646, 1000.000000000000000 ) ;
#3661 = DIRECTION ( 'NONE',  ( 0.000000000000000000, -0.000000000000000000, -1.000000000000000000 ) ) ;
#3662 = DIRECTION ( 'NONE',  ( 0.000000000000000000, 1.000000000000000000, 0.000000000000000000 ) ) ;
#3663 = DIRECTION ( 'NONE',  ( -0.000000000000000000, -0.000000000000000000, 1.000000000000000000 ) ) ;
#3664 = EDGE_LOOP ( 'NONE', ( #10565, #2880, #8747, #8420 ) ) ;
#3665 = PERSON_AND_ORGANIZATION ( #2011, #2802 ) ;
#3666 = AXIS2_PLACEMENT_3D ( 'NONE', #5475, #10915, #9086 ) ;
#3667 = APPROVAL_ROLE ( '' ) ;
#3668 = CIRCLE ( 'NONE', #9489, 2.480694691784170125 ) ;
#3669 = FACE_OUTER_BOUND ( 'NONE', #2463, .T. ) ;
#3670 = FACE_BOUND ( 'NONE', #2552, .T. ) ;
#3671 = EDGE_CURVE ( 'NONE', #6366, #913, #3110, .T. ) ;
#3672 = DIRECTION ( 'NONE',  ( -0.000000000000000000, -1.000000000000000000, -0.000000000000000000 ) ) ;
#3673 = VECTOR ( 'NONE', #12008, 1000.000000000000000 ) ;
#3674 = ORIENTED_EDGE ( 'NONE', *, *, #11850, .T. ) ;
#3675 = DIRECTION ( 'NONE',  ( 0.000000000000000000, 1.000000000000000000, 0.000000000000000000 ) ) ;
#3676 = PLANE ( 'NONE',  #2679 ) ;
#3677 = CARTESIAN_POINT ( 'NONE',  ( 47.50000000000000000, 18.00000000000000000, -35.00000000000000000 ) ) ;
#3678 = DATE_AND_TIME ( #3508, #10976 ) ;
#3679 = FACE_OUTER_BOUND ( 'NONE', #8731, .T. ) ;
#3680 = CC_DESIGN_SECURITY_CLASSIFICATION ( #8453, ( #1482 ) ) ;
#3681 = APPROVAL ( #8275, 'æœª' ) ;
#3682 = CIRCLE ( 'NONE', #3877, 3.550269299820402846 ) ;
#3683 = ORIENTED_EDGE ( 'NONE', *, *, #9462, .T. ) ;
#3684 = CC_DESIGN_DATE_AND_TIME_ASSIGNMENT ( #5342, #6315, ( #2933 ) ) ;
#3685 = ORIENTED_EDGE ( 'NONE', *, *, #9755, .F. ) ;
#3686 = DIRECTION ( 'NONE',  ( 0.000000000000000000, 0.000000000000000000, 1.000000000000000000 ) ) ;
#3687 = EDGE_CURVE ( 'NONE', #3703, #1991, #3168, .T. ) ;
#3688 = CARTESIAN_POINT ( 'NONE',  ( -46.15384615384615330, 0.000000000000000000, -69.23076923076924061 ) ) ;
#3689 = DIRECTION ( 'NONE',  ( 0.000000000000000000, 1.000000000000000000, 0.000000000000000000 ) ) ;
#3690 = FACE_BOUND ( 'NONE', #4044, .T. ) ;
#3691 = SECURITY_CLASSIFICATION ( '', '', #5551 ) ;
#3692 = CIRCLE ( 'NONE', #10481, 10.00000000000000000 ) ;
#3693 = DIRECTION ( 'NONE',  ( 1.000000000000000000, 0.000000000000000000, 0.000000000000000000 ) ) ;
#3694 = LINE ( 'NONE', #6597, #4410 ) ;
#3695 = CALENDAR_DATE ( 2026, 29, 7 ) ;
#3696 = EDGE_CURVE ( 'NONE', #1021, #11368, #386, .T. ) ;
#3698 = EDGE_LOOP ( 'NONE', ( #3492, #8093, #6971, #10775 ) ) ;
#3697 = VERTEX_POINT ( 'NONE', #6813 ) ;
#3699 = CC_DESIGN_PERSON_AND_ORGANIZATION_ASSIGNMENT ( #11028, #7140, ( #7399 ) ) ;
#3700 = ORGANIZATION ( 'NAUO-ORG22', 'UNSPECIFIED', 'UNSPECIFIED' ) ;
#3701 = LOCAL_TIME ( 1, 42, 14.00000000000000000, #1946 ) ;
#3702 = ORIENTED_EDGE ( 'NONE', *, *, #3738, .T. ) ;
#3703 = VERTEX_POINT ( 'NONE', #9736 ) ;
#3704 = PLANE ( 'NONE',  #1410 ) ;
#3705 = CARTESIAN_POINT ( 'NONE',  ( -29.94973070017952210, 18.00000000000000000, -18.61781739428728599 ) ) ;
#3706 = VERTEX_POINT ( 'NONE', #1413 ) ;
#3707 = EDGE_CURVE ( 'NONE', #629, #3019, #5094, .T. ) ;
#3708 = CC_DESIGN_SECURITY_CLASSIFICATION ( #6809, ( #12044 ) ) ;
#3709 = CARTESIAN_POINT ( 'NONE',  ( -30.00000000000000000, 0.000000000000000000, 27.94637722496424459 ) ) ;
#3710 = LOCAL_TIME ( 1, 42, 14.00000000000000000, #2563 ) ;
#3711 = CARTESIAN_POINT ( 'NONE',  ( 280.0000000000000000, 0.000000000000000000, 38.00000000000000000 ) ) ;
#3712 = MECHANICAL_CONTEXT ( 'NONE', #7838, 'mechanical' ) ;
#3713 = VERTEX_POINT ( 'NONE', #10393 ) ;
#3714 = DATE_AND_TIME ( #2732, #8195 ) ;
#3715 = PRODUCT_DEFINITION_SHAPE ( 'NONE', 'NONE',  #804 ) ;
#3716 = EDGE_LOOP ( 'NONE', ( #114, #4509 ) ) ;
#3717 = ADVANCED_FACE ( 'NONE', ( #4849 ), #7666, .F. ) ;
#3718 = VERTEX_POINT ( 'NONE', #46 ) ;
#3719 = CIRCLE ( 'NONE', #9744, 3.346153846153804068 ) ;
#3720 = CARTESIAN_POINT ( 'NONE',  ( 51.28027681660910986, 72.00000000000000000, -23.12975778546728733 ) ) ;
#3721 = CYLINDRICAL_SURFACE ( 'NONE', #10941, 3.550269299820402846 ) ;
#3722 = CARTESIAN_POINT ( 'NONE',  ( -163.1999999999999886, 42.00000000000000000, -46.99999999999999289 ) ) ;
#3723 = LINE ( 'NONE', #8520, #3210 ) ;
#3724 = ORIENTED_EDGE ( 'NONE', *, *, #7376, .F. ) ;
#3725 = CALENDAR_DATE ( 2026, 29, 7 ) ;
#3726 = CIRCLE ( 'NONE', #5461, 3.450405226897625965 ) ;
#3727 = CALENDAR_DATE ( 2026, 29, 7 ) ;
#3728 = FACE_BOUND ( 'NONE', #6204, .T. ) ;
#3729 = DIRECTION ( 'NONE',  ( 0.000000000000000000, 0.000000000000000000, -1.000000000000000000 ) ) ;
#3730 = LINE ( 'NONE', #11907, #3082 ) ;
#3731 = CIRCLE ( 'NONE', #1419, 5.653846153846162181 ) ;
#3732 = CARTESIAN_POINT ( 'NONE',  ( 29.94973070017960382, 0.000000000000000000, -22.06822262118497591 ) ) ;
#3733 = DIRECTION ( 'NONE',  ( -0.000000000000000000, -1.000000000000000000, -0.000000000000000000 ) ) ;
#3734 = EDGE_CURVE ( 'NONE', #3706, #10833, #10455, .T. ) ;
#3735 = CARTESIAN_POINT ( 'NONE',  ( 49.74884620746168196, 0.000000000000000000, -113.1043392264672747 ) ) ;
#3736 = APPROVAL_STATUS ( 'not_yet_approved' ) ;
#3737 = EDGE_CURVE ( 'NONE', #3495, #2166, #10943, .T. ) ;
#3738 = EDGE_CURVE ( 'NONE', #5045, #9648, #9914, .T. ) ;
#3739 = ORIENTED_EDGE ( 'NONE', *, *, #1373, .T. ) ;
#3740 = EDGE_LOOP ( 'NONE', ( #2341, #10883, #5088, #9780 ) ) ;
#3741 = CLOSED_SHELL ( 'NONE', ( #9438, #11712, #6249, #8805, #818, #8918, #424, #2427, #8610, #8419, #1886, #7909, #10790, #3024, #8771, #2412, #6627, #5054, #3195, #4043, #5962, #9070, #11930 ) ) ;
#3742 = PLANE ( 'NONE',  #5730 ) ;
#3743 = FACE_OUTER_BOUND ( 'NONE', #1994, .T. ) ;
#3744 = CARTESIAN_POINT ( 'NONE',  ( 280.0000000000000000, 12.00000000000000000, -42.50000000000001421 ) ) ;
#3745 = PLANE ( 'NONE',  #12 ) ;
#3746 = DIRECTION ( 'NONE',  ( 0.000000000000000000, 0.000000000000000000, -1.000000000000000000 ) ) ;
#3747 = DATE_TIME_ROLE ( 'classification_date' ) ;
#3748 = PERSON_AND_ORGANIZATION ( #2011, #2802 ) ;
#3749 = EDGE_CURVE ( 'NONE', #4815, #4249, #1535, .T. ) ;
#3750 = CARTESIAN_POINT ( 'NONE',  ( -120.1043392264672747, 0.000000000000000000, 56.74884620746166064 ) ) ;
#3752 = ORIENTED_EDGE ( 'NONE', *, *, #739, .T. ) ;
#3751 = ORIENTED_EDGE ( 'NONE', *, *, #6071, .T. ) ;
#3753 = VERTEX_POINT ( 'NONE', #8883 ) ;
#3754 = DIRECTION ( 'NONE',  ( 0.000000000000000000, 1.000000000000000000, 0.000000000000000000 ) ) ;
#3755 = FACE_OUTER_BOUND ( 'NONE', #5283, .T. ) ;
#3756 = CIRCLE ( 'NONE', #7444, 4.219723183390894583 ) ;
#3757 = CC_DESIGN_PERSON_AND_ORGANIZATION_ASSIGNMENT ( #520, #11398, ( #9899 ) ) ;
#3758 = DIRECTION ( 'NONE',  ( 0.000000000000000000, 0.000000000000000000, 1.000000000000000000 ) ) ;
#3759 = DIRECTION ( 'NONE',  ( 0.000000000000000000, 0.000000000000000000, 1.000000000000000000 ) ) ;
#3760 = APPROVAL_STATUS ( 'not_yet_approved' ) ;
#3761 = AXIS2_PLACEMENT_3D ( 'NONE', #1332, #5014, #8746 ) ;
#3762 = VERTEX_POINT ( 'NONE', #1473 ) ;
#3763 = APPROVAL_ROLE ( '' ) ;
#3764 = AXIS2_PLACEMENT_3D ( 'NONE', #10584, #3897, #1350 ) ;
#3765 = EDGE_CURVE ( 'NONE', #10843, #854, #8900, .T. ) ;
#3766 = ORIENTED_EDGE ( 'NONE', *, *, #744, .T. ) ;
#3767 = CARTESIAN_POINT ( 'NONE',  ( 165.0000000000000000, 0.000000000000000000, -165.0000000000000000 ) ) ;
#3768 = AXIS2_PLACEMENT_3D ( 'NONE', #10564, #9413, #8501 ) ;
#3769 = ADVANCED_FACE ( 'NONE', ( #9966 ), #11817, .F. ) ;
#3770 = AXIS2_PLACEMENT_3D ( 'NONE', #10102, #8519, #3606 ) ;
#3771 = FACE_OUTER_BOUND ( 'NONE', #2721, .T. ) ;
#3772 = CIRCLE ( 'NONE', #5893, 3.346153846153804068 ) ;
#3773 = DIRECTION ( 'NONE',  ( -0.000000000000000000, -0.000000000000000000, 1.000000000000000000 ) ) ;
#3774 = DIRECTION ( 'NONE',  ( -0.000000000000000000, -0.000000000000000000, 1.000000000000000000 ) ) ;
#3775 = ORIENTED_EDGE ( 'NONE', *, *, #8367, .T. ) ;
#3776 = DATE_TIME_ROLE ( 'classification_date' ) ;
#3777 = CALENDAR_DATE ( 2026, 29, 7 ) ;
#3778 = EDGE_CURVE ( 'NONE', #2129, #4273, #1645, .T. ) ;
#3779 = VECTOR ( 'NONE', #7626, 1000.000000000000000 ) ;
#3780 = AXIS2_PLACEMENT_3D ( 'NONE', #7343, #2543, #3693 ) ;
#3781 = DIRECTION ( 'NONE',  ( 0.000000000000000000, -0.000000000000000000, -1.000000000000000000 ) ) ;
#3782 = FACE_OUTER_BOUND ( 'NONE', #9821, .T. ) ;
#3783 = CALENDAR_DATE ( 2026, 29, 7 ) ;
#3784 = CARTESIAN_POINT ( 'NONE',  ( 385.0000000000000000, 8.000000000000000000, 130.0000000000000284 ) ) ;
#3785 = ORIENTED_EDGE ( 'NONE', *, *, #11062, .T. ) ;
#3786 = DIRECTION ( 'NONE',  ( 0.000000000000000000, 0.000000000000000000, 1.000000000000000000 ) ) ;
#3787 = DIRECTION ( 'NONE',  ( 0.000000000000000000, 0.000000000000000000, 1.000000000000000000 ) ) ;
#3788 = VECTOR ( 'NONE', #8445, 1000.000000000000000 ) ;
#3789 = SHAPE_REPRESENTATION_RELATIONSHIP ( 'NONE' , 'NONE' ,  #3980, #460 ) ;
#3790 = APPROVAL_PERSON_ORGANIZATION ( #7958, #4867, #607 ) ;
#3791 = DIRECTION ( 'NONE',  ( 0.000000000000000000, 0.000000000000000000, 1.000000000000000000 ) ) ;
#3792 = EDGE_CURVE ( 'NONE', #6921, #9156, #2608, .T. ) ;
#3793 = PERSON_AND_ORGANIZATION ( #2011, #2802 ) ;
#3794 = AXIS2_PLACEMENT_3D ( 'NONE', #2324, #4337, #1483 ) ;
#3795 = EDGE_LOOP ( 'NONE', ( #1148, #7701 ) ) ;
#3796 = CARTESIAN_POINT ( 'NONE',  ( -27.50000000000000000, 28.00000000000000000, 18.00000000000000000 ) ) ;
#3797 = DIRECTION ( 'NONE',  ( -0.000000000000000000, -0.000000000000000000, 1.000000000000000000 ) ) ;
#3798 = DIRECTION ( 'NONE',  ( -0.000000000000000000, -1.000000000000000000, -0.000000000000000000 ) ) ;
#3799 = EDGE_CURVE ( 'NONE', #1999, #6986, #1707, .T. ) ;
#3800 = CARTESIAN_POINT ( 'NONE',  ( 280.0000000000000000, 12.00000000000000000, -13.00000000000000000 ) ) ;
#3801 = DIRECTION ( 'NONE',  ( 0.000000000000000000, 1.000000000000000000, 0.000000000000000000 ) ) ;
#3802 = EDGE_CURVE ( 'NONE', #1903, #4263, #3834, .T. ) ;
#3803 = PERSON_AND_ORGANIZATION ( #3194, #11879 ) ;
#3804 = CARTESIAN_POINT ( 'NONE',  ( -49.74884620746166775, 14.00000000000000000, 120.1043392264672889 ) ) ;
#3806 = ORIENTED_EDGE ( 'NONE', *, *, #5637, .T. ) ;
#3805 = EDGE_LOOP ( 'NONE', ( #6396, #8196, #1520, #11531 ) ) ;
#3807 = ORIENTED_EDGE ( 'NONE', *, *, #3225, .T. ) ;
#3808 = CARTESIAN_POINT ( 'NONE',  ( -165.0000000000000000, 0.000000000000000000, 165.0000000000000000 ) ) ;
#3809 = FACE_OUTER_BOUND ( 'NONE', #11129, .T. ) ;
#3810 = VERTEX_POINT ( 'NONE', #8947 ) ;
#3811 = ADVANCED_FACE ( 'NONE', ( #7982 ), #1595, .F. ) ;
#3812 = ORIENTED_EDGE ( 'NONE', *, *, #123, .T. ) ;
#3813 = CARTESIAN_POINT ( 'NONE',  ( 0.000000000000000000, 130.0000000000000000, 0.000000000000000000 ) ) ;
#3814 = VECTOR ( 'NONE', #3277, 1000.000000000000000 ) ;
#3815 = CARTESIAN_POINT ( 'NONE',  ( -46.15384615384615330, 12.00000000000000000, 69.23076923076924061 ) ) ;
#3816 = VERTEX_POINT ( 'NONE', #9007 ) ;
#3817 = CARTESIAN_POINT ( 'NONE',  ( -460.0000000000000000, 24.00000000000000000, -285.0000000000000000 ) ) ;
#3818 = DATE_TIME_ROLE ( 'creation_date' ) ;
#3819 = VECTOR ( 'NONE', #7435, 1000.000000000000000 ) ;
#3820 = EDGE_LOOP ( 'NONE', ( #228, #3981, #11636, #6863 ) ) ;
#3821 = SECURITY_CLASSIFICATION_LEVEL ( 'unclassified' ) ;
#3822 = AXIS2_PLACEMENT_3D ( 'NONE', #9053, #2428, #11806 ) ;
#3823 = EDGE_LOOP ( 'NONE', ( #5059, #10511, #4236, #11449 ) ) ;
#3824 = APPROVAL ( #5934, 'æœª' ) ;
#3825 = CC_DESIGN_PERSON_AND_ORGANIZATION_ASSIGNMENT ( #2096, #10302, ( #10291 ) ) ;
#3826 = EDGE_CURVE ( 'NONE', #10482, #9831, #159, .T. ) ;
#3827 = CYLINDRICAL_SURFACE ( 'NONE', #9497, 3.450405226897625965 ) ;
#3828 = AXIS2_PLACEMENT_3D ( 'NONE', #9230, #910, #4601 ) ;
#3829 = DIRECTION ( 'NONE',  ( -0.000000000000000000, 1.000000000000000000, -0.000000000000000000 ) ) ;
#3830 = EDGE_LOOP ( 'NONE', ( #10819, #3641, #3095, #10126 ) ) ;
#3831 = DIRECTION ( 'NONE',  ( -1.000000000000000000, -0.000000000000000000, -0.000000000000000000 ) ) ;
#3832 = AXIS2_PLACEMENT_3D ( 'NONE', #10747, #7095, #9889 ) ;
#3833 =( NAMED_UNIT ( * ) SI_UNIT ( $, .STERADIAN. ) SOLID_ANGLE_UNIT ( ) );
#3834 = CIRCLE ( 'NONE', #10050, 4.500000000000017764 ) ;
#3835 = DIRECTION ( 'NONE',  ( 0.000000000000000000, 0.000000000000000000, 1.000000000000000000 ) ) ;
#3836 = EDGE_LOOP ( 'NONE', ( #3785, #1832, #4326, #8809, #5003 ) ) ;
#3837 = COORDINATED_UNIVERSAL_TIME_OFFSET ( 8, 0, .AHEAD. ) ;
#3838 = EDGE_CURVE ( 'NONE', #7687, #11459, #5219, .T. ) ;
#3839 = PERSON_AND_ORGANIZATION ( #11166, #817 ) ;
#3840 = CC_DESIGN_DATE_AND_TIME_ASSIGNMENT ( #3993, #3079, ( #7635 ) ) ;
#3841 = VECTOR ( 'NONE', #2820, 1000.000000000000000 ) ;
#3842 = FACE_OUTER_BOUND ( 'NONE', #9948, .T. ) ;
#3843 = VECTOR ( 'NONE', #4759, 1000.000000000000000 ) ;
#3844 = DIRECTION ( 'NONE',  ( 0.000000000000000000, 1.000000000000000000, 0.000000000000000000 ) ) ;
#3845 = PERSON_AND_ORGANIZATION_ROLE ( 'classification_officer' ) ;
#3846 = FACE_OUTER_BOUND ( 'NONE', #11855, .T. ) ;
#3847 = VERTEX_POINT ( 'NONE', #7060 ) ;
#3848 = DIRECTION ( 'NONE',  ( 0.000000000000000000, 0.000000000000000000, 1.000000000000000000 ) ) ;
#3849 = EDGE_CURVE ( 'NONE', #5015, #7473, #9866, .T. ) ;
#3850 = DIRECTION ( 'NONE',  ( 1.000000000000000000, 0.000000000000000000, 0.000000000000000000 ) ) ;
#3851 = AXIS2_PLACEMENT_3D ( 'NONE', #5589, #1672, #5359 ) ;
#3852 = CARTESIAN_POINT ( 'NONE',  ( 51.28027681660910275, 72.00000000000000000, 31.56920415224904986 ) ) ;
#3853 = DATE_AND_TIME ( #7627, #1068 ) ;
#3854 = VECTOR ( 'NONE', #5466, 1000.000000000000000 ) ;
#3855 = EDGE_LOOP ( 'NONE', ( #2591, #3598, #10430, #1737 ) ) ;
#3856 = AXIS2_PLACEMENT_3D ( 'NONE', #7436, #8411, #936 ) ;
#3857 = CARTESIAN_POINT ( 'NONE',  ( 385.0000000000000000, 8.000000000000000000, -170.0000000000000000 ) ) ;
#3858 = EDGE_CURVE ( 'NONE', #4023, #3940, #7000, .T. ) ;
#3859 = FACE_BOUND ( 'NONE', #8264, .T. ) ;
#3860 = DIRECTION ( 'NONE',  ( 0.000000000000000000, 0.000000000000000000, -1.000000000000000000 ) ) ;
#3861 = ORIENTED_EDGE ( 'NONE', *, *, #7379, .F. ) ;
#3862 = CIRCLE ( 'NONE', #8526, 5.500000000000018652 ) ;
#3863 = CARTESIAN_POINT ( 'NONE',  ( 284.3874821936960871, 12.00000000000000000, 39.00000000000000711 ) ) ;
#3864 = CARTESIAN_POINT ( 'NONE',  ( -460.0000000000000000, 24.00000000000000000, 285.0000000000000000 ) ) ;
#3865 = APPROVAL_STATUS ( 'not_yet_approved' ) ;
#3866 = DIRECTION ( 'NONE',  ( 0.000000000000000000, 0.000000000000000000, 1.000000000000000000 ) ) ;
#3867 = APPLICATION_CONTEXT ( 'configuration controlled 3d designs of mechanical parts and assemblies' ) ;
#3868 = AXIS2_PLACEMENT_3D ( 'NONE', #7131, #7015, #7871 ) ;
#3869 = CYLINDRICAL_SURFACE ( 'NONE', #5181, 2.480694691784170125 ) ;
#3871 = ORIENTED_EDGE ( 'NONE', *, *, #6826, .F. ) ;
#3870 = ORIENTED_EDGE ( 'NONE', *, *, #2705, .F. ) ;
#3872 = ORIENTED_EDGE ( 'NONE', *, *, #10033, .F. ) ;
#3873 = CARTESIAN_POINT ( 'NONE',  ( 120.1043392264672747, 14.00000000000000000, 49.74884620746166064 ) ) ;
#3874 = DIRECTION ( 'NONE',  ( 0.000000000000000000, 0.000000000000000000, 1.000000000000000000 ) ) ;
#3875 = DIRECTION ( 'NONE',  ( 0.000000000000000000, 0.000000000000000000, -1.000000000000000000 ) ) ;
#3876 = APPROVAL_PERSON_ORGANIZATION ( #10829, #3093, #9010 ) ;
#3877 = AXIS2_PLACEMENT_3D ( 'NONE', #4758, #7450, #1643 ) ;
#3878 = EDGE_LOOP ( 'NONE', ( #7786, #3018, #6092, #378 ) ) ;
#3879 = EDGE_LOOP ( 'NONE', ( #5409, #6142, #10999, #7919 ) ) ;
#3880 = DIRECTION ( 'NONE',  ( 0.000000000000000000, 0.000000000000000000, 1.000000000000000000 ) ) ;
#3881 = CARTESIAN_POINT ( 'NONE',  ( -163.1999999999999886, 42.00000000000000000, 56.99999999999999289 ) ) ;
#3882 = CARTESIAN_POINT ( 'NONE',  ( 140.5000000000000000, 10.00000000000000000, 31.00000000000000000 ) ) ;
#3884 = APPROVAL_DATE_TIME ( #8505, #3681 ) ;
#3883 = CC_DESIGN_SECURITY_CLASSIFICATION ( #439, ( #12032 ) ) ;
#3885 = LOCAL_TIME ( 1, 42, 14.00000000000000000, #1405 ) ;
#3886 = EDGE_CURVE ( 'NONE', #9343, #5499, #9084, .T. ) ;
#3887 = ORIENTED_EDGE ( 'NONE', *, *, #3493, .T. ) ;
#3888 = COORDINATED_UNIVERSAL_TIME_OFFSET ( 8, 0, .AHEAD. ) ;
#3889 = ORIENTED_EDGE ( 'NONE', *, *, #2547, .T. ) ;
#3890 = APPROVAL_PERSON_ORGANIZATION ( #8484, #9246, #2032 ) ;
#3891 = UNCERTAINTY_MEASURE_WITH_UNIT (LENGTH_MEASURE( 1.000000000000000082E-05 ), #6748, 'distance_accuracy_value', 'NONE');
#3892 = CARTESIAN_POINT ( 'NONE',  ( 120.1043392264672747, 0.000000000000000000, -49.74884620746167485 ) ) ;
#3893 = CC_DESIGN_SECURITY_CLASSIFICATION ( #11095, ( #9324 ) ) ;
#3894 = VERTEX_POINT ( 'NONE', #3298 ) ;
#3895 = LINE ( 'NONE', #6683, #3568 ) ;
#3896 = LINE ( 'NONE', #5521, #5006 ) ;
#3897 = DIRECTION ( 'NONE',  ( 0.000000000000000000, 0.000000000000000000, 1.000000000000000000 ) ) ;
#3898 = PERSON ( 'NAUO-PER28', 'UNSPECIFIED', 'UNSPECIFIED', ('UNSPECIFIED'), ('UNSPECIFIED'), ('UNSPECIFIED') ) ;
#3899 = CARTESIAN_POINT ( 'NONE',  ( -385.0000000000002274, 8.000000000000000000, 130.0000000000000284 ) ) ;
#3900 = EDGE_LOOP ( 'NONE', ( #5496, #10395, #7897, #5013 ) ) ;
#3901 = APPROVAL_DATE_TIME ( #8347, #4704 ) ;
#3902 = EDGE_CURVE ( 'NONE', #2433, #5447, #4607, .T. ) ;
#3903 = CARTESIAN_POINT ( 'NONE',  ( 64.58429561200922819, 10.00000000000000000, -45.58891454965356616 ) ) ;
#3904 = ITEM_DEFINED_TRANSFORMATION ( 'NONE', 'NONE', #5903,  #7281 ) ;
#3905 = CC_DESIGN_APPROVAL ( #6203, ( #9734 ) ) ;
#3906 = PRODUCT_DEFINITION_SHAPE ( 'NONE', 'NONE',  #5740 ) ;
#3907 = SHAPE_REPRESENTATION ( 'FD-014_pusher_cylinder', ( #2596 ), #11562 ) ;
#3908 = DIRECTION ( 'NONE',  ( -0.000000000000000000, -1.000000000000000000, -0.000000000000000000 ) ) ;
#3909 = DIRECTION ( 'NONE',  ( 0.000000000000000000, 0.000000000000000000, 1.000000000000000000 ) ) ;
#3910 = CALENDAR_DATE ( 2026, 29, 7 ) ;
#3911 = CARTESIAN_POINT ( 'NONE',  ( 55.15432893255066205, 0.000000000000000000, 55.15432893255064783 ) ) ;
#3912 = DIRECTION ( 'NONE',  ( 0.000000000000000000, 0.000000000000000000, 1.000000000000000000 ) ) ;
#3913 = DIRECTION ( 'NONE',  ( 0.000000000000000000, 0.000000000000000000, 1.000000000000000000 ) ) ;
#3914 = APPROVAL ( #1055, 'æœª' ) ;
#3915 = AXIS2_PLACEMENT_3D ( 'NONE', #11019, #3603, #3880 ) ;
#3916 = CARTESIAN_POINT ( 'NONE',  ( 163.1999999999999886, 10.00000000000000000, 47.00000000000000000 ) ) ;
#3917 = PERSON_AND_ORGANIZATION_ROLE ( 'creator' ) ;
#3918 = APPROVAL_STATUS ( 'not_yet_approved' ) ;
#3919 = EDGE_CURVE ( 'NONE', #3371, #10177, #7121, .T. ) ;
#3920 = EDGE_LOOP ( 'NONE', ( #11495, #4541, #2970, #8622 ) ) ;
#3921 = VERTEX_POINT ( 'NONE', #2496 ) ;
#3922 = CARTESIAN_POINT ( 'NONE',  ( 0.000000000000000000, 0.000000000000000000, 0.000000000000000000 ) ) ;
#3923 = VECTOR ( 'NONE', #9952, 1000.000000000000000 ) ;
#3924 = DIRECTION ( 'NONE',  ( 0.000000000000000000, 0.000000000000000000, 1.000000000000000000 ) ) ;
#3925 = LINE ( 'NONE', #7633, #3472 ) ;
#3926 = ORIENTED_EDGE ( 'NONE', *, *, #4330, .F. ) ;
#3927 = DIRECTION ( 'NONE',  ( 0.000000000000000000, 0.000000000000000000, 1.000000000000000000 ) ) ;
#3928 = PLANE ( 'NONE',  #4671 ) ;
#3929 = COORDINATED_UNIVERSAL_TIME_OFFSET ( 8, 0, .AHEAD. ) ;
#3930 = EDGE_CURVE ( 'NONE', #612, #5838, #6194, .T. ) ;
#3931 = VERTEX_POINT ( 'NONE', #1026 ) ;
#3932 = VECTOR ( 'NONE', #9702, 1000.000000000000000 ) ;
#3933 = DIRECTION ( 'NONE',  ( -0.000000000000000000, -1.000000000000000000, -0.000000000000000000 ) ) ;
#3935 = ORIENTED_EDGE ( 'NONE', *, *, #3413, .T. ) ;
#3934 = ORIENTED_EDGE ( 'NONE', *, *, #4844, .F. ) ;
#3936 = ORIENTED_EDGE ( 'NONE', *, *, #1661, .F. ) ;
#3937 = LINE ( 'NONE', #7583, #2265 ) ;
#3938 = CARTESIAN_POINT ( 'NONE',  ( 55.15432893255069047, 90.00000000000000000, -49.65432893255067626 ) ) ;
#3939 = DIRECTION ( 'NONE',  ( -0.000000000000000000, -0.000000000000000000, 1.000000000000000000 ) ) ;
#3940 = VERTEX_POINT ( 'NONE', #10256 ) ;
#3941 = VERTEX_POINT ( 'NONE', #124 ) ;
#3942 = FACE_OUTER_BOUND ( 'NONE', #3289, .T. ) ;
#3943 = CARTESIAN_POINT ( 'NONE',  ( -27.50000000000000000, 28.00000000000000000, 18.00000000000000000 ) ) ;
#3944 = FACE_BOUND ( 'NONE', #173, .T. ) ;
#3945 = EDGE_CURVE ( 'NONE', #4654, #6785, #4042, .T. ) ;
#3946 = APPLICATION_PROTOCOL_DEFINITION ( 'international standard', 'config_control_design', 1994, #3867 ) ;
#3947 = ORIENTED_EDGE ( 'NONE', *, *, #2651, .T. ) ;
#3948 = ORIENTED_EDGE ( 'NONE', *, *, #1125, .F. ) ;
#3949 = AXIS2_PLACEMENT_3D ( 'NONE', #4447, #8173, #3545 ) ;
#3950 = DIRECTION ( 'NONE',  ( -0.000000000000000000, 1.000000000000000000, -0.000000000000000000 ) ) ;
#3951 = EDGE_CURVE ( 'NONE', #6522, #2717, #7728, .T. ) ;
#3952 = CARTESIAN_POINT ( 'NONE',  ( 310.0000000000000000, 12.00000000000000000, -48.00000000000000000 ) ) ;
#3953 = ORIENTED_EDGE ( 'NONE', *, *, #1842, .T. ) ;
#3954 = DIRECTION ( 'NONE',  ( 0.000000000000000000, 0.000000000000000000, -1.000000000000000000 ) ) ;
#3955 = ORIENTED_EDGE ( 'NONE', *, *, #7751, .F. ) ;
#3956 = EDGE_CURVE ( 'NONE', #9721, #7974, #11006, .T. ) ;
#3957 = CARTESIAN_POINT ( 'NONE',  ( 385.0000000000000000, 752.0000000000000000, 0.000000000000000000 ) ) ;
#3958 = DIRECTION ( 'NONE',  ( 0.000000000000000000, 0.000000000000000000, 1.000000000000000000 ) ) ;
#3959 = VECTOR ( 'NONE', #1383, 1000.000000000000000 ) ;
#3960 = ORIENTED_EDGE ( 'NONE', *, *, #11450, .F. ) ;
#3961 = SECURITY_CLASSIFICATION_LEVEL ( 'unclassified' ) ;
#3962 = LINE ( 'NONE', #8770, #5857 ) ;
#3963 = COORDINATED_UNIVERSAL_TIME_OFFSET ( 8, 0, .AHEAD. ) ;
#3964 = VERTEX_POINT ( 'NONE', #1926 ) ;
#3965 = CIRCLE ( 'NONE', #690, 3.346153846153804068 ) ;
#3966 = FACE_BOUND ( 'NONE', #113, .T. ) ;
#3967 = DATE_AND_TIME ( #269, #6402 ) ;
#3968 = VECTOR ( 'NONE', #2637, 1000.000000000000000 ) ;
#3969 = CARTESIAN_POINT ( 'NONE',  ( 0.000000000000000000, 18.00000000000000000, 0.000000000000000000 ) ) ;
#3970 = ORIENTED_EDGE ( 'NONE', *, *, #10806, .T. ) ;
#3971 = EDGE_CURVE ( 'NONE', #2853, #6837, #6169, .T. ) ;
#3972 = DIRECTION ( 'NONE',  ( 0.000000000000000000, 1.000000000000000000, 0.000000000000000000 ) ) ;
#3973 = CARTESIAN_POINT ( 'NONE',  ( 75.00000000000000000, 18.00000000000000000, 55.00000000000000000 ) ) ;
#3974 = DIRECTION ( 'NONE',  ( 1.000000000000000000, 0.000000000000000000, 0.000000000000000000 ) ) ;
#3975 = CARTESIAN_POINT ( 'NONE',  ( 35.00000000000000000, 18.00000000000000000, 0.000000000000000000 ) ) ;
#3976 = CALENDAR_DATE ( 2026, 29, 7 ) ;
#3977 = CIRCLE ( 'NONE', #10778, 4.500000000000031974 ) ;
#3978 = DATE_TIME_ROLE ( 'creation_date' ) ;
#3979 = AXIS2_PLACEMENT_3D ( 'NONE', #7163, #2597, #6296 ) ;
#3980 = SHAPE_REPRESENTATION ( 'FD-002_frame_leg', ( #2596 ), #5493 ) ;
#3981 = ORIENTED_EDGE ( 'NONE', *, *, #2289, .T. ) ;
#3982 = CC_DESIGN_PERSON_AND_ORGANIZATION_ASSIGNMENT ( #127, #4550, ( #3250 ) ) ;
#3983 = DIRECTION ( 'NONE',  ( 0.000000000000000000, 0.000000000000000000, -1.000000000000000000 ) ) ;
#3984 = DIRECTION ( 'NONE',  ( -1.000000000000000000, 0.000000000000000000, -0.000000000000000000 ) ) ;
#3985 = FACE_OUTER_BOUND ( 'NONE', #3664, .T. ) ;
#3986 = ORIENTED_EDGE ( 'NONE', *, *, #10376, .T. ) ;
#3987 = AXIS2_PLACEMENT_3D ( 'NONE', #6561, #11333, #2976 ) ;
#3988 = CC_DESIGN_SECURITY_CLASSIFICATION ( #11581, ( #6896 ) ) ;
#3989 = DIRECTION ( 'NONE',  ( 1.000000000000000000, 0.000000000000000000, 0.000000000000000000 ) ) ;
#3990 = FACE_OUTER_BOUND ( 'NONE', #2355, .T. ) ;
#3991 = CIRCLE ( 'NONE', #8653, 10.00000000000000000 ) ;
#3992 = DIRECTION ( 'NONE',  ( 0.000000000000000000, 0.000000000000000000, 1.000000000000000000 ) ) ;
#3993 = DATE_AND_TIME ( #291, #10781 ) ;
#3994 = LINE ( 'NONE', #3016, #11413 ) ;
#3996 = ORIENTED_EDGE ( 'NONE', *, *, #10722, .T. ) ;
#3995 = VERTEX_POINT ( 'NONE', #3709 ) ;
#3997 = ORIENTED_EDGE ( 'NONE', *, *, #7016, .F. ) ;
#3998 = CC_DESIGN_PERSON_AND_ORGANIZATION_ASSIGNMENT ( #2411, #4998, ( #8845 ) ) ;
#3999 = DIRECTION ( 'NONE',  ( 0.000000000000000000, -0.000000000000000000, -1.000000000000000000 ) ) ;
#4000 = LINE ( 'NONE', #2044, #8204 ) ;
#4001 = CARTESIAN_POINT ( 'NONE',  ( -30.00000000000000000, 560.0000000000000000, -30.00000000000000000 ) ) ;
#4002 = EDGE_LOOP ( 'NONE', ( #11896, #2291, #1531, #2047, #9222, #79, #5731, #9434, #944, #7577 ) ) ;
#4003 = DIRECTION ( 'NONE',  ( 0.000000000000000000, 1.000000000000000000, 0.000000000000000000 ) ) ;
#4004 = ORIENTED_EDGE ( 'NONE', *, *, #10465, .F. ) ;
#4005 = EDGE_CURVE ( 'NONE', #6848, #1014, #2490, .T. ) ;
#4006 = CARTESIAN_POINT ( 'NONE',  ( 53.88728323699425005, 18.00000000000000000, -39.51734104046245477 ) ) ;
#4007 = ORIENTED_EDGE ( 'NONE', *, *, #3707, .F. ) ;
#4008 = PRODUCT ( 'FD-011_vblock_jaw', 'FD-011_vblock_jaw', '', ( #11148 ) ) ;
#4009 = DIRECTION ( 'NONE',  ( 0.000000000000000000, 1.000000000000000000, 0.000000000000000000 ) ) ;
#4010 = COORDINATED_UNIVERSAL_TIME_OFFSET ( 8, 0, .AHEAD. ) ;
#4011 = EDGE_LOOP ( 'NONE', ( #9527, #11884, #8153, #3302 ) ) ;
#4012 = CALENDAR_DATE ( 2026, 29, 7 ) ;
#4013 = ORIENTED_EDGE ( 'NONE', *, *, #7579, .F. ) ;
#4014 = AXIS2_PLACEMENT_3D ( 'NONE', #9591, #4826, #11433 ) ;
#4015 = ORIENTED_EDGE ( 'NONE', *, *, #1813, .F. ) ;
#4016 = EDGE_CURVE ( 'NONE', #3567, #10704, #6544, .T. ) ;
#4017 = CARTESIAN_POINT ( 'NONE',  ( -120.1043392264672747, 0.000000000000000000, -49.74884620746167485 ) ) ;
#4018 = DIRECTION ( 'NONE',  ( -0.000000000000000000, -1.000000000000000000, -0.000000000000000000 ) ) ;
#4019 = DIRECTION ( 'NONE',  ( -1.000000000000000000, -0.000000000000000000, -0.000000000000000000 ) ) ;
#4020 = ORIENTED_EDGE ( 'NONE', *, *, #123, .F. ) ;
#4021 = DIRECTION ( 'NONE',  ( 1.000000000000000000, 0.000000000000000000, 0.000000000000000000 ) ) ;
#4022 = CARTESIAN_POINT ( 'NONE',  ( -29.94973070017952210, 18.00000000000000000, -22.06822262118491196 ) ) ;
#4023 = VERTEX_POINT ( 'NONE', #4603 ) ;
#4024 = APPROVAL_ROLE ( '' ) ;
#4025 = AXIS2_PLACEMENT_3D ( 'NONE', #10632, #7780, #9724 ) ;
#4026 = CARTESIAN_POINT ( 'NONE',  ( 450.0000000000000000, 16.00000000000000000, 186.0000000000000000 ) ) ;
#4027 = COORDINATED_UNIVERSAL_TIME_OFFSET ( 8, 0, .AHEAD. ) ;
#4028 = EDGE_LOOP ( 'NONE', ( #11448, #10415 ) ) ;
#4029 = LINE ( 'NONE', #4858, #5519 ) ;
#4030 = AXIS2_PLACEMENT_3D ( 'NONE', #2633, #8351, #3729 ) ;
#4031 = CALENDAR_DATE ( 2026, 29, 7 ) ;
#4032 = LINE ( 'NONE', #5894, #1906 ) ;
#4033 = AXIS2_PLACEMENT_3D ( 'NONE', #2164, #9525, #1198 ) ;
#4034 = ADVANCED_FACE ( 'NONE', ( #6609 ), #5560, .T. ) ;
#4035 = CARTESIAN_POINT ( 'NONE',  ( -500.0000000000000000, 0.000000000000000000, 325.0000000000000000 ) ) ;
#4036 = LINE ( 'NONE', #11472, #1549 ) ;
#4037 = CARTESIAN_POINT ( 'NONE',  ( 0.000000000000000000, 18.00000000000000355, -155.0000000000000000 ) ) ;
#4038 = DATE_AND_TIME ( #3976, #2240 ) ;
#4039 = EDGE_CURVE ( 'NONE', #7251, #7001, #10243, .T. ) ;
#4040 = CIRCLE ( 'NONE', #933, 10.00000000000000000 ) ;
#4041 = PERSON_AND_ORGANIZATION_ROLE ( 'design_owner' ) ;
#4042 = CIRCLE ( 'NONE', #5379, 5.499999999999998224 ) ;
#4043 = ADVANCED_FACE ( 'NONE', ( #5454 ), #3647, .F. ) ;
#4044 = EDGE_LOOP ( 'NONE', ( #9580, #9575 ) ) ;
#4045 = DIRECTION ( 'NONE',  ( -1.000000000000000000, 0.000000000000000000, -0.000000000000000000 ) ) ;
#4046 = CARTESIAN_POINT ( 'NONE',  ( 49.74884620746168196, 0.000000000000000000, 120.1043392264672889 ) ) ;
#4047 = CARTESIAN_POINT ( 'NONE',  ( -30.00000000000000000, 560.0000000000000000, 30.00000000000000000 ) ) ;
#4048 = ORIENTED_EDGE ( 'NONE', *, *, #76, .T. ) ;
#4049 = AXIS2_PLACEMENT_3D ( 'NONE', #3573, #11170, #2710 ) ;
#4050 = FACE_BOUND ( 'NONE', #8046, .T. ) ;
#4051 = DIRECTION ( 'NONE',  ( -0.000000000000000000, -1.000000000000000000, -0.000000000000000000 ) ) ;
#4052 = VECTOR ( 'NONE', #9941, 1000.000000000000000 ) ;
#4053 = DIRECTION ( 'NONE',  ( 0.000000000000000000, -0.000000000000000000, 1.000000000000000000 ) ) ;
#4054 = PERSON_AND_ORGANIZATION ( #2011, #2802 ) ;
#4055 = APPROVAL ( #7227, 'æœª' ) ;
#4056 = CARTESIAN_POINT ( 'NONE',  ( 55.00000000000000000, 0.000000000000000000, 39.51734104046241924 ) ) ;
#4057 = APPROVAL ( #4139, 'UNKNOWN' ) ;
#4058 = AXIS2_PLACEMENT_3D ( 'NONE', #3616, #1892, #2580 ) ;
#4060 = EDGE_CURVE ( 'NONE', #3073, #801, #1815, .T. ) ;
#4059 = ORIENTED_EDGE ( 'NONE', *, *, #10884, .F. ) ;
#4061 = VERTEX_POINT ( 'NONE', #6488 ) ;
#4062 = VECTOR ( 'NONE', #3850, 1000.000000000000000 ) ;
#4063 = DIRECTION ( 'NONE',  ( 1.000000000000000000, 0.000000000000000000, 0.000000000000000000 ) ) ;
#4064 = FACE_OUTER_BOUND ( 'NONE', #7854, .T. ) ;
#4065 = PLANE ( 'NONE',  #9683 ) ;
#4066 = DIRECTION ( 'NONE',  ( 0.000000000000000000, 0.000000000000000000, 1.000000000000000000 ) ) ;
#4067 = VECTOR ( 'NONE', #3601, 1000.000000000000000 ) ;
#4068 = CARTESIAN_POINT ( 'NONE',  ( 40.00000000000000000, 18.00000000000000000, 0.000000000000000000 ) ) ;
#4069 = ORIENTED_EDGE ( 'NONE', *, *, #10306, .T. ) ;
#4070 = CC_DESIGN_PERSON_AND_ORGANIZATION_ASSIGNMENT ( #7388, #3917, ( #6215 ) ) ;
#4071 = APPROVAL ( #1306, 'æœª' ) ;
#4072 = DIRECTION ( 'NONE',  ( -1.000000000000000000, 0.000000000000000000, 0.000000000000000000 ) ) ;
#4073 = SHAPE_DEFINITION_REPRESENTATION ( #8279, #10979 ) ;
#4074 = EDGE_LOOP ( 'NONE', ( #4279, #809, #4764, #7930 ) ) ;
#4075 = APPROVAL_ROLE ( '' ) ;
#4076 = LOCAL_TIME ( 1, 42, 14.00000000000000000, #4678 ) ;
#4077 = ORIENTED_EDGE ( 'NONE', *, *, #6755, .T. ) ;
#4078 = EDGE_CURVE ( 'NONE', #31, #6440, #11194, .T. ) ;
#4079 = EDGE_LOOP ( 'NONE', ( #5553, #8876, #8616, #7009 ) ) ;
#4080 = DIRECTION ( 'NONE',  ( -0.000000000000000000, -1.000000000000000000, -0.000000000000000000 ) ) ;
#4081 = CARTESIAN_POINT ( 'NONE',  ( 0.000000000000000000, 44.00000000000000000, -7.500000000000000000 ) ) ;
#4082 = CYLINDRICAL_SURFACE ( 'NONE', #10830, 6.999999999999992006 ) ;
#4083 = FACE_OUTER_BOUND ( 'NONE', #2534, .T. ) ;
#4084 = VERTEX_POINT ( 'NONE', #5623 ) ;
#4085 = CC_DESIGN_APPROVAL ( #11955, ( #3691 ) ) ;
#4086 = CC_DESIGN_DATE_AND_TIME_ASSIGNMENT ( #5527, #11400, ( #5625 ) ) ;
#4087 = CARTESIAN_POINT ( 'NONE',  ( 27.50000000000000000, 28.00000000000000000, 18.00000000000000000 ) ) ;
#4088 = ORIENTED_EDGE ( 'NONE', *, *, #7650, .F. ) ;
#4089 = APPROVAL_ROLE ( '' ) ;
#4090 = DIRECTION ( 'NONE',  ( 0.000000000000000000, 1.000000000000000000, 0.000000000000000000 ) ) ;
#4091 = CALENDAR_DATE ( 2026, 29, 7 ) ;
#4092 = ADVANCED_FACE ( 'NONE', ( #10199 ), #2899, .T. ) ;
#4093 = ORIENTED_EDGE ( 'NONE', *, *, #8463, .F. ) ;
#4094 = APPROVAL_PERSON_ORGANIZATION ( #8410, #10287, #1296 ) ;
#4095 = CARTESIAN_POINT ( 'NONE',  ( 120.1043392264672747, 0.000000000000000000, -42.74884620746167485 ) ) ;
#4096 = LOCAL_TIME ( 1, 42, 14.00000000000000000, #4985 ) ;
#4097 = CALENDAR_DATE ( 2026, 29, 7 ) ;
#4098 = CARTESIAN_POINT ( 'NONE',  ( -57.50000000000000000, 22.00000000000000000, 36.00000000000000000 ) ) ;
#4099 = ORIENTED_EDGE ( 'NONE', *, *, #36, .F. ) ;
#4100 = CARTESIAN_POINT ( 'NONE',  ( 27.50000000000000000, 0.000000000000000000, 21.00000000000000000 ) ) ;
#4101 = CARTESIAN_POINT ( 'NONE',  ( -280.0000000000000000, 12.00000000000000000, -38.00000000000000000 ) ) ;
#4102 = DIRECTION ( 'NONE',  ( -1.000000000000000000, -0.000000000000000000, -0.000000000000000000 ) ) ;
#4103 = CALENDAR_DATE ( 2026, 29, 7 ) ;
#4104 = SECURITY_CLASSIFICATION ( '', '', #3118 ) ;
#4105 = APPROVAL_ROLE ( '' ) ;
#4106 = EDGE_CURVE ( 'NONE', #7464, #4263, #2666, .T. ) ;
#4107 = APPLICATION_CONTEXT ( 'configuration controlled 3d designs of mechanical parts and assemblies' ) ;
#4108 = VERTEX_POINT ( 'NONE', #8442 ) ;
#4109 = CARTESIAN_POINT ( 'NONE',  ( 30.00000000000000000, 560.0000000000000000, -30.00000000000000000 ) ) ;
#4110 = DIRECTION ( 'NONE',  ( 0.000000000000000000, -1.000000000000000000, 0.000000000000000000 ) ) ;
#4111 = FACE_BOUND ( 'NONE', #381, .T. ) ;
#4112 = ORIENTED_EDGE ( 'NONE', *, *, #11877, .T. ) ;
#4113 = VECTOR ( 'NONE', #5913, 1000.000000000000000 ) ;
#4114 = PRODUCT ( 'FD-013_sensor_body', 'FD-013_sensor_body', '', ( #10667 ) ) ;
#4115 = AXIS2_PLACEMENT_3D ( 'NONE', #1012, #8482, #11235 ) ;
#4116 = DIRECTION ( 'NONE',  ( -1.000000000000000000, -0.000000000000000000, -0.000000000000000000 ) ) ;
#4117 = DIRECTION ( 'NONE',  ( -0.000000000000000000, -1.000000000000000000, -0.000000000000000000 ) ) ;
#4118 = DIRECTION ( 'NONE',  ( 0.000000000000000000, 0.000000000000000000, -1.000000000000000000 ) ) ;
#4119 = EDGE_CURVE ( 'NONE', #9210, #11574, #7467, .T. ) ;
#4120 = PERSON_AND_ORGANIZATION_ROLE ( 'classification_officer' ) ;
#4121 = VERTEX_POINT ( 'NONE', #2837 ) ;
#4122 = EDGE_CURVE ( 'NONE', #4251, #1768, #9177, .T. ) ;
#4123 = CARTESIAN_POINT ( 'NONE',  ( 0.000000000000000000, 0.000000000000000000, 0.000000000000000000 ) ) ;
#4124 = AXIS2_PLACEMENT_3D ( 'NONE', #11231, #6525, #8424 ) ;
#4126 = EDGE_LOOP ( 'NONE', ( #10938, #10441, #8214, #6466, #7304 ) ) ;
#4125 = ORIENTED_EDGE ( 'NONE', *, *, #9919, .F. ) ;
#4127 = ORIENTED_EDGE ( 'NONE', *, *, #8784, .F. ) ;
#4128 = DIRECTION ( 'NONE',  ( -0.000000000000000000, -1.000000000000000000, -0.000000000000000000 ) ) ;
#4129 = FACE_BOUND ( 'NONE', #11933, .T. ) ;
#4130 = DIRECTION ( 'NONE',  ( 0.000000000000000000, 0.000000000000000000, 1.000000000000000000 ) ) ;
#4131 = FACE_BOUND ( 'NONE', #1695, .T. ) ;
#4132 = VECTOR ( 'NONE', #4990, 1000.000000000000000 ) ;
#4133 = EDGE_CURVE ( 'NONE', #4843, #11074, #7458, .T. ) ;
#4134 = CARTESIAN_POINT ( 'NONE',  ( 460.0000000000000000, 18.00000000000000000, -285.0000000000000000 ) ) ;
#4135 = VERTEX_POINT ( 'NONE', #3943 ) ;
#4136 = CARTESIAN_POINT ( 'NONE',  ( -27.50000000000000000, 85.00000000000000000, 21.00000000000000000 ) ) ;
#4137 = COORDINATED_UNIVERSAL_TIME_OFFSET ( 8, 0, .AHEAD. ) ;
#4138 = VERTEX_POINT ( 'NONE', #248 ) ;
#4139 = APPROVAL_STATUS ( 'not_yet_approved' ) ;
#4140 = ORIENTED_EDGE ( 'NONE', *, *, #7518, .F. ) ;
#4141 = FACE_OUTER_BOUND ( 'NONE', #5541, .T. ) ;
#4142 = CC_DESIGN_PERSON_AND_ORGANIZATION_ASSIGNMENT ( #11460, #10715, ( #10872 ) ) ;
#4143 = DIRECTION ( 'NONE',  ( -1.000000000000000000, -0.000000000000000000, -0.000000000000000000 ) ) ;
#4144 = CARTESIAN_POINT ( 'NONE',  ( 0.000000000000000000, 130.0000000000000000, 0.000000000000000000 ) ) ;
#4145 = CARTESIAN_POINT ( 'NONE',  ( 1.224646799147353256E-15, 24.00000000000000000, 10.00000000000000000 ) ) ;
#4146 = VERTEX_POINT ( 'NONE', #11502 ) ;
#4147 = LINE ( 'NONE', #2379, #888 ) ;
#4148 = EDGE_LOOP ( 'NONE', ( #9464, #3588, #4020, #6667 ) ) ;
#4149 = PERSON_AND_ORGANIZATION_ROLE ( 'design_owner' ) ;
#4150 = DIRECTION ( 'NONE',  ( 0.000000000000000000, 0.000000000000000000, 1.000000000000000000 ) ) ;
#4151 = DATE_TIME_ROLE ( 'classification_date' ) ;
#4152 = VECTOR ( 'NONE', #6997, 1000.000000000000000 ) ;
#4153 = ORIENTED_EDGE ( 'NONE', *, *, #5213, .T. ) ;
#4154 = CARTESIAN_POINT ( 'NONE',  ( 49.74884620746168196, 14.00000000000000000, 113.1043392264672747 ) ) ;
#4155 = EDGE_CURVE ( 'NONE', #10191, #10004, #3965, .T. ) ;
#4156 = APPROVAL_DATE_TIME ( #8961, #11591 ) ;
#4157 = DIRECTION ( 'NONE',  ( -0.000000000000000000, -1.000000000000000000, -0.000000000000000000 ) ) ;
#4158 = DIRECTION ( 'NONE',  ( 0.000000000000000000, 1.000000000000000000, 0.000000000000000000 ) ) ;
#4159 = CARTESIAN_POINT ( 'NONE',  ( 46.15384615384618172, 0.000000000000000000, 69.23076923076925482 ) ) ;
#4160 = LINE ( 'NONE', #3185, #2610 ) ;
#4161 = EDGE_CURVE ( 'NONE', #6365, #6126, #9027, .T. ) ;
#4162 = PERSON_AND_ORGANIZATION_ROLE ( 'creator' ) ;
#4163 = DATE_AND_TIME ( #1241, #2540 ) ;
#4164 = CIRCLE ( 'NONE', #5889, 52.50000000000000000 ) ;
#4165 = AXIS2_PLACEMENT_3D ( 'NONE', #9442, #11407, #9625 ) ;
#4166 = ORIENTED_EDGE ( 'NONE', *, *, #6055, .F. ) ;
#4167 = CARTESIAN_POINT ( 'NONE',  ( -11.00000000000000000, 10.00000000000000000, 15.58891454965356793 ) ) ;
#4168 = CARTESIAN_POINT ( 'NONE',  ( 0.000000000000000000, 71.99999999999998579, -12.50000000000000000 ) ) ;
#4169 = DIRECTION ( 'NONE',  ( -0.000000000000000000, -1.000000000000000000, -0.000000000000000000 ) ) ;
#4170 = VERTEX_POINT ( 'NONE', #1270 ) ;
#4171 = EDGE_CURVE ( 'NONE', #1512, #7720, #2112, .T. ) ;
#4172 = LINE ( 'NONE', #7822, #9307 ) ;
#4173 = CARTESIAN_POINT ( 'NONE',  ( -51.28027681660898907, 72.00000000000000000, 30.43995634690010732 ) ) ;
#4174 = AXIS2_PLACEMENT_3D ( 'NONE', #10274, #4565, #3835 ) ;
#4175 = DIRECTION ( 'NONE',  ( 0.000000000000000000, 1.000000000000000000, 0.000000000000000000 ) ) ;
#4176 = LOCAL_TIME ( 1, 42, 14.00000000000000000, #2507 ) ;
#4178 = VECTOR ( 'NONE', #6949, 1000.000000000000000 ) ;
#4177 = PERSON_AND_ORGANIZATION ( #2011, #2802 ) ;
#4179 = ORIENTED_EDGE ( 'NONE', *, *, #12001, .F. ) ;
#4180 = DIRECTION ( 'NONE',  ( -1.000000000000000000, 0.000000000000000000, -0.000000000000000000 ) ) ;
#4182 = ORIENTED_EDGE ( 'NONE', *, *, #2862, .T. ) ;
#4181 = ORIENTED_EDGE ( 'NONE', *, *, #2677, .F. ) ;
#4183 = VERTEX_POINT ( 'NONE', #4956 ) ;
#4184 = DIRECTION ( 'NONE',  ( 0.000000000000000000, 0.000000000000000000, 1.000000000000000000 ) ) ;
#4185 = EDGE_CURVE ( 'NONE', #9239, #4638, #7656, .T. ) ;
#4186 = SECURITY_CLASSIFICATION ( '', '', #1959 ) ;
#4187 = DIRECTION ( 'NONE',  ( -1.000000000000000000, -0.000000000000000000, -0.000000000000000000 ) ) ;
#4188 = CARTESIAN_POINT ( 'NONE',  ( -460.0000000000000000, 24.00000000000000000, 285.0000000000000000 ) ) ;
#4189 = ADVANCED_FACE ( 'NONE', ( #184 ), #3096, .F. ) ;
#4190 = FACE_BOUND ( 'NONE', #1201, .T. ) ;
#4191 = VERTEX_POINT ( 'NONE', #2237 ) ;
#4192 = ORIENTED_EDGE ( 'NONE', *, *, #97, .T. ) ;
#4193 = DIRECTION ( 'NONE',  ( 0.000000000000000000, -1.000000000000000000, 0.000000000000000000 ) ) ;
#4194 = VERTEX_POINT ( 'NONE', #3881 ) ;
#4195 = CIRCLE ( 'NONE', #8452, 7.000000000000006217 ) ;
#4196 = CARTESIAN_POINT ( 'NONE',  ( -55.15432893255070468, 0.000000000000000000, -55.15432893255069757 ) ) ;
#4197 = APPROVAL_PERSON_ORGANIZATION ( #3380, #1961, #7314 ) ;
#4198 = APPROVAL_STATUS ( 'not_yet_approved' ) ;
#4199 = ORIENTED_EDGE ( 'NONE', *, *, #5886, .T. ) ;
#4200 = ORIENTED_EDGE ( 'NONE', *, *, #11564, .T. ) ;
#4201 = ORIENTED_EDGE ( 'NONE', *, *, #5687, .F. ) ;
#4202 = ADVANCED_FACE ( 'NONE', ( #7711 ), #7778, .T. ) ;
#4203 = ADVANCED_FACE ( 'NONE', ( #7589 ), #11315, .F. ) ;
#4204 = DIRECTION ( 'NONE',  ( 1.000000000000000000, 0.000000000000000000, 0.000000000000000000 ) ) ;
#4205 = FACE_OUTER_BOUND ( 'NONE', #443, .T. ) ;
#4206 = DIRECTION ( 'NONE',  ( 0.000000000000000000, 0.000000000000000000, 1.000000000000000000 ) ) ;
#4207 = DIRECTION ( 'NONE',  ( -1.000000000000000000, -0.000000000000000000, -0.000000000000000000 ) ) ;
#4208 = ORIENTED_EDGE ( 'NONE', *, *, #10258, .T. ) ;
#4209 = DIRECTION ( 'NONE',  ( -0.000000000000000000, -1.000000000000000000, -0.000000000000000000 ) ) ;
#4210 = ORIENTED_EDGE ( 'NONE', *, *, #624, .F. ) ;
#4211 = CALENDAR_DATE ( 2026, 29, 7 ) ;
#4212 = CC_DESIGN_DATE_AND_TIME_ASSIGNMENT ( #9284, #6769, ( #3691 ) ) ;
#4213 = ORIENTED_EDGE ( 'NONE', *, *, #9728, .F. ) ;
#4214 = CALENDAR_DATE ( 2026, 29, 7 ) ;
#4215 = ADVANCED_BREP_SHAPE_REPRESENTATION ( '', ( #11018, #2596 ), #3191 ) ;
#4216 = CC_DESIGN_PERSON_AND_ORGANIZATION_ASSIGNMENT ( #12005, #8755, ( #1929 ) ) ;
#4217 = AXIS2_PLACEMENT_3D ( 'NONE', #7278, #11983, #2818 ) ;
#4218 = ORIENTED_EDGE ( 'NONE', *, *, #11160, .F. ) ;
#4219 = ADVANCED_FACE ( 'NONE', ( #5929 ), #9658, .F. ) ;
#4220 = DIRECTION ( 'NONE',  ( -0.000000000000000000, -1.000000000000000000, -0.000000000000000000 ) ) ;
#4221 = DATE_AND_TIME ( #3310, #10496 ) ;
#4222 = CARTESIAN_POINT ( 'NONE',  ( -27.94637722496424459, 12.00000000000000000, 30.00000000000000000 ) ) ;
#4223 = CYLINDRICAL_SURFACE ( 'NONE', #4787, 3.550269299820409952 ) ;
#4224 = LINE ( 'NONE', #11774, #11953 ) ;
#4225 = CARTESIAN_POINT ( 'NONE',  ( -420.0000000000000000, 0.000000000000000000, -180.0000000000000000 ) ) ;
#4226 = VECTOR ( 'NONE', #1335, 1000.000000000000000 ) ;
#4227 =( LENGTH_UNIT ( ) NAMED_UNIT ( * ) SI_UNIT ( .MILLI., .METRE. ) );
#4228 = CARTESIAN_POINT ( 'NONE',  ( -47.50000000000000000, 0.000000000000000000, 35.00000000000000000 ) ) ;
#4229 = DATE_AND_TIME ( #7747, #4379 ) ;
#4230 = EDGE_CURVE ( 'NONE', #11037, #249, #6729, .T. ) ;
#4231 = MECHANICAL_CONTEXT ( 'NONE', #10304, 'mechanical' ) ;
#4232 = VECTOR ( 'NONE', #2826, 1000.000000000000000 ) ;
#4233 = DIRECTION ( 'NONE',  ( 1.000000000000000000, 0.000000000000000000, 0.000000000000000000 ) ) ;
#4234 = DIRECTION ( 'NONE',  ( 0.000000000000000000, 0.000000000000000000, 1.000000000000000000 ) ) ;
#4235 = VECTOR ( 'NONE', #2691, 1000.000000000000000 ) ;
#4236 = ORIENTED_EDGE ( 'NONE', *, *, #5728, .F. ) ;
#4237 = CARTESIAN_POINT ( 'NONE',  ( -29.94973070017952210, 18.00000000000000000, -22.06822262118491196 ) ) ;
#4238 = EDGE_CURVE ( 'NONE', #8904, #1652, #10630, .T. ) ;
#4239 = LINE ( 'NONE', #8977, #2100 ) ;
#4240 = LINE ( 'NONE', #1954, #7978 ) ;
#4241 = LINE ( 'NONE', #9641, #10251 ) ;
#4242 = DIRECTION ( 'NONE',  ( -0.000000000000000000, -1.000000000000000000, -0.000000000000000000 ) ) ;
#4243 = AXIS2_PLACEMENT_3D ( 'NONE', #1393, #2107, #3089 ) ;
#4244 = COORDINATED_UNIVERSAL_TIME_OFFSET ( 8, 0, .AHEAD. ) ;
#4245 = AXIS2_PLACEMENT_3D ( 'NONE', #8021, #1508, #6170 ) ;
#4246 = AXIS2_PLACEMENT_3D ( 'NONE', #11880, #5336, #5155 ) ;
#4247 = LINE ( 'NONE', #11794, #2076 ) ;
#4249 = VERTEX_POINT ( 'NONE', #4134 ) ;
#4248 = ORIENTED_EDGE ( 'NONE', *, *, #5396, .F. ) ;
#4250 = ADVANCED_FACE ( 'NONE', ( #8625 ), #7842, .T. ) ;
#4251 = VERTEX_POINT ( 'NONE', #11566 ) ;
#4252 = VECTOR ( 'NONE', #4587, 1000.000000000000000 ) ;
#4253 = DIRECTION ( 'NONE',  ( 1.000000000000000000, -0.000000000000000000, 0.000000000000000000 ) ) ;
#4254 = CARTESIAN_POINT ( 'NONE',  ( -55.15432893255070468, 90.00000000000000000, -60.65432893255069757 ) ) ;
#4255 = DIRECTION ( 'NONE',  ( 0.000000000000000000, 0.000000000000000000, -1.000000000000000000 ) ) ;
#4256 = CIRCLE ( 'NONE', #6178, 5.499999999999998224 ) ;
#4257 = LINE ( 'NONE', #11689, #8972 ) ;
#4258 = CIRCLE ( 'NONE', #7547, 5.500000000000025757 ) ;
#4259 = CARTESIAN_POINT ( 'NONE',  ( -297.5999999999999659, 12.00000000000000000, -39.00000000000000000 ) ) ;
#4260 = APPROVAL_DATE_TIME ( #6298, #4055 ) ;
#4261 = VECTOR ( 'NONE', #4343, 1000.000000000000000 ) ;
#4262 = ORIENTED_EDGE ( 'NONE', *, *, #10648, .T. ) ;
#4263 = VERTEX_POINT ( 'NONE', #6671 ) ;
#4264 = ORIENTED_EDGE ( 'NONE', *, *, #408, .F. ) ;
#4265 = PLANE ( 'NONE',  #745 ) ;
#4266 = VECTOR ( 'NONE', #585, 1000.000000000000000 ) ;
#4267 = CARTESIAN_POINT ( 'NONE',  ( 420.0000000000000000, 8.000000000000000000, 175.4999999999999716 ) ) ;
#4268 = EDGE_CURVE ( 'NONE', #4426, #4358, #5867, .T. ) ;
#4269 = DIRECTION ( 'NONE',  ( 0.000000000000000000, 0.000000000000000000, 1.000000000000000000 ) ) ;
#4270 = ORIENTED_EDGE ( 'NONE', *, *, #7592, .T. ) ;
#4271 = ADVANCED_FACE ( 'NONE', ( #9596 ), #2964, .F. ) ;
#4272 = DIRECTION ( 'NONE',  ( -0.000000000000000000, -1.000000000000000000, -0.000000000000000000 ) ) ;
#4273 = VERTEX_POINT ( 'NONE', #5741 ) ;
#4274 = DATE_AND_TIME ( #11883, #1164 ) ;
#4275 =( REPRESENTATION_RELATIONSHIP ('NONE','NONE', #8109, #963 ) REPRESENTATION_RELATIONSHIP_WITH_TRANSFORMATION ( #2182 )SHAPE_REPRESENTATION_RELATIONSHIP( ) );
#4276 = PERSON_AND_ORGANIZATION ( #2011, #2802 ) ;
#4277 = EDGE_CURVE ( 'NONE', #6250, #3073, #5481, .T. ) ;
#4278 = VECTOR ( 'NONE', #9669, 1000.000000000000000 ) ;
#4279 = ORIENTED_EDGE ( 'NONE', *, *, #10870, .T. ) ;
#4280 = PERSON_AND_ORGANIZATION ( #8555, #4664 ) ;
#4281 = ORIENTED_EDGE ( 'NONE', *, *, #2098, .T. ) ;
#4282 = DIRECTION ( 'NONE',  ( 0.000000000000000000, 0.000000000000000000, 1.000000000000000000 ) ) ;
#4283 = APPROVAL_STATUS ( 'not_yet_approved' ) ;
#4284 = CARTESIAN_POINT ( 'NONE',  ( -120.1043392264672747, 14.00000000000000000, -42.74884620746167485 ) ) ;
#4285 = CC_DESIGN_SECURITY_CLASSIFICATION ( #1743, ( #10684 ) ) ;
#4286 = DIRECTION ( 'NONE',  ( -0.000000000000000000, -1.000000000000000000, -0.000000000000000000 ) ) ;
#4287 = CIRCLE ( 'NONE', #609, 3.550269299820402846 ) ;
#4288 = CARTESIAN_POINT ( 'NONE',  ( 55.00000000000000000, 18.00000000000000000, 35.01734104046242635 ) ) ;
#4289 = CARTESIAN_POINT ( 'NONE',  ( -297.5999999999999659, 34.00000000000000000, 27.00000000000000000 ) ) ;
#4290 = VERTEX_POINT ( 'NONE', #839 ) ;
#4291 = ADVANCED_FACE ( 'NONE', ( #8244, #10057, #4472, #11974, #7270, #1732 ), #10861, .T. ) ;
#4292 = CARTESIAN_POINT ( 'NONE',  ( -47.50000000000000000, 18.00000000000000000, 35.00000000000000000 ) ) ;
#4293 = PERSON_AND_ORGANIZATION ( #2011, #2802 ) ;
#4294 = APPROVAL_STATUS ( 'not_yet_approved' ) ;
#4295 = LOCAL_TIME ( 1, 42, 14.00000000000000000, #1858 ) ;
#4296 = LOCAL_TIME ( 1, 42, 14.00000000000000000, #10568 ) ;
#4297 = ORIENTED_EDGE ( 'NONE', *, *, #4715, .T. ) ;
#4298 = VERTEX_POINT ( 'NONE', #11913 ) ;
#4299 = CARTESIAN_POINT ( 'NONE',  ( 2.632990618166809472E-14, 18.00000000000000000, 215.0000000000000000 ) ) ;
#4300 = CARTESIAN_POINT ( 'NONE',  ( 1.224646799147353256E-15, 170.0000000000000000, 10.00000000000000000 ) ) ;
#4301 = DIRECTION ( 'NONE',  ( -1.000000000000000000, 0.000000000000000000, -0.000000000000000000 ) ) ;
#4302 = CC_DESIGN_PERSON_AND_ORGANIZATION_ASSIGNMENT ( #535, #4162, ( #6964 ) ) ;
#4303 = LINE ( 'NONE', #7147, #7563 ) ;
#4304 = LOCAL_TIME ( 1, 42, 14.00000000000000000, #3428 ) ;
#4305 = CARTESIAN_POINT ( 'NONE',  ( 0.000000000000000000, 12.00000000000000000, 0.000000000000000000 ) ) ;
#4306 = PRODUCT_DEFINITION_FORMATION_WITH_SPECIFIED_SOURCE ( 'ä»', '', #7303, .NOT_KNOWN. ) ;
#4307 = FACE_OUTER_BOUND ( 'NONE', #11620, .T. ) ;
#4308 = APPROVAL_STATUS ( 'not_yet_approved' ) ;
#4309 = FACE_BOUND ( 'NONE', #7468, .T. ) ;
#4310 = EDGE_CURVE ( 'NONE', #3995, #3931, #10920, .T. ) ;
#4312 = ORIENTED_EDGE ( 'NONE', *, *, #8757, .T. ) ;
#4311 = ORIENTED_EDGE ( 'NONE', *, *, #1632, .F. ) ;
#4313 = APPROVAL_PERSON_ORGANIZATION ( #2502, #10148, #1602 ) ;
#4314 = EDGE_LOOP ( 'NONE', ( #9846, #4999, #11926, #6762 ) ) ;
#4315 = CARTESIAN_POINT ( 'NONE',  ( 41.00000000000000000, 12.00000000000000000, -70.00000000000000000 ) ) ;
#4316 = CARTESIAN_POINT ( 'NONE',  ( -163.1999999999999886, 42.00000000000000000, 47.00000000000000000 ) ) ;
#4317 = LINE ( 'NONE', #4188, #10246 ) ;
#4318 = EDGE_CURVE ( 'NONE', #7464, #1807, #6230, .T. ) ;
#4319 = DIRECTION ( 'NONE',  ( -0.000000000000000000, -1.000000000000000000, -0.000000000000000000 ) ) ;
#4320 = PRODUCT_DEFINITION_SHAPE ( 'NONE', 'NONE',  #6215 ) ;
#4321 = AXIS2_PLACEMENT_3D ( 'NONE', #8081, #3349, #5315 ) ;
#4322 = DIRECTION ( 'NONE',  ( 0.000000000000000000, 0.000000000000000000, 1.000000000000000000 ) ) ;
#4323 = CALENDAR_DATE ( 2026, 29, 7 ) ;
#4324 = ORIENTED_EDGE ( 'NONE', *, *, #9884, .F. ) ;
#4325 = ORIENTED_EDGE ( 'NONE', *, *, #7452, .T. ) ;
#4326 = ORIENTED_EDGE ( 'NONE', *, *, #5612, .F. ) ;
#4327 = DIRECTION ( 'NONE',  ( 0.000000000000000000, 0.000000000000000000, -1.000000000000000000 ) ) ;
#4328 = AXIS2_PLACEMENT_3D ( 'NONE', #10397, #328, #4150 ) ;
#4329 = CARTESIAN_POINT ( 'NONE',  ( 0.000000000000000000, 12.00000000000000000, 0.000000000000000000 ) ) ;
#4330 = EDGE_CURVE ( 'NONE', #2503, #10583, #2529, .T. ) ;
#4331 = CARTESIAN_POINT ( 'NONE',  ( -105.0000000000000000, 90.00000000000000000, 105.0000000000000000 ) ) ;
#4332 = LINE ( 'NONE', #11008, #10974 ) ;
#4333 = PERSON_AND_ORGANIZATION_ROLE ( 'classification_officer' ) ;
#4334 = AXIS2_PLACEMENT_3D ( 'NONE', #5887, #1229, #3239 ) ;
#4335 = ORIENTED_EDGE ( 'NONE', *, *, #4895, .F. ) ;
#4336 = ORIENTED_EDGE ( 'NONE', *, *, #2821, .T. ) ;
#4337 = DIRECTION ( 'NONE',  ( -1.000000000000000000, 0.000000000000000000, 0.000000000000000000 ) ) ;
#4338 = ADVANCED_FACE ( 'NONE', ( #3506 ), #1397, .F. ) ;
#4339 = APPROVAL_STATUS ( 'not_yet_approved' ) ;
#4340 = CARTESIAN_POINT ( 'NONE',  ( -18.12278137398203270, 85.00000000000000000, -13.83921486740446305 ) ) ;
#4341 = DIRECTION ( 'NONE',  ( -0.000000000000000000, -1.000000000000000000, -0.000000000000000000 ) ) ;
#4342 = DIRECTION ( 'NONE',  ( -1.000000000000000000, -0.000000000000000000, -0.000000000000000000 ) ) ;
#4343 = DIRECTION ( 'NONE',  ( 0.000000000000000000, 0.000000000000000000, -1.000000000000000000 ) ) ;
#4344 = CARTESIAN_POINT ( 'NONE',  ( -67.50000000000000000, 0.000000000000000000, 36.00000000000000000 ) ) ;
#4345 = COORDINATED_UNIVERSAL_TIME_OFFSET ( 8, 0, .AHEAD. ) ;
#4346 = COORDINATED_UNIVERSAL_TIME_OFFSET ( 8, 0, .AHEAD. ) ;
#4347 = ORIENTED_EDGE ( 'NONE', *, *, #3802, .T. ) ;
#4348 = CYLINDRICAL_SURFACE ( 'NONE', #9662, 5.499999999999998224 ) ;
#4349 = EDGE_CURVE ( 'NONE', #8330, #2643, #5308, .T. ) ;
#4350 = DIRECTION ( 'NONE',  ( -0.000000000000000000, -1.000000000000000000, -0.000000000000000000 ) ) ;
#4351 = DIRECTION ( 'NONE',  ( 0.000000000000000000, 0.000000000000000000, -1.000000000000000000 ) ) ;
#4352 = CARTESIAN_POINT ( 'NONE',  ( 18.12278137398209310, 0.000000000000000000, -11.21199624138660411 ) ) ;
#4353 = CARTESIAN_POINT ( 'NONE',  ( 0.000000000000000000, 18.00000000000000000, 10.00000000000000000 ) ) ;
#4354 = DIRECTION ( 'NONE',  ( -0.000000000000000000, -1.000000000000000000, -0.000000000000000000 ) ) ;
#4355 = PERSON_AND_ORGANIZATION ( #2011, #2802 ) ;
#4356 = DIRECTION ( 'NONE',  ( -0.000000000000000000, -1.000000000000000000, -0.000000000000000000 ) ) ;
#4357 = CC_DESIGN_PERSON_AND_ORGANIZATION_ASSIGNMENT ( #390, #4911, ( #10872 ) ) ;
#4358 = VERTEX_POINT ( 'NONE', #718 ) ;
#4359 = CC_DESIGN_DATE_AND_TIME_ASSIGNMENT ( #6760, #8466, ( #2348 ) ) ;
#4360 = EDGE_LOOP ( 'NONE', ( #7261, #1374, #5134, #1142 ) ) ;
#4361 = LINE ( 'NONE', #7965, #11619 ) ;
#4362 = PLANE ( 'NONE',  #11314 ) ;
#4363 = FACE_OUTER_BOUND ( 'NONE', #2178, .T. ) ;
#4364 = CIRCLE ( 'NONE', #1835, 7.000000000000033751 ) ;
#4365 = VECTOR ( 'NONE', #10158, 1000.000000000000000 ) ;
#4366 = LINE ( 'NONE', #2480, #10508 ) ;
#4367 = VERTEX_POINT ( 'NONE', #499 ) ;
#4368 = CARTESIAN_POINT ( 'NONE',  ( 0.000000000000000000, 755.0000000000000000, -324.0000000000000000 ) ) ;
#4369 = CARTESIAN_POINT ( 'NONE',  ( 2.449293598294706434E-14, 18.00000000000000355, 200.0000000000000000 ) ) ;
#4370 = APPROVAL_ROLE ( '' ) ;
#4371 = EDGE_CURVE ( 'NONE', #3940, #5281, #7211, .T. ) ;
#4372 = VERTEX_POINT ( 'NONE', #6282 ) ;
#4373 = LOCAL_TIME ( 1, 42, 14.00000000000000000, #7893 ) ;
#4374 = ORIENTED_EDGE ( 'NONE', *, *, #3631, .T. ) ;
#4375 = ORIENTED_EDGE ( 'NONE', *, *, #5544, .F. ) ;
#4376 = PLANE ( 'NONE',  #6546 ) ;
#4377 = EDGE_CURVE ( 'NONE', #7348, #10583, #8428, .T. ) ;
#4378 = PLANE ( 'NONE',  #599 ) ;
#4379 = LOCAL_TIME ( 1, 42, 14.00000000000000000, #2396 ) ;
#4380 = DIRECTION ( 'NONE',  ( -0.000000000000000000, -1.000000000000000000, -0.000000000000000000 ) ) ;
#4381 = VERTEX_POINT ( 'NONE', #3563 ) ;
#4382 = AXIS2_PLACEMENT_3D ( 'NONE', #9439, #10400, #8590 ) ;
#4383 = DIRECTION ( 'NONE',  ( -0.000000000000000000, -1.000000000000000000, -0.000000000000000000 ) ) ;
#4384 = PERSON_AND_ORGANIZATION_ROLE ( 'design_supplier' ) ;
#4385 = ORIENTED_EDGE ( 'NONE', *, *, #11288, .F. ) ;
#4386 = DATE_AND_TIME ( #696, #10497 ) ;
#4387 = PRODUCT_DEFINITION_SHAPE ( 'NONE', 'NONE',  #12034 ) ;
#4388 = ORIENTED_EDGE ( 'NONE', *, *, #6112, .F. ) ;
#4389 = ADVANCED_FACE ( 'NONE', ( #5365 ), #9152, .F. ) ;
#4390 = DESIGN_CONTEXT ( 'detailed design', #8228, 'design' ) ;
#4391 = DIRECTION ( 'NONE',  ( 0.000000000000000000, 0.000000000000000000, 1.000000000000000000 ) ) ;
#4392 = CARTESIAN_POINT ( 'NONE',  ( 46.15384615384618172, 12.00000000000000000, -69.23076923076924061 ) ) ;
#4393 = CARTESIAN_POINT ( 'NONE',  ( -49.74884620746166775, 0.000000000000000000, -120.1043392264672747 ) ) ;
#4394 = PLANE ( 'NONE',  #8923 ) ;
#4395 =( NAMED_UNIT ( * ) SI_UNIT ( $, .STERADIAN. ) SOLID_ANGLE_UNIT ( ) );
#4396 = DIRECTION ( 'NONE',  ( 0.000000000000000000, 0.000000000000000000, -1.000000000000000000 ) ) ;
#4397 = APPROVAL_ROLE ( '' ) ;
#4398 = DATE_TIME_ROLE ( 'classification_date' ) ;
#4399 = PLANE ( 'NONE',  #5611 ) ;
#4400 = DIRECTION ( 'NONE',  ( 0.000000000000000000, 0.000000000000000000, -1.000000000000000000 ) ) ;
#4401 = DIRECTION ( 'NONE',  ( 0.000000000000000000, 0.000000000000000000, 1.000000000000000000 ) ) ;
#4402 = VECTOR ( 'NONE', #3347, 1000.000000000000000 ) ;
#4403 = LINE ( 'NONE', #7088, #2330 ) ;
#4404 = DIRECTION ( 'NONE',  ( -1.000000000000000000, -0.000000000000000000, -0.000000000000000000 ) ) ;
#4405 = PLANE ( 'NONE',  #9013 ) ;
#4406 = DIRECTION ( 'NONE',  ( 0.000000000000000000, 1.000000000000000000, 0.000000000000000000 ) ) ;
#4407 = PERSON_AND_ORGANIZATION_ROLE ( 'design_owner' ) ;
#4408 = EDGE_CURVE ( 'NONE', #9831, #5150, #9977, .T. ) ;
#4409 = DIRECTION ( 'NONE',  ( -1.000000000000000000, -0.000000000000000000, -0.000000000000000000 ) ) ;
#4410 = VECTOR ( 'NONE', #2654, 1000.000000000000000 ) ;
#4411 = ORIENTED_EDGE ( 'NONE', *, *, #408, .T. ) ;
#4412 = ORIENTED_EDGE ( 'NONE', *, *, #10870, .F. ) ;
#4413 = CARTESIAN_POINT ( 'NONE',  ( -41.00000000000000000, 12.00000000000000000, 66.90615180980591958 ) ) ;
#4414 = DIRECTION ( 'NONE',  ( 0.000000000000000000, 0.000000000000000000, 1.000000000000000000 ) ) ;
#4415 = DIRECTION ( 'NONE',  ( 0.000000000000000000, 1.000000000000000000, 0.000000000000000000 ) ) ;
#4416 = VECTOR ( 'NONE', #9759, 1000.000000000000000 ) ;
#4417 = CARTESIAN_POINT ( 'NONE',  ( 297.5999999999999659, 34.00000000000000000, -27.00000000000000355 ) ) ;
#4418 = AXIS2_PLACEMENT_3D ( 'NONE', #5257, #9946, #5193 ) ;
#4419 = AXIS2_PLACEMENT_3D ( 'NONE', #2316, #9609, #2190 ) ;
#4420 = EDGE_CURVE ( 'NONE', #11441, #8683, #8808, .T. ) ;
#4421 = DIRECTION ( 'NONE',  ( 0.000000000000000000, 0.000000000000000000, 1.000000000000000000 ) ) ;
#4422 = PERSON_AND_ORGANIZATION ( #2011, #2802 ) ;
#4423 = AXIS2_PLACEMENT_3D ( 'NONE', #10145, #857, #2663 ) ;
#4425 = ORIENTED_EDGE ( 'NONE', *, *, #9532, .T. ) ;
#4424 = EDGE_LOOP ( 'NONE', ( #4753, #3948, #7843, #11305 ) ) ;
#4426 = VERTEX_POINT ( 'NONE', #8191 ) ;
#4427 = ORIENTED_EDGE ( 'NONE', *, *, #11609, .T. ) ;
#4428 = VECTOR ( 'NONE', #1955, 1000.000000000000000 ) ;
#4429 = DIRECTION ( 'NONE',  ( 0.000000000000000000, 0.000000000000000000, -1.000000000000000000 ) ) ;
#4430 = DIRECTION ( 'NONE',  ( 0.000000000000000000, 0.000000000000000000, -1.000000000000000000 ) ) ;
#4431 = PRODUCT_DEFINITION ( 'æœ', '', #6119, #10208 ) ;
#4432 = AXIS2_PLACEMENT_3D ( 'NONE', #5201, #726, #9897 ) ;
#4433 = APPROVAL ( #7260, 'æœª' ) ;
#4434 = DIRECTION ( 'NONE',  ( 0.000000000000000000, 1.000000000000000000, 0.000000000000000000 ) ) ;
#4435 = VECTOR ( 'NONE', #4051, 1000.000000000000000 ) ;
#4436 = DIRECTION ( 'NONE',  ( 0.000000000000000000, -1.000000000000000000, 0.000000000000000000 ) ) ;
#4437 = COORDINATED_UNIVERSAL_TIME_OFFSET ( 8, 0, .AHEAD. ) ;
#4438 = VERTEX_POINT ( 'NONE', #3677 ) ;
#4439 = APPROVAL_DATE_TIME ( #11885, #659 ) ;
#4440 = EDGE_CURVE ( 'NONE', #523, #7373, #5117, .T. ) ;
#4441 = ORIENTED_EDGE ( 'NONE', *, *, #2779, .F. ) ;
#4442 = AXIS2_PLACEMENT_3D ( 'NONE', #2524, #8789, #8919 ) ;
#4443 = CIRCLE ( 'NONE', #10452, 3.346153846153804068 ) ;
#4444 = DIRECTION ( 'NONE',  ( 0.000000000000000000, 1.000000000000000000, 0.000000000000000000 ) ) ;
#4446 = FACE_OUTER_BOUND ( 'NONE', #9878, .T. ) ;
#4445 = APPROVAL ( #394, 'UNKNOWN' ) ;
#4447 = CARTESIAN_POINT ( 'NONE',  ( -41.00000000000000000, 20.00000000000000000, -70.00000000000000000 ) ) ;
#4448 = CARTESIAN_POINT ( 'NONE',  ( 49.74884620746168196, 14.00000000000000000, 120.1043392264672889 ) ) ;
#4449 = DIRECTION ( 'NONE',  ( -0.000000000000000000, -1.000000000000000000, -0.000000000000000000 ) ) ;
#4450 = EDGE_CURVE ( 'NONE', #2134, #8490, #1788, .T. ) ;
#4451 = ORIENTED_EDGE ( 'NONE', *, *, #7376, .T. ) ;
#4452 = APPLICATION_PROTOCOL_DEFINITION ( 'international standard', 'config_control_design', 1994, #10081 ) ;
#4453 = APPROVAL_DATE_TIME ( #765, #3552 ) ;
#4454 = EDGE_CURVE ( 'NONE', #1137, #9792, #4164, .T. ) ;
#4455 = DIRECTION ( 'NONE',  ( -0.000000000000000000, -1.000000000000000000, -0.000000000000000000 ) ) ;
#4456 = APPROVAL_PERSON_ORGANIZATION ( #2000, #9041, #84 ) ;
#4457 = CARTESIAN_POINT ( 'NONE',  ( 27.50000000000000000, 85.00000000000000000, 21.00000000000000000 ) ) ;
#4458 = DIRECTION ( 'NONE',  ( 0.000000000000000000, 1.000000000000000000, 0.000000000000000000 ) ) ;
#4459 = LINE ( 'NONE', #4519, #6792 ) ;
#4460 = CARTESIAN_POINT ( 'NONE',  ( -297.5999999999999659, 12.00000000000000000, 0.000000000000000000 ) ) ;
#4461 = DIRECTION ( 'NONE',  ( -0.000000000000000000, -1.000000000000000000, -0.000000000000000000 ) ) ;
#4462 = DIRECTION ( 'NONE',  ( 0.000000000000000000, 0.000000000000000000, 1.000000000000000000 ) ) ;
#4463 = EDGE_CURVE ( 'NONE', #7195, #5387, #4865, .T. ) ;
#4464 = LOCAL_TIME ( 1, 42, 14.00000000000000000, #7302 ) ;
#4465 = CALENDAR_DATE ( 2026, 29, 7 ) ;
#4466 = LOCAL_TIME ( 1, 42, 14.00000000000000000, #5208 ) ;
#4467 = DIRECTION ( 'NONE',  ( 0.000000000000000000, 1.000000000000000000, 0.000000000000000000 ) ) ;
#4468 = ORIENTED_EDGE ( 'NONE', *, *, #11981, .T. ) ;
#4469 = ORIENTED_EDGE ( 'NONE', *, *, #9757, .T. ) ;
#4470 = DIRECTION ( 'NONE',  ( 0.000000000000000000, 0.000000000000000000, -1.000000000000000000 ) ) ;
#4471 = DIRECTION ( 'NONE',  ( 0.000000000000000000, 0.000000000000000000, 1.000000000000000000 ) ) ;
#4472 = FACE_BOUND ( 'NONE', #6865, .T. ) ;
#4473 = DIRECTION ( 'NONE',  ( 0.000000000000000000, 0.000000000000000000, -1.000000000000000000 ) ) ;
#4474 = LOCAL_TIME ( 1, 42, 14.00000000000000000, #1721 ) ;
#4475 = ADVANCED_FACE ( 'NONE', ( #1054 ), #10173, .F. ) ;
#4476 = LINE ( 'NONE', #11861, #5632 ) ;
#4477 = EDGE_CURVE ( 'NONE', #4677, #3495, #1847, .T. ) ;
#4478 = ADVANCED_BREP_SHAPE_REPRESENTATION ( '', ( #2907, #2596 ), #6089 ) ;
#4479 = PRODUCT ( 'FD-001_machine_table', 'FD-001_machine_table', '', ( #8234 ) ) ;
#4480 = DIRECTION ( 'NONE',  ( 0.000000000000000000, 0.000000000000000000, 1.000000000000000000 ) ) ;
#4481 = ORIENTED_EDGE ( 'NONE', *, *, #893, .F. ) ;
#4482 = ORIENTED_EDGE ( 'NONE', *, *, #9475, .F. ) ;
#4483 = LINE ( 'NONE', #2544, #1109 ) ;
#4484 = APPROVAL_DATE_TIME ( #1186, #8393 ) ;
#4485 = DIRECTION ( 'NONE',  ( 0.000000000000000000, 0.000000000000000000, 1.000000000000000000 ) ) ;
#4486 = ORIENTED_EDGE ( 'NONE', *, *, #7561, .F. ) ;
#4487 = VERTEX_POINT ( 'NONE', #3916 ) ;
#4488 = VERTEX_POINT ( 'NONE', #941 ) ;
#4489 = APPLICATION_CONTEXT ( 'configuration controlled 3d designs of mechanical parts and assemblies' ) ;
#4490 = DIRECTION ( 'NONE',  ( 1.000000000000000000, 0.000000000000000000, 0.000000000000000000 ) ) ;
#4491 = EDGE_CURVE ( 'NONE', #9844, #11543, #11949, .T. ) ;
#4492 = ORGANIZATION ( 'NAUO-ORG13', 'UNSPECIFIED', 'UNSPECIFIED' ) ;
#4493 = AXIS2_PLACEMENT_3D ( 'NONE', #9412, #11438, #5405 ) ;
#4494 = DIRECTION ( 'NONE',  ( -1.000000000000000000, -0.000000000000000000, -0.000000000000000000 ) ) ;
#4495 = ORIENTED_EDGE ( 'NONE', *, *, #613, .F. ) ;
#4496 = DIRECTION ( 'NONE',  ( 0.000000000000000000, 0.000000000000000000, -1.000000000000000000 ) ) ;
#4497 = PERSON_AND_ORGANIZATION ( #2011, #2802 ) ;
#4498 = ORIENTED_EDGE ( 'NONE', *, *, #3737, .T. ) ;
#4499 = EDGE_LOOP ( 'NONE', ( #7115, #9422 ) ) ;
#4500 = APPROVAL ( #7006, 'æœª' ) ;
#4501 = AXIS2_PLACEMENT_3D ( 'NONE', #2662, #4544, #6429 ) ;
#4502 = DESIGN_CONTEXT ( 'detailed design', #7369, 'design' ) ;
#4503 = CARTESIAN_POINT ( 'NONE',  ( -163.1999999999999886, 42.00000000000000000, 56.99999999999999289 ) ) ;
#4504 = CARTESIAN_POINT ( 'NONE',  ( -51.28027681660898907, 72.00000000000000000, 24.25900559081614816 ) ) ;
#4505 = LINE ( 'NONE', #10210, #694 ) ;
#4506 = DIRECTION ( 'NONE',  ( -0.000000000000000000, -1.000000000000000000, -0.000000000000000000 ) ) ;
#4507 = VECTOR ( 'NONE', #10354, 1000.000000000000000 ) ;
#4508 = CARTESIAN_POINT ( 'NONE',  ( -29.94973070017952210, 18.00000000000000000, -22.06822262118491196 ) ) ;
#4509 = ORIENTED_EDGE ( 'NONE', *, *, #5515, .F. ) ;
#4510 = CALENDAR_DATE ( 2026, 29, 7 ) ;
#4511 = EDGE_CURVE ( 'NONE', #11257, #5617, #6284, .T. ) ;
#4512 = APPROVAL_DATE_TIME ( #2688, #5681 ) ;
#4513 = CLOSED_SHELL ( 'NONE', ( #1953, #9813, #10207, #10620, #7311, #8418, #6205, #1145, #2622, #1046, #7231, #10845, #3033, #42, #10135 ) ) ;
#4514 = ADVANCED_FACE ( 'NONE', ( #2754 ), #4750, .F. ) ;
#4515 = DIRECTION ( 'NONE',  ( -0.000000000000000000, -1.000000000000000000, -0.000000000000000000 ) ) ;
#4516 = CYLINDRICAL_SURFACE ( 'NONE', #6934, 3.550269299820402846 ) ;
#4517 = FACE_OUTER_BOUND ( 'NONE', #10425, .T. ) ;
#4518 = CLOSED_SHELL ( 'NONE', ( #7442, #564, #8321, #377, #1928, #9500, #7963, #1035, #3581, #4250, #11451, #7912, #1484, #1160, #8498, #7873, #8201, #396, #6524, #4271 ) ) ;
#4519 = CARTESIAN_POINT ( 'NONE',  ( -27.94637722496424459, 12.00000000000000000, -30.00000000000000000 ) ) ;
#4520 = EDGE_CURVE ( 'NONE', #7421, #2229, #8415, .T. ) ;
#4521 = CARTESIAN_POINT ( 'NONE',  ( -40.00000000000000000, 0.000000000000000000, -17.51930530821583076 ) ) ;
#4522 = CYLINDRICAL_SURFACE ( 'NONE', #5108, 6.999999999999999112 ) ;
#4523 = DIRECTION ( 'NONE',  ( -0.000000000000000000, -1.000000000000000000, -0.000000000000000000 ) ) ;
#4524 = APPROVAL_STATUS ( 'not_yet_approved' ) ;
#4525 = PLANE ( 'NONE',  #3458 ) ;
#4526 = ORIENTED_EDGE ( 'NONE', *, *, #5092, .F. ) ;
#4527 = CIRCLE ( 'NONE', #273, 200.0000000000000000 ) ;
#4528 = VERTEX_POINT ( 'NONE', #2937 ) ;
#4529 = DIRECTION ( 'NONE',  ( 1.000000000000000000, -0.000000000000000000, 0.000000000000000000 ) ) ;
#4530 = EDGE_CURVE ( 'NONE', #11630, #402, #2792, .T. ) ;
#4531 = PLANE ( 'NONE',  #4871 ) ;
#4532 = PLANE ( 'NONE',  #764 ) ;
#4533 = CARTESIAN_POINT ( 'NONE',  ( -140.5000000000000000, 0.000000000000000000, 31.00000000000000000 ) ) ;
#4534 = CARTESIAN_POINT ( 'NONE',  ( 0.000000000000000000, 0.000000000000000000, 0.000000000000000000 ) ) ;
#4535 = CARTESIAN_POINT ( 'NONE',  ( 0.000000000000000000, 0.000000000000000000, -10.00000000000000000 ) ) ;
#4536 = COORDINATED_UNIVERSAL_TIME_OFFSET ( 8, 0, .AHEAD. ) ;
#4538 = EDGE_LOOP ( 'NONE', ( #3872, #2835 ) ) ;
#4537 = ORIENTED_EDGE ( 'NONE', *, *, #7466, .T. ) ;
#4539 = AXIS2_PLACEMENT_3D ( 'NONE', #5536, #6461, #1112 ) ;
#4540 = EDGE_CURVE ( 'NONE', #2167, #4714, #3403, .T. ) ;
#4541 = ORIENTED_EDGE ( 'NONE', *, *, #8878, .F. ) ;
#4542 = ORIENTED_EDGE ( 'NONE', *, *, #1654, .F. ) ;
#4543 = AXIS2_PLACEMENT_3D ( 'NONE', #3113, #1584, #6815 ) ;
#4544 = DIRECTION ( 'NONE',  ( 0.000000000000000000, 1.000000000000000000, 0.000000000000000000 ) ) ;
#4545 = CIRCLE ( 'NONE', #9408, 5.000000000000000000 ) ;
#4546 = CARTESIAN_POINT ( 'NONE',  ( 47.50000000000000000, 0.000000000000000000, -35.00000000000000000 ) ) ;
#4547 = DIRECTION ( 'NONE',  ( 0.000000000000000000, 0.000000000000000000, -1.000000000000000000 ) ) ;
#4548 = CIRCLE ( 'NONE', #6106, 4.500000000000031974 ) ;
#4549 = FACE_OUTER_BOUND ( 'NONE', #9377, .T. ) ;
#4550 = PERSON_AND_ORGANIZATION_ROLE ( 'creator' ) ;
#4551 = CIRCLE ( 'NONE', #7282, 4.499999999999997335 ) ;
#4552 = EDGE_CURVE ( 'NONE', #4135, #11554, #6644, .T. ) ;
#4553 = ORIENTED_EDGE ( 'NONE', *, *, #1253, .T. ) ;
#4554 = APPROVAL_ROLE ( '' ) ;
#4555 = EDGE_CURVE ( 'NONE', #11784, #4367, #6480, .T. ) ;
#4556 = ORIENTED_EDGE ( 'NONE', *, *, #382, .F. ) ;
#4557 = VECTOR ( 'NONE', #3046, 1000.000000000000000 ) ;
#4558 = SECURITY_CLASSIFICATION ( '', '', #4751 ) ;
#4559 = CARTESIAN_POINT ( 'NONE',  ( 29.94973070017958960, 0.000000000000000000, 22.06822262118494393 ) ) ;
#4560 = CARTESIAN_POINT ( 'NONE',  ( -47.50000000000000000, 18.00000000000000000, -35.00000000000000000 ) ) ;
#4561 = CARTESIAN_POINT ( 'NONE',  ( 29.94973070017960382, 18.00000000000000000, -22.06822262118497591 ) ) ;
#4562 = FACE_OUTER_BOUND ( 'NONE', #3478, .T. ) ;
#4563 = SHAPE_REPRESENTATION_RELATIONSHIP ( 'NONE' , 'NONE' ,  #9264, #8836 ) ;
#4564 = CC_DESIGN_PERSON_AND_ORGANIZATION_ASSIGNMENT ( #11569, #4894, ( #11477 ) ) ;
#4565 = DIRECTION ( 'NONE',  ( 0.000000000000000000, 1.000000000000000000, 0.000000000000000000 ) ) ;
#4566 = APPROVAL ( #5609, 'UNKNOWN' ) ;
#4567 = EDGE_LOOP ( 'NONE', ( #7644, #6897 ) ) ;
#4568 = COORDINATED_UNIVERSAL_TIME_OFFSET ( 8, 0, .AHEAD. ) ;
#4569 = EDGE_CURVE ( 'NONE', #2758, #9524, #7502, .T. ) ;
#4570 = PERSON_AND_ORGANIZATION ( #2011, #2802 ) ;
#4571 = CARTESIAN_POINT ( 'NONE',  ( 64.58429561200922819, 0.000000000000000000, -40.67321016166279435 ) ) ;
#4572 = FACE_BOUND ( 'NONE', #8075, .T. ) ;
#4573 = PRODUCT_DEFINITION_SHAPE ( 'NONE', 'NONE',  #12027 ) ;
#4574 = DIRECTION ( 'NONE',  ( 1.000000000000000000, 0.000000000000000000, 0.000000000000000000 ) ) ;
#4575 = CARTESIAN_POINT ( 'NONE',  ( -29.94973070017952210, 0.000000000000000000, -18.61781739428728599 ) ) ;
#4576 = DIRECTION ( 'NONE',  ( 0.000000000000000000, 0.000000000000000000, 1.000000000000000000 ) ) ;
#4577 = CC_DESIGN_PERSON_AND_ORGANIZATION_ASSIGNMENT ( #10614, #4120, ( #4929 ) ) ;
#4578 = CARTESIAN_POINT ( 'NONE',  ( -18.12278137398203626, 0.000000000000000000, 13.83921486740446660 ) ) ;
#4579 = PERSON_AND_ORGANIZATION ( #2011, #2802 ) ;
#4580 = DIRECTION ( 'NONE',  ( 0.000000000000000000, 0.000000000000000000, 1.000000000000000000 ) ) ;
#4581 = EDGE_LOOP ( 'NONE', ( #3683, #3451, #4744, #11549 ) ) ;
#4582 = EDGE_CURVE ( 'NONE', #9411, #628, #4364, .T. ) ;
#4583 = VECTOR ( 'NONE', #9649, 1000.000000000000000 ) ;
#4584 = ORIENTED_EDGE ( 'NONE', *, *, #5438, .T. ) ;
#4585 = CARTESIAN_POINT ( 'NONE',  ( 0.000000000000000000, 225.0000000000000000, 0.000000000000000000 ) ) ;
#4586 = CARTESIAN_POINT ( 'NONE',  ( -163.1999999999999886, 42.00000000000000000, -46.99999999999999289 ) ) ;
#4587 = DIRECTION ( 'NONE',  ( -0.000000000000000000, -1.000000000000000000, -0.000000000000000000 ) ) ;
#4588 = VERTEX_POINT ( 'NONE', #3735 ) ;
#4589 = LINE ( 'NONE', #11057, #10118 ) ;
#4590 = DIRECTION ( 'NONE',  ( 1.000000000000000000, 0.000000000000000000, 0.000000000000000000 ) ) ;
#4591 = CIRCLE ( 'NONE', #11023, 7.000000000000033751 ) ;
#4592 = CARTESIAN_POINT ( 'NONE',  ( 29.94973070017958960, 18.00000000000000000, 25.61849192100535078 ) ) ;
#4593 = EDGE_CURVE ( 'NONE', #8683, #6126, #10290, .T. ) ;
#4594 = APPROVAL_ROLE ( '' ) ;
#4596 = ORIENTED_EDGE ( 'NONE', *, *, #7592, .F. ) ;
#4595 = ORIENTED_EDGE ( 'NONE', *, *, #6362, .T. ) ;
#4597 = ORIENTED_EDGE ( 'NONE', *, *, #858, .F. ) ;
#4598 = ORIENTED_EDGE ( 'NONE', *, *, #7058, .F. ) ;
#4599 = AXIS2_PLACEMENT_3D ( 'NONE', #1563, #9700, #7084 ) ;
#4600 = CARTESIAN_POINT ( 'NONE',  ( -49.74884620746166775, 0.000000000000000000, 127.1043392264673315 ) ) ;
#4602 = AXIS2_PLACEMENT_3D ( 'NONE', #11852, #7213, #10923 ) ;
#4601 = DIRECTION ( 'NONE',  ( 0.000000000000000000, 0.000000000000000000, 1.000000000000000000 ) ) ;
#4603 = CARTESIAN_POINT ( 'NONE',  ( -105.0000000000000000, 90.00000000000000000, -105.0000000000000000 ) ) ;
#4604 = VECTOR ( 'NONE', #9848, 1000.000000000000000 ) ;
#4605 = CARTESIAN_POINT ( 'NONE',  ( 9.184850993605147944E-16, 24.00000000000000000, 7.500000000000000000 ) ) ;
#4606 = CALENDAR_DATE ( 2026, 29, 7 ) ;
#4607 = CIRCLE ( 'NONE', #366, 6.000000000000000888 ) ;
#4608 = ORIENTED_EDGE ( 'NONE', *, *, #11488, .T. ) ;
#4609 = DATE_AND_TIME ( #9237, #10693 ) ;
#4610 = ORIENTED_EDGE ( 'NONE', *, *, #2986, .F. ) ;
#4611 = AXIS2_PLACEMENT_3D ( 'NONE', #5545, #3689, #2231 ) ;
#4612 = CARTESIAN_POINT ( 'NONE',  ( 30.00000000000000000, 560.0000000000000000, 30.00000000000000000 ) ) ;
#4613 = AXIS2_PLACEMENT_3D ( 'NONE', #2094, #10301, #5786 ) ;
#4614 = EDGE_CURVE ( 'NONE', #668, #11565, #155, .T. ) ;
#4615 = CARTESIAN_POINT ( 'NONE',  ( -18.12278137398203270, 85.00000000000000000, -13.83921486740446305 ) ) ;
#4616 = DIRECTION ( 'NONE',  ( 0.000000000000000000, 0.000000000000000000, 1.000000000000000000 ) ) ;
#4617 = EDGE_CURVE ( 'NONE', #574, #4881, #9445, .T. ) ;
#4618 =( NAMED_UNIT ( * ) PLANE_ANGLE_UNIT ( ) SI_UNIT ( $, .RADIAN. ) );
#4619 = ADVANCED_BREP_SHAPE_REPRESENTATION ( '', ( #3055, #2596 ), #11760 ) ;
#4620 = CARTESIAN_POINT ( 'NONE',  ( -60.00000000000000000, 12.00000000000000000, 90.00000000000000000 ) ) ;
#4621 = ORIENTED_EDGE ( 'NONE', *, *, #5506, .F. ) ;
#4622 = MECHANICAL_CONTEXT ( 'NONE', #10616, 'mechanical' ) ;
#4623 = AXIS2_PLACEMENT_3D ( 'NONE', #1377, #8125, #5301 ) ;
#4624 = APPROVAL_DATE_TIME ( #7432, #4433 ) ;
#4625 = AXIS2_PLACEMENT_3D ( 'NONE', #703, #7192, #10959 ) ;
#4626 = LINE ( 'NONE', #5473, #7862 ) ;
#4627 = CYLINDRICAL_SURFACE ( 'NONE', #4030, 4.500000000000031974 ) ;
#4628 = CARTESIAN_POINT ( 'NONE',  ( 27.94637722496424459, 12.00000000000000000, 30.00000000000000000 ) ) ;
#4629 = AXIS2_PLACEMENT_3D ( 'NONE', #4612, #2678, #4391 ) ;
#4630 = EDGE_CURVE ( 'NONE', #8848, #6044, #11224, .T. ) ;
#4631 = CARTESIAN_POINT ( 'NONE',  ( -64.58429561200924240, 10.00000000000000000, -45.58891454965358037 ) ) ;
#4632 = CARTESIAN_POINT ( 'NONE',  ( -18.12278137398203270, 85.00000000000000000, -16.71649217096105033 ) ) ;
#4633 =( NAMED_UNIT ( * ) SI_UNIT ( $, .STERADIAN. ) SOLID_ANGLE_UNIT ( ) );
#4634 = DIRECTION ( 'NONE',  ( 0.000000000000000000, 0.000000000000000000, 1.000000000000000000 ) ) ;
#4635 = MECHANICAL_CONTEXT ( 'NONE', #2695, 'mechanical' ) ;
#4636 = APPROVAL_PERSON_ORGANIZATION ( #6020, #2196, #4089 ) ;
#4637 = VECTOR ( 'NONE', #1411, 1000.000000000000000 ) ;
#4638 = VERTEX_POINT ( 'NONE', #6701 ) ;
#4639 = VERTEX_POINT ( 'NONE', #10409 ) ;
#4640 = CC_DESIGN_DATE_AND_TIME_ASSIGNMENT ( #3494, #8970, ( #8853 ) ) ;
#4641 = FACE_BOUND ( 'NONE', #3104, .T. ) ;
#4642 = CARTESIAN_POINT ( 'NONE',  ( 18.12278137398207889, 85.00000000000000000, 13.83921486740448081 ) ) ;
#4643 = FACE_OUTER_BOUND ( 'NONE', #2363, .T. ) ;
#4644 = EDGE_LOOP ( 'NONE', ( #8336, #7904, #9110, #2346, #4468, #2922, #3624, #11201, #9345, #1314, #7680, #9908 ) ) ;
#4645 = CARTESIAN_POINT ( 'NONE',  ( -280.0000000000000000, 12.00000000000000000, 13.00000000000000000 ) ) ;
#4646 = DIRECTION ( 'NONE',  ( 0.000000000000000000, 0.000000000000000000, -1.000000000000000000 ) ) ;
#4647 = APPROVAL_PERSON_ORGANIZATION ( #11384, #5079, #1276 ) ;
#4648 = EDGE_CURVE ( 'NONE', #5749, #9830, #4927, .T. ) ;
#4649 = DATE_AND_TIME ( #956, #8637 ) ;
#4650 = ORIENTED_EDGE ( 'NONE', *, *, #9361, .F. ) ;
#4651 = DIRECTION ( 'NONE',  ( 0.000000000000000000, -1.000000000000000000, 0.000000000000000000 ) ) ;
#4652 = PERSON_AND_ORGANIZATION_ROLE ( 'design_owner' ) ;
#4654 = VERTEX_POINT ( 'NONE', #3062 ) ;
#4653 = EDGE_LOOP ( 'NONE', ( #10334, #10438 ) ) ;
#4655 = LOCAL_TIME ( 1, 42, 14.00000000000000000, #1071 ) ;
#4656 = APPROVAL_PERSON_ORGANIZATION ( #8601, #5834, #11061 ) ;
#4657 = ORIENTED_EDGE ( 'NONE', *, *, #7824, .F. ) ;
#4658 = EDGE_CURVE ( 'NONE', #1920, #5513, #9753, .T. ) ;
#4659 = DIRECTION ( 'NONE',  ( 1.000000000000000000, -0.000000000000000000, 0.000000000000000000 ) ) ;
#4660 = CARTESIAN_POINT ( 'NONE',  ( -30.00000000000000000, 12.00000000000000000, 27.94637722496424459 ) ) ;
#4661 = EDGE_CURVE ( 'NONE', #498, #6076, #11535, .T. ) ;
#4662 = DIRECTION ( 'NONE',  ( 0.000000000000000000, 0.000000000000000000, -1.000000000000000000 ) ) ;
#4663 = ORIENTED_EDGE ( 'NONE', *, *, #2890, .T. ) ;
#4664 = ORGANIZATION ( 'NAUO-ORG6', 'UNSPECIFIED', 'UNSPECIFIED' ) ;
#4665 = CARTESIAN_POINT ( 'NONE',  ( 49.74884620746168196, 0.000000000000000000, -120.1043392264672747 ) ) ;
#4666 = COORDINATED_UNIVERSAL_TIME_OFFSET ( 8, 0, .AHEAD. ) ;
#4667 = ORIENTED_EDGE ( 'NONE', *, *, #1873, .T. ) ;
#4668 = DATE_AND_TIME ( #9298, #7185 ) ;
#4669 = ORIENTED_EDGE ( 'NONE', *, *, #7191, .T. ) ;
#4670 = LOCAL_TIME ( 1, 42, 14.00000000000000000, #7785 ) ;
#4671 = AXIS2_PLACEMENT_3D ( 'NONE', #10185, #9520, #8550 ) ;
#4672 = EDGE_CURVE ( 'NONE', #4654, #9343, #6766, .T. ) ;
#4673 = DIRECTION ( 'NONE',  ( 0.000000000000000000, 1.000000000000000000, 0.000000000000000000 ) ) ;
#4674 = CARTESIAN_POINT ( 'NONE',  ( 55.00000000000000000, 18.00000000000000000, 39.51734104046241924 ) ) ;
#4675 = DIRECTION ( 'NONE',  ( 0.000000000000000000, 0.000000000000000000, -1.000000000000000000 ) ) ;
#4676 = LINE ( 'NONE', #10333, #7879 ) ;
#4677 = VERTEX_POINT ( 'NONE', #5049 ) ;
#4678 = COORDINATED_UNIVERSAL_TIME_OFFSET ( 8, 0, .AHEAD. ) ;
#4679 = AXIS2_PLACEMENT_3D ( 'NONE', #11985, #7447, #10296 ) ;
#4680 = SHAPE_DEFINITION_REPRESENTATION ( #7204, #8962 ) ;
#4681 = EDGE_CURVE ( 'NONE', #1280, #3371, #4982, .T. ) ;
#4682 = DIRECTION ( 'NONE',  ( -1.000000000000000000, -0.000000000000000000, -0.000000000000000000 ) ) ;
#4683 = EDGE_CURVE ( 'NONE', #1719, #7050, #10965, .T. ) ;
#4684 = CARTESIAN_POINT ( 'NONE',  ( 41.00000000000000000, 20.00000000000000000, 70.00000000000000000 ) ) ;
#4685 = CARTESIAN_POINT ( 'NONE',  ( 297.5999999999999659, 34.00000000000000000, -27.00000000000000355 ) ) ;
#4686 = EDGE_LOOP ( 'NONE', ( #2309, #4388, #3084, #11586 ) ) ;
#4687 = CIRCLE ( 'NONE', #7620, 3.500000000000000000 ) ;
#4688 = CARTESIAN_POINT ( 'NONE',  ( -35.00000000000000000, 26.00000000000000000, -10.00000000000000000 ) ) ;
#4689 = CARTESIAN_POINT ( 'NONE',  ( 40.00000000000000000, 18.00000000000000000, -3.500000000000000000 ) ) ;
#4690 =( NAMED_UNIT ( * ) PLANE_ANGLE_UNIT ( ) SI_UNIT ( $, .RADIAN. ) );
#4691 = DIRECTION ( 'NONE',  ( -0.000000000000000000, -1.000000000000000000, -0.000000000000000000 ) ) ;
#4692 = CLOSED_SHELL ( 'NONE', ( #6693, #6856, #4902, #11429, #3309, #8534, #6613, #3397, #646, #2253, #7707, #10198, #1746, #7207, #5505, #11921, #8294, #7308, #4475, #969, #10643, #1063, #5259, #7245, #6739 ) ) ;
#4693 = CALENDAR_DATE ( 2026, 29, 7 ) ;
#4695 = EDGE_CURVE ( 'NONE', #4061, #7050, #10666, .T. ) ;
#4694 = EDGE_LOOP ( 'NONE', ( #3323, #4375, #8989, #10865 ) ) ;
#4696 = ORIENTED_EDGE ( 'NONE', *, *, #6818, .T. ) ;
#4697 = FACE_OUTER_BOUND ( 'NONE', #3036, .T. ) ;
#4698 = LINE ( 'NONE', #3572, #448 ) ;
#4699 = CARTESIAN_POINT ( 'NONE',  ( 40.00000000000000000, 18.00000000000000000, 3.500000000000000000 ) ) ;
#4700 = LINE ( 'NONE', #3800, #401 ) ;
#4701 = FACE_OUTER_BOUND ( 'NONE', #5717, .T. ) ;
#4702 = DATE_TIME_ROLE ( 'classification_date' ) ;
#4703 = APPLICATION_CONTEXT ( 'configuration controlled 3d designs of mechanical parts and assemblies' ) ;
#4704 = APPROVAL ( #2799, 'æœª' ) ;
#4705 = CARTESIAN_POINT ( 'NONE',  ( -140.5000000000000000, 10.00000000000000000, 31.00000000000000000 ) ) ;
#4706 = CC_DESIGN_PERSON_AND_ORGANIZATION_ASSIGNMENT ( #7474, #4720, ( #5606 ) ) ;
#4708 = ORIENTED_EDGE ( 'NONE', *, *, #5506, .T. ) ;
#4707 = ORIENTED_EDGE ( 'NONE', *, *, #2705, .T. ) ;
#4709 = VERTEX_POINT ( 'NONE', #9630 ) ;
#4710 = CARTESIAN_POINT ( 'NONE',  ( -297.5999999999999659, 34.00000000000000000, 27.00000000000000000 ) ) ;
#4711 = CYLINDRICAL_SURFACE ( 'NONE', #7531, 5.653846153846162181 ) ;
#4712 = EDGE_LOOP ( 'NONE', ( #8930, #5222 ) ) ;
#4713 = CARTESIAN_POINT ( 'NONE',  ( -51.28027681660898907, 0.000000000000000000, 27.34948096885812774 ) ) ;
#4714 = VERTEX_POINT ( 'NONE', #4037 ) ;
#4715 = EDGE_CURVE ( 'NONE', #8490, #7687, #406, .T. ) ;
#4716 = CARTESIAN_POINT ( 'NONE',  ( -165.0000000000000000, 14.00000000000000000, 165.0000000000000000 ) ) ;
#4717 = COORDINATED_UNIVERSAL_TIME_OFFSET ( 8, 0, .AHEAD. ) ;
#4718 = AXIS2_PLACEMENT_3D ( 'NONE', #11073, #4836, #11379 ) ;
#4719 = ORIENTED_EDGE ( 'NONE', *, *, #2300, .T. ) ;
#4720 = PERSON_AND_ORGANIZATION_ROLE ( 'classification_officer' ) ;
#4721 = EDGE_LOOP ( 'NONE', ( #2434, #5718, #5084, #2972 ) ) ;
#4722 = EDGE_CURVE ( 'NONE', #2908, #7445, #10539, .T. ) ;
#4723 = DESIGN_CONTEXT ( 'detailed design', #3867, 'design' ) ;
#4724 = PLANE ( 'NONE',  #8337 ) ;
#4725 = AXIS2_PLACEMENT_3D ( 'NONE', #7022, #6094, #9812 ) ;
#4726 = APPROVAL_PERSON_ORGANIZATION ( #5410, #670, #10846 ) ;
#4727 = DIRECTION ( 'NONE',  ( 0.000000000000000000, 1.000000000000000000, 0.000000000000000000 ) ) ;
#4728 = ORIENTED_EDGE ( 'NONE', *, *, #4681, .F. ) ;
#4729 = CIRCLE ( 'NONE', #2989, 4.500000000000031974 ) ;
#4730 = CARTESIAN_POINT ( 'NONE',  ( 49.74884620746168196, 14.00000000000000000, -120.1043392264672747 ) ) ;
#4731 = CARTESIAN_POINT ( 'NONE',  ( -70.00000000000000000, 668.0000000000000000, -6.000000000000000000 ) ) ;
#4732 = DIRECTION ( 'NONE',  ( -0.000000000000000000, -1.000000000000000000, -0.000000000000000000 ) ) ;
#4733 = ORIENTED_EDGE ( 'NONE', *, *, #226, .T. ) ;
#4734 = PERSON_AND_ORGANIZATION_ROLE ( 'design_owner' ) ;
#4735 = APPROVAL_DATE_TIME ( #5642, #10531 ) ;
#4736 = EDGE_CURVE ( 'NONE', #6770, #6156, #2997, .T. ) ;
#4737 = AXIS2_PLACEMENT_3D ( 'NONE', #4716, #10201, #11136 ) ;
#4738 = APPROVAL_PERSON_ORGANIZATION ( #3793, #1016, #8538 ) ;
#4739 = SHAPE_REPRESENTATION ( 'FD-015_diverter_chute', ( #2596 ), #8436 ) ;
#4740 = LINE ( 'NONE', #990, #3419 ) ;
#4741 = DIRECTION ( 'NONE',  ( -0.000000000000000000, -1.000000000000000000, -0.000000000000000000 ) ) ;
#4742 = CALENDAR_DATE ( 2026, 29, 7 ) ;
#4743 = PLANE ( 'NONE',  #4805 ) ;
#4744 = ORIENTED_EDGE ( 'NONE', *, *, #6900, .F. ) ;
#4745 = LINE ( 'NONE', #403, #2614 ) ;
#4746 = DIRECTION ( 'NONE',  ( 0.000000000000000000, 1.000000000000000000, 0.000000000000000000 ) ) ;
#4747 = AXIS2_PLACEMENT_3D ( 'NONE', #4774, #8504, #915 ) ;
#4748 = LINE ( 'NONE', #9258, #8237 ) ;
#4749 = APPROVAL_PERSON_ORGANIZATION ( #6154, #4704, #1833 ) ;
#4750 = CYLINDRICAL_SURFACE ( 'NONE', #1452, 3.711604984463400037 ) ;
#4751 = SECURITY_CLASSIFICATION_LEVEL ( 'unclassified' ) ;
#4752 = EDGE_CURVE ( 'NONE', #7687, #596, #2144, .T. ) ;
#4753 = ORIENTED_EDGE ( 'NONE', *, *, #8463, .T. ) ;
#4754 = FACE_BOUND ( 'NONE', #7068, .T. ) ;
#4755 = LINE ( 'NONE', #8545, #10526 ) ;
#4756 = DIRECTION ( 'NONE',  ( -1.000000000000000000, 0.000000000000000000, 0.000000000000000000 ) ) ;
#4757 = ORIENTED_EDGE ( 'NONE', *, *, #2651, .F. ) ;
#4758 = CARTESIAN_POINT ( 'NONE',  ( 29.94973070017960382, 18.00000000000000000, -22.06822262118497591 ) ) ;
#4759 = DIRECTION ( 'NONE',  ( -0.000000000000000000, -1.000000000000000000, -0.000000000000000000 ) ) ;
#4760 = EDGE_CURVE ( 'NONE', #11574, #5987, #4160, .T. ) ;
#4761 = CARTESIAN_POINT ( 'NONE',  ( 0.000000000000000000, 0.000000000000000000, 0.000000000000000000 ) ) ;
#4762 = CARTESIAN_POINT ( 'NONE',  ( 53.88728323699425005, 0.000000000000000000, -45.13005780346821183 ) ) ;
#4763 = ADVANCED_BREP_SHAPE_REPRESENTATION ( '', ( #6982, #2596 ), #2414 ) ;
#4764 = ORIENTED_EDGE ( 'NONE', *, *, #917, .F. ) ;
#4765 = ORIENTED_EDGE ( 'NONE', *, *, #4408, .T. ) ;
#4766 = DIRECTION ( 'NONE',  ( 1.000000000000000000, 0.000000000000000000, 0.000000000000000000 ) ) ;
#4767 = CARTESIAN_POINT ( 'NONE',  ( 64.58429561200922819, 10.00000000000000000, 45.58891454965358747 ) ) ;
#4768 = DIRECTION ( 'NONE',  ( 0.000000000000000000, 1.000000000000000000, 0.000000000000000000 ) ) ;
#4769 = ORIENTED_EDGE ( 'NONE', *, *, #7235, .F. ) ;
#4770 = LINE ( 'NONE', #3025, #828 ) ;
#4771 = AXIS2_PLACEMENT_3D ( 'NONE', #6238, #7157, #10867 ) ;
#4772 = EDGE_CURVE ( 'NONE', #8928, #272, #6891, .T. ) ;
#4773 = DIRECTION ( 'NONE',  ( 0.000000000000000000, -1.000000000000000000, 0.000000000000000000 ) ) ;
#4774 = CARTESIAN_POINT ( 'NONE',  ( 53.88728323699425005, 0.000000000000000000, -39.51734104046245477 ) ) ;
#4775 = CALENDAR_DATE ( 2026, 29, 7 ) ;
#4776 = ORIENTED_EDGE ( 'NONE', *, *, #9387, .T. ) ;
#4777 = CALENDAR_DATE ( 2026, 29, 7 ) ;
#4778 = CIRCLE ( 'NONE', #6728, 5.000000000000000000 ) ;
#4779 = ORIENTED_EDGE ( 'NONE', *, *, #10086, .T. ) ;
#4780 = CC_DESIGN_PERSON_AND_ORGANIZATION_ASSIGNMENT ( #2870, #279, ( #6141 ) ) ;
#4781 = ORIENTED_EDGE ( 'NONE', *, *, #10988, .T. ) ;
#4782 = DIRECTION ( 'NONE',  ( -1.000000000000000000, 0.000000000000000000, -0.000000000000000000 ) ) ;
#4783 = VECTOR ( 'NONE', #2233, 1000.000000000000000 ) ;
#4784 = ORIENTED_EDGE ( 'NONE', *, *, #194, .T. ) ;
#4785 = DIRECTION ( 'NONE',  ( 0.000000000000000000, 0.000000000000000000, -1.000000000000000000 ) ) ;
#4786 = CARTESIAN_POINT ( 'NONE',  ( -27.50000000000000000, 28.00000000000000000, 18.00000000000000000 ) ) ;
#4787 = AXIS2_PLACEMENT_3D ( 'NONE', #10725, #4286, #10783 ) ;
#4788 = DIRECTION ( 'NONE',  ( 0.000000000000000000, -1.000000000000000000, 6.123233995736766036E-17 ) ) ;
#4789 = VECTOR ( 'NONE', #2780, 1000.000000000000000 ) ;
#4790 = CARTESIAN_POINT ( 'NONE',  ( 52.50000000000000000, 0.000000000000000000, 30.00000000000000000 ) ) ;
#4791 = ORIENTED_EDGE ( 'NONE', *, *, #2519, .T. ) ;
#4792 = EDGE_CURVE ( 'NONE', #5150, #3481, #9571, .T. ) ;
#4793 = APPROVAL_DATE_TIME ( #9369, #9558 ) ;
#4794 = DIRECTION ( 'NONE',  ( 0.000000000000000000, 0.000000000000000000, -1.000000000000000000 ) ) ;
#4795 = PERSON_AND_ORGANIZATION ( #6222, #5244 ) ;
#4796 = VECTOR ( 'NONE', #556, 1000.000000000000000 ) ;
#4797 = FACE_OUTER_BOUND ( 'NONE', #3283, .T. ) ;
#4798 = VECTOR ( 'NONE', #2349, 1000.000000000000000 ) ;
#4799 = PRODUCT_RELATED_PRODUCT_CATEGORY ( 'detail', '', ( #993 ) ) ;
#4800 = DIRECTION ( 'NONE',  ( -0.000000000000000000, -1.000000000000000000, -0.000000000000000000 ) ) ;
#4801 = DATE_AND_TIME ( #3910, #6024 ) ;
#4802 = CARTESIAN_POINT ( 'NONE',  ( -170.0000000000000000, 10.00000000000000000, 65.00000000000000000 ) ) ;
#4803 = DIRECTION ( 'NONE',  ( 0.000000000000000000, -0.000000000000000000, -1.000000000000000000 ) ) ;
#4804 = CARTESIAN_POINT ( 'NONE',  ( 64.58429561200922819, 10.00000000000000000, 50.50461893764436638 ) ) ;
#4805 = AXIS2_PLACEMENT_3D ( 'NONE', #11277, #8531, #1176 ) ;
#4806 = DIRECTION ( 'NONE',  ( 1.000000000000000000, 0.000000000000000000, 0.000000000000000000 ) ) ;
#4807 = DATE_TIME_ROLE ( 'classification_date' ) ;
#4808 = CIRCLE ( 'NONE', #11658, 5.500000000000018652 ) ;
#4809 = ORIENTED_EDGE ( 'NONE', *, *, #9387, .F. ) ;
#4810 = ORIENTED_EDGE ( 'NONE', *, *, #10411, .T. ) ;
#4811 = CIRCLE ( 'NONE', #3868, 12.50000000000000000 ) ;
#4812 = DIRECTION ( 'NONE',  ( 0.000000000000000000, -0.000000000000000000, -1.000000000000000000 ) ) ;
#4813 = DIRECTION ( 'NONE',  ( 0.000000000000000000, 1.000000000000000000, 0.000000000000000000 ) ) ;
#4814 = DIRECTION ( 'NONE',  ( 0.000000000000000000, 1.000000000000000000, 0.000000000000000000 ) ) ;
#4815 = VERTEX_POINT ( 'NONE', #5966 ) ;
#4816 = EDGE_CURVE ( 'NONE', #2963, #8062, #3977, .T. ) ;
#4817 = CARTESIAN_POINT ( 'NONE',  ( -11.00000000000000000, 0.000000000000000000, 15.58891454965356793 ) ) ;
#4818 = LINE ( 'NONE', #5546, #1000 ) ;
#4819 = ITEM_DEFINED_TRANSFORMATION ( 'NONE', 'NONE', #1242,  #2596 ) ;
#4820 = DIRECTION ( 'NONE',  ( 1.000000000000000000, 0.000000000000000000, 0.000000000000000000 ) ) ;
#4821 = AXIS2_PLACEMENT_3D ( 'NONE', #2219, #6776, #9518 ) ;
#4822 = DIRECTION ( 'NONE',  ( 1.000000000000000000, 0.000000000000000000, 0.000000000000000000 ) ) ;
#4824 = EDGE_LOOP ( 'NONE', ( #3047, #5955, #4934, #10309 ) ) ;
#4823 = ORIENTED_EDGE ( 'NONE', *, *, #6153, .T. ) ;
#4825 = ORIENTED_EDGE ( 'NONE', *, *, #11790, .F. ) ;
#4826 = DIRECTION ( 'NONE',  ( -0.000000000000000000, -1.000000000000000000, -0.000000000000000000 ) ) ;
#4827 = EDGE_CURVE ( 'NONE', #9844, #5617, #10730, .T. ) ;
#4828 = FACE_BOUND ( 'NONE', #2564, .T. ) ;
#4829 = PLANE ( 'NONE',  #7338 ) ;
#4831 = EDGE_CURVE ( 'NONE', #1447, #1226, #11962, .T. ) ;
#4830 = CC_DESIGN_APPROVAL ( #4500, ( #10872 ) ) ;
#4832 = VECTOR ( 'NONE', #1440, 1000.000000000000000 ) ;
#4833 = VERTEX_POINT ( 'NONE', #8840 ) ;
#4834 = CYLINDRICAL_SURFACE ( 'NONE', #3139, 4.084295612009243293 ) ;
#4835 = ORIENTED_EDGE ( 'NONE', *, *, #8273, .F. ) ;
#4836 = DIRECTION ( 'NONE',  ( 0.000000000000000000, 1.000000000000000000, 0.000000000000000000 ) ) ;
#4837 = LINE ( 'NONE', #5086, #11592 ) ;
#4838 = CARTESIAN_POINT ( 'NONE',  ( 0.000000000000000000, 44.00000000000000000, 0.000000000000000000 ) ) ;
#4839 = CALENDAR_DATE ( 2026, 29, 7 ) ;
#4840 = LOCAL_TIME ( 1, 42, 14.00000000000000000, #562 ) ;
#4841 = ORIENTED_EDGE ( 'NONE', *, *, #11561, .F. ) ;
#4842 = PERSON_AND_ORGANIZATION_ROLE ( 'classification_officer' ) ;
#4843 = VERTEX_POINT ( 'NONE', #534 ) ;
#4844 = EDGE_CURVE ( 'NONE', #4084, #4290, #1491, .T. ) ;
#4845 = APPROVAL_PERSON_ORGANIZATION ( #9924, #1311, #8711 ) ;
#4846 = DIRECTION ( 'NONE',  ( -1.000000000000000000, -0.000000000000000000, -0.000000000000000000 ) ) ;
#4847 = CC_DESIGN_APPROVAL ( #11298, ( #619 ) ) ;
#4848 = CARTESIAN_POINT ( 'NONE',  ( 55.15432893255066205, 90.00000000000000000, 49.65432893255062652 ) ) ;
#4849 = FACE_OUTER_BOUND ( 'NONE', #6607, .T. ) ;
#4850 = CARTESIAN_POINT ( 'NONE',  ( -105.0000000000000000, 0.000000000000000000, 105.0000000000000000 ) ) ;
#4851 = ORIENTED_EDGE ( 'NONE', *, *, #5631, .T. ) ;
#4852 = DATE_AND_TIME ( #6938, #8732 ) ;
#4853 = CC_DESIGN_DATE_AND_TIME_ASSIGNMENT ( #8704, #3237, ( #10440 ) ) ;
#4854 = DIRECTION ( 'NONE',  ( 0.000000000000000000, 0.000000000000000000, -1.000000000000000000 ) ) ;
#4855 = PERSON_AND_ORGANIZATION_ROLE ( 'classification_officer' ) ;
#4856 = CC_DESIGN_SECURITY_CLASSIFICATION ( #6423, ( #12021 ) ) ;
#4857 = AXIS2_PLACEMENT_3D ( 'NONE', #1207, #4003, #7708 ) ;
#4858 = CARTESIAN_POINT ( 'NONE',  ( -170.0000000000000000, 0.000000000000000000, 65.00000000000000000 ) ) ;
#4859 = LINE ( 'NONE', #9502, #10665 ) ;
#4860 =( REPRESENTATION_RELATIONSHIP ('NONE','NONE', #8109, #9264 ) REPRESENTATION_RELATIONSHIP_WITH_TRANSFORMATION ( #2245 )SHAPE_REPRESENTATION_RELATIONSHIP( ) );
#4861 = ORIENTED_EDGE ( 'NONE', *, *, #9371, .F. ) ;
#4862 = DIRECTION ( 'NONE',  ( 0.000000000000000000, 0.000000000000000000, 1.000000000000000000 ) ) ;
#4863 = CARTESIAN_POINT ( 'NONE',  ( 60.00000000000000000, 0.000000000000000000, 90.00000000000000000 ) ) ;
#4864 = AXIS2_PLACEMENT_3D ( 'NONE', #4767, #10144, #9348 ) ;
#4865 = LINE ( 'NONE', #3975, #11560 ) ;
#4866 = APPLICATION_PROTOCOL_DEFINITION ( 'international standard', 'config_control_design', 1994, #2695 ) ;
#4867 = APPROVAL ( #5129, 'æœª' ) ;
#4868 = COORDINATED_UNIVERSAL_TIME_OFFSET ( 8, 0, .AHEAD. ) ;
#4869 = ORIENTED_EDGE ( 'NONE', *, *, #2170, .T. ) ;
#4870 = CARTESIAN_POINT ( 'NONE',  ( -29.94973070017952566, 18.00000000000000000, 18.61781739428729310 ) ) ;
#4871 = AXIS2_PLACEMENT_3D ( 'NONE', #4586, #2761, #6468 ) ;
#4872 = DIRECTION ( 'NONE',  ( 0.000000000000000000, 1.000000000000000000, 0.000000000000000000 ) ) ;
#4873 = ADVANCED_FACE ( 'NONE', ( #11665 ), #3321, .F. ) ;
#4874 = DIRECTION ( 'NONE',  ( -1.000000000000000000, 0.000000000000000000, 0.000000000000000000 ) ) ;
#4875 = FACE_BOUND ( 'NONE', #2487, .T. ) ;
#4876 = FACE_BOUND ( 'NONE', #6470, .T. ) ;
#4877 = APPROVAL_DATE_TIME ( #11119, #11049 ) ;
#4878 = VERTEX_POINT ( 'NONE', #8905 ) ;
#4879 = AXIS2_PLACEMENT_3D ( 'NONE', #1376, #2523, #10607 ) ;
#4880 = CARTESIAN_POINT ( 'NONE',  ( 64.58429561200922819, 10.00000000000000000, 45.58891454965358747 ) ) ;
#4882 = ORIENTED_EDGE ( 'NONE', *, *, #5702, .F. ) ;
#4881 = VERTEX_POINT ( 'NONE', #10961 ) ;
#4883 = ADVANCED_FACE ( 'NONE', ( #7312 ), #1718, .F. ) ;
#4884 = ORIENTED_EDGE ( 'NONE', *, *, #4450, .F. ) ;
#4885 = DIRECTION ( 'NONE',  ( -0.000000000000000000, -1.000000000000000000, -0.000000000000000000 ) ) ;
#4886 = LINE ( 'NONE', #11497, #3146 ) ;
#4887 = DIRECTION ( 'NONE',  ( 0.000000000000000000, 0.000000000000000000, -1.000000000000000000 ) ) ;
#4888 = ORIENTED_EDGE ( 'NONE', *, *, #5875, .F. ) ;
#4889 = CARTESIAN_POINT ( 'NONE',  ( 275.6125178063039698, 12.00000000000000000, 39.00000000000000711 ) ) ;
#4890 = ORIENTED_EDGE ( 'NONE', *, *, #3346, .T. ) ;
#4891 = DIRECTION ( 'NONE',  ( 0.000000000000000000, 0.000000000000000000, -1.000000000000000000 ) ) ;
#4892 = ORIENTED_EDGE ( 'NONE', *, *, #1299, .T. ) ;
#4893 = DIRECTION ( 'NONE',  ( 0.000000000000000000, 1.000000000000000000, 0.000000000000000000 ) ) ;
#4894 = PERSON_AND_ORGANIZATION_ROLE ( 'design_supplier' ) ;
#4895 = EDGE_CURVE ( 'NONE', #3567, #5104, #761, .T. ) ;
#4896 = ORIENTED_EDGE ( 'NONE', *, *, #10802, .F. ) ;
#4897 = SECURITY_CLASSIFICATION_LEVEL ( 'unclassified' ) ;
#4898 = VERTEX_POINT ( 'NONE', #2626 ) ;
#4899 = VECTOR ( 'NONE', #10612, 1000.000000000000000 ) ;
#4900 = VERTEX_POINT ( 'NONE', #9982 ) ;
#4901 = DIRECTION ( 'NONE',  ( -1.000000000000000000, 0.000000000000000000, 0.000000000000000000 ) ) ;
#4902 = ADVANCED_FACE ( 'NONE', ( #2573 ), #10041, .F. ) ;
#4903 = FACE_OUTER_BOUND ( 'NONE', #9236, .T. ) ;
#4904 = CARTESIAN_POINT ( 'NONE',  ( -55.00000000000000000, 0.000000000000000000, 17.00000000000000000 ) ) ;
#4905 = ORIENTED_EDGE ( 'NONE', *, *, #5462, .F. ) ;
#4906 = SHAPE_REPRESENTATION_RELATIONSHIP ( 'NONE' , 'NONE' ,  #5517, #137 ) ;
#4907 = EDGE_CURVE ( 'NONE', #3157, #196, #10903, .T. ) ;
#4908 = DIRECTION ( 'NONE',  ( 0.000000000000000000, 0.000000000000000000, -1.000000000000000000 ) ) ;
#4909 = AXIS2_PLACEMENT_3D ( 'NONE', #10600, #11601, #5773 ) ;
#4910 = ORIENTED_EDGE ( 'NONE', *, *, #7013, .T. ) ;
#4911 = PERSON_AND_ORGANIZATION_ROLE ( 'creator' ) ;
#4912 = LINE ( 'NONE', #8647, #235 ) ;
#4913 = APPROVAL_STATUS ( 'not_yet_approved' ) ;
#4914 = ORIENTED_EDGE ( 'NONE', *, *, #10318, .T. ) ;
#4915 = VECTOR ( 'NONE', #4523, 1000.000000000000000 ) ;
#4916 = CARTESIAN_POINT ( 'NONE',  ( 2.632990618166809472E-14, 0.000000000000000000, 215.0000000000000000 ) ) ;
#4917 = APPROVAL_DATE_TIME ( #2987, #2778 ) ;
#4918 = AXIS2_PLACEMENT_3D ( 'NONE', #467, #4158, #8837 ) ;
#4919 = PLANE ( 'NONE',  #1134 ) ;
#4920 = CC_DESIGN_DATE_AND_TIME_ASSIGNMENT ( #11869, #11747, ( #804 ) ) ;
#4921 = DIRECTION ( 'NONE',  ( 0.000000000000000000, 0.000000000000000000, -1.000000000000000000 ) ) ;
#4922 = APPROVAL ( #7008, 'UNKNOWN' ) ;
#4923 = DIRECTION ( 'NONE',  ( 0.000000000000000000, 1.000000000000000000, 0.000000000000000000 ) ) ;
#4924 = ADVANCED_FACE ( 'NONE', ( #5351 ), #8115, .F. ) ;
#4925 = CARTESIAN_POINT ( 'NONE',  ( -46.15384615384615330, 0.000000000000000000, -69.23076923076924061 ) ) ;
#4926 = APPROVAL_ROLE ( '' ) ;
#4927 = CIRCLE ( 'NONE', #8434, 3.550269299820402846 ) ;
#4928 = PERSON_AND_ORGANIZATION ( #2011, #2802 ) ;
#4929 = SECURITY_CLASSIFICATION ( '', '', #9828 ) ;
#4930 = EDGE_LOOP ( 'NONE', ( #6188, #11975, #2731, #7840 ) ) ;
#4931 = FACE_BOUND ( 'NONE', #7350, .T. ) ;
#4932 = CARTESIAN_POINT ( 'NONE',  ( 11.00000000000000000, 10.00000000000000000, 15.58891454965356793 ) ) ;
#4933 = DIRECTION ( 'NONE',  ( -0.000000000000000000, -1.000000000000000000, -0.000000000000000000 ) ) ;
#4934 = ORIENTED_EDGE ( 'NONE', *, *, #5933, .F. ) ;
#4935 = CIRCLE ( 'NONE', #3007, 7.000000000000026645 ) ;
#4936 = CC_DESIGN_PERSON_AND_ORGANIZATION_ASSIGNMENT ( #5353, #705, ( #10008 ) ) ;
#4937 = APPROVAL ( #7613, 'UNKNOWN' ) ;
#4938 = APPROVAL_PERSON_ORGANIZATION ( #4355, #6578, #3447 ) ;
#4939 = DIRECTION ( 'NONE',  ( 0.000000000000000000, -1.000000000000000000, 0.000000000000000000 ) ) ;
#4940 = DIRECTION ( 'NONE',  ( 0.000000000000000000, 0.000000000000000000, 1.000000000000000000 ) ) ;
#4941 = VECTOR ( 'NONE', #268, 1000.000000000000000 ) ;
#4942 = DIRECTION ( 'NONE',  ( -0.000000000000000000, -1.000000000000000000, -0.000000000000000000 ) ) ;
#4943 = APPROVAL_ROLE ( '' ) ;
#4944 = DIRECTION ( 'NONE',  ( 0.000000000000000000, 1.000000000000000000, 0.000000000000000000 ) ) ;
#4945 = ADVANCED_FACE ( 'NONE', ( #8175 ), #11834, .F. ) ;
#4947 = ORIENTED_EDGE ( 'NONE', *, *, #10249, .T. ) ;
#4946 = VERTEX_POINT ( 'NONE', #875 ) ;
#4948 = ORIENTED_EDGE ( 'NONE', *, *, #6584, .T. ) ;
#4949 = DIRECTION ( 'NONE',  ( -0.000000000000000000, -1.000000000000000000, -0.000000000000000000 ) ) ;
#4950 = DIRECTION ( 'NONE',  ( 0.000000000000000000, 0.000000000000000000, -1.000000000000000000 ) ) ;
#4951 = CARTESIAN_POINT ( 'NONE',  ( -450.0000000000000000, 8.000000000000000000, -210.0000000000000000 ) ) ;
#4952 = CC_DESIGN_PERSON_AND_ORGANIZATION_ASSIGNMENT ( #7945, #344, ( #619 ) ) ;
#4953 = FACE_OUTER_BOUND ( 'NONE', #8812, .T. ) ;
#4954 = EDGE_CURVE ( 'NONE', #5227, #2119, #5408, .T. ) ;
#4955 = EDGE_LOOP ( 'NONE', ( #2575, #2488 ) ) ;
#4956 = CARTESIAN_POINT ( 'NONE',  ( -27.94637722496424459, 0.000000000000000000, -30.00000000000000000 ) ) ;
#4957 = ORIENTED_EDGE ( 'NONE', *, *, #11701, .T. ) ;
#4958 = FACE_OUTER_BOUND ( 'NONE', #7569, .T. ) ;
#4959 = DATE_AND_TIME ( #4839, #1752 ) ;
#4960 = ORIENTED_EDGE ( 'NONE', *, *, #2901, .T. ) ;
#4961 = ORIENTED_EDGE ( 'NONE', *, *, #7379, .T. ) ;
#4962 = CIRCLE ( 'NONE', #9068, 7.000000000000033751 ) ;
#4963 = CYLINDRICAL_SURFACE ( 'NONE', #6386, 4.500000000000017764 ) ;
#4964 = CARTESIAN_POINT ( 'NONE',  ( -297.5999999999999659, 12.00000000000000000, 0.000000000000000000 ) ) ;
#4965 = DIRECTION ( 'NONE',  ( 1.000000000000000000, -0.000000000000000000, 0.000000000000000000 ) ) ;
#4966 = ORIENTED_EDGE ( 'NONE', *, *, #5674, .T. ) ;
#4967 = CARTESIAN_POINT ( 'NONE',  ( 120.1043392264672747, 14.00000000000000000, 49.74884620746166064 ) ) ;
#4968 = ORIENTED_EDGE ( 'NONE', *, *, #4975, .F. ) ;
#4969 = PERSON_AND_ORGANIZATION_ROLE ( 'creator' ) ;
#4970 = AXIS2_PLACEMENT_3D ( 'NONE', #8147, #9842, #2598 ) ;
#4971 = CARTESIAN_POINT ( 'NONE',  ( -51.28027681660898907, 0.000000000000000000, -27.34948096885812063 ) ) ;
#4972 = PERSON_AND_ORGANIZATION ( #1457, #1947 ) ;
#4973 = ORIENTED_EDGE ( 'NONE', *, *, #3802, .F. ) ;
#4974 = DIRECTION ( 'NONE',  ( -1.000000000000000000, -0.000000000000000000, -0.000000000000000000 ) ) ;
#4975 = EDGE_CURVE ( 'NONE', #4170, #9411, #9137, .T. ) ;
#4976 = DATE_AND_TIME ( #3373, #10108 ) ;
#4977 = CARTESIAN_POINT ( 'NONE',  ( -29.94973070017952210, 18.00000000000000000, -18.61781739428728955 ) ) ;
#4978 = VECTOR ( 'NONE', #6344, 1000.000000000000000 ) ;
#4979 = EDGE_CURVE ( 'NONE', #8323, #5100, #7866, .T. ) ;
#4980 = DIRECTION ( 'NONE',  ( 0.000000000000000000, 1.000000000000000000, 0.000000000000000000 ) ) ;
#4981 = DIRECTION ( 'NONE',  ( 0.000000000000000000, 0.000000000000000000, 1.000000000000000000 ) ) ;
#4982 = LINE ( 'NONE', #1429, #11768 ) ;
#4983 = MECHANICAL_CONTEXT ( 'NONE', #8758, 'mechanical' ) ;
#4984 = VECTOR ( 'NONE', #1756, 1000.000000000000000 ) ;
#4985 = COORDINATED_UNIVERSAL_TIME_OFFSET ( 8, 0, .AHEAD. ) ;
#4986 = AXIS2_PLACEMENT_3D ( 'NONE', #970, #1983, #7297 ) ;
#4987 = EDGE_LOOP ( 'NONE', ( #2722, #1197 ) ) ;
#4988 = CARTESIAN_POINT ( 'NONE',  ( -140.5000000000000000, 10.00000000000000000, 31.00000000000000000 ) ) ;
#4989 = EDGE_CURVE ( 'NONE', #402, #11630, #1647, .T. ) ;
#4990 = DIRECTION ( 'NONE',  ( -1.000000000000000000, -0.000000000000000000, -0.000000000000000000 ) ) ;
#4991 = FACE_BOUND ( 'NONE', #1202, .T. ) ;
#4992 = ORIENTED_EDGE ( 'NONE', *, *, #3737, .F. ) ;
#4993 = VECTOR ( 'NONE', #899, 1000.000000000000000 ) ;
#4994 = CARTESIAN_POINT ( 'NONE',  ( 120.1043392264672747, 14.00000000000000000, -49.74884620746167485 ) ) ;
#4995 = LINE ( 'NONE', #5064, #7160 ) ;
#4996 = VECTOR ( 'NONE', #3200, 1000.000000000000000 ) ;
#4997 = DIRECTION ( 'NONE',  ( 0.000000000000000000, 0.000000000000000000, 1.000000000000000000 ) ) ;
#4998 = PERSON_AND_ORGANIZATION_ROLE ( 'classification_officer' ) ;
#4999 = ORIENTED_EDGE ( 'NONE', *, *, #11652, .T. ) ;
#5000 = CARTESIAN_POINT ( 'NONE',  ( 0.000000000000000000, 10.00000000000000000, -46.99999999999999289 ) ) ;
#5001 = APPROVAL ( #1290, 'æœª' ) ;
#5002 = VECTOR ( 'NONE', #7497, 1000.000000000000000 ) ;
#5004 = ORIENTED_EDGE ( 'NONE', *, *, #4477, .T. ) ;
#5003 = ORIENTED_EDGE ( 'NONE', *, *, #4161, .T. ) ;
#5005 = ORIENTED_EDGE ( 'NONE', *, *, #3448, .F. ) ;
#5006 = VECTOR ( 'NONE', #3831, 1000.000000000000000 ) ;
#5007 = FACE_OUTER_BOUND ( 'NONE', #1144, .T. ) ;
#5008 = DIRECTION ( 'NONE',  ( 0.000000000000000000, 0.000000000000000000, -1.000000000000000000 ) ) ;
#5009 = DIRECTION ( 'NONE',  ( -0.000000000000000000, -1.000000000000000000, -0.000000000000000000 ) ) ;
#5010 = EDGE_CURVE ( 'NONE', #4194, #3941, #7194, .T. ) ;
#5011 = DIRECTION ( 'NONE',  ( 0.000000000000000000, 0.000000000000000000, -1.000000000000000000 ) ) ;
#5012 = CIRCLE ( 'NONE', #5401, 4.500000000000031974 ) ;
#5013 = ORIENTED_EDGE ( 'NONE', *, *, #1228, .F. ) ;
#5014 = DIRECTION ( 'NONE',  ( -0.000000000000000000, -1.000000000000000000, -0.000000000000000000 ) ) ;
#5015 = VERTEX_POINT ( 'NONE', #5240 ) ;
#5016 = DIRECTION ( 'NONE',  ( 0.000000000000000000, 0.000000000000000000, 1.000000000000000000 ) ) ;
#5017 = PERSON_AND_ORGANIZATION ( #2011, #2802 ) ;
#5018 = EDGE_CURVE ( 'NONE', #5987, #6678, #6387, .T. ) ;
#5019 = ORIENTED_EDGE ( 'NONE', *, *, #792, .F. ) ;
#5020 = APPROVAL_DATE_TIME ( #7658, #4057 ) ;
#5021 = CC_DESIGN_APPROVAL ( #1309, ( #1362 ) ) ;
#5022 = ORIENTED_EDGE ( 'NONE', *, *, #10575, .T. ) ;
#5023 = VECTOR ( 'NONE', #11419, 1000.000000000000000 ) ;
#5024 = DIRECTION ( 'NONE',  ( -1.000000000000000000, 0.000000000000000000, 0.000000000000000000 ) ) ;
#5025 = EDGE_CURVE ( 'NONE', #10379, #1512, #1777, .T. ) ;
#5026 = DIRECTION ( 'NONE',  ( 0.000000000000000000, 0.000000000000000000, -1.000000000000000000 ) ) ;
#5027 = FACE_OUTER_BOUND ( 'NONE', #734, .T. ) ;
#5028 = DIRECTION ( 'NONE',  ( 0.000000000000000000, 1.000000000000000000, 0.000000000000000000 ) ) ;
#5029 = LINE ( 'NONE', #515, #5192 ) ;
#5030 = VERTEX_POINT ( 'NONE', #8969 ) ;
#5031 = APPROVAL_PERSON_ORGANIZATION ( #1986, #6715, #17 ) ;
#5032 =( NAMED_UNIT ( * ) SI_UNIT ( $, .STERADIAN. ) SOLID_ANGLE_UNIT ( ) );
#5033 = DIRECTION ( 'NONE',  ( -0.000000000000000000, -1.000000000000000000, -0.000000000000000000 ) ) ;
#5034 = ORIENTED_EDGE ( 'NONE', *, *, #10948, .T. ) ;
#5035 = APPLICATION_PROTOCOL_DEFINITION ( 'international standard', 'config_control_design', 1994, #11887 ) ;
#5036 = CARTESIAN_POINT ( 'NONE',  ( 64.58429561200922819, 10.00000000000000000, 40.67321016166280856 ) ) ;
#5037 = ITEM_DEFINED_TRANSFORMATION ( 'NONE', 'NONE', #3592,  #2596 ) ;
#5038 = ORIENTED_EDGE ( 'NONE', *, *, #13, .F. ) ;
#5039 = EDGE_CURVE ( 'NONE', #2183, #7964, #7077, .T. ) ;
#5040 = CC_DESIGN_APPROVAL ( #4566, ( #5615 ) ) ;
#5041 = DIRECTION ( 'NONE',  ( -0.000000000000000000, -0.000000000000000000, 1.000000000000000000 ) ) ;
#5042 = LOCAL_TIME ( 1, 42, 14.00000000000000000, #2998 ) ;
#5043 = ITEM_DEFINED_TRANSFORMATION ( 'NONE', 'NONE', #8054,  #2596 ) ;
#5044 = DIRECTION ( 'NONE',  ( 0.000000000000000000, 1.000000000000000000, 0.000000000000000000 ) ) ;
#5045 = VERTEX_POINT ( 'NONE', #11777 ) ;
#5046 = PERSON ( 'NAUO-PER25', 'UNSPECIFIED', 'UNSPECIFIED', ('UNSPECIFIED'), ('UNSPECIFIED'), ('UNSPECIFIED') ) ;
#5047 = DIRECTION ( 'NONE',  ( 0.000000000000000000, 0.000000000000000000, -1.000000000000000000 ) ) ;
#5048 = DIRECTION ( 'NONE',  ( -1.000000000000000000, -0.000000000000000000, -0.000000000000000000 ) ) ;
#5049 = CARTESIAN_POINT ( 'NONE',  ( -163.1999999999999886, 42.00000000000000000, -57.00000000000000000 ) ) ;
#5050 = APPROVAL_DATE_TIME ( #1369, #8233 ) ;
#5051 = CC_DESIGN_SECURITY_CLASSIFICATION ( #5625, ( #12020 ) ) ;
#5052 = EDGE_CURVE ( 'NONE', #9473, #10004, #3433, .T. ) ;
#5053 = DATE_TIME_ROLE ( 'classification_date' ) ;
#5054 = ADVANCED_FACE ( 'NONE', ( #2515 ), #6213, .T. ) ;
#5055 = VERTEX_POINT ( 'NONE', #1882 ) ;
#5056 = CYLINDRICAL_SURFACE ( 'NONE', #6157, 5.500000000000025757 ) ;
#5057 = CARTESIAN_POINT ( 'NONE',  ( -67.50000000000000000, 0.000000000000000000, 36.00000000000000000 ) ) ;
#5058 = DIRECTION ( 'NONE',  ( 0.000000000000000000, -0.000000000000000000, -1.000000000000000000 ) ) ;
#5059 = ORIENTED_EDGE ( 'NONE', *, *, #11082, .T. ) ;
#5060 = CC_DESIGN_APPROVAL ( #659, ( #2933 ) ) ;
#5061 = PRODUCT ( 'FD-000_main_assembly', 'FD-000_main_assembly', '', ( #8611 ) ) ;
#5062 = AXIS2_PLACEMENT_3D ( 'NONE', #10696, #5866, #4066 ) ;
#5063 = DIRECTION ( 'NONE',  ( 0.000000000000000000, -0.000000000000000000, -1.000000000000000000 ) ) ;
#5064 = CARTESIAN_POINT ( 'NONE',  ( -30.00000000000000000, 0.000000000000000000, -30.00000000000000000 ) ) ;
#5065 = ADVANCED_FACE ( 'NONE', ( #9493 ), #6686, .F. ) ;
#5066 = CARTESIAN_POINT ( 'NONE',  ( 64.58429561200922819, 0.000000000000000000, 45.58891454965358747 ) ) ;
#5067 = DATE_AND_TIME ( #2352, #3213 ) ;
#5068 = EDGE_CURVE ( 'NONE', #8023, #8904, #10183, .T. ) ;
#5069 = PLANE ( 'NONE',  #10426 ) ;
#5070 = EDGE_CURVE ( 'NONE', #628, #9411, #11367, .T. ) ;
#5071 = VECTOR ( 'NONE', #2232, 1000.000000000000000 ) ;
#5073 = VERTEX_POINT ( 'NONE', #4790 ) ;
#5072 = ORIENTED_EDGE ( 'NONE', *, *, #10427, .F. ) ;
#5074 = ORIENTED_EDGE ( 'NONE', *, *, #1635, .F. ) ;
#5075 = CARTESIAN_POINT ( 'NONE',  ( -46.15384615384615330, 12.00000000000000000, 63.57692307692307310 ) ) ;
#5076 = DIRECTION ( 'NONE',  ( 0.000000000000000000, 0.000000000000000000, -1.000000000000000000 ) ) ;
#5077 = CARTESIAN_POINT ( 'NONE',  ( 280.0000000000000000, 12.00000000000000000, -13.00000000000000000 ) ) ;
#5078 = DIRECTION ( 'NONE',  ( -0.000000000000000000, -0.000000000000000000, 1.000000000000000000 ) ) ;
#5079 = APPROVAL ( #9599, 'æœª' ) ;
#5080 = AXIS2_PLACEMENT_3D ( 'NONE', #4971, #4090, #9560 ) ;
#5081 = APPROVAL ( #1819, 'UNKNOWN' ) ;
#5082 = ORIENTED_EDGE ( 'NONE', *, *, #7466, .F. ) ;
#5083 = DIRECTION ( 'NONE',  ( 0.000000000000000000, 0.000000000000000000, 1.000000000000000000 ) ) ;
#5084 = ORIENTED_EDGE ( 'NONE', *, *, #7433, .T. ) ;
#5085 = EDGE_CURVE ( 'NONE', #438, #7445, #8256, .T. ) ;
#5086 = CARTESIAN_POINT ( 'NONE',  ( -52.50000000000000000, 60.00000000000000000, 30.00000000000000000 ) ) ;
#5087 = PERSON_AND_ORGANIZATION_ROLE ( 'creator' ) ;
#5088 = ORIENTED_EDGE ( 'NONE', *, *, #4277, .F. ) ;
#5089 = VERTEX_POINT ( 'NONE', #985 ) ;
#5090 = PLANE ( 'NONE',  #8886 ) ;
#5091 = DIRECTION ( 'NONE',  ( 0.000000000000000000, 1.000000000000000000, 0.000000000000000000 ) ) ;
#5092 = EDGE_CURVE ( 'NONE', #244, #2503, #9606, .T. ) ;
#5093 = DIRECTION ( 'NONE',  ( -1.000000000000000000, 0.000000000000000000, 0.000000000000000000 ) ) ;
#5094 = LINE ( 'NONE', #8819, #9667 ) ;
#5095 = ORIENTED_EDGE ( 'NONE', *, *, #7452, .F. ) ;
#5096 = DIRECTION ( 'NONE',  ( 0.000000000000000000, 0.000000000000000000, 1.000000000000000000 ) ) ;
#5097 = ORIENTED_EDGE ( 'NONE', *, *, #6335, .T. ) ;
#5098 = SECURITY_CLASSIFICATION_LEVEL ( 'unclassified' ) ;
#5099 =( REPRESENTATION_RELATIONSHIP ('NONE','NONE', #8109, #10979 ) REPRESENTATION_RELATIONSHIP_WITH_TRANSFORMATION ( #1709 )SHAPE_REPRESENTATION_RELATIONSHIP( ) );
#5100 = VERTEX_POINT ( 'NONE', #1943 ) ;
#5101 = CALENDAR_DATE ( 2026, 29, 7 ) ;
#5102 = VECTOR ( 'NONE', #27, 1000.000000000000000 ) ;
#5103 = EDGE_CURVE ( 'NONE', #3921, #9491, #2741, .T. ) ;
#5104 = VERTEX_POINT ( 'NONE', #3899 ) ;
#5105 = DIRECTION ( 'NONE',  ( 1.000000000000000000, 0.000000000000000000, -0.000000000000000000 ) ) ;
#5106 = SECURITY_CLASSIFICATION_LEVEL ( 'unclassified' ) ;
#5107 = DIRECTION ( 'NONE',  ( -1.000000000000000000, 0.000000000000000000, -0.000000000000000000 ) ) ;
#5108 = AXIS2_PLACEMENT_3D ( 'NONE', #9942, #10975, #3444 ) ;
#5109 = FACE_OUTER_BOUND ( 'NONE', #3034, .T. ) ;
#5110 = DIRECTION ( 'NONE',  ( -0.000000000000000000, -1.000000000000000000, -0.000000000000000000 ) ) ;
#5111 = ORIENTED_EDGE ( 'NONE', *, *, #10163, .T. ) ;
#5112 = DIRECTION ( 'NONE',  ( 0.000000000000000000, 0.000000000000000000, 1.000000000000000000 ) ) ;
#5113 = DIRECTION ( 'NONE',  ( 0.000000000000000000, 1.000000000000000000, 0.000000000000000000 ) ) ;
#5114 = EDGE_CURVE ( 'NONE', #9714, #362, #9433, .T. ) ;
#5115 = PERSON_AND_ORGANIZATION ( #2011, #2802 ) ;
#5116 = PERSON_AND_ORGANIZATION ( #2011, #2802 ) ;
#5117 = CIRCLE ( 'NONE', #6873, 41.00000000000000000 ) ;
#5118 = VECTOR ( 'NONE', #7074, 1000.000000000000000 ) ;
#5119 = ORIENTED_EDGE ( 'NONE', *, *, #8499, .T. ) ;
#5120 = DIRECTION ( 'NONE',  ( -0.000000000000000000, -1.000000000000000000, -0.000000000000000000 ) ) ;
#5121 = ORIENTED_EDGE ( 'NONE', *, *, #2457, .F. ) ;
#5122 = DIRECTION ( 'NONE',  ( -0.000000000000000000, -1.000000000000000000, -0.000000000000000000 ) ) ;
#5123 = CARTESIAN_POINT ( 'NONE',  ( 0.000000000000000000, 16.00000000000000000, 0.000000000000000000 ) ) ;
#5124 = LINE ( 'NONE', #8855, #2704 ) ;
#5125 = DIRECTION ( 'NONE',  ( 0.000000000000000000, 0.000000000000000000, 1.000000000000000000 ) ) ;
#5126 = VECTOR ( 'NONE', #10602, 1000.000000000000000 ) ;
#5127 = EDGE_CURVE ( 'NONE', #243, #7514, #4548, .T. ) ;
#5128 = CARTESIAN_POINT ( 'NONE',  ( -52.50000000000000000, 0.000000000000000000, 30.00000000000000000 ) ) ;
#5130 = AXIS2_PLACEMENT_3D ( 'NONE', #385, #8517, #2189 ) ;
#5129 = APPROVAL_STATUS ( 'not_yet_approved' ) ;
#5131 = DIRECTION ( 'NONE',  ( 0.000000000000000000, 0.000000000000000000, 1.000000000000000000 ) ) ;
#5133 = ORIENTED_EDGE ( 'NONE', *, *, #8993, .F. ) ;
#5132 = ORIENTED_EDGE ( 'NONE', *, *, #9958, .F. ) ;
#5134 = ORIENTED_EDGE ( 'NONE', *, *, #531, .F. ) ;
#5135 = DIRECTION ( 'NONE',  ( 0.000000000000000000, 1.000000000000000000, 0.000000000000000000 ) ) ;
#5136 = LOCAL_TIME ( 1, 42, 14.00000000000000000, #1255 ) ;
#5137 = CARTESIAN_POINT ( 'NONE',  ( -64.58429561200924240, 0.000000000000000000, -41.50461893764433796 ) ) ;
#5138 = CYLINDRICAL_SURFACE ( 'NONE', #8138, 6.999999999999999112 ) ;
#5139 = AXIS2_PLACEMENT_3D ( 'NONE', #7377, #1615, #2747 ) ;
#5140 = EDGE_CURVE ( 'NONE', #5270, #2034, #4676, .T. ) ;
#5141 = FACE_BOUND ( 'NONE', #1496, .T. ) ;
#5142 = ADVANCED_FACE ( 'NONE', ( #7372 ), #1041, .F. ) ;
#5143 = VERTEX_POINT ( 'NONE', #30 ) ;
#5144 = ORIENTED_EDGE ( 'NONE', *, *, #3671, .T. ) ;
#5145 = CARTESIAN_POINT ( 'NONE',  ( -105.0000000000000000, 0.000000000000000000, -105.0000000000000000 ) ) ;
#5146 = CC_DESIGN_APPROVAL ( #670, ( #2788 ) ) ;
#5147 = APPROVAL_DATE_TIME ( #1461, #7253 ) ;
#5148 = ORIENTED_EDGE ( 'NONE', *, *, #4831, .T. ) ;
#5149 = ORIENTED_EDGE ( 'NONE', *, *, #5010, .T. ) ;
#5150 = VERTEX_POINT ( 'NONE', #1997 ) ;
#5151 = CC_DESIGN_DATE_AND_TIME_ASSIGNMENT ( #9747, #1424, ( #2145 ) ) ;
#5152 = DIRECTION ( 'NONE',  ( 0.000000000000000000, 0.000000000000000000, -1.000000000000000000 ) ) ;
#5153 = ADVANCED_FACE ( 'NONE', ( #6505 ), #10160, .F. ) ;
#5154 = LINE ( 'NONE', #383, #7554 ) ;
#5155 = DIRECTION ( 'NONE',  ( 0.000000000000000000, 0.000000000000000000, 1.000000000000000000 ) ) ;
#5156 = ORIENTED_EDGE ( 'NONE', *, *, #3930, .T. ) ;
#5157 = CARTESIAN_POINT ( 'NONE',  ( -18.12278137398203270, 0.000000000000000000, -13.83921486740446305 ) ) ;
#5158 = ORIENTED_EDGE ( 'NONE', *, *, #1789, .F. ) ;
#5159 = APPROVAL_ROLE ( '' ) ;
#5160 = ORIENTED_EDGE ( 'NONE', *, *, #9769, .F. ) ;
#5161 = ITEM_DEFINED_TRANSFORMATION ( 'NONE', 'NONE', #3979,  #2596 ) ;
#5162 = CLOSED_SHELL ( 'NONE', ( #7625, #9495, #11941, #7790, #2110, #8867, #5357, #3238, #3811, #7138, #5332, #11860, #7606, #11557 ) ) ;
#5163 = CIRCLE ( 'NONE', #10031, 6.999999999999999112 ) ;
#5164 = ORIENTED_EDGE ( 'NONE', *, *, #11192, .T. ) ;
#5165 = CC_DESIGN_PERSON_AND_ORGANIZATION_ASSIGNMENT ( #5900, #407, ( #5911 ) ) ;
#5166 = CARTESIAN_POINT ( 'NONE',  ( 40.00000000000000000, 0.000000000000000000, 23.25000000000000000 ) ) ;
#5167 = DATE_AND_TIME ( #7933, #1758 ) ;
#5168 = LINE ( 'NONE', #6028, #11853 ) ;
#5169 = FACE_OUTER_BOUND ( 'NONE', #519, .T. ) ;
#5170 = CARTESIAN_POINT ( 'NONE',  ( -11.00000000000000000, 0.000000000000000000, -45.58891454965356616 ) ) ;
#5171 = EDGE_CURVE ( 'NONE', #10763, #1919, #929, .T. ) ;
#5172 = DIRECTION ( 'NONE',  ( -1.000000000000000000, -0.000000000000000000, -0.000000000000000000 ) ) ;
#5173 = VECTOR ( 'NONE', #10188, 1000.000000000000000 ) ;
#5174 = EDGE_LOOP ( 'NONE', ( #1498, #8673 ) ) ;
#5175 = DIRECTION ( 'NONE',  ( 0.000000000000000000, 1.000000000000000000, 0.000000000000000000 ) ) ;
#5176 = ORIENTED_EDGE ( 'NONE', *, *, #10660, .T. ) ;
#5177 = PERSON_AND_ORGANIZATION ( #2011, #2802 ) ;
#5178 = PERSON_AND_ORGANIZATION_ROLE ( 'creator' ) ;
#5179 = EDGE_CURVE ( 'NONE', #11574, #9491, #3723, .T. ) ;
#5180 = VECTOR ( 'NONE', #883, 1000.000000000000000 ) ;
#5181 = AXIS2_PLACEMENT_3D ( 'NONE', #5985, #2099, #9710 ) ;
#5182 = EDGE_LOOP ( 'NONE', ( #9962, #10027, #6926, #10703 ) ) ;
#5183 = DIRECTION ( 'NONE',  ( -0.000000000000000000, -0.000000000000000000, 1.000000000000000000 ) ) ;
#5184 = FACE_OUTER_BOUND ( 'NONE', #2562, .T. ) ;
#5185 = DIRECTION ( 'NONE',  ( -1.000000000000000000, 0.000000000000000000, -0.000000000000000000 ) ) ;
#5186 = PLANE ( 'NONE',  #3304 ) ;
#5187 = LINE ( 'NONE', #8728, #6367 ) ;
#5188 = CARTESIAN_POINT ( 'NONE',  ( 0.000000000000000000, 130.0000000000000000, 0.000000000000000000 ) ) ;
#5189 = VECTOR ( 'NONE', #3939, 1000.000000000000000 ) ;
#5190 = DATE_TIME_ROLE ( 'classification_date' ) ;
#5191 = CIRCLE ( 'NONE', #3066, 2.480694691784170125 ) ;
#5192 = VECTOR ( 'NONE', #9552, 1000.000000000000000 ) ;
#5193 = DIRECTION ( 'NONE',  ( 0.000000000000000000, 0.000000000000000000, 1.000000000000000000 ) ) ;
#5195 = VERTEX_POINT ( 'NONE', #2920 ) ;
#5194 = ORIENTED_EDGE ( 'NONE', *, *, #4039, .F. ) ;
#5196 = ORIENTED_EDGE ( 'NONE', *, *, #992, .T. ) ;
#5197 = AXIS2_PLACEMENT_3D ( 'NONE', #1313, #4874, #9391 ) ;
#5198 = CARTESIAN_POINT ( 'NONE',  ( -120.1043392264672747, 14.00000000000000000, 49.74884620746166064 ) ) ;
#5199 = EDGE_CURVE ( 'NONE', #2707, #5281, #7429, .T. ) ;
#5200 = DIRECTION ( 'NONE',  ( -0.000000000000000000, -1.000000000000000000, -0.000000000000000000 ) ) ;
#5201 = CARTESIAN_POINT ( 'NONE',  ( -29.94973070017952210, 18.00000000000000000, -22.06822262118491196 ) ) ;
#5202 = AXIS2_PLACEMENT_3D ( 'NONE', #7035, #10744, #4940 ) ;
#5203 = CARTESIAN_POINT ( 'NONE',  ( 1.224646799147353256E-15, 0.000000000000000000, 10.00000000000000000 ) ) ;
#5204 = ADVANCED_BREP_SHAPE_REPRESENTATION ( '', ( #11045, #2596 ), #11163 ) ;
#5205 = ORIENTED_EDGE ( 'NONE', *, *, #3558, .F. ) ;
#5206 = VECTOR ( 'NONE', #7934, 1000.000000000000000 ) ;
#5207 = DIRECTION ( 'NONE',  ( -0.000000000000000000, -1.000000000000000000, -0.000000000000000000 ) ) ;
#5208 = COORDINATED_UNIVERSAL_TIME_OFFSET ( 8, 0, .AHEAD. ) ;
#5209 = AXIS2_PLACEMENT_3D ( 'NONE', #3973, #9750, #6950 ) ;
#5210 = EDGE_CURVE ( 'NONE', #6084, #9189, #7488, .T. ) ;
#5211 = VERTEX_POINT ( 'NONE', #2852 ) ;
#5212 = SHAPE_REPRESENTATION ( 'FD-006_linear_track', ( #2596 ), #2422 ) ;
#5213 = EDGE_CURVE ( 'NONE', #4061, #2066, #9996, .T. ) ;
#5214 = VERTEX_POINT ( 'NONE', #2254 ) ;
#5215 = ORIENTED_EDGE ( 'NONE', *, *, #10707, .F. ) ;
#5216 = FACE_OUTER_BOUND ( 'NONE', #2194, .T. ) ;
#5217 = CIRCLE ( 'NONE', #957, 3.550269299820409952 ) ;
#5218 = DIRECTION ( 'NONE',  ( 0.000000000000000000, 0.000000000000000000, -1.000000000000000000 ) ) ;
#5219 = LINE ( 'NONE', #9063, #9277 ) ;
#5220 = EDGE_LOOP ( 'NONE', ( #8269, #7516, #5514, #5149 ) ) ;
#5221 = DIRECTION ( 'NONE',  ( 0.000000000000000000, -0.000000000000000000, -1.000000000000000000 ) ) ;
#5222 = ORIENTED_EDGE ( 'NONE', *, *, #6309, .T. ) ;
#5223 = APPROVAL_STATUS ( 'not_yet_approved' ) ;
#5224 = LOCAL_TIME ( 1, 42, 14.00000000000000000, #11335 ) ;
#5225 = VECTOR ( 'NONE', #9062, 1000.000000000000000 ) ;
#5226 = EDGE_CURVE ( 'NONE', #5100, #8323, #3599, .T. ) ;
#5227 = VERTEX_POINT ( 'NONE', #6750 ) ;
#5228 = APPROVAL_DATE_TIME ( #7066, #10674 ) ;
#5229 = VERTEX_POINT ( 'NONE', #8822 ) ;
#5230 = PLANE ( 'NONE',  #314 ) ;
#5231 = SECURITY_CLASSIFICATION_LEVEL ( 'unclassified' ) ;
#5232 = DIRECTION ( 'NONE',  ( 0.000000000000000000, 0.000000000000000000, 1.000000000000000000 ) ) ;
#5233 = APPROVAL_PERSON_ORGANIZATION ( #7052, #3163, #3408 ) ;
#5234 = CARTESIAN_POINT ( 'NONE',  ( 0.000000000000000000, 22.00000000000000000, 0.000000000000000000 ) ) ;
#5235 = AXIS2_PLACEMENT_3D ( 'NONE', #7034, #6226, #11673 ) ;
#5236 = CARTESIAN_POINT ( 'NONE',  ( 280.0000000000000000, 12.00000000000000000, 13.00000000000000000 ) ) ;
#5237 = CARTESIAN_POINT ( 'NONE',  ( 140.5000000000000000, 0.000000000000000000, 31.00000000000000000 ) ) ;
#5238 = SHAPE_REPRESENTATION_RELATIONSHIP ( 'NONE' , 'NONE' ,  #10979, #3037 ) ;
#5239 = PRODUCT_DEFINITION ( 'æœ', '', #10684, #4502 ) ;
#5240 = CARTESIAN_POINT ( 'NONE',  ( 46.15384615384618172, 0.000000000000000000, 65.88461538461544365 ) ) ;
#5241 = CALENDAR_DATE ( 2026, 29, 7 ) ;
#5242 = COORDINATED_UNIVERSAL_TIME_OFFSET ( 8, 0, .AHEAD. ) ;
#5243 = ORGANIZATION ( 'NAUO-ORG20', 'UNSPECIFIED', 'UNSPECIFIED' ) ;
#5244 = ORGANIZATION ( 'NAUO-ORG1', 'UNSPECIFIED', 'UNSPECIFIED' ) ;
#5245 = ORIENTED_EDGE ( 'NONE', *, *, #9283, .T. ) ;
#5246 = DIRECTION ( 'NONE',  ( -0.000000000000000000, -1.000000000000000000, -0.000000000000000000 ) ) ;
#5247 = DIRECTION ( 'NONE',  ( 0.000000000000000000, 0.000000000000000000, -1.000000000000000000 ) ) ;
#5248 = PRODUCT_DEFINITION_SHAPE ( 'NONE', 'NONE',  #12036 ) ;
#5249 = DIRECTION ( 'NONE',  ( -0.000000000000000000, -0.000000000000000000, 1.000000000000000000 ) ) ;
#5250 = CARTESIAN_POINT ( 'NONE',  ( -53.88728323699420741, 0.000000000000000000, -36.77640860455420579 ) ) ;
#5251 = ORGANIZATION ( 'NAUO-ORG27', 'UNSPECIFIED', 'UNSPECIFIED' ) ;
#5252 = DIRECTION ( 'NONE',  ( -0.000000000000000000, -1.000000000000000000, -0.000000000000000000 ) ) ;
#5253 = ORGANIZATION ( 'NAUO-ORG9', 'UNSPECIFIED', 'UNSPECIFIED' ) ;
#5254 = CARTESIAN_POINT ( 'NONE',  ( 57.50000000000000000, 10.00000000000000000, 54.00000000000000000 ) ) ;
#5255 = ADVANCED_FACE ( 'NONE', ( #1225 ), #5947, .F. ) ;
#5256 = PERSON_AND_ORGANIZATION_ROLE ( 'creator' ) ;
#5257 = CARTESIAN_POINT ( 'NONE',  ( -64.58429561200924240, 0.000000000000000000, 45.58891454965358037 ) ) ;
#5258 = ORIENTED_EDGE ( 'NONE', *, *, #10464, .T. ) ;
#5259 = ADVANCED_FACE ( 'NONE', ( #1288 ), #9677, .F. ) ;
#5260 = LOCAL_TIME ( 1, 42, 14.00000000000000000, #7990 ) ;
#5261 = EDGE_LOOP ( 'NONE', ( #5121, #10944 ) ) ;
#5262 = DIRECTION ( 'NONE',  ( -1.000000000000000000, 0.000000000000000000, -0.000000000000000000 ) ) ;
#5263 = VECTOR ( 'NONE', #989, 1000.000000000000000 ) ;
#5264 = CARTESIAN_POINT ( 'NONE',  ( -120.1043392264672747, 14.00000000000000000, 49.74884620746166064 ) ) ;
#5265 = DIRECTION ( 'NONE',  ( 0.000000000000000000, 0.000000000000000000, -1.000000000000000000 ) ) ;
#5266 = DIRECTION ( 'NONE',  ( -1.000000000000000000, 0.000000000000000000, 0.000000000000000000 ) ) ;
#5267 = DIRECTION ( 'NONE',  ( -0.000000000000000000, -1.000000000000000000, -0.000000000000000000 ) ) ;
#5268 = ADVANCED_FACE ( 'NONE', ( #5883 ), #10650, .F. ) ;
#5269 = PERSON_AND_ORGANIZATION ( #2011, #2802 ) ;
#5270 = VERTEX_POINT ( 'NONE', #10713 ) ;
#5271 = ORIENTED_EDGE ( 'NONE', *, *, #7235, .T. ) ;
#5272 = VERTEX_POINT ( 'NONE', #11458 ) ;
#5273 = LINE ( 'NONE', #10766, #1888 ) ;
#5274 = VECTOR ( 'NONE', #5783, 1000.000000000000000 ) ;
#5275 = CARTESIAN_POINT ( 'NONE',  ( -53.88728323699420741, 18.00000000000000000, -38.00000000000000000 ) ) ;
#5276 = CARTESIAN_POINT ( 'NONE',  ( 51.28027681660910275, 72.00000000000000000, 27.34948096885814550 ) ) ;
#5277 = ORIENTED_EDGE ( 'NONE', *, *, #6640, .F. ) ;
#5278 = EDGE_CURVE ( 'NONE', #9647, #10636, #10523, .T. ) ;
#5279 = CARTESIAN_POINT ( 'NONE',  ( -284.3874821936960871, 12.00000000000000000, -39.00000000000000000 ) ) ;
#5280 = SHAPE_DEFINITION_REPRESENTATION ( #230, #963 ) ;
#5281 = VERTEX_POINT ( 'NONE', #4850 ) ;
#5282 = CONTEXT_DEPENDENT_SHAPE_REPRESENTATION ( #2400, #9823 ) ;
#5283 = EDGE_LOOP ( 'NONE', ( #10991, #4733, #3609, #3155 ) ) ;
#5284 = EDGE_CURVE ( 'NONE', #4146, #2236, #6893, .T. ) ;
#5285 = CARTESIAN_POINT ( 'NONE',  ( 450.0000000000000000, 8.000000000000000000, 210.0000000000000000 ) ) ;
#5286 = DIRECTION ( 'NONE',  ( -0.000000000000000000, -1.000000000000000000, -0.000000000000000000 ) ) ;
#5287 = ADVANCED_FACE ( 'NONE', ( #5824 ), #8702, .F. ) ;
#5288 = DIRECTION ( 'NONE',  ( 0.000000000000000000, -1.000000000000000000, 0.000000000000000000 ) ) ;
#5289 = CARTESIAN_POINT ( 'NONE',  ( -46.15384615384615330, 12.00000000000000000, 69.23076923076924061 ) ) ;
#5290 =( LENGTH_UNIT ( ) NAMED_UNIT ( * ) SI_UNIT ( .MILLI., .METRE. ) );
#5291 = CARTESIAN_POINT ( 'NONE',  ( 51.28027681660910986, 72.00000000000000000, -27.34948096885818103 ) ) ;
#5292 = SECURITY_CLASSIFICATION_LEVEL ( 'unclassified' ) ;
#5293 = EDGE_LOOP ( 'NONE', ( #6478, #7391, #6872, #3245 ) ) ;
#5294 = CALENDAR_DATE ( 2026, 29, 7 ) ;
#5295 = ORIENTED_EDGE ( 'NONE', *, *, #7537, .T. ) ;
#5296 = PLANE ( 'NONE',  #6907 ) ;
#5297 = CC_DESIGN_PERSON_AND_ORGANIZATION_ASSIGNMENT ( #2180, #1336, ( #621 ) ) ;
#5298 = DIRECTION ( 'NONE',  ( 0.000000000000000000, 0.000000000000000000, -1.000000000000000000 ) ) ;
#5299 = AXIS2_PLACEMENT_3D ( 'NONE', #5188, #1675, #9037 ) ;
#5300 = CC_DESIGN_PERSON_AND_ORGANIZATION_ASSIGNMENT ( #4280, #10528, ( #9734 ) ) ;
#5301 = DIRECTION ( 'NONE',  ( 0.000000000000000000, 0.000000000000000000, 1.000000000000000000 ) ) ;
#5302 = EDGE_CURVE ( 'NONE', #4638, #4946, #4147, .T. ) ;
#5303 = LINE ( 'NONE', #9035, #1165 ) ;
#5304 = CARTESIAN_POINT ( 'NONE',  ( -50.22628862590825349, 28.00000000000000000, -35.26296589018186012 ) ) ;
#5305 = CARTESIAN_POINT ( 'NONE',  ( 64.58429561200922819, 10.00000000000000000, -40.67321016166279435 ) ) ;
#5306 = DIRECTION ( 'NONE',  ( 1.000000000000000000, 0.000000000000000000, 0.000000000000000000 ) ) ;
#5307 = DATE_TIME_ROLE ( 'creation_date' ) ;
#5308 = CIRCLE ( 'NONE', #87, 6.999999999999999112 ) ;
#5309 = LINE ( 'NONE', #9040, #358 ) ;
#5310 = VERTEX_POINT ( 'NONE', #3114 ) ;
#5311 = ORIENTED_EDGE ( 'NONE', *, *, #8646, .F. ) ;
#5312 = CC_DESIGN_PERSON_AND_ORGANIZATION_ASSIGNMENT ( #8360, #7441, ( #7480 ) ) ;
#5313 = CARTESIAN_POINT ( 'NONE',  ( 18.12278137398209310, 0.000000000000000000, -13.83921486740450746 ) ) ;
#5314 = CC_DESIGN_PERSON_AND_ORGANIZATION_ASSIGNMENT ( #3, #11352, ( #9324 ) ) ;
#5315 = DIRECTION ( 'NONE',  ( 0.000000000000000000, 0.000000000000000000, 1.000000000000000000 ) ) ;
#5316 = PLANE ( 'NONE',  #10056 ) ;
#5317 = VECTOR ( 'NONE', #2014, 1000.000000000000000 ) ;
#5318 = LOCAL_TIME ( 1, 42, 14.00000000000000000, #6945 ) ;
#5319 = LINE ( 'NONE', #1742, #10720 ) ;
#5320 = EDGE_CURVE ( 'NONE', #801, #2667, #1166, .T. ) ;
#5321 = CARTESIAN_POINT ( 'NONE',  ( 0.000000000000000000, 755.0000000000000000, 316.0000000000000000 ) ) ;
#5322 = LINE ( 'NONE', #3522, #3634 ) ;
#5323 = SHAPE_DEFINITION_REPRESENTATION ( #3715, #3053 ) ;
#5324 = VECTOR ( 'NONE', #8057, 1000.000000000000000 ) ;
#5326 = ORIENTED_EDGE ( 'NONE', *, *, #7836, .F. ) ;
#5325 = ORIENTED_EDGE ( 'NONE', *, *, #7567, .F. ) ;
#5327 = ORIENTED_EDGE ( 'NONE', *, *, #5477, .F. ) ;
#5328 = VERTEX_POINT ( 'NONE', #7856 ) ;
#5329 = CC_DESIGN_PERSON_AND_ORGANIZATION_ASSIGNMENT ( #7198, #9026, ( #4306 ) ) ;
#5330 =( REPRESENTATION_RELATIONSHIP ('NONE','NONE', #7247, #3907 ) REPRESENTATION_RELATIONSHIP_WITH_TRANSFORMATION ( #10463 )SHAPE_REPRESENTATION_RELATIONSHIP( ) );
#5331 = CARTESIAN_POINT ( 'NONE',  ( 460.0000000000000000, 24.00000000000000000, 285.0000000000000000 ) ) ;
#5332 = ADVANCED_FACE ( 'NONE', ( #11585 ), #11396, .F. ) ;
#5333 = CARTESIAN_POINT ( 'NONE',  ( -420.0000000000000000, 8.000000000000000000, 175.4999999999999716 ) ) ;
#5334 = CIRCLE ( 'NONE', #1272, 3.711604984463400037 ) ;
#5335 = LOCAL_TIME ( 1, 42, 14.00000000000000000, #2641 ) ;
#5336 = DIRECTION ( 'NONE',  ( 0.000000000000000000, 1.000000000000000000, 0.000000000000000000 ) ) ;
#5337 = EDGE_LOOP ( 'NONE', ( #10178, #9901, #2844, #11048 ) ) ;
#5338 = AXIS2_PLACEMENT_3D ( 'NONE', #6025, #8050, #7070 ) ;
#5339 = DIRECTION ( 'NONE',  ( 0.000000000000000000, 1.000000000000000000, 0.000000000000000000 ) ) ;
#5340 = APPROVAL_STATUS ( 'not_yet_approved' ) ;
#5341 = ORIENTED_EDGE ( 'NONE', *, *, #11754, .T. ) ;
#5342 = DATE_AND_TIME ( #9181, #2364 ) ;
#5343 = PRODUCT_DEFINITION_SHAPE ( 'NONE', 'NONE',  #12032 ) ;
#5344 = VERTEX_POINT ( 'NONE', #6816 ) ;
#5345 = EDGE_CURVE ( 'NONE', #11554, #1136, #388, .T. ) ;
#5346 = DESIGN_CONTEXT ( 'detailed design', #6736, 'design' ) ;
#5347 = CARTESIAN_POINT ( 'NONE',  ( 280.0000000000000000, 12.00000000000000000, -42.50000000000001421 ) ) ;
#5348 = DIRECTION ( 'NONE',  ( 0.000000000000000000, -0.000000000000000000, 1.000000000000000000 ) ) ;
#5349 = FACE_OUTER_BOUND ( 'NONE', #12004, .T. ) ;
#5350 = CARTESIAN_POINT ( 'NONE',  ( -18.12278137398203270, 85.00000000000000000, -16.71649217096105033 ) ) ;
#5351 = FACE_OUTER_BOUND ( 'NONE', #6324, .T. ) ;
#5352 = ORIENTED_EDGE ( 'NONE', *, *, #1275, .F. ) ;
#5353 = PERSON_AND_ORGANIZATION ( #2011, #2802 ) ;
#5354 = CALENDAR_DATE ( 2026, 29, 7 ) ;
#5355 = ADVANCED_FACE ( 'NONE', ( #7923 ), #7795, .F. ) ;
#5356 = DIRECTION ( 'NONE',  ( 0.000000000000000000, 0.000000000000000000, 1.000000000000000000 ) ) ;
#5357 = ADVANCED_FACE ( 'NONE', ( #8583 ), #10458, .F. ) ;
#5358 = PLANE ( 'NONE',  #9073 ) ;
#5359 = DIRECTION ( 'NONE',  ( 0.000000000000000000, 0.000000000000000000, 1.000000000000000000 ) ) ;
#5360 = VECTOR ( 'NONE', #6979, 1000.000000000000000 ) ;
#5361 = EDGE_CURVE ( 'NONE', #6054, #683, #3301, .T. ) ;
#5362 = CARTESIAN_POINT ( 'NONE',  ( -385.0000000000002274, 0.000000000000000000, -170.0000000000000000 ) ) ;
#5363 = DIRECTION ( 'NONE',  ( 0.000000000000000000, 0.000000000000000000, 1.000000000000000000 ) ) ;
#5364 = DIRECTION ( 'NONE',  ( 0.000000000000000000, 1.000000000000000000, 0.000000000000000000 ) ) ;
#5365 = FACE_OUTER_BOUND ( 'NONE', #10085, .T. ) ;
#5366 = PERSON_AND_ORGANIZATION ( #2011, #2802 ) ;
#5367 = AXIS2_PLACEMENT_3D ( 'NONE', #9820, #3438, #1497 ) ;
#5368 = DIRECTION ( 'NONE',  ( -0.000000000000000000, -1.000000000000000000, -0.000000000000000000 ) ) ;
#5369 = CIRCLE ( 'NONE', #150, 3.450405226897625965 ) ;
#5371 = VERTEX_POINT ( 'NONE', #10028 ) ;
#5370 = ADVANCED_FACE ( 'NONE', ( #6257, #10770 ), #3421, .T. ) ;
#5372 = VERTEX_POINT ( 'NONE', #2442 ) ;
#5373 = LINE ( 'NONE', #3571, #9444 ) ;
#5374 = DIRECTION ( 'NONE',  ( -0.000000000000000000, -1.000000000000000000, -0.000000000000000000 ) ) ;
#5375 = FACE_OUTER_BOUND ( 'NONE', #1034, .T. ) ;
#5376 = VECTOR ( 'NONE', #10940, 1000.000000000000000 ) ;
#5377 = CARTESIAN_POINT ( 'NONE',  ( 0.000000000000000000, 90.00000000000000000, 0.000000000000000000 ) ) ;
#5378 = AXIS2_PLACEMENT_3D ( 'NONE', #5234, #1658, #1715 ) ;
#5379 = AXIS2_PLACEMENT_3D ( 'NONE', #8389, #1759, #3758 ) ;
#5380 = ORIENTED_EDGE ( 'NONE', *, *, #3230, .F. ) ;
#5381 = CC_DESIGN_PERSON_AND_ORGANIZATION_ASSIGNMENT ( #10587, #2256, ( #1362 ) ) ;
#5382 = LINE ( 'NONE', #9957, #8880 ) ;
#5383 = COORDINATED_UNIVERSAL_TIME_OFFSET ( 8, 0, .AHEAD. ) ;
#5384 = VECTOR ( 'NONE', #4756, 1000.000000000000000 ) ;
#5386 = EDGE_LOOP ( 'NONE', ( #9961, #10631, #2954, #9513 ) ) ;
#5385 = ORIENTED_EDGE ( 'NONE', *, *, #3945, .F. ) ;
#5387 = VERTEX_POINT ( 'NONE', #576 ) ;
#5388 = ORIENTED_EDGE ( 'NONE', *, *, #11932, .F. ) ;
#5389 = CIRCLE ( 'NONE', #10649, 4.500000000000017764 ) ;
#5390 = CARTESIAN_POINT ( 'NONE',  ( -67.50000000000000000, 72.00000000000000000, 36.00000000000000000 ) ) ;
#5391 = DIRECTION ( 'NONE',  ( 0.000000000000000000, 1.000000000000000000, 0.000000000000000000 ) ) ;
#5392 = VECTOR ( 'NONE', #2806, 1000.000000000000000 ) ;
#5393 = DIRECTION ( 'NONE',  ( -0.000000000000000000, -0.000000000000000000, 1.000000000000000000 ) ) ;
#5394 = ORIENTED_EDGE ( 'NONE', *, *, #8796, .T. ) ;
#5395 = AXIS2_PLACEMENT_3D ( 'NONE', #10785, #4506, #11954 ) ;
#5396 = EDGE_CURVE ( 'NONE', #6596, #8640, #9969, .T. ) ;
#5397 = DIRECTION ( 'NONE',  ( 0.000000000000000000, 1.000000000000000000, 0.000000000000000000 ) ) ;
#5398 = PERSON_AND_ORGANIZATION_ROLE ( 'design_owner' ) ;
#5399 = ORIENTED_EDGE ( 'NONE', *, *, #10648, .F. ) ;
#5400 = ORIENTED_EDGE ( 'NONE', *, *, #3227, .F. ) ;
#5401 = AXIS2_PLACEMENT_3D ( 'NONE', #6443, #3543, #10157 ) ;
#5402 = ADVANCED_FACE ( 'NONE', ( #1476 ), #1648, .T. ) ;
#5403 = VECTOR ( 'NONE', #6447, 1000.000000000000000 ) ;
#5404 = PLANE ( 'NONE',  #3293 ) ;
#5405 = DIRECTION ( 'NONE',  ( 0.000000000000000000, 0.000000000000000000, 1.000000000000000000 ) ) ;
#5406 = CYLINDRICAL_SURFACE ( 'NONE', #2224, 3.500000000000000000 ) ;
#5407 = DIRECTION ( 'NONE',  ( 0.000000000000000000, 1.000000000000000000, 0.000000000000000000 ) ) ;
#5408 = LINE ( 'NONE', #6269, #8069 ) ;
#5409 = ORIENTED_EDGE ( 'NONE', *, *, #12014, .F. ) ;
#5410 = PERSON_AND_ORGANIZATION ( #2011, #2802 ) ;
#5411 = PERSON_AND_ORGANIZATION_ROLE ( 'design_supplier' ) ;
#5412 = EDGE_CURVE ( 'NONE', #1422, #2337, #310, .T. ) ;
#5413 = CARTESIAN_POINT ( 'NONE',  ( 0.000000000000000000, 0.000000000000000000, 0.000000000000000000 ) ) ;
#5414 = LOCAL_TIME ( 1, 42, 14.00000000000000000, #6138 ) ;
#5415 = VECTOR ( 'NONE', #3530, 1000.000000000000000 ) ;
#5416 = FACE_BOUND ( 'NONE', #1688, .T. ) ;
#5417 = DIRECTION ( 'NONE',  ( 0.000000000000000000, 0.000000000000000000, -1.000000000000000000 ) ) ;
#5418 = FACE_OUTER_BOUND ( 'NONE', #681, .T. ) ;
#5419 = CARTESIAN_POINT ( 'NONE',  ( -297.5999999999999659, 34.00000000000000000, -39.00000000000000000 ) ) ;
#5420 = DIRECTION ( 'NONE',  ( 0.000000000000000000, 0.000000000000000000, 1.000000000000000000 ) ) ;
#5421 = EDGE_CURVE ( 'NONE', #9029, #5229, #2669, .T. ) ;
#5422 = CARTESIAN_POINT ( 'NONE',  ( -105.0000000000000000, 90.00000000000000000, 105.0000000000000000 ) ) ;
#5423 = LOCAL_TIME ( 1, 42, 14.00000000000000000, #2948 ) ;
#5424 = CALENDAR_DATE ( 2026, 29, 7 ) ;
#5426 = EDGE_CURVE ( 'NONE', #31, #612, #4332, .T. ) ;
#5425 = LOCAL_TIME ( 1, 42, 14.00000000000000000, #10017 ) ;
#5427 = CARTESIAN_POINT ( 'NONE',  ( -75.00000000000000000, 18.00000000000000000, 55.00000000000000000 ) ) ;
#5428 = ORIENTED_EDGE ( 'NONE', *, *, #4016, .F. ) ;
#5429 = VERTEX_POINT ( 'NONE', #3476 ) ;
#5430 = DIRECTION ( 'NONE',  ( -0.000000000000000000, -1.000000000000000000, -0.000000000000000000 ) ) ;
#5431 = DIRECTION ( 'NONE',  ( 0.000000000000000000, 1.000000000000000000, 0.000000000000000000 ) ) ;
#5432 = ORGANIZATION ( 'NAUO-ORG18', 'UNSPECIFIED', 'UNSPECIFIED' ) ;
#5433 = CARTESIAN_POINT ( 'NONE',  ( -46.15384615384615330, 12.00000000000000000, 69.23076923076924061 ) ) ;
#5434 = LOCAL_TIME ( 1, 42, 14.00000000000000000, #10964 ) ;
#5435 = ADVANCED_FACE ( 'NONE', ( #7177 ), #10891, .F. ) ;
#5436 = CARTESIAN_POINT ( 'NONE',  ( -40.00000000000000000, 18.00000000000000000, 3.500000000000000000 ) ) ;
#5437 = ADVANCED_FACE ( 'NONE', ( #9917, #746, #8044, #11759, #2499, #9009 ), #8950, .F. ) ;
#5438 = EDGE_CURVE ( 'NONE', #3495, #7700, #11703, .T. ) ;
#5439 = PRODUCT_DEFINITION_SHAPE ( 'NONE', 'NONE',  #12045 ) ;
#5440 = ORIENTED_EDGE ( 'NONE', *, *, #5941, .T. ) ;
#5441 = DIRECTION ( 'NONE',  ( 0.000000000000000000, 1.000000000000000000, 0.000000000000000000 ) ) ;
#5442 = APPLICATION_PROTOCOL_DEFINITION ( 'international standard', 'config_control_design', 1994, #1989 ) ;
#5443 = CC_DESIGN_SECURITY_CLASSIFICATION ( #8189, ( #12018 ) ) ;
#5445 = EDGE_LOOP ( 'NONE', ( #2319, #4781, #2385, #8617 ) ) ;
#5444 = EDGE_LOOP ( 'NONE', ( #7670, #10315 ) ) ;
#5446 = ORIENTED_EDGE ( 'NONE', *, *, #1217, .F. ) ;
#5447 = VERTEX_POINT ( 'NONE', #6136 ) ;
#5448 = DIRECTION ( 'NONE',  ( -1.000000000000000000, 0.000000000000000000, -0.000000000000000000 ) ) ;
#5449 = DIRECTION ( 'NONE',  ( -0.000000000000000000, -1.000000000000000000, -0.000000000000000000 ) ) ;
#5450 = CC_DESIGN_PERSON_AND_ORGANIZATION_ASSIGNMENT ( #2904, #916, ( #608 ) ) ;
#5451 = CC_DESIGN_DATE_AND_TIME_ASSIGNMENT ( #10512, #10244, ( #7981 ) ) ;
#5452 = VECTOR ( 'NONE', #557, 1000.000000000000000 ) ;
#5453 = EDGE_CURVE ( 'NONE', #10015, #1893, #1705, .T. ) ;
#5454 = FACE_OUTER_BOUND ( 'NONE', #4824, .T. ) ;
#5455 = ORIENTED_EDGE ( 'NONE', *, *, #4440, .F. ) ;
#5456 = CARTESIAN_POINT ( 'NONE',  ( -46.15384615384615330, 12.00000000000000000, -69.23076923076924061 ) ) ;
#5457 = COORDINATED_UNIVERSAL_TIME_OFFSET ( 8, 0, .AHEAD. ) ;
#5458 = ORIENTED_EDGE ( 'NONE', *, *, #11017, .T. ) ;
#5459 = CONTEXT_DEPENDENT_SHAPE_REPRESENTATION ( #1154, #7402 ) ;
#5460 = ORIENTED_EDGE ( 'NONE', *, *, #6259, .F. ) ;
#5461 = AXIS2_PLACEMENT_3D ( 'NONE', #3642, #11067, #11245 ) ;
#5462 = EDGE_CURVE ( 'NONE', #1652, #9855, #7239, .T. ) ;
#5463 = CARTESIAN_POINT ( 'NONE',  ( -47.50000000000000000, 18.00000000000000000, 35.00000000000000000 ) ) ;
#5464 = DIRECTION ( 'NONE',  ( -0.000000000000000000, -1.000000000000000000, -0.000000000000000000 ) ) ;
#5465 = DIRECTION ( 'NONE',  ( 0.000000000000000000, 0.000000000000000000, 1.000000000000000000 ) ) ;
#5466 = DIRECTION ( 'NONE',  ( -0.000000000000000000, -1.000000000000000000, -0.000000000000000000 ) ) ;
#5467 = DIRECTION ( 'NONE',  ( 0.000000000000000000, -1.000000000000000000, 6.123233995736766036E-17 ) ) ;
#5468 = DIRECTION ( 'NONE',  ( -0.000000000000000000, -0.000000000000000000, 1.000000000000000000 ) ) ;
#5469 = ORIENTED_EDGE ( 'NONE', *, *, #10945, .F. ) ;
#5470 = EDGE_CURVE ( 'NONE', #10818, #10177, #8160, .T. ) ;
#5471 = APPROVAL_DATE_TIME ( #763, #2504 ) ;
#5472 = DATE_AND_TIME ( #1781, #8181 ) ;
#5473 = CARTESIAN_POINT ( 'NONE',  ( 6.429395695523603956E-15, 70.00000000000000000, 52.50000000000000000 ) ) ;
#5474 = LINE ( 'NONE', #7319, #5180 ) ;
#5475 = CARTESIAN_POINT ( 'NONE',  ( -18.12278137398203626, 85.00000000000000000, 13.83921486740446660 ) ) ;
#5476 = ORIENTED_EDGE ( 'NONE', *, *, #11528, .F. ) ;
#5477 = EDGE_CURVE ( 'NONE', #3583, #1018, #3416, .T. ) ;
#5478 = DIRECTION ( 'NONE',  ( -0.000000000000000000, -1.000000000000000000, -0.000000000000000000 ) ) ;
#5479 = LINE ( 'NONE', #3391, #6557 ) ;
#5480 = DIRECTION ( 'NONE',  ( 1.000000000000000000, 0.000000000000000000, 0.000000000000000000 ) ) ;
#5481 = LINE ( 'NONE', #6341, #3582 ) ;
#5482 = APPROVAL_ROLE ( '' ) ;
#5483 = DIRECTION ( 'NONE',  ( 0.000000000000000000, 1.000000000000000000, 0.000000000000000000 ) ) ;
#5484 =( REPRESENTATION_RELATIONSHIP ('NONE','NONE', #8109, #1433 ) REPRESENTATION_RELATIONSHIP_WITH_TRANSFORMATION ( #5726 )SHAPE_REPRESENTATION_RELATIONSHIP( ) );
#5485 = VERTEX_POINT ( 'NONE', #9119 ) ;
#5486 = VECTOR ( 'NONE', #4018, 1000.000000000000000 ) ;
#5487 = ORIENTED_EDGE ( 'NONE', *, *, #1324, .T. ) ;
#5488 = CYLINDRICAL_SURFACE ( 'NONE', #5938, 12.50000000000000000 ) ;
#5489 = CARTESIAN_POINT ( 'NONE',  ( 46.15384615384618172, 12.00000000000000000, 69.23076923076925482 ) ) ;
#5490 = FACE_OUTER_BOUND ( 'NONE', #1524, .T. ) ;
#5491 = ORIENTED_EDGE ( 'NONE', *, *, #10749, .T. ) ;
#5492 = DIRECTION ( 'NONE',  ( -0.000000000000000000, -1.000000000000000000, -0.000000000000000000 ) ) ;
#5493 =( GEOMETRIC_REPRESENTATION_CONTEXT ( 3 ) GLOBAL_UNCERTAINTY_ASSIGNED_CONTEXT ( ( #133 ) ) GLOBAL_UNIT_ASSIGNED_CONTEXT ( ( #154, #4690, #4633 ) ) REPRESENTATION_CONTEXT ( 'NONE', 'WORKASPACE' ) );
#5494 = LINE ( 'NONE', #3577, #7136 ) ;
#5495 = PERSON_AND_ORGANIZATION_ROLE ( 'creator' ) ;
#5497 = ORIENTED_EDGE ( 'NONE', *, *, #5052, .F. ) ;
#5496 = ORIENTED_EDGE ( 'NONE', *, *, #12001, .T. ) ;
#5498 = AXIS2_PLACEMENT_3D ( 'NONE', #9944, #8303, #9722 ) ;
#5499 = VERTEX_POINT ( 'NONE', #811 ) ;
#5500 = ORIENTED_EDGE ( 'NONE', *, *, #4989, .F. ) ;
#5501 = EDGE_CURVE ( 'NONE', #1289, #6921, #4935, .T. ) ;
#5502 = FACE_OUTER_BOUND ( 'NONE', #10078, .T. ) ;
#5503 = VECTOR ( 'NONE', #5478, 1000.000000000000000 ) ;
#5504 = FACE_OUTER_BOUND ( 'NONE', #8650, .T. ) ;
#5505 = ADVANCED_FACE ( 'NONE', ( #4549 ), #2839, .F. ) ;
#5506 = EDGE_CURVE ( 'NONE', #10020, #3816, #5334, .T. ) ;
#5507 = DIRECTION ( 'NONE',  ( 0.000000000000000000, 1.000000000000000000, 0.000000000000000000 ) ) ;
#5508 = ORIENTED_EDGE ( 'NONE', *, *, #8573, .F. ) ;
#5509 = AXIS2_PLACEMENT_3D ( 'NONE', #8230, #704, #4396 ) ;
#5510 = PLANE ( 'NONE',  #11579 ) ;
#5511 = PRODUCT_DEFINITION_FORMATION_WITH_SPECIFIED_SOURCE ( 'ä»', '', #5061, .NOT_KNOWN. ) ;
#5512 = APPROVAL_DATE_TIME ( #9179, #6715 ) ;
#5513 = VERTEX_POINT ( 'NONE', #11075 ) ;
#5514 = ORIENTED_EDGE ( 'NONE', *, *, #1982, .T. ) ;
#5515 = EDGE_CURVE ( 'NONE', #9647, #3282, #8843, .T. ) ;
#5516 = CC_DESIGN_APPROVAL ( #3551, ( #9259 ) ) ;
#5517 = SHAPE_REPRESENTATION ( 'FD-012_sensor_bracket', ( #2596 ), #10771 ) ;
#5518 = CARTESIAN_POINT ( 'NONE',  ( 500.0000000000000000, 0.000000000000000000, 325.0000000000000000 ) ) ;
#5519 = VECTOR ( 'NONE', #1232, 1000.000000000000000 ) ;
#5520 = FACE_OUTER_BOUND ( 'NONE', #10342, .T. ) ;
#5521 = CARTESIAN_POINT ( 'NONE',  ( -41.00000000000000000, 0.000000000000000000, -70.00000000000000000 ) ) ;
#5522 = CARTESIAN_POINT ( 'NONE',  ( 315.0000000000000000, 780.0000000000000000, -30.00000000000000000 ) ) ;
#5523 = DIRECTION ( 'NONE',  ( -1.000000000000000000, -0.000000000000000000, -0.000000000000000000 ) ) ;
#5524 = ORIENTED_EDGE ( 'NONE', *, *, #1799, .F. ) ;
#5525 = SHAPE_DEFINITION_REPRESENTATION ( #11708, #8109 ) ;
#5526 = CC_DESIGN_PERSON_AND_ORGANIZATION_ASSIGNMENT ( #8473, #6702, ( #4558 ) ) ;
#5527 = DATE_AND_TIME ( #1834, #2736 ) ;
#5528 = DIRECTION ( 'NONE',  ( -0.000000000000000000, -1.000000000000000000, -0.000000000000000000 ) ) ;
#5529 = LINE ( 'NONE', #9254, #11020 ) ;
#5530 = PRODUCT_DEFINITION_SHAPE ( 'NONE', 'NONE',  #12040 ) ;
#5531 = EDGE_CURVE ( 'NONE', #6248, #2077, #11196, .T. ) ;
#5532 = CARTESIAN_POINT ( 'NONE',  ( 310.0000000000000000, 12.00000000000000000, 48.00000000000000000 ) ) ;
#5533 = EDGE_LOOP ( 'NONE', ( #8861, #507, #5082, #580 ) ) ;
#5534 = DIRECTION ( 'NONE',  ( 0.000000000000000000, 0.000000000000000000, 1.000000000000000000 ) ) ;
#5535 = CARTESIAN_POINT ( 'NONE',  ( 6.123233995736766282E-16, 85.00000000000000000, 5.000000000000000000 ) ) ;
#5536 = CARTESIAN_POINT ( 'NONE',  ( 0.000000000000000000, 18.00000000000000355, 0.000000000000000000 ) ) ;
#5537 = PERSON_AND_ORGANIZATION_ROLE ( 'creator' ) ;
#5538 = EDGE_CURVE ( 'NONE', #9428, #3290, #10151, .T. ) ;
#5539 = VERTEX_POINT ( 'NONE', #12002 ) ;
#5540 = AXIS2_PLACEMENT_3D ( 'NONE', #8027, #4253, #9046 ) ;
#5541 = EDGE_LOOP ( 'NONE', ( #9143, #3014, #4166, #1952 ) ) ;
#5542 = CARTESIAN_POINT ( 'NONE',  ( -275.6125178063039698, 0.000000000000000000, -39.00000000000000000 ) ) ;
#5543 = DIRECTION ( 'NONE',  ( 0.000000000000000000, 1.000000000000000000, 0.000000000000000000 ) ) ;
#5544 = EDGE_CURVE ( 'NONE', #6923, #735, #6547, .T. ) ;
#5545 = CARTESIAN_POINT ( 'NONE',  ( 55.15432893255069047, 0.000000000000000000, -55.15432893255069047 ) ) ;
#5546 = CARTESIAN_POINT ( 'NONE',  ( 120.1043392264672747, 14.00000000000000000, 56.74884620746168196 ) ) ;
#5547 = CONTEXT_DEPENDENT_SHAPE_REPRESENTATION ( #9076, #4387 ) ;
#5548 = COORDINATED_UNIVERSAL_TIME_OFFSET ( 8, 0, .AHEAD. ) ;
#5549 = VECTOR ( 'NONE', #8872, 1000.000000000000000 ) ;
#5550 = CARTESIAN_POINT ( 'NONE',  ( 0.000000000000000000, 0.000000000000000000, 0.000000000000000000 ) ) ;
#5551 = SECURITY_CLASSIFICATION_LEVEL ( 'unclassified' ) ;
#5553 = ORIENTED_EDGE ( 'NONE', *, *, #9919, .T. ) ;
#5552 = VERTEX_POINT ( 'NONE', #126 ) ;
#5554 = ADVANCED_FACE ( 'NONE', ( #5678 ), #5510, .T. ) ;
#5555 = ORIENTED_EDGE ( 'NONE', *, *, #4989, .T. ) ;
#5556 = AXIS2_PLACEMENT_3D ( 'NONE', #11607, #5973, #6221 ) ;
#5557 = FACE_OUTER_BOUND ( 'NONE', #9682, .T. ) ;
#5559 = AXIS2_PLACEMENT_3D ( 'NONE', #6233, #3510, #4180 ) ;
#5558 = DIRECTION ( 'NONE',  ( 1.000000000000000000, 0.000000000000000000, -0.000000000000000000 ) ) ;
#5560 = CYLINDRICAL_SURFACE ( 'NONE', #569, 215.0000000000000000 ) ;
#5561 = ORIENTED_EDGE ( 'NONE', *, *, #1214, .T. ) ;
#5562 = AXIS2_PLACEMENT_3D ( 'NONE', #7057, #8944, #10885 ) ;
#5563 = EDGE_CURVE ( 'NONE', #4438, #8309, #1927, .T. ) ;
#5564 = DIRECTION ( 'NONE',  ( 0.000000000000000000, 0.000000000000000000, 1.000000000000000000 ) ) ;
#5565 = APPROVAL_DATE_TIME ( #11076, #590 ) ;
#5566 = ADVANCED_FACE ( 'NONE', ( #1871 ), #9355, .F. ) ;
#5567 = VECTOR ( 'NONE', #3954, 1000.000000000000000 ) ;
#5568 = ORIENTED_EDGE ( 'NONE', *, *, #6256, .F. ) ;
#5569 = PERSON_AND_ORGANIZATION ( #3341, #2903 ) ;
#5570 = ORIENTED_EDGE ( 'NONE', *, *, #6853, .T. ) ;
#5571 = AXIS2_PLACEMENT_3D ( 'NONE', #416, #1066, #10485 ) ;
#5572 = DESIGN_CONTEXT ( 'detailed design', #1989, 'design' ) ;
#5573 = FACE_OUTER_BOUND ( 'NONE', #4074, .T. ) ;
#5574 = ADVANCED_FACE ( 'NONE', ( #861 ), #2729, .F. ) ;
#5575 = VECTOR ( 'NONE', #6165, 1000.000000000000000 ) ;
#5576 = ORIENTED_EDGE ( 'NONE', *, *, #10732, .T. ) ;
#5577 = CARTESIAN_POINT ( 'NONE',  ( 0.000000000000000000, 24.00000000000000000, -7.500000000000000000 ) ) ;
#5578 = LINE ( 'NONE', #2849, #3483 ) ;
#5579 = EDGE_CURVE ( 'NONE', #11147, #11958, #6612, .T. ) ;
#5580 = CARTESIAN_POINT ( 'NONE',  ( -280.0000000000000000, 12.00000000000000000, 38.00000000000000000 ) ) ;
#5581 = EDGE_LOOP ( 'NONE', ( #8737, #1267 ) ) ;
#5582 = APPLICATION_PROTOCOL_DEFINITION ( 'international standard', 'config_control_design', 1994, #4489 ) ;
#5583 = VECTOR ( 'NONE', #4458, 1000.000000000000000 ) ;
#5584 = SECURITY_CLASSIFICATION_LEVEL ( 'unclassified' ) ;
#5585 = CIRCLE ( 'NONE', #7540, 3.500000000000000000 ) ;
#5586 = SHAPE_REPRESENTATION ( 'FD-003_bowl_base', ( #2596 ), #6089 ) ;
#5587 = PLANE ( 'NONE',  #5704 ) ;
#5588 = DIRECTION ( 'NONE',  ( 0.000000000000000000, 0.000000000000000000, 1.000000000000000000 ) ) ;
#5589 = CARTESIAN_POINT ( 'NONE',  ( 18.12278137398207889, 0.000000000000000000, 13.83921486740448081 ) ) ;
#5590 = CC_DESIGN_PERSON_AND_ORGANIZATION_ASSIGNMENT ( #11959, #3610, ( #1482 ) ) ;
#5591 = CIRCLE ( 'NONE', #1, 41.00000000000000000 ) ;
#5592 = CARTESIAN_POINT ( 'NONE',  ( 55.15432893255066205, 0.000000000000000000, 49.65432893255062652 ) ) ;
#5593 = CC_DESIGN_DATE_AND_TIME_ASSIGNMENT ( #3967, #5646, ( #10095 ) ) ;
#5594 = CARTESIAN_POINT ( 'NONE',  ( -310.0000000000000000, 12.00000000000000000, -48.00000000000000000 ) ) ;
#5595 = DIRECTION ( 'NONE',  ( 0.000000000000000000, 0.000000000000000000, -1.000000000000000000 ) ) ;
#5596 = PERSON_AND_ORGANIZATION ( #2011, #2802 ) ;
#5597 = LOCAL_TIME ( 1, 42, 14.00000000000000000, #6564 ) ;
#5598 = VECTOR ( 'NONE', #6528, 1000.000000000000000 ) ;
#5599 = EDGE_LOOP ( 'NONE', ( #11888, #5673, #9126, #3724 ) ) ;
#5600 = VERTEX_POINT ( 'NONE', #9295 ) ;
#5601 = DIRECTION ( 'NONE',  ( 0.000000000000000000, 0.000000000000000000, -1.000000000000000000 ) ) ;
#5602 = DIRECTION ( 'NONE',  ( -0.000000000000000000, -1.000000000000000000, -0.000000000000000000 ) ) ;
#5603 = DIRECTION ( 'NONE',  ( 0.000000000000000000, -1.000000000000000000, 0.000000000000000000 ) ) ;
#5604 = ADVANCED_FACE ( 'NONE', ( #9417 ), #8274, .F. ) ;
#5605 = DIRECTION ( 'NONE',  ( 0.000000000000000000, 1.000000000000000000, 0.000000000000000000 ) ) ;
#5606 = SECURITY_CLASSIFICATION ( '', '', #1033 ) ;
#5607 = FACE_BOUND ( 'NONE', #2292, .T. ) ;
#5608 = APPROVAL_PERSON_ORGANIZATION ( #733, #1679, #7973 ) ;
#5609 = APPROVAL_STATUS ( 'not_yet_approved' ) ;
#5610 = DIRECTION ( 'NONE',  ( -1.000000000000000000, 0.000000000000000000, 0.000000000000000000 ) ) ;
#5611 = AXIS2_PLACEMENT_3D ( 'NONE', #37, #882, #2632 ) ;
#5612 = EDGE_CURVE ( 'NONE', #6301, #11995, #3221, .T. ) ;
#5614 = ORIENTED_EDGE ( 'NONE', *, *, #9416, .F. ) ;
#5613 = ORIENTED_EDGE ( 'NONE', *, *, #4318, .T. ) ;
#5615 = SECURITY_CLASSIFICATION ( '', '', #807 ) ;
#5616 = APPROVAL_PERSON_ORGANIZATION ( #10849, #5681, #11093 ) ;
#5617 = VERTEX_POINT ( 'NONE', #4605 ) ;
#5618 = CARTESIAN_POINT ( 'NONE',  ( -67.50000000000000000, 72.00000000000000000, -36.00000000000000000 ) ) ;
#5619 = CARTESIAN_POINT ( 'NONE',  ( -47.50000000000000000, 0.000000000000000000, 35.00000000000000000 ) ) ;
#5620 = PERSON ( 'NAUO-PER20', 'UNSPECIFIED', 'UNSPECIFIED', ('UNSPECIFIED'), ('UNSPECIFIED'), ('UNSPECIFIED') ) ;
#5621 = ORIENTED_EDGE ( 'NONE', *, *, #8107, .T. ) ;
#5622 = EDGE_CURVE ( 'NONE', #7275, #4946, #9425, .T. ) ;
#5623 = CARTESIAN_POINT ( 'NONE',  ( -47.50000000000000000, 0.000000000000000000, -35.00000000000000000 ) ) ;
#5624 = ORIENTED_EDGE ( 'NONE', *, *, #9904, .T. ) ;
#5625 = SECURITY_CLASSIFICATION ( '', '', #10165 ) ;
#5626 = DIRECTION ( 'NONE',  ( -0.000000000000000000, -1.000000000000000000, -0.000000000000000000 ) ) ;
#5627 = PERSON_AND_ORGANIZATION ( #2011, #2802 ) ;
#5628 = EDGE_LOOP ( 'NONE', ( #11007, #7122, #7030, #6738 ) ) ;
#5629 = CALENDAR_DATE ( 2026, 29, 7 ) ;
#5630 = EDGE_LOOP ( 'NONE', ( #6373, #611, #1010, #2358 ) ) ;
#5631 = EDGE_CURVE ( 'NONE', #5635, #1095, #4748, .T. ) ;
#5632 = VECTOR ( 'NONE', #6295, 1000.000000000000000 ) ;
#5633 = CARTESIAN_POINT ( 'NONE',  ( -75.00000000000000000, 18.00000000000000000, -55.00000000000000000 ) ) ;
#5634 = CARTESIAN_POINT ( 'NONE',  ( 55.15432893255066205, 90.00000000000000000, 55.15432893255064783 ) ) ;
#5635 = VERTEX_POINT ( 'NONE', #11317 ) ;
#5636 = DIRECTION ( 'NONE',  ( 0.000000000000000000, 0.000000000000000000, 1.000000000000000000 ) ) ;
#5637 = EDGE_CURVE ( 'NONE', #8479, #11138, #1665, .T. ) ;
#5638 = CARTESIAN_POINT ( 'NONE',  ( 310.0000000000000000, 0.000000000000000000, 48.00000000000000000 ) ) ;
#5639 = ORIENTED_EDGE ( 'NONE', *, *, #8119, .T. ) ;
#5640 = APPROVAL_STATUS ( 'not_yet_approved' ) ;
#5641 = VECTOR ( 'NONE', #8326, 1000.000000000000000 ) ;
#5642 = DATE_AND_TIME ( #1045, #6228 ) ;
#5643 = DIRECTION ( 'NONE',  ( 0.000000000000000000, 0.000000000000000000, 1.000000000000000000 ) ) ;
#5644 = PLANE ( 'NONE',  #10240 ) ;
#5645 = EDGE_CURVE ( 'NONE', #4588, #4709, #4195, .T. ) ;
#5646 = DATE_TIME_ROLE ( 'classification_date' ) ;
#5647 = DIRECTION ( 'NONE',  ( 0.000000000000000000, 0.000000000000000000, 1.000000000000000000 ) ) ;
#5648 = EDGE_LOOP ( 'NONE', ( #2474, #9447, #8565, #4968 ) ) ;
#5649 = VECTOR ( 'NONE', #11786, 1000.000000000000000 ) ;
#5650 = CARTESIAN_POINT ( 'NONE',  ( -49.74884620746166775, 0.000000000000000000, -120.1043392264672747 ) ) ;
#5651 = FACE_OUTER_BOUND ( 'NONE', #8686, .T. ) ;
#5652 = CARTESIAN_POINT ( 'NONE',  ( 53.88728323699425005, 0.000000000000000000, -33.90462427745670482 ) ) ;
#5653 = CARTESIAN_POINT ( 'NONE',  ( -57.50000000000000000, 22.00000000000000000, 36.00000000000000000 ) ) ;
#5654 = PERSON_AND_ORGANIZATION ( #2011, #2802 ) ;
#5655 = ORIENTED_EDGE ( 'NONE', *, *, #8367, .F. ) ;
#5656 = FACE_OUTER_BOUND ( 'NONE', #6798, .T. ) ;
#5657 = EDGE_CURVE ( 'NONE', #7770, #4298, #4837, .T. ) ;
#5658 = LINE ( 'NONE', #11541, #10326 ) ;
#5659 = FACE_OUTER_BOUND ( 'NONE', #1308, .T. ) ;
#5660 = DIRECTION ( 'NONE',  ( 0.000000000000000000, 0.000000000000000000, 1.000000000000000000 ) ) ;
#5661 = DIRECTION ( 'NONE',  ( 0.000000000000000000, 0.000000000000000000, 1.000000000000000000 ) ) ;
#5662 = ITEM_DEFINED_TRANSFORMATION ( 'NONE', 'NONE', #4543,  #2596 ) ;
#5663 = CARTESIAN_POINT ( 'NONE',  ( 51.28027681660910275, 0.000000000000000000, 31.56920415224904986 ) ) ;
#5664 = AXIS2_PLACEMENT_3D ( 'NONE', #5634, #2061, #5755 ) ;
#5665 = APPROVAL ( #2082, 'æœª' ) ;
#5667 = ORIENTED_EDGE ( 'NONE', *, *, #6352, .T. ) ;
#5666 = ORIENTED_EDGE ( 'NONE', *, *, #6153, .F. ) ;
#5668 = CC_DESIGN_PERSON_AND_ORGANIZATION_ASSIGNMENT ( #1370, #5178, ( #3190 ) ) ;
#5669 = EDGE_LOOP ( 'NONE', ( #10777, #8025, #237, #4324 ) ) ;
#5670 = DIRECTION ( 'NONE',  ( -1.000000000000000000, -0.000000000000000000, -0.000000000000000000 ) ) ;
#5671 = CARTESIAN_POINT ( 'NONE',  ( 0.000000000000000000, 71.99999999999998579, 0.000000000000000000 ) ) ;
#5672 = CARTESIAN_POINT ( 'NONE',  ( -163.1999999999999886, 42.00000000000000000, 47.00000000000000000 ) ) ;
#5673 = ORIENTED_EDGE ( 'NONE', *, *, #1516, .T. ) ;
#5674 = EDGE_CURVE ( 'NONE', #2685, #7166, #6307, .T. ) ;
#5675 = DIRECTION ( 'NONE',  ( 0.000000000000000000, 0.000000000000000000, 1.000000000000000000 ) ) ;
#5676 = CARTESIAN_POINT ( 'NONE',  ( 0.000000000000000000, 18.00000000000000000, 0.000000000000000000 ) ) ;
#5677 = EDGE_LOOP ( 'NONE', ( #1542, #8914, #11228, #6187 ) ) ;
#5678 = FACE_OUTER_BOUND ( 'NONE', #3805, .T. ) ;
#5679 = APPLICATION_PROTOCOL_DEFINITION ( 'international standard', 'config_control_design', 1994, #7838 ) ;
#5680 = AXIS2_PLACEMENT_3D ( 'NONE', #2302, #4773, #10380 ) ;
#5681 = APPROVAL ( #2518, 'æœª' ) ;
#5682 = EDGE_LOOP ( 'NONE', ( #2259, #7197, #5655, #1024, #3045, #3889, #4597, #4961 ) ) ;
#5683 = DATE_AND_TIME ( #1988, #9127 ) ;
#5684 = AXIS2_PLACEMENT_3D ( 'NONE', #7384, #3675, #6458 ) ;
#5685 = VECTOR ( 'NONE', #7262, 1000.000000000000000 ) ;
#5686 = VERTEX_POINT ( 'NONE', #9598 ) ;
#5687 = EDGE_CURVE ( 'NONE', #5760, #5552, #3450, .T. ) ;
#5688 = CARTESIAN_POINT ( 'NONE',  ( -85.00000000000000000, 0.000000000000000000, 60.00000000000000000 ) ) ;
#5689 = VECTOR ( 'NONE', #7543, 1000.000000000000000 ) ;
#5690 = ORIENTED_EDGE ( 'NONE', *, *, #662, .F. ) ;
#5691 = APPROVAL_PERSON_ORGANIZATION ( #5958, #6562, #10658 ) ;
#5692 = CARTESIAN_POINT ( 'NONE',  ( -64.58429561200924240, 10.00000000000000000, -49.67321016166282277 ) ) ;
#5693 = AXIS2_PLACEMENT_3D ( 'NONE', #1442, #3078, #482 ) ;
#5694 = CARTESIAN_POINT ( 'NONE',  ( 49.74884620746168196, 14.00000000000000000, -127.1043392264672747 ) ) ;
#5695 = SHAPE_REPRESENTATION_RELATIONSHIP ( 'NONE' , 'NONE' ,  #1433, #2462 ) ;
#5696 = DIRECTION ( 'NONE',  ( 0.000000000000000000, 0.000000000000000000, 1.000000000000000000 ) ) ;
#5697 = VERTEX_POINT ( 'NONE', #7907 ) ;
#5698 = SHAPE_DEFINITION_REPRESENTATION ( #5723, #1433 ) ;
#5699 = DATE_TIME_ROLE ( 'classification_date' ) ;
#5700 = VECTOR ( 'NONE', #10259, 1000.000000000000000 ) ;
#5701 = LOCAL_TIME ( 1, 42, 14.00000000000000000, #942 ) ;
#5702 = EDGE_CURVE ( 'NONE', #7043, #7168, #2966, .T. ) ;
#5703 = CARTESIAN_POINT ( 'NONE',  ( 0.000000000000000000, 170.0000000000000000, 0.000000000000000000 ) ) ;
#5704 = AXIS2_PLACEMENT_3D ( 'NONE', #11466, #2136, #10337 ) ;
#5705 = CARTESIAN_POINT ( 'NONE',  ( 280.0000000000000000, 0.000000000000000000, 13.00000000000000000 ) ) ;
#5706 = DATE_TIME_ROLE ( 'classification_date' ) ;
#5707 = CARTESIAN_POINT ( 'NONE',  ( -55.15432893255071889, 90.00000000000000000, 55.15432893255073310 ) ) ;
#5708 = APPLICATION_CONTEXT ( 'configuration controlled 3d designs of mechanical parts and assemblies' ) ;
#5709 = ORIENTED_EDGE ( 'NONE', *, *, #11344, .F. ) ;
#5710 = DIRECTION ( 'NONE',  ( -0.000000000000000000, -1.000000000000000000, -0.000000000000000000 ) ) ;
#5711 = DIRECTION ( 'NONE',  ( 0.000000000000000000, 1.000000000000000000, 0.000000000000000000 ) ) ;
#5712 = LOCAL_TIME ( 1, 42, 14.00000000000000000, #826 ) ;
#5713 = DIRECTION ( 'NONE',  ( 0.000000000000000000, 0.000000000000000000, 1.000000000000000000 ) ) ;
#5714 = APPLICATION_PROTOCOL_DEFINITION ( 'international standard', 'config_control_design', 1994, #781 ) ;
#5715 = EDGE_CURVE ( 'NONE', #5104, #3412, #7713, .T. ) ;
#5716 = EDGE_CURVE ( 'NONE', #281, #466, #311, .T. ) ;
#5717 = EDGE_LOOP ( 'NONE', ( #8308, #1414, #3555, #10091 ) ) ;
#5718 = ORIENTED_EDGE ( 'NONE', *, *, #6292, .F. ) ;
#5719 = LINE ( 'NONE', #4988, #7327 ) ;
#5720 = CARTESIAN_POINT ( 'NONE',  ( 30.00000000000000000, 12.00000000000000000, -27.94637722496424459 ) ) ;
#5721 = LINE ( 'NONE', #2217, #6757 ) ;
#5722 = EDGE_LOOP ( 'NONE', ( #11188, #4696 ) ) ;
#5723 = PRODUCT_DEFINITION_SHAPE ( 'NONE', 'NONE',  #8662 ) ;
#5724 = DIRECTION ( 'NONE',  ( 0.000000000000000000, 0.000000000000000000, 1.000000000000000000 ) ) ;
#5725 = PLANE ( 'NONE',  #376 ) ;
#5726 = ITEM_DEFINED_TRANSFORMATION ( 'NONE', 'NONE', #8249,  #2596 ) ;
#5727 = DIRECTION ( 'NONE',  ( 0.000000000000000000, 0.000000000000000000, 1.000000000000000000 ) ) ;
#5728 = EDGE_CURVE ( 'NONE', #362, #11010, #501, .T. ) ;
#5729 = CARTESIAN_POINT ( 'NONE',  ( -165.0000000000000000, 14.00000000000000000, 165.0000000000000000 ) ) ;
#5730 = AXIS2_PLACEMENT_3D ( 'NONE', #11052, #2555, #1907 ) ;
#5732 = ORIENTED_EDGE ( 'NONE', *, *, #1711, .F. ) ;
#5731 = ORIENTED_EDGE ( 'NONE', *, *, #11488, .F. ) ;
#5733 = ORIENTED_EDGE ( 'NONE', *, *, #10195, .T. ) ;
#5734 = CARTESIAN_POINT ( 'NONE',  ( 165.0000000000000000, 14.00000000000000000, 165.0000000000000000 ) ) ;
#5735 = DIRECTION ( 'NONE',  ( 0.000000000000000000, 0.000000000000000000, 1.000000000000000000 ) ) ;
#5736 = LINE ( 'NONE', #10869, #9098 ) ;
#5737 = ORIENTED_EDGE ( 'NONE', *, *, #5563, .F. ) ;
#5738 = DIRECTION ( 'NONE',  ( -0.000000000000000000, -1.000000000000000000, -0.000000000000000000 ) ) ;
#5739 = CIRCLE ( 'NONE', #4970, 6.000000000000000888 ) ;
#5740 = PRODUCT_DEFINITION ( 'æœ', '', #10872, #6442 ) ;
#5741 = CARTESIAN_POINT ( 'NONE',  ( -27.50000000000000000, 28.00000000000000000, -18.00000000000000000 ) ) ;
#5742 = VERTEX_POINT ( 'NONE', #10567 ) ;
#5743 = PLANE ( 'NONE',  #10223 ) ;
#5744 = PERSON_AND_ORGANIZATION ( #2011, #2802 ) ;
#5745 = VECTOR ( 'NONE', #6635, 1000.000000000000000 ) ;
#5746 = ORIENTED_EDGE ( 'NONE', *, *, #3590, .F. ) ;
#5747 = DATE_TIME_ROLE ( 'classification_date' ) ;
#5748 = VECTOR ( 'NONE', #3145, 1000.000000000000000 ) ;
#5749 = VERTEX_POINT ( 'NONE', #11445 ) ;
#5750 = VECTOR ( 'NONE', #7027, 1000.000000000000000 ) ;
#5751 = EDGE_LOOP ( 'NONE', ( #8556, #10356, #9294, #2558 ) ) ;
#5752 = FACE_OUTER_BOUND ( 'NONE', #7970, .T. ) ;
#5753 = EDGE_CURVE ( 'NONE', #1810, #7514, #9480, .T. ) ;
#5754 = AXIS2_PLACEMENT_3D ( 'NONE', #5331, #740, #9004 ) ;
#5755 = DIRECTION ( 'NONE',  ( 0.000000000000000000, 0.000000000000000000, -1.000000000000000000 ) ) ;
#5756 = CARTESIAN_POINT ( 'NONE',  ( 52.50000000000000000, 60.00000000000000000, 30.00000000000000000 ) ) ;
#5757 = VECTOR ( 'NONE', #1320, 1000.000000000000000 ) ;
#5758 = AXIS2_PLACEMENT_3D ( 'NONE', #11134, #3587, #10150 ) ;
#5759 = CARTESIAN_POINT ( 'NONE',  ( 40.00000000000000000, 0.000000000000000000, 20.00000000000000000 ) ) ;
#5760 = VERTEX_POINT ( 'NONE', #7654 ) ;
#5761 = APPLICATION_PROTOCOL_DEFINITION ( 'international standard', 'config_control_design', 1994, #995 ) ;
#5762 = CARTESIAN_POINT ( 'NONE',  ( 163.1999999999999886, 10.00000000000000000, 0.000000000000000000 ) ) ;
#5763 = APPROVAL_ROLE ( '' ) ;
#5764 = EDGE_CURVE ( 'NONE', #6126, #10182, #8810, .T. ) ;
#5765 = VECTOR ( 'NONE', #11986, 1000.000000000000000 ) ;
#5766 = CARTESIAN_POINT ( 'NONE',  ( -420.0000000000000000, 0.000000000000000000, 175.4999999999999716 ) ) ;
#5767 = VECTOR ( 'NONE', #4404, 1000.000000000000000 ) ;
#5768 = CALENDAR_DATE ( 2026, 29, 7 ) ;
#5769 = DIRECTION ( 'NONE',  ( 0.000000000000000000, 0.000000000000000000, -1.000000000000000000 ) ) ;
#5770 = PERSON ( 'NAUO-PER24', 'UNSPECIFIED', 'UNSPECIFIED', ('UNSPECIFIED'), ('UNSPECIFIED'), ('UNSPECIFIED') ) ;
#5771 = DIRECTION ( 'NONE',  ( 0.000000000000000000, -0.000000000000000000, 1.000000000000000000 ) ) ;
#5772 = CARTESIAN_POINT ( 'NONE',  ( 64.58429561200922819, 0.000000000000000000, -45.58891454965356616 ) ) ;
#5773 = DIRECTION ( 'NONE',  ( 1.000000000000000000, 0.000000000000000000, 0.000000000000000000 ) ) ;
#5774 = AXIS2_PLACEMENT_3D ( 'NONE', #8014, #2465, #4351 ) ;
#5775 = DIRECTION ( 'NONE',  ( -1.000000000000000000, -0.000000000000000000, -0.000000000000000000 ) ) ;
#5776 = ADVANCED_FACE ( 'NONE', ( #4958 ), #3098, .F. ) ;
#5777 = COORDINATED_UNIVERSAL_TIME_OFFSET ( 8, 0, .AHEAD. ) ;
#5778 = CIRCLE ( 'NONE', #1172, 3.711604984463400037 ) ;
#5779 = CALENDAR_DATE ( 2026, 29, 7 ) ;
#5780 = ORIENTED_EDGE ( 'NONE', *, *, #4681, .T. ) ;
#5781 = AXIS2_PLACEMENT_3D ( 'NONE', #4017, #7539, #6556 ) ;
#5782 = CARTESIAN_POINT ( 'NONE',  ( 40.00000000000000000, 0.000000000000000000, 16.75000000000000000 ) ) ;
#5783 = DIRECTION ( 'NONE',  ( 0.000000000000000000, 0.000000000000000000, -1.000000000000000000 ) ) ;
#5784 = DIRECTION ( 'NONE',  ( 1.000000000000000000, -0.000000000000000000, 0.000000000000000000 ) ) ;
#5785 = CYLINDRICAL_SURFACE ( 'NONE', #4821, 5.000000000000000000 ) ;
#5786 = DIRECTION ( 'NONE',  ( 0.000000000000000000, 0.000000000000000000, 1.000000000000000000 ) ) ;
#5787 = DATE_AND_TIME ( #1013, #4295 ) ;
#5788 = APPROVAL_DATE_TIME ( #10424, #2584 ) ;
#5789 = ORIENTED_EDGE ( 'NONE', *, *, #4895, .T. ) ;
#5790 = LOCAL_TIME ( 1, 42, 14.00000000000000000, #7988 ) ;
#5791 = AXIS2_PLACEMENT_3D ( 'NONE', #7175, #10886, #4430 ) ;
#5792 = LINE ( 'NONE', #2036, #559 ) ;
#5794 = ORIENTED_EDGE ( 'NONE', *, *, #10464, .F. ) ;
#5793 = ORIENTED_EDGE ( 'NONE', *, *, #6381, .T. ) ;
#5795 = ORIENTED_EDGE ( 'NONE', *, *, #3502, .T. ) ;
#5796 = CARTESIAN_POINT ( 'NONE',  ( -53.88728323699420741, 18.00000000000000000, 35.80573605599902010 ) ) ;
#5797 = FACE_BOUND ( 'NONE', #11875, .T. ) ;
#5798 = FACE_OUTER_BOUND ( 'NONE', #9404, .T. ) ;
#5799 = CC_DESIGN_APPROVAL ( #5079, ( #11047 ) ) ;
#5800 = CIRCLE ( 'NONE', #7380, 7.000000000000006217 ) ;
#5801 = ADVANCED_FACE ( 'NONE', ( #8571, #3158, #441, #6004, #3944 ), #6673, .T. ) ;
#5802 = ORIENTED_EDGE ( 'NONE', *, *, #3426, .F. ) ;
#5803 = CARTESIAN_POINT ( 'NONE',  ( -284.3874821936960871, 0.000000000000000000, -39.00000000000000000 ) ) ;
#5804 = VERTEX_POINT ( 'NONE', #11568 ) ;
#5805 = DIRECTION ( 'NONE',  ( -0.000000000000000000, -1.000000000000000000, -0.000000000000000000 ) ) ;
#5806 = ORIENTED_EDGE ( 'NONE', *, *, #11688, .F. ) ;
#5807 = DIRECTION ( 'NONE',  ( 1.000000000000000000, 0.000000000000000000, 0.000000000000000000 ) ) ;
#5809 = CALENDAR_DATE ( 2026, 29, 7 ) ;
#5808 = LOCAL_TIME ( 1, 42, 14.00000000000000000, #3929 ) ;
#5810 = LOCAL_TIME ( 1, 42, 14.00000000000000000, #4666 ) ;
#5811 = ORIENTED_EDGE ( 'NONE', *, *, #10258, .F. ) ;
#5812 = EDGE_LOOP ( 'NONE', ( #6317, #1396, #7914, #10629 ) ) ;
#5813 = CC_DESIGN_PERSON_AND_ORGANIZATION_ASSIGNMENT ( #5744, #8572, ( #2542 ) ) ;
#5814 = CC_DESIGN_PERSON_AND_ORGANIZATION_ASSIGNMENT ( #2502, #3597, ( #6035 ) ) ;
#5815 = ORIENTED_EDGE ( 'NONE', *, *, #3152, .T. ) ;
#5816 = EDGE_CURVE ( 'NONE', #7445, #438, #1875, .T. ) ;
#5817 = APPROVAL_PERSON_ORGANIZATION ( #8051, #11591, #643 ) ;
#5818 = FACE_OUTER_BOUND ( 'NONE', #2492, .T. ) ;
#5819 = CC_DESIGN_APPROVAL ( #10007, ( #1185 ) ) ;
#5820 = DIRECTION ( 'NONE',  ( -1.000000000000000000, 0.000000000000000000, 0.000000000000000000 ) ) ;
#5821 = DIRECTION ( 'NONE',  ( 0.000000000000000000, 0.000000000000000000, 1.000000000000000000 ) ) ;
#5822 = ORIENTED_EDGE ( 'NONE', *, *, #2862, .F. ) ;
#5823 = DIRECTION ( 'NONE',  ( 1.000000000000000000, 0.000000000000000000, 0.000000000000000000 ) ) ;
#5824 = FACE_OUTER_BOUND ( 'NONE', #8049, .T. ) ;
#5825 = VERTEX_POINT ( 'NONE', #8750 ) ;
#5826 = DATE_AND_TIME ( #7731, #6007 ) ;
#5827 = DIRECTION ( 'NONE',  ( 0.000000000000000000, 0.000000000000000000, -1.000000000000000000 ) ) ;
#5828 = PERSON_AND_ORGANIZATION ( #11324, #11890 ) ;
#5829 = ORGANIZATION ( 'NAUO-ORG5', 'UNSPECIFIED', 'UNSPECIFIED' ) ;
#5830 = PRODUCT_DEFINITION_SHAPE ( 'NONE', 'NONE',  #4431 ) ;
#5831 = ORIENTED_EDGE ( 'NONE', *, *, #3886, .T. ) ;
#5832 = APPROVAL ( #1384, 'æœª' ) ;
#5833 = AXIS2_PLACEMENT_3D ( 'NONE', #7047, #7968, #9837 ) ;
#5834 = APPROVAL ( #6422, 'æœª' ) ;
#5835 = CARTESIAN_POINT ( 'NONE',  ( 51.28027681660910275, 0.000000000000000000, 23.12975778546724115 ) ) ;
#5836 = DATE_AND_TIME ( #4031, #8946 ) ;
#5837 = FACE_OUTER_BOUND ( 'NONE', #3740, .T. ) ;
#5838 = VERTEX_POINT ( 'NONE', #2053 ) ;
#5839 = DIRECTION ( 'NONE',  ( 0.000000000000000000, 1.000000000000000000, 0.000000000000000000 ) ) ;
#5840 = ADVANCED_FACE ( 'NONE', ( #1404, #6732, #7844, #3222, #6924, #8627 ), #5743, .F. ) ;
#5841 = DIRECTION ( 'NONE',  ( -0.000000000000000000, -1.000000000000000000, -0.000000000000000000 ) ) ;
#5842 = AXIS2_PLACEMENT_3D ( 'NONE', #6412, #5431, #10236 ) ;
#5843 = CARTESIAN_POINT ( 'NONE',  ( 51.28027681660910275, 72.00000000000000000, 23.12975778546724115 ) ) ;
#5844 = COORDINATED_UNIVERSAL_TIME_OFFSET ( 8, 0, .AHEAD. ) ;
#5845 = COORDINATED_UNIVERSAL_TIME_OFFSET ( 8, 0, .AHEAD. ) ;
#5846 = EDGE_LOOP ( 'NONE', ( #11316, #7398 ) ) ;
#5847 = PLANE ( 'NONE',  #2478 ) ;
#5848 = CIRCLE ( 'NONE', #9760, 5.653846153846162181 ) ;
#5849 = EDGE_CURVE ( 'NONE', #3713, #9357, #4778, .T. ) ;
#5850 = CARTESIAN_POINT ( 'NONE',  ( 18.12278137398209310, 0.000000000000000000, -16.46643349342241436 ) ) ;
#5851 = DIRECTION ( 'NONE',  ( -0.000000000000000000, -1.000000000000000000, -0.000000000000000000 ) ) ;
#5852 = EDGE_LOOP ( 'NONE', ( #1020, #10795, #6377, #9956 ) ) ;
#5853 = FACE_BOUND ( 'NONE', #9354, .T. ) ;
#5854 = LINE ( 'NONE', #9582, #11447 ) ;
#5855 = CARTESIAN_POINT ( 'NONE',  ( -60.00000000000000000, 12.00000000000000000, -90.00000000000000000 ) ) ;
#5856 = APPROVAL_ROLE ( '' ) ;
#5857 = VECTOR ( 'NONE', #11590, 1000.000000000000000 ) ;
#5858 = DIRECTION ( 'NONE',  ( -0.000000000000000000, -1.000000000000000000, -0.000000000000000000 ) ) ;
#5860 = ORIENTED_EDGE ( 'NONE', *, *, #8100, .T. ) ;
#5859 = EDGE_LOOP ( 'NONE', ( #8468, #5667, #4200, #4809 ) ) ;
#5861 = ORIENTED_EDGE ( 'NONE', *, *, #11863, .T. ) ;
#5862 = CYLINDRICAL_SURFACE ( 'NONE', #4014, 4.219723183390898136 ) ;
#5863 = CARTESIAN_POINT ( 'NONE',  ( 105.0000000000000000, 0.000000000000000000, 105.0000000000000000 ) ) ;
#5864 = CARTESIAN_POINT ( 'NONE',  ( 50.22628862590825349, 28.00000000000000000, 35.26296589018186012 ) ) ;
#5865 = VERTEX_POINT ( 'NONE', #4369 ) ;
#5866 = DIRECTION ( 'NONE',  ( -1.000000000000000000, 0.000000000000000000, 0.000000000000000000 ) ) ;
#5867 = LINE ( 'NONE', #6922, #9600 ) ;
#5868 = ORIENTED_EDGE ( 'NONE', *, *, #9352, .F. ) ;
#5869 = EDGE_CURVE ( 'NONE', #2758, #5988, #3407, .T. ) ;
#5870 = CARTESIAN_POINT ( 'NONE',  ( -40.00000000000000000, 60.00000000000000000, -20.00000000000000000 ) ) ;
#5871 = APPROVAL_STATUS ( 'not_yet_approved' ) ;
#5872 = ADVANCED_FACE ( 'NONE', ( #2484 ), #6127, .F. ) ;
#5873 = ORIENTED_EDGE ( 'NONE', *, *, #3738, .F. ) ;
#5874 = COORDINATED_UNIVERSAL_TIME_OFFSET ( 8, 0, .AHEAD. ) ;
#5875 = EDGE_CURVE ( 'NONE', #10142, #9326, #5739, .T. ) ;
#5876 = EDGE_LOOP ( 'NONE', ( #4957, #6527, #1975, #15 ) ) ;
#5877 = ORIENTED_EDGE ( 'NONE', *, *, #494, .F. ) ;
#5878 = DIRECTION ( 'NONE',  ( 0.000000000000000000, 0.000000000000000000, 1.000000000000000000 ) ) ;
#5879 = DIRECTION ( 'NONE',  ( -0.000000000000000000, -1.000000000000000000, -0.000000000000000000 ) ) ;
#5880 = CARTESIAN_POINT ( 'NONE',  ( -52.50000000000000000, 60.00000000000000000, 30.00000000000000000 ) ) ;
#5881 = ORIENTED_EDGE ( 'NONE', *, *, #4330, .T. ) ;
#5882 = DIRECTION ( 'NONE',  ( 0.000000000000000000, 0.000000000000000000, 1.000000000000000000 ) ) ;
#5883 = FACE_OUTER_BOUND ( 'NONE', #752, .T. ) ;
#5884 = ORIENTED_EDGE ( 'NONE', *, *, #5114, .T. ) ;
#5885 = DATE_AND_TIME ( #456, #3498 ) ;
#5886 = EDGE_CURVE ( 'NONE', #9172, #7383, #9461, .T. ) ;
#5887 = CARTESIAN_POINT ( 'NONE',  ( 46.15384615384618172, 12.00000000000000000, -69.23076923076924061 ) ) ;
#5888 = EDGE_LOOP ( 'NONE', ( #10761, #7054, #9847, #9893 ) ) ;
#5889 = AXIS2_PLACEMENT_3D ( 'NONE', #11631, #7151, #7905 ) ;
#5890 = CARTESIAN_POINT ( 'NONE',  ( -165.0000000000000000, 14.00000000000000000, -165.0000000000000000 ) ) ;
#5891 = APPROVAL_ROLE ( '' ) ;
#5892 = AXIS2_PLACEMENT_3D ( 'NONE', #6560, #10272, #9432 ) ;
#5893 = AXIS2_PLACEMENT_3D ( 'NONE', #1659, #78, #9303 ) ;
#5894 = CARTESIAN_POINT ( 'NONE',  ( -500.0000000000000000, 0.000000000000000000, 325.0000000000000000 ) ) ;
#5895 = ORIENTED_EDGE ( 'NONE', *, *, #9877, .F. ) ;
#5896 = LINE ( 'NONE', #2012, #3404 ) ;
#5897 = CARTESIAN_POINT ( 'NONE',  ( 57.50000000000000000, 22.00000000000000000, 54.00000000000000000 ) ) ;
#5898 = CC_DESIGN_DATE_AND_TIME_ASSIGNMENT ( #5885, #327, ( #5740 ) ) ;
#5899 = CARTESIAN_POINT ( 'NONE',  ( 0.000000000000000000, 24.00000000000000000, -10.00000000000000000 ) ) ;
#5900 = PERSON_AND_ORGANIZATION ( #2011, #2802 ) ;
#5901 = VECTOR ( 'NONE', #11474, 1000.000000000000000 ) ;
#5902 = APPROVAL_DATE_TIME ( #472, #4071 ) ;
#5903 = AXIS2_PLACEMENT_3D ( 'NONE', #9338, #11299, #11423 ) ;
#5904 = EDGE_CURVE ( 'NONE', #3718, #5749, #10816, .T. ) ;
#5905 = ORIENTED_EDGE ( 'NONE', *, *, #5284, .T. ) ;
#5906 = DIRECTION ( 'NONE',  ( -1.000000000000000000, -0.000000000000000000, -0.000000000000000000 ) ) ;
#5907 = DIRECTION ( 'NONE',  ( 0.000000000000000000, 0.000000000000000000, 1.000000000000000000 ) ) ;
#5908 = LINE ( 'NONE', #1191, #11838 ) ;
#5909 = ORIENTED_EDGE ( 'NONE', *, *, #6235, .T. ) ;
#5910 = VECTOR ( 'NONE', #4209, 1000.000000000000000 ) ;
#5911 = PRODUCT_DEFINITION_FORMATION_WITH_SPECIFIED_SOURCE ( 'ä»', '', #4114, .NOT_KNOWN. ) ;
#5912 = LINE ( 'NONE', #4817, #1736 ) ;
#5913 = DIRECTION ( 'NONE',  ( 1.000000000000000000, 0.000000000000000000, 0.000000000000000000 ) ) ;
#5914 = AXIS2_PLACEMENT_3D ( 'NONE', #3122, #9313, #5643 ) ;
#5915 = FACE_OUTER_BOUND ( 'NONE', #7940, .T. ) ;
#5916 = ADVANCED_FACE ( 'NONE', ( #9902 ), #7164, .T. ) ;
#5917 = PERSON_AND_ORGANIZATION_ROLE ( 'design_supplier' ) ;
#5918 = ORIENTED_EDGE ( 'NONE', *, *, #3108, .F. ) ;
#5919 = DIRECTION ( 'NONE',  ( 0.000000000000000000, 0.000000000000000000, -1.000000000000000000 ) ) ;
#5920 = EDGE_LOOP ( 'NONE', ( #9772, #3997, #1646, #5097 ) ) ;
#5921 = EDGE_CURVE ( 'NONE', #10169, #9104, #5369, .T. ) ;
#5922 = ORIENTED_EDGE ( 'NONE', *, *, #9532, .F. ) ;
#5923 = CARTESIAN_POINT ( 'NONE',  ( -310.0000000000000000, 0.000000000000000000, 48.00000000000000000 ) ) ;
#5924 = FACE_OUTER_BOUND ( 'NONE', #11520, .T. ) ;
#5925 = CARTESIAN_POINT ( 'NONE',  ( -297.5999999999999659, 34.00000000000000000, 39.00000000000000711 ) ) ;
#5926 = CARTESIAN_POINT ( 'NONE',  ( 450.0000000000000000, 8.000000000000000000, 210.0000000000000000 ) ) ;
#5927 = ORIENTED_EDGE ( 'NONE', *, *, #11835, .T. ) ;
#5928 = ORIENTED_EDGE ( 'NONE', *, *, #6487, .F. ) ;
#5929 = FACE_OUTER_BOUND ( 'NONE', #639, .T. ) ;
#5930 = ORIENTED_EDGE ( 'NONE', *, *, #4816, .T. ) ;
#5931 = PRODUCT_DEFINITION_SHAPE ( 'NONE', 'NONE',  #8026 ) ;
#5932 = DIRECTION ( 'NONE',  ( 0.000000000000000000, 1.000000000000000000, 0.000000000000000000 ) ) ;
#5933 = EDGE_CURVE ( 'NONE', #9524, #3398, #5382, .T. ) ;
#5934 = APPROVAL_STATUS ( 'not_yet_approved' ) ;
#5935 = ORIENTED_EDGE ( 'NONE', *, *, #2590, .F. ) ;
#5936 = ORIENTED_EDGE ( 'NONE', *, *, #2058, .F. ) ;
#5938 = AXIS2_PLACEMENT_3D ( 'NONE', #4585, #6467, #10179 ) ;
#5937 = DIRECTION ( 'NONE',  ( -0.000000000000000000, -1.000000000000000000, -0.000000000000000000 ) ) ;
#5939 = EDGE_LOOP ( 'NONE', ( #2604, #7020, #6350, #2356 ) ) ;
#5940 = DIRECTION ( 'NONE',  ( -0.000000000000000000, -1.000000000000000000, -0.000000000000000000 ) ) ;
#5941 = EDGE_CURVE ( 'NONE', #1226, #6158, #4483, .T. ) ;
#5942 = CARTESIAN_POINT ( 'NONE',  ( 0.000000000000000000, 10.00000000000000000, 36.00000000000000000 ) ) ;
#5943 = DIRECTION ( 'NONE',  ( 0.000000000000000000, -0.000000000000000000, -1.000000000000000000 ) ) ;
#5944 = EDGE_LOOP ( 'NONE', ( #3766, #6672 ) ) ;
#5945 = EDGE_CURVE ( 'NONE', #1280, #10818, #11633, .T. ) ;
#5946 = AXIS2_PLACEMENT_3D ( 'NONE', #10606, #8010, #4234 ) ;
#5947 = CYLINDRICAL_SURFACE ( 'NONE', #8262, 155.0000000000000000 ) ;
#5948 = ORIENTED_EDGE ( 'NONE', *, *, #2735, .F. ) ;
#5949 = COORDINATED_UNIVERSAL_TIME_OFFSET ( 8, 0, .AHEAD. ) ;
#5950 =( REPRESENTATION_RELATIONSHIP ('NONE','NONE', #7247, #4739 ) REPRESENTATION_RELATIONSHIP_WITH_TRANSFORMATION ( #7733 )SHAPE_REPRESENTATION_RELATIONSHIP( ) );
#5951 = VECTOR ( 'NONE', #10245, 1000.000000000000000 ) ;
#5952 = EDGE_CURVE ( 'NONE', #11397, #6156, #10699, .T. ) ;
#5953 = LINE ( 'NONE', #1292, #11727 ) ;
#5954 = APPROVAL_ROLE ( '' ) ;
#5955 = ORIENTED_EDGE ( 'NONE', *, *, #11576, .T. ) ;
#5956 = DIRECTION ( 'NONE',  ( 0.000000000000000000, 0.000000000000000000, 1.000000000000000000 ) ) ;
#5957 = VECTOR ( 'NONE', #6333, 1000.000000000000000 ) ;
#5958 = PERSON_AND_ORGANIZATION ( #6070, #98 ) ;
#5959 = CARTESIAN_POINT ( 'NONE',  ( -52.50000000000000000, 60.00000000000000000, 30.00000000000000000 ) ) ;
#5960 = VECTOR ( 'NONE', #1791, 1000.000000000000000 ) ;
#5961 = VECTOR ( 'NONE', #1163, 1000.000000000000000 ) ;
#5962 = ADVANCED_FACE ( 'NONE', ( #8035 ), #9782, .F. ) ;
#5963 = DIRECTION ( 'NONE',  ( 1.000000000000000000, 0.000000000000000000, 0.000000000000000000 ) ) ;
#5964 = DIRECTION ( 'NONE',  ( -0.000000000000000000, -0.000000000000000000, 1.000000000000000000 ) ) ;
#5965 =( NAMED_UNIT ( * ) PLANE_ANGLE_UNIT ( ) SI_UNIT ( $, .RADIAN. ) );
#5966 = CARTESIAN_POINT ( 'NONE',  ( 460.0000000000000000, 24.00000000000000000, -285.0000000000000000 ) ) ;
#5967 = ORIENTED_EDGE ( 'NONE', *, *, #8480, .F. ) ;
#5968 = CALENDAR_DATE ( 2026, 29, 7 ) ;
#5969 = PERSON_AND_ORGANIZATION_ROLE ( 'creator' ) ;
#5970 = VECTOR ( 'NONE', #1052, 1000.000000000000000 ) ;
#5971 = EDGE_LOOP ( 'NONE', ( #11704, #10323 ) ) ;
#5972 = CC_DESIGN_DATE_AND_TIME_ASSIGNMENT ( #1586, #3287, ( #2571 ) ) ;
#5973 = DIRECTION ( 'NONE',  ( 0.000000000000000000, 1.000000000000000000, 0.000000000000000000 ) ) ;
#5974 = CC_DESIGN_DATE_AND_TIME_ASSIGNMENT ( #9602, #3102, ( #7216 ) ) ;
#5975 = CARTESIAN_POINT ( 'NONE',  ( -297.5999999999999659, 34.00000000000000000, 39.00000000000000711 ) ) ;
#5976 = PLANE ( 'NONE',  #4442 ) ;
#5977 = ORIENTED_EDGE ( 'NONE', *, *, #9199, .F. ) ;
#5978 = AXIS2_PLACEMENT_3D ( 'NONE', #8933, #11859, #10010 ) ;
#5979 = EDGE_CURVE ( 'NONE', #11584, #7830, #11868, .T. ) ;
#5980 = FACE_OUTER_BOUND ( 'NONE', #11126, .T. ) ;
#5981 = FACE_OUTER_BOUND ( 'NONE', #10556, .T. ) ;
#5982 = AXIS2_PLACEMENT_3D ( 'NONE', #4289, #8056, #2455 ) ;
#5983 = LINE ( 'NONE', #8793, #7264 ) ;
#5984 = MECHANICAL_CONTEXT ( 'NONE', #10378, 'mechanical' ) ;
#5985 = CARTESIAN_POINT ( 'NONE',  ( -40.00000000000000000, 60.00000000000000000, -20.00000000000000000 ) ) ;
#5986 = CIRCLE ( 'NONE', #10855, 7.000000000000033751 ) ;
#5988 = VERTEX_POINT ( 'NONE', #7051 ) ;
#5987 = VERTEX_POINT ( 'NONE', #8998 ) ;
#5989 = EDGE_LOOP ( 'NONE', ( #2010, #6932, #11259, #4835 ) ) ;
#5990 = VECTOR ( 'NONE', #5172, 1000.000000000000000 ) ;
#5991 = EDGE_CURVE ( 'NONE', #174, #2707, #11746, .T. ) ;
#5992 = EDGE_CURVE ( 'NONE', #7609, #1768, #5322, .T. ) ;
#5993 = CARTESIAN_POINT ( 'NONE',  ( -280.0000000000000000, 0.000000000000000000, -42.50000000000001421 ) ) ;
#5994 = DIRECTION ( 'NONE',  ( 0.000000000000000000, 1.000000000000000000, 0.000000000000000000 ) ) ;
#5995 = SHAPE_REPRESENTATION ( 'FD-016_guard_panel', ( #2596 ), #11174 ) ;
#5996 = LINE ( 'NONE', #4001, #10045 ) ;
#5997 = CARTESIAN_POINT ( 'NONE',  ( 49.74884620746168196, 14.00000000000000000, 127.1043392264673315 ) ) ;
#5998 = VECTOR ( 'NONE', #8515, 1000.000000000000000 ) ;
#5999 = ORIENTED_EDGE ( 'NONE', *, *, #9015, .F. ) ;
#6000 = EDGE_LOOP ( 'NONE', ( #5072, #9566 ) ) ;
#6001 = EDGE_CURVE ( 'NONE', #11737, #4487, #10932, .T. ) ;
#6002 = DIRECTION ( 'NONE',  ( -0.000000000000000000, -1.000000000000000000, -0.000000000000000000 ) ) ;
#6003 = ORIENTED_EDGE ( 'NONE', *, *, #8602, .T. ) ;
#6004 = FACE_BOUND ( 'NONE', #10762, .T. ) ;
#6005 = COORDINATED_UNIVERSAL_TIME_OFFSET ( 8, 0, .AHEAD. ) ;
#6006 = ORIENTED_EDGE ( 'NONE', *, *, #1918, .T. ) ;
#6007 = LOCAL_TIME ( 1, 42, 14.00000000000000000, #3048 ) ;
#6008 = ORIENTED_EDGE ( 'NONE', *, *, #8527, .F. ) ;
#6009 = AXIS2_PLACEMENT_3D ( 'NONE', #4994, #6844, #3927 ) ;
#6010 = DIRECTION ( 'NONE',  ( -1.000000000000000000, 0.000000000000000000, 0.000000000000000000 ) ) ;
#6011 = EDGE_CURVE ( 'NONE', #843, #2051, #11690, .T. ) ;
#6012 = DIRECTION ( 'NONE',  ( 0.000000000000000000, -0.000000000000000000, -1.000000000000000000 ) ) ;
#6013 = LINE ( 'NONE', #9735, #7839 ) ;
#6014 = ORGANIZATION ( 'NAUO-ORG11', 'UNSPECIFIED', 'UNSPECIFIED' ) ;
#6015 = PLANE ( 'NONE',  #8123 ) ;
#6016 = VERTEX_POINT ( 'NONE', #561 ) ;
#6017 = CC_DESIGN_APPROVAL ( #10146, ( #10695 ) ) ;
#6018 = DIRECTION ( 'NONE',  ( -1.000000000000000000, 0.000000000000000000, -0.000000000000000000 ) ) ;
#6019 = ORIENTED_EDGE ( 'NONE', *, *, #11179, .F. ) ;
#6020 = PERSON_AND_ORGANIZATION ( #2011, #2802 ) ;
#6021 = ORIENTED_EDGE ( 'NONE', *, *, #4552, .F. ) ;
#6022 = APPROVAL_DATE_TIME ( #2198, #6203 ) ;
#6023 = ORIENTED_EDGE ( 'NONE', *, *, #4555, .F. ) ;
#6024 = LOCAL_TIME ( 1, 42, 14.00000000000000000, #212 ) ;
#6025 = CARTESIAN_POINT ( 'NONE',  ( -450.0000000000000000, 8.000000000000000000, 210.0000000000000000 ) ) ;
#6026 = CC_DESIGN_APPROVAL ( #6983, ( #4306 ) ) ;
#6027 = ITEM_DEFINED_TRANSFORMATION ( 'NONE', 'NONE', #7659,  #2596 ) ;
#6028 = CARTESIAN_POINT ( 'NONE',  ( 170.0000000000000000, 0.000000000000000000, 65.00000000000000000 ) ) ;
#6029 = DIRECTION ( 'NONE',  ( 0.000000000000000000, 1.000000000000000000, 0.000000000000000000 ) ) ;
#6030 = CARTESIAN_POINT ( 'NONE',  ( 64.58429561200922819, 10.00000000000000000, -45.58891454965356616 ) ) ;
#6031 = DIRECTION ( 'NONE',  ( 1.000000000000000000, 0.000000000000000000, 0.000000000000000000 ) ) ;
#6032 = DIRECTION ( 'NONE',  ( 0.000000000000000000, 0.000000000000000000, 1.000000000000000000 ) ) ;
#6033 = VERTEX_POINT ( 'NONE', #4259 ) ;
#6034 = APPROVAL_STATUS ( 'not_yet_approved' ) ;
#6035 = SECURITY_CLASSIFICATION ( '', '', #8827 ) ;
#6036 = PERSON_AND_ORGANIZATION_ROLE ( 'design_supplier' ) ;
#6037 = EDGE_CURVE ( 'NONE', #3273, #7770, #3355, .T. ) ;
#6038 = ORIENTED_EDGE ( 'NONE', *, *, #4005, .F. ) ;
#6039 = DIRECTION ( 'NONE',  ( -0.000000000000000000, -1.000000000000000000, -0.000000000000000000 ) ) ;
#6040 = EDGE_LOOP ( 'NONE', ( #10388, #7456 ) ) ;
#6041 = ORIENTED_EDGE ( 'NONE', *, *, #1287, .T. ) ;
#6042 = FACE_OUTER_BOUND ( 'NONE', #627, .T. ) ;
#6043 = DIRECTION ( 'NONE',  ( 1.000000000000000000, 0.000000000000000000, 0.000000000000000000 ) ) ;
#6044 = VERTEX_POINT ( 'NONE', #5663 ) ;
#6045 = LOCAL_TIME ( 1, 42, 14.00000000000000000, #7362 ) ;
#6046 = AXIS2_PLACEMENT_3D ( 'NONE', #1772, #9132, #1146 ) ;
#6047 = CARTESIAN_POINT ( 'NONE',  ( -27.94637722496424459, 12.00000000000000000, 30.00000000000000000 ) ) ;
#6048 = DIRECTION ( 'NONE',  ( -0.000000000000000000, -1.000000000000000000, -0.000000000000000000 ) ) ;
#6049 = LINE ( 'NONE', #5128, #3959 ) ;
#6050 = PERSON_AND_ORGANIZATION ( #2011, #2802 ) ;
#6051 = CARTESIAN_POINT ( 'NONE',  ( 40.00000000000000000, 18.00000000000000000, 0.000000000000000000 ) ) ;
#6052 = CC_DESIGN_DATE_AND_TIME_ASSIGNMENT ( #398, #8776, ( #7092 ) ) ;
#6053 = AXIS2_PLACEMENT_3D ( 'NONE', #7704, #5994, #11309 ) ;
#6056 = ORIENTED_EDGE ( 'NONE', *, *, #1801, .F. ) ;
#6055 = EDGE_CURVE ( 'NONE', #4677, #930, #7404, .T. ) ;
#6054 = VERTEX_POINT ( 'NONE', #6533 ) ;
#6057 = ORIENTED_EDGE ( 'NONE', *, *, #11053, .F. ) ;
#6058 = CARTESIAN_POINT ( 'NONE',  ( -500.0000000000000000, 18.00000000000000000, 325.0000000000000000 ) ) ;
#6059 = FACE_OUTER_BOUND ( 'NONE', #908, .T. ) ;
#6060 = CARTESIAN_POINT ( 'NONE',  ( 0.000000000000000000, 18.00000000000000000, -10.00000000000000000 ) ) ;
#6061 = PLANE ( 'NONE',  #5833 ) ;
#6062 = AXIS2_PLACEMENT_3D ( 'NONE', #1190, #4813, #7566 ) ;
#6063 = ORIENTED_EDGE ( 'NONE', *, *, #7850, .F. ) ;
#6064 = PRODUCT_RELATED_PRODUCT_CATEGORY ( 'detail', '', ( #6141 ) ) ;
#6065 = DIRECTION ( 'NONE',  ( 0.000000000000000000, 1.000000000000000000, 0.000000000000000000 ) ) ;
#6066 = CALENDAR_DATE ( 2026, 29, 7 ) ;
#6067 = EDGE_LOOP ( 'NONE', ( #11065, #7129, #11380, #6008 ) ) ;
#6068 = ORIENTED_EDGE ( 'NONE', *, *, #10149, .T. ) ;
#6069 = ORIENTED_EDGE ( 'NONE', *, *, #6420, .F. ) ;
#6070 = PERSON ( 'NAUO-PER29', 'UNSPECIFIED', 'UNSPECIFIED', ('UNSPECIFIED'), ('UNSPECIFIED'), ('UNSPECIFIED') ) ;
#6071 = EDGE_CURVE ( 'NONE', #3273, #7974, #5494, .T. ) ;
#6072 = FACE_BOUND ( 'NONE', #2383, .T. ) ;
#6073 = CLOSED_SHELL ( 'NONE', ( #6795, #7161, #7766, #7749, #263, #2386, #9607, #2019, #461, #623, #2526, #5554, #1060, #1283, #1942, #11521, #2919, #5153, #7677, #9018 ) ) ;
#6074 = FACE_BOUND ( 'NONE', #9453, .T. ) ;
#6075 = DIRECTION ( 'NONE',  ( 0.000000000000000000, 1.000000000000000000, 0.000000000000000000 ) ) ;
#6076 = VERTEX_POINT ( 'NONE', #4535 ) ;
#6077 = EDGE_CURVE ( 'NONE', #1458, #1925, #11239, .T. ) ;
#6078 = DIRECTION ( 'NONE',  ( 0.000000000000000000, 0.000000000000000000, -1.000000000000000000 ) ) ;
#6079 = ORIENTED_EDGE ( 'NONE', *, *, #9943, .T. ) ;
#6080 = APPROVAL_ROLE ( '' ) ;
#6081 = VERTEX_POINT ( 'NONE', #10994 ) ;
#6082 = COORDINATED_UNIVERSAL_TIME_OFFSET ( 8, 0, .AHEAD. ) ;
#6083 = AXIS2_PLACEMENT_3D ( 'NONE', #4144, #1412, #7852 ) ;
#6084 = VERTEX_POINT ( 'NONE', #9282 ) ;
#6085 = FACE_OUTER_BOUND ( 'NONE', #1448, .T. ) ;
#6086 = COORDINATED_UNIVERSAL_TIME_OFFSET ( 8, 0, .AHEAD. ) ;
#6087 = CARTESIAN_POINT ( 'NONE',  ( -85.00000000000000000, 0.000000000000000000, 60.00000000000000000 ) ) ;
#6088 = CARTESIAN_POINT ( 'NONE',  ( 0.000000000000000000, 60.00000000000000000, 0.000000000000000000 ) ) ;
#6089 =( GEOMETRIC_REPRESENTATION_CONTEXT ( 3 ) GLOBAL_UNCERTAINTY_ASSIGNED_CONTEXT ( ( #6555 ) ) GLOBAL_UNIT_ASSIGNED_CONTEXT ( ( #2867, #11281, #2934 ) ) REPRESENTATION_CONTEXT ( 'NONE', 'WORKASPACE' ) );
#6090 = LINE ( 'NONE', #5170, #7660 ) ;
#6091 = CARTESIAN_POINT ( 'NONE',  ( 0.000000000000000000, 0.000000000000000000, 0.000000000000000000 ) ) ;
#6092 = ORIENTED_EDGE ( 'NONE', *, *, #9373, .T. ) ;
#6093 =( NAMED_UNIT ( * ) SI_UNIT ( $, .STERADIAN. ) SOLID_ANGLE_UNIT ( ) );
#6094 = DIRECTION ( 'NONE',  ( 0.000000000000000000, 0.000000000000000000, -1.000000000000000000 ) ) ;
#6095 = PERSON_AND_ORGANIZATION ( #2011, #2802 ) ;
#6096 = APPLICATION_PROTOCOL_DEFINITION ( 'international standard', 'config_control_design', 1994, #10716 ) ;
#6097 = ADVANCED_FACE ( 'NONE', ( #11060 ), #1015, .T. ) ;
#6098 = VECTOR ( 'NONE', #10977, 1000.000000000000000 ) ;
#6099 = LINE ( 'NONE', #7318, #4235 ) ;
#6100 = FACE_OUTER_BOUND ( 'NONE', #6426, .T. ) ;
#6101 = ORIENTED_EDGE ( 'NONE', *, *, #5477, .T. ) ;
#6102 = DIRECTION ( 'NONE',  ( 0.000000000000000000, 0.000000000000000000, -1.000000000000000000 ) ) ;
#6103 = DIRECTION ( 'NONE',  ( -0.000000000000000000, -1.000000000000000000, -0.000000000000000000 ) ) ;
#6104 = DIRECTION ( 'NONE',  ( 1.000000000000000000, -0.000000000000000000, 0.000000000000000000 ) ) ;
#6105 = DIRECTION ( 'NONE',  ( -1.000000000000000000, -0.000000000000000000, -0.000000000000000000 ) ) ;
#6106 = AXIS2_PLACEMENT_3D ( 'NONE', #2796, #6450, #1098 ) ;
#6107 = LINE ( 'NONE', #6908, #6684 ) ;
#6108 = ADVANCED_FACE ( 'NONE', ( #8260 ), #9340, .F. ) ;
#6109 = LOCAL_TIME ( 1, 42, 14.00000000000000000, #2885 ) ;
#6111 = CIRCLE ( 'NONE', #8048, 105.0000000000000000 ) ;
#6110 = CALENDAR_DATE ( 2026, 29, 7 ) ;
#6112 = EDGE_CURVE ( 'NONE', #10794, #9428, #7513, .T. ) ;
#6113 = DIRECTION ( 'NONE',  ( 0.000000000000000000, 0.000000000000000000, 1.000000000000000000 ) ) ;
#6115 = ORIENTED_EDGE ( 'NONE', *, *, #4078, .F. ) ;
#6114 = ORIENTED_EDGE ( 'NONE', *, *, #3778, .T. ) ;
#6116 = VECTOR ( 'NONE', #3774, 1000.000000000000000 ) ;
#6117 = ORIENTED_EDGE ( 'NONE', *, *, #10765, .T. ) ;
#6118 = LINE ( 'NONE', #9833, #11999 ) ;
#6119 = PRODUCT_DEFINITION_FORMATION_WITH_SPECIFIED_SOURCE ( 'ä»', '', #1400, .NOT_KNOWN. ) ;
#6120 = DIRECTION ( 'NONE',  ( -0.000000000000000000, -1.000000000000000000, -0.000000000000000000 ) ) ;
#6121 = CARTESIAN_POINT ( 'NONE',  ( 50.22628862590825349, 18.00000000000000000, 35.26296589018186012 ) ) ;
#6122 = CIRCLE ( 'NONE', #9818, 215.0000000000000000 ) ;
#6123 = CARTESIAN_POINT ( 'NONE',  ( 0.000000000000000000, 12.00000000000000000, 0.000000000000000000 ) ) ;
#6124 = APPLICATION_CONTEXT ( 'configuration controlled 3d designs of mechanical parts and assemblies' ) ;
#6125 = EDGE_CURVE ( 'NONE', #10015, #6033, #8206, .T. ) ;
#6126 = VERTEX_POINT ( 'NONE', #6476 ) ;
#6127 = PLANE ( 'NONE',  #3822 ) ;
#6128 = PERSON_AND_ORGANIZATION ( #2011, #2802 ) ;
#6129 = VERTEX_POINT ( 'NONE', #4592 ) ;
#6130 = ORIENTED_EDGE ( 'NONE', *, *, #2536, .T. ) ;
#6131 = ORIENTED_EDGE ( 'NONE', *, *, #9517, .T. ) ;
#6132 = LINE ( 'NONE', #1698, #4604 ) ;
#6133 = CC_DESIGN_DATE_AND_TIME_ASSIGNMENT ( #11705, #2613, ( #1743 ) ) ;
#6134 = CARTESIAN_POINT ( 'NONE',  ( 165.0000000000000000, 0.000000000000000000, 165.0000000000000000 ) ) ;
#6135 = CARTESIAN_POINT ( 'NONE',  ( 280.0000000000000000, 12.00000000000000000, -38.00000000000000000 ) ) ;
#6136 = CARTESIAN_POINT ( 'NONE',  ( 0.000000000000000000, 60.00000000000000000, -6.000000000000000888 ) ) ;
#6137 = ORIENTED_EDGE ( 'NONE', *, *, #4907, .T. ) ;
#6138 = COORDINATED_UNIVERSAL_TIME_OFFSET ( 8, 0, .AHEAD. ) ;
#6139 = ORIENTED_EDGE ( 'NONE', *, *, #5179, .T. ) ;
#6140 = PERSON_AND_ORGANIZATION ( #11918, #6014 ) ;
#6141 = PRODUCT ( 'FD-014_pusher_cylinder', 'FD-014_pusher_cylinder', '', ( #4635 ) ) ;
#6142 = ORIENTED_EDGE ( 'NONE', *, *, #2173, .F. ) ;
#6143 = FACE_OUTER_BOUND ( 'NONE', #7657, .T. ) ;
#6144 = CC_DESIGN_PERSON_AND_ORGANIZATION_ASSIGNMENT ( #3339, #7037, ( #10593 ) ) ;
#6145 = LINE ( 'NONE', #7072, #11059 ) ;
#6146 = CARTESIAN_POINT ( 'NONE',  ( 420.0000000000000000, 8.000000000000000000, -180.0000000000000000 ) ) ;
#6147 = CARTESIAN_POINT ( 'NONE',  ( 30.00000000000000000, 560.0000000000000000, 30.00000000000000000 ) ) ;
#6148 = FACE_BOUND ( 'NONE', #5581, .T. ) ;
#6149 = AXIS2_PLACEMENT_3D ( 'NONE', #5550, #4651, #7455 ) ;
#6150 =( NAMED_UNIT ( * ) SI_UNIT ( $, .STERADIAN. ) SOLID_ANGLE_UNIT ( ) );
#6151 = DIRECTION ( 'NONE',  ( 0.000000000000000000, 0.000000000000000000, 1.000000000000000000 ) ) ;
#6152 = ORIENTED_EDGE ( 'NONE', *, *, #12014, .T. ) ;
#6153 = EDGE_CURVE ( 'NONE', #7257, #5635, #9398, .T. ) ;
#6154 = PERSON_AND_ORGANIZATION ( #2011, #2802 ) ;
#6155 = SHAPE_DEFINITION_REPRESENTATION ( #9052, #3980 ) ;
#6156 = VERTEX_POINT ( 'NONE', #3750 ) ;
#6157 = AXIS2_PLACEMENT_3D ( 'NONE', #11726, #5246, #3329 ) ;
#6158 = VERTEX_POINT ( 'NONE', #11990 ) ;
#6159 = CARTESIAN_POINT ( 'NONE',  ( -450.0000000000000000, 16.00000000000000000, 186.0000000000000000 ) ) ;
#6160 = ORIENTED_EDGE ( 'NONE', *, *, #10046, .T. ) ;
#6161 = CARTESIAN_POINT ( 'NONE',  ( -51.28027681660898907, 72.00000000000000000, -30.43995634690009666 ) ) ;
#6162 = LINE ( 'NONE', #2345, #6565 ) ;
#6163 = EDGE_CURVE ( 'NONE', #3342, #11397, #1307, .T. ) ;
#6164 = LINE ( 'NONE', #3390, #9709 ) ;
#6165 = DIRECTION ( 'NONE',  ( -0.000000000000000000, -1.000000000000000000, -0.000000000000000000 ) ) ;
#6166 = FACE_OUTER_BOUND ( 'NONE', #7651, .T. ) ;
#6167 = CIRCLE ( 'NONE', #8897, 7.000000000000006217 ) ;
#6168 = DATE_AND_TIME ( #9092, #11781 ) ;
#6169 = CIRCLE ( 'NONE', #5758, 2.877277303556587285 ) ;
#6170 = DIRECTION ( 'NONE',  ( 0.000000000000000000, 0.000000000000000000, -1.000000000000000000 ) ) ;
#6172 = ORIENTED_EDGE ( 'NONE', *, *, #10633, .F. ) ;
#6171 = ORIENTED_EDGE ( 'NONE', *, *, #638, .T. ) ;
#6173 = ORIENTED_EDGE ( 'NONE', *, *, #6335, .F. ) ;
#6174 = VECTOR ( 'NONE', #5851, 1000.000000000000000 ) ;
#6175 = DIRECTION ( 'NONE',  ( -0.000000000000000000, -1.000000000000000000, -0.000000000000000000 ) ) ;
#6176 = LINE ( 'NONE', #9896, #9166 ) ;
#6177 = CARTESIAN_POINT ( 'NONE',  ( -85.00000000000000000, 10.00000000000000000, 60.00000000000000000 ) ) ;
#6178 = AXIS2_PLACEMENT_3D ( 'NONE', #9394, #3801, #10421 ) ;
#6179 = DIRECTION ( 'NONE',  ( 0.000000000000000000, 0.000000000000000000, 1.000000000000000000 ) ) ;
#6180 = DIRECTION ( 'NONE',  ( 1.000000000000000000, 0.000000000000000000, 0.000000000000000000 ) ) ;
#6181 = ORIENTED_EDGE ( 'NONE', *, *, #6163, .F. ) ;
#6182 = AXIS2_PLACEMENT_3D ( 'NONE', #9762, #9938, #5185 ) ;
#6183 = DIRECTION ( 'NONE',  ( -0.000000000000000000, -1.000000000000000000, -0.000000000000000000 ) ) ;
#6184 = PERSON_AND_ORGANIZATION_ROLE ( 'creator' ) ;
#6185 = EDGE_CURVE ( 'NONE', #11725, #10275, #3635, .T. ) ;
#6186 = AXIS2_PLACEMENT_3D ( 'NONE', #6030, #5110, #11533 ) ;
#6187 = ORIENTED_EDGE ( 'NONE', *, *, #11247, .F. ) ;
#6188 = ORIENTED_EDGE ( 'NONE', *, *, #10339, .T. ) ;
#6189 = VERTEX_POINT ( 'NONE', #10305 ) ;
#6190 = EDGE_CURVE ( 'NONE', #1417, #4815, #3694, .T. ) ;
#6191 = CYLINDRICAL_SURFACE ( 'NONE', #7150, 155.0000000000000000 ) ;
#6192 = VECTOR ( 'NONE', #2508, 1000.000000000000000 ) ;
#6193 = LINE ( 'NONE', #1592, #5598 ) ;
#6194 = LINE ( 'NONE', #14, #2851 ) ;
#6195 = ORIENTED_EDGE ( 'NONE', *, *, #9015, .T. ) ;
#6196 = DIRECTION ( 'NONE',  ( -0.000000000000000000, -1.000000000000000000, -0.000000000000000000 ) ) ;
#6197 = PERSON_AND_ORGANIZATION ( #2011, #2802 ) ;
#6198 = CC_DESIGN_APPROVAL ( #11889, ( #199 ) ) ;
#6199 = CC_DESIGN_PERSON_AND_ORGANIZATION_ASSIGNMENT ( #1213, #11446, ( #11047 ) ) ;
#6200 = VECTOR ( 'NONE', #11234, 1000.000000000000000 ) ;
#6201 = VERTEX_POINT ( 'NONE', #6360 ) ;
#6202 = ITEM_DEFINED_TRANSFORMATION ( 'NONE', 'NONE', #6293,  #2596 ) ;
#6203 = APPROVAL ( #4913, 'UNKNOWN' ) ;
#6204 = EDGE_LOOP ( 'NONE', ( #3115, #10104 ) ) ;
#6205 = ADVANCED_FACE ( 'NONE', ( #1860 ), #9218, .T. ) ;
#6206 = CALENDAR_DATE ( 2026, 29, 7 ) ;
#6207 = DIRECTION ( 'NONE',  ( -0.000000000000000000, -1.000000000000000000, -0.000000000000000000 ) ) ;
#6208 = CC_DESIGN_SECURITY_CLASSIFICATION ( #11274, ( #8743 ) ) ;
#6209 = CARTESIAN_POINT ( 'NONE',  ( -40.00000000000000000, 60.00000000000000000, 20.00000000000000000 ) ) ;
#6210 = CYLINDRICAL_SURFACE ( 'NONE', #3205, 3.500000000000000000 ) ;
#6211 = CARTESIAN_POINT ( 'NONE',  ( 450.0000000000000000, 16.00000000000000000, 210.0000000000000284 ) ) ;
#6212 = ORIENTED_EDGE ( 'NONE', *, *, #5716, .T. ) ;
#6213 = PLANE ( 'NONE',  #2801 ) ;
#6214 = PERSON_AND_ORGANIZATION_ROLE ( 'creator' ) ;
#6215 = PRODUCT_DEFINITION ( 'æœ', '', #7480, #2451 ) ;
#6216 = PRODUCT_RELATED_PRODUCT_CATEGORY ( 'detail', '', ( #11200 ) ) ;
#6217 = APPLICATION_PROTOCOL_DEFINITION ( 'international standard', 'config_control_design', 1994, #2163 ) ;
#6218 = CC_DESIGN_SECURITY_CLASSIFICATION ( #10095, ( #12041 ) ) ;
#6219 = LOCAL_TIME ( 1, 42, 14.00000000000000000, #409 ) ;
#6220 = ORIENTED_EDGE ( 'NONE', *, *, #5226, .T. ) ;
#6221 = DIRECTION ( 'NONE',  ( 0.000000000000000000, 0.000000000000000000, 1.000000000000000000 ) ) ;
#6222 = PERSON ( 'NAUO-PER1', 'UNSPECIFIED', 'UNSPECIFIED', ('UNSPECIFIED'), ('UNSPECIFIED'), ('UNSPECIFIED') ) ;
#6223 = PRODUCT_DEFINITION_SHAPE ( 'NONE', 'NONE',  #3190 ) ;
#6224 = EDGE_CURVE ( 'NONE', #5600, #3894, #1972, .T. ) ;
#6225 = FACE_OUTER_BOUND ( 'NONE', #11796, .T. ) ;
#6226 = DIRECTION ( 'NONE',  ( 0.000000000000000000, 1.000000000000000000, 0.000000000000000000 ) ) ;
#6227 = DIRECTION ( 'NONE',  ( 0.000000000000000000, 0.000000000000000000, -1.000000000000000000 ) ) ;
#6228 = LOCAL_TIME ( 1, 42, 14.00000000000000000, #9370 ) ;
#6229 = DIRECTION ( 'NONE',  ( 0.000000000000000000, 0.000000000000000000, 1.000000000000000000 ) ) ;
#6230 = LINE ( 'NONE', #11042, #1639 ) ;
#6231 = DATE_AND_TIME ( #10058, #312 ) ;
#6232 = APPROVAL ( #3324, 'æœª' ) ;
#6233 = CARTESIAN_POINT ( 'NONE',  ( -163.1999999999999886, 42.00000000000000000, 56.99999999999999289 ) ) ;
#6234 = ORIENTED_EDGE ( 'NONE', *, *, #1443, .T. ) ;
#6235 = EDGE_CURVE ( 'NONE', #11818, #4170, #4591, .T. ) ;
#6236 = APPROVAL_PERSON_ORGANIZATION ( #6140, #10674, #2446 ) ;
#6237 = ORIENTED_EDGE ( 'NONE', *, *, #9302, .T. ) ;
#6238 = CARTESIAN_POINT ( 'NONE',  ( -420.0000000000000000, 8.000000000000000000, -180.0000000000000000 ) ) ;
#6239 = VECTOR ( 'NONE', #2947, 1000.000000000000000 ) ;
#6240 = LINE ( 'NONE', #4254, #3923 ) ;
#6241 = DIRECTION ( 'NONE',  ( -0.000000000000000000, -1.000000000000000000, -0.000000000000000000 ) ) ;
#6242 = CARTESIAN_POINT ( 'NONE',  ( 46.15384615384618172, 12.00000000000000000, 69.23076923076925482 ) ) ;
#6243 = ORIENTED_EDGE ( 'NONE', *, *, #2590, .T. ) ;
#6244 = CIRCLE ( 'NONE', #7225, 12.50000000000000000 ) ;
#6245 = CARTESIAN_POINT ( 'NONE',  ( 41.00000000000000000, 20.00000000000000000, 70.00000000000000000 ) ) ;
#6246 = CALENDAR_DATE ( 2026, 29, 7 ) ;
#6248 = VERTEX_POINT ( 'NONE', #1805 ) ;
#6247 = ORIENTED_EDGE ( 'NONE', *, *, #4954, .T. ) ;
#6249 = ADVANCED_FACE ( 'NONE', ( #8319 ), #2, .F. ) ;
#6250 = VERTEX_POINT ( 'NONE', #1257 ) ;
#6251 = EDGE_LOOP ( 'NONE', ( #8813, #9891, #7877, #2955 ) ) ;
#6252 = FACE_OUTER_BOUND ( 'NONE', #577, .T. ) ;
#6253 = AXIS2_PLACEMENT_3D ( 'NONE', #11729, #660, #3260 ) ;
#6254 = CARTESIAN_POINT ( 'NONE',  ( -30.00000000000000000, 560.0000000000000000, -30.00000000000000000 ) ) ;
#6255 = CARTESIAN_POINT ( 'NONE',  ( 55.15432893255066205, 0.000000000000000000, 55.15432893255064783 ) ) ;
#6256 = EDGE_CURVE ( 'NONE', #6054, #11681, #6910, .T. ) ;
#6257 = FACE_BOUND ( 'NONE', #6520, .T. ) ;
#6258 = CALENDAR_DATE ( 2026, 29, 7 ) ;
#6259 = EDGE_CURVE ( 'NONE', #3521, #1884, #9463, .T. ) ;
#6260 = ORIENTED_EDGE ( 'NONE', *, *, #2953, .F. ) ;
#6261 = APPROVAL_ROLE ( '' ) ;
#6262 = EDGE_LOOP ( 'NONE', ( #10866, #6114, #2617, #6457 ) ) ;
#6263 = FACE_OUTER_BOUND ( 'NONE', #11996, .T. ) ;
#6264 = CYLINDRICAL_SURFACE ( 'NONE', #2086, 4.500000000000031974 ) ;
#6265 = LINE ( 'NONE', #758, #5102 ) ;
#6266 = CARTESIAN_POINT ( 'NONE',  ( -297.5999999999999659, 0.000000000000000000, -39.00000000000000000 ) ) ;
#6267 =( NAMED_UNIT ( * ) PLANE_ANGLE_UNIT ( ) SI_UNIT ( $, .RADIAN. ) );
#6268 = ADVANCED_FACE ( 'NONE', ( #425 ), #10428, .F. ) ;
#6269 = CARTESIAN_POINT ( 'NONE',  ( -75.00000000000000000, 18.00000000000000000, 55.00000000000000000 ) ) ;
#6270 = ORIENTED_EDGE ( 'NONE', *, *, #5531, .T. ) ;
#6271 = CALENDAR_DATE ( 2026, 29, 7 ) ;
#6272 = EDGE_LOOP ( 'NONE', ( #8011, #7596, #4905, #7962, #2042, #11695, #1083, #4140, #4757, #8267, #2088, #3171, #7590 ) ) ;
#6273 = DATE_AND_TIME ( #7375, #2137 ) ;
#6274 = FACE_OUTER_BOUND ( 'NONE', #6805, .T. ) ;
#6275 = CARTESIAN_POINT ( 'NONE',  ( -55.00000000000000000, 18.00000000000000000, 17.00000000000000000 ) ) ;
#6276 = CIRCLE ( 'NONE', #865, 4.219723183390904353 ) ;
#6277 = LINE ( 'NONE', #7320, #11251 ) ;
#6278 = PRODUCT_RELATED_PRODUCT_CATEGORY ( 'detail', '', ( #1193 ) ) ;
#6279 = CARTESIAN_POINT ( 'NONE',  ( -450.0000000000000000, 0.000000000000000000, -210.0000000000000000 ) ) ;
#6280 = CARTESIAN_POINT ( 'NONE',  ( -120.1043392264672747, 14.00000000000000000, -42.74884620746166775 ) ) ;
#6281 = LINE ( 'NONE', #3392, #7848 ) ;
#6282 = CARTESIAN_POINT ( 'NONE',  ( 2.632990618166809472E-14, 18.00000000000000000, 215.0000000000000000 ) ) ;
#6283 = APPROVAL_ROLE ( '' ) ;
#6284 = CIRCLE ( 'NONE', #10359, 7.500000000000000000 ) ;
#6285 = DIRECTION ( 'NONE',  ( -0.000000000000000000, -1.000000000000000000, -0.000000000000000000 ) ) ;
#6286 = VERTEX_POINT ( 'NONE', #3081 ) ;
#6287 = ORIENTED_EDGE ( 'NONE', *, *, #10732, .F. ) ;
#6288 = DIRECTION ( 'NONE',  ( 0.000000000000000000, 1.000000000000000000, 0.000000000000000000 ) ) ;
#6289 = FACE_OUTER_BOUND ( 'NONE', #3327, .T. ) ;
#6290 = DIRECTION ( 'NONE',  ( 0.000000000000000000, -0.000000000000000000, 1.000000000000000000 ) ) ;
#6291 = AXIS2_PLACEMENT_3D ( 'NONE', #1662, #8002, #11897 ) ;
#6292 = EDGE_CURVE ( 'NONE', #4833, #6248, #11364, .T. ) ;
#6293 = AXIS2_PLACEMENT_3D ( 'NONE', #5321, #12016, #8318 ) ;
#6294 = CIRCLE ( 'NONE', #4165, 4.084295612009243293 ) ;
#6295 = DIRECTION ( 'NONE',  ( 1.000000000000000000, 0.000000000000000000, 0.000000000000000000 ) ) ;
#6296 = DIRECTION ( 'NONE',  ( 1.000000000000000000, 0.000000000000000000, 0.000000000000000000 ) ) ;
#6297 = CARTESIAN_POINT ( 'NONE',  ( 163.1999999999999886, 42.00000000000000000, 47.00000000000000000 ) ) ;
#6298 = DATE_AND_TIME ( #8091, #4466 ) ;
#6299 = EDGE_CURVE ( 'NONE', #11638, #2051, #3994, .T. ) ;
#6300 = VECTOR ( 'NONE', #5626, 1000.000000000000000 ) ;
#6301 = VERTEX_POINT ( 'NONE', #4762 ) ;
#6302 = SECURITY_CLASSIFICATION ( '', '', #1430 ) ;
#6303 = ORIENTED_EDGE ( 'NONE', *, *, #7069, .F. ) ;
#6304 = VERTEX_POINT ( 'NONE', #7576 ) ;
#6305 = DIRECTION ( 'NONE',  ( 0.000000000000000000, 0.000000000000000000, 1.000000000000000000 ) ) ;
#6306 = CARTESIAN_POINT ( 'NONE',  ( -280.0000000000000000, 12.00000000000000000, 13.00000000000000000 ) ) ;
#6307 = CIRCLE ( 'NONE', #7888, 2.480694691784170125 ) ;
#6308 = LOCAL_TIME ( 1, 42, 14.00000000000000000, #11270 ) ;
#6309 = EDGE_CURVE ( 'NONE', #4881, #8024, #920, .T. ) ;
#6310 = DIRECTION ( 'NONE',  ( 1.000000000000000000, -0.000000000000000000, 0.000000000000000000 ) ) ;
#6311 = ORIENTED_EDGE ( 'NONE', *, *, #4133, .T. ) ;
#6312 = CARTESIAN_POINT ( 'NONE',  ( -64.58429561200924240, 0.000000000000000000, -45.58891454965358037 ) ) ;
#6313 = APPROVAL_STATUS ( 'not_yet_approved' ) ;
#6314 = ORIENTED_EDGE ( 'NONE', *, *, #6055, .T. ) ;
#6315 = DATE_TIME_ROLE ( 'classification_date' ) ;
#6316 = PRODUCT ( 'FD-003_bowl_base', 'FD-003_bowl_base', '', ( #3381 ) ) ;
#6317 = ORIENTED_EDGE ( 'NONE', *, *, #11344, .T. ) ;
#6318 = ADVANCED_FACE ( 'NONE', ( #11491 ), #9644, .F. ) ;
#6319 = DESIGN_CONTEXT ( 'detailed design', #391, 'design' ) ;
#6320 = DIRECTION ( 'NONE',  ( 0.000000000000000000, 0.000000000000000000, 1.000000000000000000 ) ) ;
#6321 = ADVANCED_FACE ( 'NONE', ( #8554 ), #234, .F. ) ;
#6322 = DIRECTION ( 'NONE',  ( 0.000000000000000000, 1.000000000000000000, 0.000000000000000000 ) ) ;
#6323 = DIRECTION ( 'NONE',  ( -0.000000000000000000, -1.000000000000000000, -0.000000000000000000 ) ) ;
#6324 = EDGE_LOOP ( 'NONE', ( #4441, #10807, #6237, #876 ) ) ;
#6325 = CYLINDRICAL_SURFACE ( 'NONE', #5395, 6.999999999999999112 ) ;
#6326 =( NAMED_UNIT ( * ) PLANE_ANGLE_UNIT ( ) SI_UNIT ( $, .RADIAN. ) );
#6327 = DIRECTION ( 'NONE',  ( 0.000000000000000000, 0.000000000000000000, -1.000000000000000000 ) ) ;
#6328 = ORIENTED_EDGE ( 'NONE', *, *, #5501, .F. ) ;
#6329 = DATE_AND_TIME ( #8178, #6700 ) ;
#6330 = SECURITY_CLASSIFICATION_LEVEL ( 'unclassified' ) ;
#6331 = ORIENTED_EDGE ( 'NONE', *, *, #7567, .T. ) ;
#6332 = CARTESIAN_POINT ( 'NONE',  ( -40.00000000000000000, 60.00000000000000000, 22.48069469178416924 ) ) ;
#6333 = DIRECTION ( 'NONE',  ( -0.000000000000000000, -1.000000000000000000, -0.000000000000000000 ) ) ;
#6334 = ADVANCED_FACE ( 'NONE', ( #10615 ), #3869, .F. ) ;
#6335 = EDGE_CURVE ( 'NONE', #7168, #9784, #8613, .T. ) ;
#6336 = DIRECTION ( 'NONE',  ( -0.000000000000000000, -1.000000000000000000, -0.000000000000000000 ) ) ;
#6337 = AXIS2_PLACEMENT_3D ( 'NONE', #6663, #1263, #3999 ) ;
#6338 = DIRECTION ( 'NONE',  ( -0.000000000000000000, -1.000000000000000000, -0.000000000000000000 ) ) ;
#6339 = CARTESIAN_POINT ( 'NONE',  ( -50.22628862590825349, 28.00000000000000000, 35.26296589018186012 ) ) ;
#6340 = CARTESIAN_POINT ( 'NONE',  ( -55.15432893255070468, 90.00000000000000000, -55.15432893255069757 ) ) ;
#6341 = CARTESIAN_POINT ( 'NONE',  ( -170.0000000000000000, 10.00000000000000000, 65.00000000000000000 ) ) ;
#6342 = PERSON_AND_ORGANIZATION ( #2011, #2802 ) ;
#6343 = CIRCLE ( 'NONE', #923, 41.00000000000000000 ) ;
#6344 = DIRECTION ( 'NONE',  ( 0.000000000000000000, 1.000000000000000000, 0.000000000000000000 ) ) ;
#6345 =( REPRESENTATION_RELATIONSHIP ('NONE','NONE', #8109, #8884 ) REPRESENTATION_RELATIONSHIP_WITH_TRANSFORMATION ( #10263 )SHAPE_REPRESENTATION_RELATIONSHIP( ) );
#6346 = VECTOR ( 'NONE', #10016, 1000.000000000000000 ) ;
#6347 = CC_DESIGN_PERSON_AND_ORGANIZATION_ASSIGNMENT ( #2655, #3065, ( #3691 ) ) ;
#6348 = VERTEX_POINT ( 'NONE', #7767 ) ;
#6349 = CC_DESIGN_DATE_AND_TIME_ASSIGNMENT ( #1765, #3424, ( #6035 ) ) ;
#6350 = ORIENTED_EDGE ( 'NONE', *, *, #4752, .F. ) ;
#6351 = DIRECTION ( 'NONE',  ( 0.000000000000000000, 1.000000000000000000, 0.000000000000000000 ) ) ;
#6352 = EDGE_CURVE ( 'NONE', #3596, #8631, #566, .T. ) ;
#6353 = DIRECTION ( 'NONE',  ( -0.000000000000000000, -1.000000000000000000, -0.000000000000000000 ) ) ;
#6354 = FACE_BOUND ( 'NONE', #9287, .T. ) ;
#6355 = CIRCLE ( 'NONE', #4243, 41.00000000000000000 ) ;
#6356 = CARTESIAN_POINT ( 'NONE',  ( 52.50000000000000000, 0.000000000000000000, 30.00000000000000000 ) ) ;
#6357 = VECTOR ( 'NONE', #5286, 1000.000000000000000 ) ;
#6358 = VECTOR ( 'NONE', #6433, 1000.000000000000000 ) ;
#6359 = EDGE_LOOP ( 'NONE', ( #6482, #6987, #8826, #4769 ) ) ;
#6360 = CARTESIAN_POINT ( 'NONE',  ( -27.94637722496424459, 12.00000000000000000, -30.00000000000000000 ) ) ;
#6361 = APPROVAL_DATE_TIME ( #221, #11955 ) ;
#6362 = EDGE_CURVE ( 'NONE', #7700, #8690, #2952, .T. ) ;
#6363 = AXIS2_PLACEMENT_3D ( 'NONE', #6981, #2594, #8029 ) ;
#6365 = VERTEX_POINT ( 'NONE', #6657 ) ;
#6364 = VERTEX_POINT ( 'NONE', #6849 ) ;
#6366 = VERTEX_POINT ( 'NONE', #8734 ) ;
#6367 = VECTOR ( 'NONE', #6048, 1000.000000000000000 ) ;
#6368 = DIRECTION ( 'NONE',  ( 0.000000000000000000, 0.000000000000000000, 1.000000000000000000 ) ) ;
#6369 = CARTESIAN_POINT ( 'NONE',  ( 49.74884620746168196, 14.00000000000000000, -120.1043392264672747 ) ) ;
#6370 = EDGE_CURVE ( 'NONE', #5513, #4290, #10364, .T. ) ;
#6371 = AXIS2_PLACEMENT_3D ( 'NONE', #3501, #9881, #11671 ) ;
#6372 = DIRECTION ( 'NONE',  ( 0.000000000000000000, 0.000000000000000000, 1.000000000000000000 ) ) ;
#6373 = ORIENTED_EDGE ( 'NONE', *, *, #7789, .T. ) ;
#6374 = VECTOR ( 'NONE', #759, 1000.000000000000000 ) ;
#6375 = DIRECTION ( 'NONE',  ( 0.000000000000000000, 1.000000000000000000, 0.000000000000000000 ) ) ;
#6376 = PERSON_AND_ORGANIZATION ( #2011, #2802 ) ;
#6377 = ORIENTED_EDGE ( 'NONE', *, *, #11271, .T. ) ;
#6378 = CALENDAR_DATE ( 2026, 29, 7 ) ;
#6379 = EDGE_LOOP ( 'NONE', ( #669, #7976 ) ) ;
#6380 = AXIS2_PLACEMENT_3D ( 'NONE', #8696, #4080, #5026 ) ;
#6381 = EDGE_CURVE ( 'NONE', #1349, #10757, #5792, .T. ) ;
#6382 = DIRECTION ( 'NONE',  ( 1.000000000000000000, -0.000000000000000000, 0.000000000000000000 ) ) ;
#6383 = LINE ( 'NONE', #3091, #8774 ) ;
#6384 = DIRECTION ( 'NONE',  ( 0.000000000000000000, 0.000000000000000000, -1.000000000000000000 ) ) ;
#6385 = CARTESIAN_POINT ( 'NONE',  ( -385.0000000000002274, 0.000000000000000000, 130.0000000000000284 ) ) ;
#6386 = AXIS2_PLACEMENT_3D ( 'NONE', #7118, #11578, #5218 ) ;
#6387 = LINE ( 'NONE', #10103, #10579 ) ;
#6388 = ORIENTED_EDGE ( 'NONE', *, *, #5622, .F. ) ;
#6389 = APPROVAL_DATE_TIME ( #9080, #11133 ) ;
#6390 = DATE_AND_TIME ( #1613, #9727 ) ;
#6391 = CARTESIAN_POINT ( 'NONE',  ( -297.5999999999999659, 34.00000000000000000, 39.00000000000000711 ) ) ;
#6392 = APPROVAL_PERSON_ORGANIZATION ( #9970, #7184, #6080 ) ;
#6393 = CIRCLE ( 'NONE', #8540, 4.500000000000017764 ) ;
#6394 = CARTESIAN_POINT ( 'NONE',  ( -49.74884620746166775, 0.000000000000000000, -113.1043392264672747 ) ) ;
#6395 = CARTESIAN_POINT ( 'NONE',  ( 49.74884620746168196, 14.00000000000000000, 120.1043392264672889 ) ) ;
#6396 = ORIENTED_EDGE ( 'NONE', *, *, #11910, .F. ) ;
#6397 = DIRECTION ( 'NONE',  ( 0.000000000000000000, 1.000000000000000000, 0.000000000000000000 ) ) ;
#6398 = CARTESIAN_POINT ( 'NONE',  ( 280.0000000000000000, 0.000000000000000000, -13.00000000000000000 ) ) ;
#6399 = EDGE_CURVE ( 'NONE', #10636, #8542, #2286, .T. ) ;
#6400 = DIRECTION ( 'NONE',  ( -0.000000000000000000, -1.000000000000000000, -0.000000000000000000 ) ) ;
#6401 = CARTESIAN_POINT ( 'NONE',  ( 0.000000000000000000, 12.00000000000000000, 0.000000000000000000 ) ) ;
#6402 = LOCAL_TIME ( 1, 42, 14.00000000000000000, #9564 ) ;
#6403 = APPROVAL_ROLE ( '' ) ;
#6404 = CC_DESIGN_APPROVAL ( #9777, ( #2035 ) ) ;
#6405 = EDGE_CURVE ( 'NONE', #6158, #9536, #7142, .T. ) ;
#6406 = CARTESIAN_POINT ( 'NONE',  ( 53.88728323699425005, 18.00000000000000000, -39.51734104046245477 ) ) ;
#6407 = EDGE_CURVE ( 'NONE', #1226, #1447, #748, .T. ) ;
#6408 = ORIENTED_EDGE ( 'NONE', *, *, #8455, .T. ) ;
#6409 = ORIENTED_EDGE ( 'NONE', *, *, #3214, .F. ) ;
#6410 = ADVANCED_FACE ( 'NONE', ( #2413 ), #1573, .F. ) ;
#6411 = CARTESIAN_POINT ( 'NONE',  ( -18.12278137398203626, 0.000000000000000000, 16.71649217096105744 ) ) ;
#6412 = CARTESIAN_POINT ( 'NONE',  ( 0.000000000000000000, 12.00000000000000000, 0.000000000000000000 ) ) ;
#6413 = CC_DESIGN_SECURITY_CLASSIFICATION ( #2145, ( #12043 ) ) ;
#6414 = PLANE ( 'NONE',  #3656 ) ;
#6415 = CC_DESIGN_SECURITY_CLASSIFICATION ( #9142, ( #8948 ) ) ;
#6416 = DIRECTION ( 'NONE',  ( 0.000000000000000000, 1.000000000000000000, 0.000000000000000000 ) ) ;
#6417 = CC_DESIGN_PERSON_AND_ORGANIZATION_ASSIGNMENT ( #10780, #2450, ( #6809 ) ) ;
#6418 = PRODUCT_DEFINITION_SHAPE ( 'NONE', 'NONE',  #12018 ) ;
#6419 = DIRECTION ( 'NONE',  ( 0.000000000000000000, -1.000000000000000000, 6.123233995736766036E-17 ) ) ;
#6420 = EDGE_CURVE ( 'NONE', #11632, #10275, #4247, .T. ) ;
#6421 = DIRECTION ( 'NONE',  ( 0.000000000000000000, 0.000000000000000000, 1.000000000000000000 ) ) ;
#6422 = APPROVAL_STATUS ( 'not_yet_approved' ) ;
#6423 = SECURITY_CLASSIFICATION ( '', '', #3240 ) ;
#6424 = VECTOR ( 'NONE', #3574, 1000.000000000000000 ) ;
#6426 = EDGE_LOOP ( 'NONE', ( #10203, #222, #10851, #2864 ) ) ;
#6425 = ORIENTED_EDGE ( 'NONE', *, *, #6515, .T. ) ;
#6427 = ORIENTED_EDGE ( 'NONE', *, *, #23, .T. ) ;
#6428 = ORIENTED_EDGE ( 'NONE', *, *, #11575, .T. ) ;
#6429 = DIRECTION ( 'NONE',  ( 0.000000000000000000, 0.000000000000000000, 1.000000000000000000 ) ) ;
#6430 = DIRECTION ( 'NONE',  ( -0.000000000000000000, -1.000000000000000000, -0.000000000000000000 ) ) ;
#6431 = PRODUCT_RELATED_PRODUCT_CATEGORY ( 'detail', '', ( #4114 ) ) ;
#6432 = AXIS2_PLACEMENT_3D ( 'NONE', #11372, #364, #3874 ) ;
#6433 = DIRECTION ( 'NONE',  ( -0.000000000000000000, -1.000000000000000000, -0.000000000000000000 ) ) ;
#6434 = ORIENTED_EDGE ( 'NONE', *, *, #7081, .T. ) ;
#6435 = CARTESIAN_POINT ( 'NONE',  ( 280.0000000000000000, 12.00000000000000000, 13.00000000000000000 ) ) ;
#6436 = SECURITY_CLASSIFICATION_LEVEL ( 'unclassified' ) ;
#6437 = ORIENTED_EDGE ( 'NONE', *, *, #5764, .F. ) ;
#6438 = APPROVAL_ROLE ( '' ) ;
#6439 = ADVANCED_FACE ( 'NONE', ( #9829 ), #7959, .T. ) ;
#6440 = VERTEX_POINT ( 'NONE', #7154 ) ;
#6441 = AXIS2_PLACEMENT_3D ( 'NONE', #1101, #8524, #2197 ) ;
#6442 = DESIGN_CONTEXT ( 'detailed design', #4489, 'design' ) ;
#6443 = CARTESIAN_POINT ( 'NONE',  ( 420.0000000000000000, 8.000000000000000000, 180.0000000000000000 ) ) ;
#6444 = EDGE_CURVE ( 'NONE', #10262, #3697, #1519, .T. ) ;
#6445 = CYLINDRICAL_SURFACE ( 'NONE', #6887, 2.480694691784170125 ) ;
#6446 = ORIENTED_EDGE ( 'NONE', *, *, #3956, .T. ) ;
#6447 = DIRECTION ( 'NONE',  ( -0.000000000000000000, -1.000000000000000000, -0.000000000000000000 ) ) ;
#6448 = DIRECTION ( 'NONE',  ( 0.000000000000000000, 0.000000000000000000, 1.000000000000000000 ) ) ;
#6449 = VECTOR ( 'NONE', #4794, 1000.000000000000000 ) ;
#6450 = DIRECTION ( 'NONE',  ( 0.000000000000000000, 1.000000000000000000, 0.000000000000000000 ) ) ;
#6451 = ORIENTED_EDGE ( 'NONE', *, *, #5426, .F. ) ;
#6452 = DATE_AND_TIME ( #6688, #790 ) ;
#6453 = CALENDAR_DATE ( 2026, 29, 7 ) ;
#6454 = DIRECTION ( 'NONE',  ( -1.000000000000000000, 0.000000000000000000, 0.000000000000000000 ) ) ;
#6455 = LINE ( 'NONE', #4457, #356 ) ;
#6456 = FACE_OUTER_BOUND ( 'NONE', #10367, .T. ) ;
#6457 = ORIENTED_EDGE ( 'NONE', *, *, #4552, .T. ) ;
#6458 = DIRECTION ( 'NONE',  ( 0.000000000000000000, -0.000000000000000000, 1.000000000000000000 ) ) ;
#6459 = DIRECTION ( 'NONE',  ( 0.000000000000000000, 0.000000000000000000, -1.000000000000000000 ) ) ;
#6460 = LINE ( 'NONE', #1845, #9787 ) ;
#6461 = DIRECTION ( 'NONE',  ( -0.000000000000000000, -1.000000000000000000, -0.000000000000000000 ) ) ;
#6462 = EDGE_CURVE ( 'NONE', #6250, #722, #8985, .T. ) ;
#6463 = PERSON_AND_ORGANIZATION ( #2011, #2802 ) ;
#6464 = ORIENTED_EDGE ( 'NONE', *, *, #4039, .T. ) ;
#6465 = AXIS2_PLACEMENT_3D ( 'NONE', #3202, #7695, #6969 ) ;
#6466 = ORIENTED_EDGE ( 'NONE', *, *, #1331, .T. ) ;
#6467 = DIRECTION ( 'NONE',  ( -0.000000000000000000, -1.000000000000000000, -0.000000000000000000 ) ) ;
#6468 = DIRECTION ( 'NONE',  ( -1.000000000000000000, 0.000000000000000000, -0.000000000000000000 ) ) ;
#6469 = CYLINDRICAL_SURFACE ( 'NONE', #8909, 4.084295612009243293 ) ;
#6470 = EDGE_LOOP ( 'NONE', ( #6311, #5621 ) ) ;
#6471 = ADVANCED_FACE ( 'NONE', ( #4309, #11679 ), #5069, .T. ) ;
#6472 = CARTESIAN_POINT ( 'NONE',  ( 47.50000000000000000, 18.00000000000000000, 35.00000000000000000 ) ) ;
#6473 = EDGE_CURVE ( 'NONE', #7170, #1893, #12013, .T. ) ;
#6474 = COORDINATED_UNIVERSAL_TIME_OFFSET ( 8, 0, .AHEAD. ) ;
#6475 = AXIS2_PLACEMENT_3D ( 'NONE', #5066, #5364, #6229 ) ;
#6476 = CARTESIAN_POINT ( 'NONE',  ( 50.22628862590826060, 18.00000000000000000, -35.26296589018186012 ) ) ;
#6477 = CALENDAR_DATE ( 2026, 29, 7 ) ;
#6479 = ORIENTED_EDGE ( 'NONE', *, *, #10195, .F. ) ;
#6478 = ORIENTED_EDGE ( 'NONE', *, *, #8407, .F. ) ;
#6480 = CIRCLE ( 'NONE', #8630, 4.084295612009243293 ) ;
#6481 = EDGE_LOOP ( 'NONE', ( #3111, #2900, #6726, #3887 ) ) ;
#6482 = ORIENTED_EDGE ( 'NONE', *, *, #9701, .F. ) ;
#6483 = AXIS2_PLACEMENT_3D ( 'NONE', #2683, #5467, #8287 ) ;
#6484 = FACE_BOUND ( 'NONE', #1710, .T. ) ;
#6485 = VECTOR ( 'NONE', #8902, 1000.000000000000000 ) ;
#6486 = CARTESIAN_POINT ( 'NONE',  ( 163.1999999999999886, 42.00000000000000000, -46.99999999999999289 ) ) ;
#6487 = EDGE_CURVE ( 'NONE', #8640, #1492, #11424, .T. ) ;
#6488 = CARTESIAN_POINT ( 'NONE',  ( -46.15384615384615330, 12.00000000000000000, -74.88461538461540101 ) ) ;
#6489 = VERTEX_POINT ( 'NONE', #8797 ) ;
#6490 = AXIS2_PLACEMENT_3D ( 'NONE', #1555, #4449, #9872 ) ;
#6491 = CARTESIAN_POINT ( 'NONE',  ( -53.88728323699420741, 0.000000000000000000, 39.51734104046241924 ) ) ;
#6492 = DATE_AND_TIME ( #8392, #9130 ) ;
#6493 = ORIENTED_EDGE ( 'NONE', *, *, #8212, .T. ) ;
#6494 = PERSON_AND_ORGANIZATION ( #11618, #4492 ) ;
#6495 = EDGE_LOOP ( 'NONE', ( #4153, #3534, #3307, #9832 ) ) ;
#6496 = CC_DESIGN_DATE_AND_TIME_ASSIGNMENT ( #1044, #9248, ( #8662 ) ) ;
#6497 = CC_DESIGN_PERSON_AND_ORGANIZATION_ASSIGNMENT ( #10282, #2861, ( #11083 ) ) ;
#6498 = AXIS2_PLACEMENT_3D ( 'NONE', #454, #4908, #518 ) ;
#6499 = LOCAL_TIME ( 1, 42, 14.00000000000000000, #48 ) ;
#6500 = FACE_OUTER_BOUND ( 'NONE', #5751, .T. ) ;
#6501 = CIRCLE ( 'NONE', #4382, 2.627218626017904679 ) ;
#6502 = DIRECTION ( 'NONE',  ( 0.000000000000000000, 0.000000000000000000, -1.000000000000000000 ) ) ;
#6503 = DIRECTION ( 'NONE',  ( -0.000000000000000000, -1.000000000000000000, -0.000000000000000000 ) ) ;
#6504 = CARTESIAN_POINT ( 'NONE',  ( 0.000000000000000000, 0.000000000000000000, 0.000000000000000000 ) ) ;
#6505 = FACE_OUTER_BOUND ( 'NONE', #4314, .T. ) ;
#6506 = ORIENTED_EDGE ( 'NONE', *, *, #1331, .F. ) ;
#6507 = PERSON_AND_ORGANIZATION_ROLE ( 'design_owner' ) ;
#6508 = ITEM_DEFINED_TRANSFORMATION ( 'NONE', 'NONE', #7664,  #5892 ) ;
#6509 = APPROVAL ( #6780, 'æœª' ) ;
#6510 = FACE_BOUND ( 'NONE', #9909, .T. ) ;
#6511 = CARTESIAN_POINT ( 'NONE',  ( 67.50000000000000000, 0.000000000000000000, 36.00000000000000000 ) ) ;
#6512 = FACE_OUTER_BOUND ( 'NONE', #2103, .T. ) ;
#6513 = ORIENTED_EDGE ( 'NONE', *, *, #5421, .F. ) ;
#6514 = DIRECTION ( 'NONE',  ( 0.000000000000000000, 0.000000000000000000, -1.000000000000000000 ) ) ;
#6515 = EDGE_CURVE ( 'NONE', #930, #7700, #1624, .T. ) ;
#6516 = CARTESIAN_POINT ( 'NONE',  ( -85.00000000000000000, 0.000000000000000000, 60.00000000000000000 ) ) ;
#6517 = CARTESIAN_POINT ( 'NONE',  ( 51.28027681660910986, 0.000000000000000000, -27.34948096885818103 ) ) ;
#6518 = DIRECTION ( 'NONE',  ( -0.000000000000000000, -1.000000000000000000, -0.000000000000000000 ) ) ;
#6519 = PERSON_AND_ORGANIZATION ( #2011, #2802 ) ;
#6520 = EDGE_LOOP ( 'NONE', ( #1818, #337 ) ) ;
#6521 = VECTOR ( 'NONE', #1310, 1000.000000000000000 ) ;
#6522 = VERTEX_POINT ( 'NONE', #8073 ) ;
#6523 = DIRECTION ( 'NONE',  ( 0.000000000000000000, 0.000000000000000000, -1.000000000000000000 ) ) ;
#6524 = ADVANCED_FACE ( 'NONE', ( #3271 ), #10863, .F. ) ;
#6525 = DIRECTION ( 'NONE',  ( -0.000000000000000000, -1.000000000000000000, -0.000000000000000000 ) ) ;
#6526 = FACE_BOUND ( 'NONE', #2181, .T. ) ;
#6527 = ORIENTED_EDGE ( 'NONE', *, *, #662, .T. ) ;
#6528 = DIRECTION ( 'NONE',  ( -0.000000000000000000, -1.000000000000000000, -0.000000000000000000 ) ) ;
#6529 = FACE_BOUND ( 'NONE', #1262, .T. ) ;
#6530 = CONTEXT_DEPENDENT_SHAPE_REPRESENTATION ( #6572, #3519 ) ;
#6531 = PERSON_AND_ORGANIZATION ( #2011, #2802 ) ;
#6532 = AXIS2_PLACEMENT_3D ( 'NONE', #7971, #1690, #3285 ) ;
#6533 = CARTESIAN_POINT ( 'NONE',  ( -165.0000000000000000, 14.00000000000000000, 165.0000000000000000 ) ) ;
#6535 = EDGE_LOOP ( 'NONE', ( #3234, #9280 ) ) ;
#6534 = ORIENTED_EDGE ( 'NONE', *, *, #3129, .F. ) ;
#6536 = EDGE_CURVE ( 'NONE', #2627, #843, #5309, .T. ) ;
#6537 = EDGE_LOOP ( 'NONE', ( #11457, #5860, #11571, #7498 ) ) ;
#6538 = CIRCLE ( 'NONE', #11422, 2.480694691784170125 ) ;
#6539 = ORIENTED_EDGE ( 'NONE', *, *, #5904, .F. ) ;
#6540 = CARTESIAN_POINT ( 'NONE',  ( 55.00000000000000000, 0.000000000000000000, 17.00000000000000000 ) ) ;
#6542 = AXIS2_PLACEMENT_3D ( 'NONE', #6406, #5483, #4580 ) ;
#6541 = LINE ( 'NONE', #4660, #7932 ) ;
#6543 = EDGE_LOOP ( 'NONE', ( #5119, #8894, #3525, #2376, #10628, #7 ) ) ;
#6544 = LINE ( 'NONE', #7529, #7153 ) ;
#6545 = ORIENTED_EDGE ( 'NONE', *, *, #2276, .T. ) ;
#6546 = AXIS2_PLACEMENT_3D ( 'NONE', #10023, #2606, #630 ) ;
#6547 = LINE ( 'NONE', #7418, #5700 ) ;
#6548 = APPLICATION_PROTOCOL_DEFINITION ( 'international standard', 'config_control_design', 1994, #7598 ) ;
#6549 = VECTOR ( 'NONE', #8582, 1000.000000000000000 ) ;
#6550 = ADVANCED_FACE ( 'NONE', ( #8135 ), #8859, .F. ) ;
#6551 = ORIENTED_EDGE ( 'NONE', *, *, #1565, .T. ) ;
#6552 = CALENDAR_DATE ( 2026, 29, 7 ) ;
#6553 = ORIENTED_EDGE ( 'NONE', *, *, #10734, .T. ) ;
#6554 = VECTOR ( 'NONE', #11232, 1000.000000000000000 ) ;
#6555 = UNCERTAINTY_MEASURE_WITH_UNIT (LENGTH_MEASURE( 1.000000000000000082E-05 ), #2867, 'distance_accuracy_value', 'NONE');
#6556 = DIRECTION ( 'NONE',  ( 0.000000000000000000, 0.000000000000000000, 1.000000000000000000 ) ) ;
#6557 = VECTOR ( 'NONE', #1568, 1000.000000000000000 ) ;
#6558 = CYLINDRICAL_SURFACE ( 'NONE', #5130, 4.500000000000031974 ) ;
#6559 = CARTESIAN_POINT ( 'NONE',  ( 75.00000000000000000, 18.00000000000000000, -55.00000000000000000 ) ) ;
#6560 = CARTESIAN_POINT ( 'NONE',  ( 0.000000000000000000, 0.000000000000000000, 0.000000000000000000 ) ) ;
#6561 = CARTESIAN_POINT ( 'NONE',  ( -46.15384615384615330, 12.00000000000000000, -69.23076923076924061 ) ) ;
#6562 = APPROVAL ( #2326, 'UNKNOWN' ) ;
#6563 = ORIENTED_EDGE ( 'NONE', *, *, #4491, .T. ) ;
#6564 = COORDINATED_UNIVERSAL_TIME_OFFSET ( 8, 0, .AHEAD. ) ;
#6565 = VECTOR ( 'NONE', #6103, 1000.000000000000000 ) ;
#6566 = EDGE_CURVE ( 'NONE', #5214, #683, #2587, .T. ) ;
#6567 = AXIS2_PLACEMENT_3D ( 'NONE', #10842, #1717, #9134 ) ;
#6568 = CARTESIAN_POINT ( 'NONE',  ( 385.0000000000000000, 8.000000000000000000, -170.0000000000000000 ) ) ;
#6569 = CARTESIAN_POINT ( 'NONE',  ( 53.88728323699425005, 18.00000000000000000, -39.51734104046245477 ) ) ;
#6570 = COORDINATED_UNIVERSAL_TIME_OFFSET ( 8, 0, .AHEAD. ) ;
#6571 = CARTESIAN_POINT ( 'NONE',  ( 165.0000000000000000, 0.000000000000000000, 165.0000000000000000 ) ) ;
#6572 =( REPRESENTATION_RELATIONSHIP ('NONE','NONE', #8109, #1433 ) REPRESENTATION_RELATIONSHIP_WITH_TRANSFORMATION ( #9396 )SHAPE_REPRESENTATION_RELATIONSHIP( ) );
#6573 = VECTOR ( 'NONE', #4846, 1000.000000000000000 ) ;
#6574 = VERTEX_POINT ( 'NONE', #11617 ) ;
#6575 = CARTESIAN_POINT ( 'NONE',  ( 420.0000000000000000, 8.000000000000000000, 180.0000000000000000 ) ) ;
#6576 = ADVANCED_FACE ( 'NONE', ( #10686 ), #2353, .F. ) ;
#6577 = LINE ( 'NONE', #10288, #8149 ) ;
#6578 = APPROVAL ( #8072, 'æœª' ) ;
#6579 = PRODUCT_DEFINITION ( 'æœ', '', #9324, #5572 ) ;
#6580 = DIRECTION ( 'NONE',  ( -0.000000000000000000, -0.000000000000000000, 1.000000000000000000 ) ) ;
#6581 = COORDINATED_UNIVERSAL_TIME_OFFSET ( 8, 0, .AHEAD. ) ;
#6582 = LOCAL_TIME ( 1, 42, 14.00000000000000000, #4437 ) ;
#6583 = AXIS2_PLACEMENT_3D ( 'NONE', #10420, #7636, #11359 ) ;
#6584 = EDGE_CURVE ( 'NONE', #9057, #9801, #7935, .T. ) ;
#6585 = ORIENTED_EDGE ( 'NONE', *, *, #2315, .F. ) ;
#6586 = LINE ( 'NONE', #2089, #6521 ) ;
#6587 = CYLINDRICAL_SURFACE ( 'NONE', #4679, 2.877277303556590393 ) ;
#6588 = DIRECTION ( 'NONE',  ( -0.000000000000000000, -1.000000000000000000, -0.000000000000000000 ) ) ;
#6589 = DIRECTION ( 'NONE',  ( 0.000000000000000000, 1.000000000000000000, 0.000000000000000000 ) ) ;
#6590 = APPROVAL_PERSON_ORGANIZATION ( #2117, #9399, #4075 ) ;
#6591 = FACE_BOUND ( 'NONE', #1534, .T. ) ;
#6592 = LOCAL_TIME ( 1, 42, 14.00000000000000000, #9419 ) ;
#6593 = COORDINATED_UNIVERSAL_TIME_OFFSET ( 8, 0, .AHEAD. ) ;
#6594 = CC_DESIGN_PERSON_AND_ORGANIZATION_ASSIGNMENT ( #4570, #8118, ( #4306 ) ) ;
#6595 = APPLICATION_PROTOCOL_DEFINITION ( 'international standard', 'config_control_design', 1994, #926 ) ;
#6596 = VERTEX_POINT ( 'NONE', #2703 ) ;
#6597 = CARTESIAN_POINT ( 'NONE',  ( 460.0000000000000000, 24.00000000000000000, 285.0000000000000000 ) ) ;
#6598 = EDGE_CURVE ( 'NONE', #9922, #5227, #3623, .T. ) ;
#6600 = ORIENTED_EDGE ( 'NONE', *, *, #4736, .F. ) ;
#6599 = ORIENTED_EDGE ( 'NONE', *, *, #4377, .F. ) ;
#6601 = CARTESIAN_POINT ( 'NONE',  ( -120.1043392264672747, 14.00000000000000000, -56.74884620746167485 ) ) ;
#6602 = LOCAL_TIME ( 1, 42, 14.00000000000000000, #829 ) ;
#6603 = ORIENTED_EDGE ( 'NONE', *, *, #5921, .F. ) ;
#6604 = CARTESIAN_POINT ( 'NONE',  ( 35.00000000000000000, 26.00000000000000000, -10.00000000000000000 ) ) ;
#6605 = DIRECTION ( 'NONE',  ( -0.000000000000000000, -1.000000000000000000, -0.000000000000000000 ) ) ;
#6606 = ORIENTED_EDGE ( 'NONE', *, *, #5320, .T. ) ;
#6607 = EDGE_LOOP ( 'NONE', ( #5927, #3120, #300, #3751 ) ) ;
#6608 = FACE_OUTER_BOUND ( 'NONE', #11195, .T. ) ;
#6609 = FACE_OUTER_BOUND ( 'NONE', #9967, .T. ) ;
#6610 = EDGE_LOOP ( 'NONE', ( #2417, #11071, #5877, #4427 ) ) ;
#6611 = CC_DESIGN_SECURITY_CLASSIFICATION ( #9734, ( #12022 ) ) ;
#6612 = LINE ( 'NONE', #6435, #11970 ) ;
#6613 = ADVANCED_FACE ( 'NONE', ( #9206 ), #4082, .F. ) ;
#6614 = APPROVAL_ROLE ( '' ) ;
#6615 = VERTEX_POINT ( 'NONE', #9155 ) ;
#6616 = SECURITY_CLASSIFICATION_LEVEL ( 'unclassified' ) ;
#6617 = ORIENTED_EDGE ( 'NONE', *, *, #2052, .F. ) ;
#6618 = ORGANIZATION ( 'NAUO-ORG14', 'UNSPECIFIED', 'UNSPECIFIED' ) ;
#6619 = ORIENTED_EDGE ( 'NONE', *, *, #9949, .T. ) ;
#6620 = AXIS2_PLACEMENT_3D ( 'NONE', #6123, #4319, #7837 ) ;
#6621 = EDGE_CURVE ( 'NONE', #1925, #2675, #8248, .T. ) ;
#6622 = DIRECTION ( 'NONE',  ( 0.000000000000000000, 0.000000000000000000, 1.000000000000000000 ) ) ;
#6623 = ORIENTED_EDGE ( 'NONE', *, *, #8247, .F. ) ;
#6624 = ADVANCED_FACE ( 'NONE', ( #11109 ), #4525, .F. ) ;
#6625 = LINE ( 'NONE', #4848, #5486 ) ;
#6626 = DIRECTION ( 'NONE',  ( 0.000000000000000000, 0.000000000000000000, 1.000000000000000000 ) ) ;
#6627 = ADVANCED_FACE ( 'NONE', ( #3679 ), #780, .T. ) ;
#6628 = DIRECTION ( 'NONE',  ( 0.000000000000000000, 0.000000000000000000, 1.000000000000000000 ) ) ;
#6629 = ORIENTED_EDGE ( 'NONE', *, *, #7900, .F. ) ;
#6630 = APPROVAL_ROLE ( '' ) ;
#6631 = EDGE_CURVE ( 'NONE', #10982, #10482, #3566, .T. ) ;
#6632 = CIRCLE ( 'NONE', #9752, 3.550269299820409952 ) ;
#6633 = DATE_AND_TIME ( #6453, #3701 ) ;
#6634 = DIRECTION ( 'NONE',  ( 0.000000000000000000, 0.000000000000000000, 1.000000000000000000 ) ) ;
#6635 = DIRECTION ( 'NONE',  ( 0.000000000000000000, 0.000000000000000000, -1.000000000000000000 ) ) ;
#6636 = APPROVAL_DATE_TIME ( #5836, #1681 ) ;
#6637 = FACE_OUTER_BOUND ( 'NONE', #4360, .T. ) ;
#6638 = ORIENTED_EDGE ( 'NONE', *, *, #3956, .F. ) ;
#6639 = AXIS2_PLACEMENT_3D ( 'NONE', #5489, #5374, #10066 ) ;
#6640 = EDGE_CURVE ( 'NONE', #904, #9741, #10123, .T. ) ;
#6641 = DIRECTION ( 'NONE',  ( 0.000000000000000000, 0.000000000000000000, 1.000000000000000000 ) ) ;
#6642 = CARTESIAN_POINT ( 'NONE',  ( 420.0000000000000000, 0.000000000000000000, -184.5000000000000284 ) ) ;
#6643 = CARTESIAN_POINT ( 'NONE',  ( 50.22628862590825349, 28.00000000000000000, -35.26296589018186012 ) ) ;
#6644 = LINE ( 'NONE', #7440, #1825 ) ;
#6645 = DATE_TIME_ROLE ( 'classification_date' ) ;
#6646 = PERSON ( 'NAUO-PER23', 'UNSPECIFIED', 'UNSPECIFIED', ('UNSPECIFIED'), ('UNSPECIFIED'), ('UNSPECIFIED') ) ;
#6647 = ORIENTED_EDGE ( 'NONE', *, *, #2457, .T. ) ;
#6648 = CC_DESIGN_PERSON_AND_ORGANIZATION_ASSIGNMENT ( #9356, #1029, ( #2118 ) ) ;
#6649 = FACE_BOUND ( 'NONE', #11210, .T. ) ;
#6650 = DIRECTION ( 'NONE',  ( -0.000000000000000000, -0.000000000000000000, 1.000000000000000000 ) ) ;
#6651 = FACE_BOUND ( 'NONE', #3164, .T. ) ;
#6652 = FACE_OUTER_BOUND ( 'NONE', #1177, .T. ) ;
#6653 = FACE_OUTER_BOUND ( 'NONE', #347, .T. ) ;
#6654 = APPROVAL_DATE_TIME ( #5787, #9246 ) ;
#6655 = DIRECTION ( 'NONE',  ( 0.000000000000000000, 0.000000000000000000, 1.000000000000000000 ) ) ;
#6656 = ORIENTED_EDGE ( 'NONE', *, *, #10376, .F. ) ;
#6657 = CARTESIAN_POINT ( 'NONE',  ( 53.88728323699425005, 18.00000000000000000, -45.13005780346821183 ) ) ;
#6658 = EDGE_CURVE ( 'NONE', #11189, #6365, #11822, .T. ) ;
#6660 = ORIENTED_EDGE ( 'NONE', *, *, #3799, .T. ) ;
#6659 = VERTEX_POINT ( 'NONE', #8306 ) ;
#6661 = ORIENTED_EDGE ( 'NONE', *, *, #4661, .T. ) ;
#6662 = EDGE_CURVE ( 'NONE', #4138, #1135, #8121, .T. ) ;
#6663 = CARTESIAN_POINT ( 'NONE',  ( 0.000000000000000000, 34.00000000000000000, 0.000000000000000000 ) ) ;
#6664 = FACE_OUTER_BOUND ( 'NONE', #1966, .T. ) ;
#6665 = LINE ( 'NONE', #4951, #4783 ) ;
#6666 = VECTOR ( 'NONE', #7558, 1000.000000000000000 ) ;
#6667 = ORIENTED_EDGE ( 'NONE', *, *, #470, .T. ) ;
#6668 = DIRECTION ( 'NONE',  ( 0.000000000000000000, 0.000000000000000000, -1.000000000000000000 ) ) ;
#6669 = ORIENTED_EDGE ( 'NONE', *, *, #5361, .F. ) ;
#6670 = ADVANCED_FACE ( 'NONE', ( #9926 ), #8835, .F. ) ;
#6671 = CARTESIAN_POINT ( 'NONE',  ( -275.6125178063039698, 0.000000000000000000, 39.00000000000000711 ) ) ;
#6672 = ORIENTED_EDGE ( 'NONE', *, *, #7999, .T. ) ;
#6673 = PLANE ( 'NONE',  #4025 ) ;
#6674 = APPROVAL_DATE_TIME ( #251, #10146 ) ;
#6675 = VERTEX_POINT ( 'NONE', #3375 ) ;
#6676 = VECTOR ( 'NONE', #214, 1000.000000000000000 ) ;
#6677 = ORIENTED_EDGE ( 'NONE', *, *, #9745, .F. ) ;
#6678 = VERTEX_POINT ( 'NONE', #9808 ) ;
#6679 = ADVANCED_FACE ( 'NONE', ( #11831 ), #529, .F. ) ;
#6680 = UNCERTAINTY_MEASURE_WITH_UNIT (LENGTH_MEASURE( 1.000000000000000082E-05 ), #10212, 'distance_accuracy_value', 'NONE');
#6681 = CARTESIAN_POINT ( 'NONE',  ( 0.000000000000000000, 0.000000000000000000, 0.000000000000000000 ) ) ;
#6682 = VECTOR ( 'NONE', #823, 1000.000000000000000 ) ;
#6683 = CARTESIAN_POINT ( 'NONE',  ( -46.15384615384615330, 12.00000000000000000, 63.57692307692307310 ) ) ;
#6684 = VECTOR ( 'NONE', #8609, 1000.000000000000000 ) ;
#6685 = LINE ( 'NONE', #6931, #3652 ) ;
#6686 = PLANE ( 'NONE',  #1462 ) ;
#6687 = ORIENTED_EDGE ( 'NONE', *, *, #8273, .T. ) ;
#6688 = CALENDAR_DATE ( 2026, 29, 7 ) ;
#6689 = CARTESIAN_POINT ( 'NONE',  ( 280.0000000000000000, 12.00000000000000000, 13.00000000000000000 ) ) ;
#6690 = VECTOR ( 'NONE', #9065, 1000.000000000000000 ) ;
#6691 = LOCAL_TIME ( 1, 42, 14.00000000000000000, #5777 ) ;
#6692 = PLANE ( 'NONE',  #3011 ) ;
#6693 = ADVANCED_FACE ( 'NONE', ( #9867 ), #8111, .T. ) ;
#6694 = VECTOR ( 'NONE', #11130, 1000.000000000000000 ) ;
#6695 = CARTESIAN_POINT ( 'NONE',  ( -57.50000000000000000, 22.00000000000000000, 54.00000000000000000 ) ) ;
#6696 = DATE_AND_TIME ( #5768, #1380 ) ;
#6697 = CARTESIAN_POINT ( 'NONE',  ( 46.15384615384618172, 12.00000000000000000, -72.57692307692303757 ) ) ;
#6698 = CARTESIAN_POINT ( 'NONE',  ( -50.22628862590825349, 18.00000000000000000, 0.000000000000000000 ) ) ;
#6699 = CARTESIAN_POINT ( 'NONE',  ( -420.0000000000000000, 8.000000000000000000, -184.5000000000000284 ) ) ;
#6700 = LOCAL_TIME ( 1, 42, 14.00000000000000000, #1664 ) ;
#6701 = CARTESIAN_POINT ( 'NONE',  ( -420.0000000000000000, 8.000000000000000000, -175.4999999999999716 ) ) ;
#6702 = PERSON_AND_ORGANIZATION_ROLE ( 'classification_officer' ) ;
#6703 = PERSON_AND_ORGANIZATION_ROLE ( 'design_supplier' ) ;
#6704 = EDGE_CURVE ( 'NONE', #9855, #4251, #10637, .T. ) ;
#6705 = ADVANCED_FACE ( 'NONE', ( #4446 ), #4223, .F. ) ;
#6706 = EDGE_LOOP ( 'NONE', ( #7155, #3579, #552, #6437, #7056, #2960, #8150 ) ) ;
#6707 = DIRECTION ( 'NONE',  ( 0.000000000000000000, -0.000000000000000000, -1.000000000000000000 ) ) ;
#6708 = DIRECTION ( 'NONE',  ( -0.000000000000000000, -1.000000000000000000, -0.000000000000000000 ) ) ;
#6709 = FACE_BOUND ( 'NONE', #10962, .T. ) ;
#6710 = CARTESIAN_POINT ( 'NONE',  ( -46.15384615384615330, 12.00000000000000000, -69.23076923076924061 ) ) ;
#6711 = FACE_BOUND ( 'NONE', #10093, .T. ) ;
#6712 = CALENDAR_DATE ( 2026, 29, 7 ) ;
#6713 = CALENDAR_DATE ( 2026, 29, 7 ) ;
#6714 = EDGE_LOOP ( 'NONE', ( #10076, #4411, #4890, #11311 ) ) ;
#6715 = APPROVAL ( #11197, 'æœª' ) ;
#6716 = DIRECTION ( 'NONE',  ( 0.000000000000000000, 1.000000000000000000, 0.000000000000000000 ) ) ;
#6717 = CC_DESIGN_PERSON_AND_ORGANIZATION_ASSIGNMENT ( #8484, #10422, ( #10887 ) ) ;
#6718 = AXIS2_PLACEMENT_3D ( 'NONE', #11856, #7218, #5601 ) ;
#6721 = ORIENTED_EDGE ( 'NONE', *, *, #1767, .T. ) ;
#6720 = EDGE_CURVE ( 'NONE', #7383, #9172, #10047, .T. ) ;
#6719 = EDGE_LOOP ( 'NONE', ( #7692, #10456, #8222, #1388 ) ) ;
#6722 = ORIENTED_EDGE ( 'NONE', *, *, #9094, .T. ) ;
#6723 = CARTESIAN_POINT ( 'NONE',  ( -30.00000000000000000, 0.000000000000000000, 30.00000000000000000 ) ) ;
#6724 = DIRECTION ( 'NONE',  ( 0.000000000000000000, 1.000000000000000000, 0.000000000000000000 ) ) ;
#6725 = LINE ( 'NONE', #9651, #9864 ) ;
#6726 = ORIENTED_EDGE ( 'NONE', *, *, #10806, .F. ) ;
#6727 = PLANE ( 'NONE',  #1780 ) ;
#6728 = AXIS2_PLACEMENT_3D ( 'NONE', #1212, #4893, #10759 ) ;
#6729 = LINE ( 'NONE', #1086, #9205 ) ;
#6730 = ORIENTED_EDGE ( 'NONE', *, *, #8796, .F. ) ;
#6731 = EDGE_CURVE ( 'NONE', #64, #9839, #8172, .T. ) ;
#6732 = FACE_OUTER_BOUND ( 'NONE', #8405, .T. ) ;
#6733 = PERSON_AND_ORGANIZATION ( #2011, #2802 ) ;
#6734 = VERTEX_POINT ( 'NONE', #2453 ) ;
#6735 = DATE_AND_TIME ( #6864, #6822 ) ;
#6736 = APPLICATION_CONTEXT ( 'configuration controlled 3d designs of mechanical parts and assemblies' ) ;
#6737 = AXIS2_PLACEMENT_3D ( 'NONE', #3340, #7038, #9768 ) ;
#6738 = ORIENTED_EDGE ( 'NONE', *, *, #2599, .T. ) ;
#6739 = ADVANCED_FACE ( 'NONE', ( #3430 ), #10956, .T. ) ;
#6740 = ORIENTED_EDGE ( 'NONE', *, *, #6536, .T. ) ;
#6741 = FACE_OUTER_BOUND ( 'NONE', #1211, .T. ) ;
#6742 = VECTOR ( 'NONE', #10373, 1000.000000000000000 ) ;
#6743 = CARTESIAN_POINT ( 'NONE',  ( -46.15384615384615330, 12.00000000000000000, -69.23076923076924061 ) ) ;
#6744 = ORIENTED_EDGE ( 'NONE', *, *, #8695, .F. ) ;
#6745 = DIRECTION ( 'NONE',  ( 0.000000000000000000, 0.000000000000000000, -1.000000000000000000 ) ) ;
#6746 = ORIENTED_EDGE ( 'NONE', *, *, #1644, .T. ) ;
#6747 = VECTOR ( 'NONE', #4341, 1000.000000000000000 ) ;
#6748 =( LENGTH_UNIT ( ) NAMED_UNIT ( * ) SI_UNIT ( .MILLI., .METRE. ) );
#6749 = VECTOR ( 'NONE', #4380, 1000.000000000000000 ) ;
#6750 = CARTESIAN_POINT ( 'NONE',  ( -75.00000000000000000, 18.00000000000000000, 55.00000000000000000 ) ) ;
#6751 = ORIENTED_EDGE ( 'NONE', *, *, #6853, .F. ) ;
#6752 = CALENDAR_DATE ( 2026, 29, 7 ) ;
#6753 = CARTESIAN_POINT ( 'NONE',  ( 49.74884620746168196, 0.000000000000000000, 113.1043392264672747 ) ) ;
#6754 = COORDINATED_UNIVERSAL_TIME_OFFSET ( 8, 0, .AHEAD. ) ;
#6755 = EDGE_CURVE ( 'NONE', #9524, #4488, #645, .T. ) ;
#6756 = ORIENTED_EDGE ( 'NONE', *, *, #8063, .F. ) ;
#6757 = VECTOR ( 'NONE', #4933, 1000.000000000000000 ) ;
#6758 = FACE_BOUND ( 'NONE', #11611, .T. ) ;
#6759 = AXIS2_PLACEMENT_3D ( 'NONE', #5304, #3619, #3504 ) ;
#6760 = DATE_AND_TIME ( #4742, #1751 ) ;
#6761 = FACE_OUTER_BOUND ( 'NONE', #2817, .T. ) ;
#6762 = ORIENTED_EDGE ( 'NONE', *, *, #296, .F. ) ;
#6763 = CARTESIAN_POINT ( 'NONE',  ( 0.000000000000000000, 130.0000000000000000, 0.000000000000000000 ) ) ;
#6764 = CARTESIAN_POINT ( 'NONE',  ( 275.6125178063039698, 12.00000000000000000, 39.00000000000000711 ) ) ;
#6765 = VECTOR ( 'NONE', #6336, 1000.000000000000000 ) ;
#6766 = LINE ( 'NONE', #11409, #10569 ) ;
#6767 = DATE_AND_TIME ( #7685, #11595 ) ;
#6768 = CIRCLE ( 'NONE', #9886, 3.249999999999999556 ) ;
#6769 = DATE_TIME_ROLE ( 'classification_date' ) ;
#6770 = VERTEX_POINT ( 'NONE', #11773 ) ;
#6771 = VECTOR ( 'NONE', #6810, 1000.000000000000000 ) ;
#6772 = DIRECTION ( 'NONE',  ( -0.000000000000000000, -1.000000000000000000, -0.000000000000000000 ) ) ;
#6773 = DIRECTION ( 'NONE',  ( 0.000000000000000000, 1.000000000000000000, 0.000000000000000000 ) ) ;
#6774 = DIRECTION ( 'NONE',  ( -0.000000000000000000, -1.000000000000000000, -0.000000000000000000 ) ) ;
#6775 = ORIENTED_EDGE ( 'NONE', *, *, #4511, .F. ) ;
#6776 = DIRECTION ( 'NONE',  ( -0.000000000000000000, -1.000000000000000000, -0.000000000000000000 ) ) ;
#6777 = CARTESIAN_POINT ( 'NONE',  ( 450.0000000000000000, 16.00000000000000000, 186.0000000000000000 ) ) ;
#6778 = CARTESIAN_POINT ( 'NONE',  ( -27.50000000000000000, 28.00000000000000000, 18.00000000000000000 ) ) ;
#6779 = EDGE_CURVE ( 'NONE', #7459, #65, #5191, .T. ) ;
#6780 = APPROVAL_STATUS ( 'not_yet_approved' ) ;
#6782 = EDGE_CURVE ( 'NONE', #2685, #2773, #2568, .T. ) ;
#6781 = CC_DESIGN_APPROVAL ( #9558, ( #5740 ) ) ;
#6783 = AXIS2_PLACEMENT_3D ( 'NONE', #1912, #6589, #9965 ) ;
#6784 = DIRECTION ( 'NONE',  ( 0.000000000000000000, 1.000000000000000000, 0.000000000000000000 ) ) ;
#6786 = EDGE_LOOP ( 'NONE', ( #6539, #309, #297, #11567 ) ) ;
#6785 = VERTEX_POINT ( 'NONE', #3313 ) ;
#6787 = VERTEX_POINT ( 'NONE', #9072 ) ;
#6788 = DIRECTION ( 'NONE',  ( 0.000000000000000000, 0.000000000000000000, -1.000000000000000000 ) ) ;
#6789 = CARTESIAN_POINT ( 'NONE',  ( 0.000000000000000000, 10.00000000000000000, 0.000000000000000000 ) ) ;
#6790 = LINE ( 'NONE', #9534, #8359 ) ;
#6791 = APPROVAL_PERSON_ORGANIZATION ( #959, #11955, #4594 ) ;
#6792 = VECTOR ( 'NONE', #5028, 1000.000000000000000 ) ;
#6793 = EDGE_LOOP ( 'NONE', ( #11904, #8443, #921, #8341 ) ) ;
#6794 = LINE ( 'NONE', #4504, #9160 ) ;
#6795 = ADVANCED_FACE ( 'NONE', ( #5169 ), #6264, .F. ) ;
#6796 = ORIENTED_EDGE ( 'NONE', *, *, #7220, .T. ) ;
#6797 = DIRECTION ( 'NONE',  ( 0.000000000000000000, 0.000000000000000000, -1.000000000000000000 ) ) ;
#6798 = EDGE_LOOP ( 'NONE', ( #8624, #6606, #3752, #695 ) ) ;
#6799 = DIRECTION ( 'NONE',  ( -0.000000000000000000, -1.000000000000000000, -0.000000000000000000 ) ) ;
#6801 = MECHANICAL_CONTEXT ( 'NONE', #1395, 'mechanical' ) ;
#6800 = CC_DESIGN_APPROVAL ( #1681, ( #2348 ) ) ;
#6802 = CC_DESIGN_APPROVAL ( #5834, ( #9324 ) ) ;
#6803 = ORIENTED_EDGE ( 'NONE', *, *, #8646, .T. ) ;
#6804 = CALENDAR_DATE ( 2026, 29, 7 ) ;
#6805 = EDGE_LOOP ( 'NONE', ( #4013, #185, #1933, #5500 ) ) ;
#6806 = ADVANCED_BREP_SHAPE_REPRESENTATION ( '', ( #11555, #2596 ), #8436 ) ;
#6807 = CC_DESIGN_PERSON_AND_ORGANIZATION_ASSIGNMENT ( #2628, #3434, ( #8853 ) ) ;
#6808 = ORIENTED_EDGE ( 'NONE', *, *, #8544, .F. ) ;
#6809 = SECURITY_CLASSIFICATION ( '', '', #7868 ) ;
#6810 = DIRECTION ( 'NONE',  ( -0.000000000000000000, -1.000000000000000000, -0.000000000000000000 ) ) ;
#6811 = CARTESIAN_POINT ( 'NONE',  ( 420.0000000000000000, 8.000000000000000000, 180.0000000000000000 ) ) ;
#6812 = CARTESIAN_POINT ( 'NONE',  ( -460.0000000000000000, 18.00000000000000000, -285.0000000000000000 ) ) ;
#6813 = CARTESIAN_POINT ( 'NONE',  ( -64.58429561200924240, 0.000000000000000000, 49.67321016166282277 ) ) ;
#6814 = EDGE_LOOP ( 'NONE', ( #5948, #5455, #11293, #5624 ) ) ;
#6815 = DIRECTION ( 'NONE',  ( 6.123233995736766036E-17, -1.000000000000000000, 0.000000000000000000 ) ) ;
#6816 = CARTESIAN_POINT ( 'NONE',  ( 0.000000000000000000, 22.00000000000000000, -105.0000000000000000 ) ) ;
#6817 = ORIENTED_EDGE ( 'NONE', *, *, #4238, .T. ) ;
#6818 = EDGE_CURVE ( 'NONE', #4372, #3101, #1525, .T. ) ;
#6819 = DATE_TIME_ROLE ( 'classification_date' ) ;
#6820 = DIRECTION ( 'NONE',  ( 0.000000000000000000, 0.000000000000000000, -1.000000000000000000 ) ) ;
#6821 = COORDINATED_UNIVERSAL_TIME_OFFSET ( 8, 0, .AHEAD. ) ;
#6822 = LOCAL_TIME ( 1, 42, 14.00000000000000000, #9546 ) ;
#6823 = VERTEX_POINT ( 'NONE', #7249 ) ;
#6824 = AXIS2_PLACEMENT_3D ( 'NONE', #4417, #5266, #8994 ) ;
#6825 = FACE_BOUND ( 'NONE', #551, .T. ) ;
#6826 = EDGE_CURVE ( 'NONE', #4, #8927, #7340, .T. ) ;
#6827 = APPROVAL_DATE_TIME ( #1233, #10287 ) ;
#6828 = PLANE ( 'NONE',  #2687 ) ;
#6829 = LINE ( 'NONE', #7621, #7870 ) ;
#6830 = CARTESIAN_POINT ( 'NONE',  ( 40.00000000000000000, 60.00000000000000000, -20.00000000000000000 ) ) ;
#6831 = CARTESIAN_POINT ( 'NONE',  ( 0.000000000000000000, 0.000000000000000000, 0.000000000000000000 ) ) ;
#6832 = ADVANCED_FACE ( 'NONE', ( #2957 ), #5862, .F. ) ;
#6833 = DIRECTION ( 'NONE',  ( -0.000000000000000000, -1.000000000000000000, -0.000000000000000000 ) ) ;
#6834 = EDGE_CURVE ( 'NONE', #10018, #5214, #1139, .T. ) ;
#6835 = PERSON_AND_ORGANIZATION_ROLE ( 'design_supplier' ) ;
#6836 = APPROVAL_DATE_TIME ( #4163, #11298 ) ;
#6837 = VERTEX_POINT ( 'NONE', #10433 ) ;
#6838 = CARTESIAN_POINT ( 'NONE',  ( 0.000000000000000000, 12.00000000000000000, 0.000000000000000000 ) ) ;
#6839 = CIRCLE ( 'NONE', #8397, 7.000000000000033751 ) ;
#6840 = FACE_OUTER_BOUND ( 'NONE', #10019, .T. ) ;
#6841 = CARTESIAN_POINT ( 'NONE',  ( 27.94637722496424459, 0.000000000000000000, 30.00000000000000000 ) ) ;
#6842 = ORIENTED_EDGE ( 'NONE', *, *, #12010, .T. ) ;
#6843 = ADVANCED_FACE ( 'NONE', ( #5007 ), #10557, .F. ) ;
#6844 = DIRECTION ( 'NONE',  ( 0.000000000000000000, 1.000000000000000000, 0.000000000000000000 ) ) ;
#6845 = CARTESIAN_POINT ( 'NONE',  ( -280.0000000000000000, 0.000000000000000000, 13.00000000000000000 ) ) ;
#6846 = CARTESIAN_POINT ( 'NONE',  ( -46.15384615384615330, 0.000000000000000000, 69.23076923076924061 ) ) ;
#6847 = PERSON_AND_ORGANIZATION_ROLE ( 'creator' ) ;
#6848 = VERTEX_POINT ( 'NONE', #9468 ) ;
#6849 = CARTESIAN_POINT ( 'NONE',  ( -310.0000000000000000, 0.000000000000000000, 48.00000000000000000 ) ) ;
#6850 = ORIENTED_EDGE ( 'NONE', *, *, #9250, .F. ) ;
#6851 = ORIENTED_EDGE ( 'NONE', *, *, #3826, .T. ) ;
#6852 = CYLINDRICAL_SURFACE ( 'NONE', #7128, 4.500000000000017764 ) ;
#6853 = EDGE_CURVE ( 'NONE', #1458, #7758, #8676, .T. ) ;
#6854 = DIRECTION ( 'NONE',  ( 0.000000000000000000, 0.000000000000000000, -1.000000000000000000 ) ) ;
#6855 = PLANE ( 'NONE',  #3648 ) ;
#6856 = ADVANCED_FACE ( 'NONE', ( #3087 ), #8618, .F. ) ;
#6857 = FACE_OUTER_BOUND ( 'NONE', #3358, .T. ) ;
#6858 = ORIENTED_EDGE ( 'NONE', *, *, #4736, .T. ) ;
#6859 = DIRECTION ( 'NONE',  ( 0.000000000000000000, 0.000000000000000000, 1.000000000000000000 ) ) ;
#6860 = ORIENTED_EDGE ( 'NONE', *, *, #579, .T. ) ;
#6861 = CARTESIAN_POINT ( 'NONE',  ( -385.0000000000002274, 8.000000000000000000, 130.0000000000000284 ) ) ;
#6862 = APPLICATION_PROTOCOL_DEFINITION ( 'international standard', 'config_control_design', 1994, #11979 ) ;
#6863 = ORIENTED_EDGE ( 'NONE', *, *, #3792, .F. ) ;
#6864 = CALENDAR_DATE ( 2026, 29, 7 ) ;
#6865 = EDGE_LOOP ( 'NONE', ( #1343, #8703, #11655 ) ) ;
#6866 = EDGE_CURVE ( 'NONE', #574, #11079, #8474, .T. ) ;
#6867 = VECTOR ( 'NONE', #7624, 1000.000000000000000 ) ;
#6868 = ORIENTED_EDGE ( 'NONE', *, *, #4155, .F. ) ;
#6869 = CARTESIAN_POINT ( 'NONE',  ( -29.94973070017952566, 0.000000000000000000, 25.51862784808254503 ) ) ;
#6870 = CARTESIAN_POINT ( 'NONE',  ( 41.00000000000000000, 20.00000000000000000, 70.00000000000000000 ) ) ;
#6871 = CARTESIAN_POINT ( 'NONE',  ( -297.5999999999999659, 34.00000000000000000, -27.00000000000000355 ) ) ;
#6872 = ORIENTED_EDGE ( 'NONE', *, *, #11594, .T. ) ;
#6873 = AXIS2_PLACEMENT_3D ( 'NONE', #6401, #10119, #5083 ) ;
#6874 = CARTESIAN_POINT ( 'NONE',  ( 385.0000000000000000, 780.0000000000000000, -18.00000000000000000 ) ) ;
#6875 = CARTESIAN_POINT ( 'NONE',  ( 55.15432893255069047, 90.00000000000000000, -55.15432893255069047 ) ) ;
#6876 =( GEOMETRIC_REPRESENTATION_CONTEXT ( 3 ) GLOBAL_UNCERTAINTY_ASSIGNED_CONTEXT ( ( #3657 ) ) GLOBAL_UNIT_ASSIGNED_CONTEXT ( ( #81, #4618, #7487 ) ) REPRESENTATION_CONTEXT ( 'NONE', 'WORKASPACE' ) );
#6877 = EDGE_LOOP ( 'NONE', ( #5258, #3466, #8578, #11501 ) ) ;
#6878 = COORDINATED_UNIVERSAL_TIME_OFFSET ( 8, 0, .AHEAD. ) ;
#6879 = CC_DESIGN_PERSON_AND_ORGANIZATION_ASSIGNMENT ( #1720, #6214, ( #1482 ) ) ;
#6880 = CARTESIAN_POINT ( 'NONE',  ( 30.00000000000000000, 0.000000000000000000, 30.00000000000000000 ) ) ;
#6881 = APPROVAL_DATE_TIME ( #329, #4445 ) ;
#6882 = CC_DESIGN_PERSON_AND_ORGANIZATION_ASSIGNMENT ( #5569, #11139, ( #7801 ) ) ;
#6883 = ORIENTED_EDGE ( 'NONE', *, *, #11005, .T. ) ;
#6884 = AXIS2_PLACEMENT_3D ( 'NONE', #2395, #5175, #6032 ) ;
#6885 = CARTESIAN_POINT ( 'NONE',  ( 105.0000000000000000, 90.00000000000000000, -105.0000000000000000 ) ) ;
#6886 = DATE_AND_TIME ( #4097, #5318 ) ;
#6887 = AXIS2_PLACEMENT_3D ( 'NONE', #10100, #7484, #1827 ) ;
#6888 = CARTESIAN_POINT ( 'NONE',  ( -450.0000000000000000, 16.00000000000000000, 210.0000000000000284 ) ) ;
#6889 = LINE ( 'NONE', #10598, #1059 ) ;
#6890 = FACE_OUTER_BOUND ( 'NONE', #6610, .T. ) ;
#6891 = LINE ( 'NONE', #5843, #5126 ) ;
#6892 = PERSON_AND_ORGANIZATION_ROLE ( 'classification_officer' ) ;
#6893 = CIRCLE ( 'NONE', #9815, 5.499999999999998224 ) ;
#6894 = EDGE_CURVE ( 'NONE', #9056, #7170, #7646, .T. ) ;
#6895 = PERSON_AND_ORGANIZATION ( #2011, #2802 ) ;
#6896 = PRODUCT_DEFINITION_FORMATION_WITH_SPECIFIED_SOURCE ( 'ä»', '', #2365, .NOT_KNOWN. ) ;
#6897 = ORIENTED_EDGE ( 'NONE', *, *, #5886, .F. ) ;
#6898 = DIRECTION ( 'NONE',  ( 0.000000000000000000, 0.000000000000000000, 1.000000000000000000 ) ) ;
#6899 = DIRECTION ( 'NONE',  ( 0.000000000000000000, 1.000000000000000000, 0.000000000000000000 ) ) ;
#6900 = EDGE_CURVE ( 'NONE', #11681, #6081, #2043, .T. ) ;
#6901 = CARTESIAN_POINT ( 'NONE',  ( -41.00000000000000000, 0.000000000000000000, 66.90615180980591958 ) ) ;
#6902 = VERTEX_POINT ( 'NONE', #2169 ) ;
#6903 = AXIS2_PLACEMENT_3D ( 'NONE', #325, #5033, #11649 ) ;
#6904 = LOCAL_TIME ( 1, 42, 14.00000000000000000, #11976 ) ;
#6905 = DIRECTION ( 'NONE',  ( -0.000000000000000000, -0.000000000000000000, 1.000000000000000000 ) ) ;
#6906 = LINE ( 'NONE', #4173, #4435 ) ;
#6907 = AXIS2_PLACEMENT_3D ( 'NONE', #5413, #710, #9144 ) ;
#6908 = CARTESIAN_POINT ( 'NONE',  ( 85.00000000000000000, 0.000000000000000000, 60.00000000000000000 ) ) ;
#6909 = PERSON_AND_ORGANIZATION ( #2011, #2802 ) ;
#6910 = LINE ( 'NONE', #5729, #1509 ) ;
#6912 = ORIENTED_EDGE ( 'NONE', *, *, #2991, .F. ) ;
#6911 = ORIENTED_EDGE ( 'NONE', *, *, #554, .F. ) ;
#6913 = ADVANCED_FACE ( 'NONE', ( #8561 ), #6852, .F. ) ;
#6914 = EDGE_LOOP ( 'NONE', ( #1785, #7126 ) ) ;
#6915 = FACE_OUTER_BOUND ( 'NONE', #3630, .T. ) ;
#6916 = CARTESIAN_POINT ( 'NONE',  ( 170.0000000000000000, 10.00000000000000000, -65.00000000000000000 ) ) ;
#6917 = DIRECTION ( 'NONE',  ( -1.000000000000000000, -0.000000000000000000, -0.000000000000000000 ) ) ;
#6918 = MANIFOLD_SOLID_BREP ( '03_Output_Shaft', #8034 ) ;
#6919 = CARTESIAN_POINT ( 'NONE',  ( -280.0000000000000000, 0.000000000000000000, 13.00000000000000000 ) ) ;
#6920 = ORIENTED_EDGE ( 'NONE', *, *, #8544, .T. ) ;
#6921 = VERTEX_POINT ( 'NONE', #7703 ) ;
#6922 = CARTESIAN_POINT ( 'NONE',  ( 18.12278137398207889, 85.00000000000000000, 16.46643349342240015 ) ) ;
#6923 = VERTEX_POINT ( 'NONE', #10499 ) ;
#6924 = FACE_BOUND ( 'NONE', #971, .T. ) ;
#6925 = COORDINATED_UNIVERSAL_TIME_OFFSET ( 8, 0, .AHEAD. ) ;
#6926 = ORIENTED_EDGE ( 'NONE', *, *, #776, .F. ) ;
#6927 = EDGE_LOOP ( 'NONE', ( #4297, #11854, #3970, #427 ) ) ;
#6928 = CARTESIAN_POINT ( 'NONE',  ( -35.00000000000000000, 26.00000000000000000, -10.00000000000000000 ) ) ;
#6929 = LINE ( 'NONE', #9733, #4637 ) ;
#6930 = DIRECTION ( 'NONE',  ( 0.000000000000000000, 0.000000000000000000, 1.000000000000000000 ) ) ;
#6931 = CARTESIAN_POINT ( 'NONE',  ( -29.94973070017952566, 18.00000000000000000, 25.51862784808254503 ) ) ;
#6932 = ORIENTED_EDGE ( 'NONE', *, *, #1547, .T. ) ;
#6933 = MANIFOLD_SOLID_BREP ( '02_Guide_Rails', #2186 ) ;
#6934 = AXIS2_PLACEMENT_3D ( 'NONE', #10167, #8236, #4400 ) ;
#6935 = EDGE_CURVE ( 'NONE', #4273, #2797, #3937, .T. ) ;
#6936 = CARTESIAN_POINT ( 'NONE',  ( -297.5999999999999659, 34.00000000000000000, 39.00000000000000711 ) ) ;
#6937 = ORIENTED_EDGE ( 'NONE', *, *, #9686, .F. ) ;
#6938 = CALENDAR_DATE ( 2026, 29, 7 ) ;
#6939 = VECTOR ( 'NONE', #10509, 1000.000000000000000 ) ;
#6940 = CARTESIAN_POINT ( 'NONE',  ( -50.22628862590825349, 28.00000000000000000, 35.26296589018186012 ) ) ;
#6941 = PERSON_AND_ORGANIZATION ( #7829, #5829 ) ;
#6942 = ORIENTED_EDGE ( 'NONE', *, *, #4440, .T. ) ;
#6943 = FACE_BOUND ( 'NONE', #4126, .T. ) ;
#6944 = CIRCLE ( 'NONE', #8491, 4.500000000000031974 ) ;
#6945 = COORDINATED_UNIVERSAL_TIME_OFFSET ( 8, 0, .AHEAD. ) ;
#6946 = DIRECTION ( 'NONE',  ( -0.000000000000000000, -1.000000000000000000, -0.000000000000000000 ) ) ;
#6947 = VECTOR ( 'NONE', #9095, 1000.000000000000000 ) ;
#6948 = CIRCLE ( 'NONE', #10437, 7.000000000000026645 ) ;
#6949 = DIRECTION ( 'NONE',  ( -0.000000000000000000, -1.000000000000000000, -0.000000000000000000 ) ) ;
#6950 = DIRECTION ( 'NONE',  ( 0.000000000000000000, 0.000000000000000000, 1.000000000000000000 ) ) ;
#6951 = DIRECTION ( 'NONE',  ( 0.000000000000000000, 0.000000000000000000, 1.000000000000000000 ) ) ;
#6952 = EDGE_CURVE ( 'NONE', #6364, #3921, #3021, .T. ) ;
#6953 = DIRECTION ( 'NONE',  ( -0.000000000000000000, -1.000000000000000000, -0.000000000000000000 ) ) ;
#6954 = EDGE_LOOP ( 'NONE', ( #10062, #8094 ) ) ;
#6955 = PERSON_AND_ORGANIZATION ( #2011, #2802 ) ;
#6956 = COORDINATED_UNIVERSAL_TIME_OFFSET ( 8, 0, .AHEAD. ) ;
#6957 = VECTOR ( 'NONE', #11039, 1000.000000000000000 ) ;
#6958 = ORIENTED_EDGE ( 'NONE', *, *, #2098, .F. ) ;
#6959 = DIRECTION ( 'NONE',  ( 0.000000000000000000, 0.000000000000000000, -1.000000000000000000 ) ) ;
#6960 = PERSON ( 'NAUO-PER14', 'UNSPECIFIED', 'UNSPECIFIED', ('UNSPECIFIED'), ('UNSPECIFIED'), ('UNSPECIFIED') ) ;
#6961 = CARTESIAN_POINT ( 'NONE',  ( 29.94973070017960382, 18.00000000000000000, -25.61849192100537920 ) ) ;
#6962 = DIRECTION ( 'NONE',  ( 0.000000000000000000, 1.000000000000000000, 0.000000000000000000 ) ) ;
#6963 = ORIENTED_EDGE ( 'NONE', *, *, #2906, .F. ) ;
#6964 = PRODUCT_DEFINITION ( 'æœ', '', #10008, #8169 ) ;
#6965 = VECTOR ( 'NONE', #5417, 1000.000000000000000 ) ;
#6966 = DIRECTION ( 'NONE',  ( -0.000000000000000000, -1.000000000000000000, -0.000000000000000000 ) ) ;
#6967 = DIRECTION ( 'NONE',  ( -0.000000000000000000, -1.000000000000000000, -0.000000000000000000 ) ) ;
#6968 = CIRCLE ( 'NONE', #2689, 6.999999999999999112 ) ;
#6969 = DIRECTION ( 'NONE',  ( 1.000000000000000000, 0.000000000000000000, -0.000000000000000000 ) ) ;
#6970 = PERSON_AND_ORGANIZATION ( #2011, #2802 ) ;
#6971 = ORIENTED_EDGE ( 'NONE', *, *, #9757, .F. ) ;
#6972 = CARTESIAN_POINT ( 'NONE',  ( -170.0000000000000000, 10.00000000000000000, 65.00000000000000000 ) ) ;
#6973 = EDGE_CURVE ( 'NONE', #3931, #8023, #7771, .T. ) ;
#6974 = AXIS2_PLACEMENT_3D ( 'NONE', #5285, #2327, #5232 ) ;
#6976 = ORIENTED_EDGE ( 'NONE', *, *, #9663, .T. ) ;
#6975 = ORIENTED_EDGE ( 'NONE', *, *, #3152, .F. ) ;
#6977 = VERTEX_POINT ( 'NONE', #3149 ) ;
#6978 = AXIS2_PLACEMENT_3D ( 'NONE', #8402, #80, #9673 ) ;
#6979 = DIRECTION ( 'NONE',  ( 0.000000000000000000, 0.000000000000000000, -1.000000000000000000 ) ) ;
#6980 = DIRECTION ( 'NONE',  ( 0.000000000000000000, 0.000000000000000000, 1.000000000000000000 ) ) ;
#6981 = CARTESIAN_POINT ( 'NONE',  ( -41.00000000000000000, 20.00000000000000000, 70.00000000000000000 ) ) ;
#6982 = MANIFOLD_SOLID_BREP ( '02_Face_Locating_Boss', #5162 ) ;
#6983 = APPROVAL ( #4294, 'æœª' ) ;
#6984 = DIRECTION ( 'NONE',  ( -0.000000000000000000, -1.000000000000000000, -0.000000000000000000 ) ) ;
#6985 = APPLICATION_CONTEXT ( 'configuration controlled 3d designs of mechanical parts and assemblies' ) ;
#6986 = VERTEX_POINT ( 'NONE', #11308 ) ;
#6987 = ORIENTED_EDGE ( 'NONE', *, *, #7595, .T. ) ;
#6988 = CARTESIAN_POINT ( 'NONE',  ( 11.00000000000000000, 10.00000000000000000, 15.58891454965356793 ) ) ;
#6989 = DATE_AND_TIME ( #9959, #7378 ) ;
#6990 = ORIENTED_EDGE ( 'NONE', *, *, #1692, .T. ) ;
#6991 = LOCAL_TIME ( 1, 42, 14.00000000000000000, #7797 ) ;
#6992 = ORIENTED_EDGE ( 'NONE', *, *, #9836, .T. ) ;
#6993 = ORIENTED_EDGE ( 'NONE', *, *, #9192, .F. ) ;
#6994 = AXIS2_PLACEMENT_3D ( 'NONE', #10641, #7851, #6012 ) ;
#6995 = LINE ( 'NONE', #10281, #1697 ) ;
#6996 = CARTESIAN_POINT ( 'NONE',  ( 7.347880794884120722E-16, 44.00000000000000000, 6.000000000000000888 ) ) ;
#6997 = DIRECTION ( 'NONE',  ( -1.000000000000000000, 0.000000000000000000, 0.000000000000000000 ) ) ;
#6998 = EDGE_CURVE ( 'NONE', #4898, #4833, #2105, .T. ) ;
#6999 = LOCAL_TIME ( 1, 42, 14.00000000000000000, #2139 ) ;
#7000 = LINE ( 'NONE', #4331, #8496 ) ;
#7001 = VERTEX_POINT ( 'NONE', #5796 ) ;
#7002 = APPROVAL_PERSON_ORGANIZATION ( #7655, #2929, #313 ) ;
#7003 = MANIFOLD_SOLID_BREP ( '02_Reinforcement_Boss', #1614 ) ;
#7004 = DIRECTION ( 'NONE',  ( -0.000000000000000000, -1.000000000000000000, -0.000000000000000000 ) ) ;
#7005 = ORIENTED_EDGE ( 'NONE', *, *, #11053, .T. ) ;
#7006 = APPROVAL_STATUS ( 'not_yet_approved' ) ;
#7007 = ORIENTED_EDGE ( 'NONE', *, *, #3384, .F. ) ;
#7008 = APPROVAL_STATUS ( 'not_yet_approved' ) ;
#7009 = ORIENTED_EDGE ( 'NONE', *, *, #3119, .T. ) ;
#7010 = CC_DESIGN_APPROVAL ( #11120, ( #6809 ) ) ;
#7011 = DIRECTION ( 'NONE',  ( 1.000000000000000000, -0.000000000000000000, 0.000000000000000000 ) ) ;
#7012 = LOCAL_TIME ( 1, 42, 14.00000000000000000, #11605 ) ;
#7013 = EDGE_CURVE ( 'NONE', #3398, #5030, #9531, .T. ) ;
#7014 = CONTEXT_DEPENDENT_SHAPE_REPRESENTATION ( #11744, #815 ) ;
#7015 = DIRECTION ( 'NONE',  ( 0.000000000000000000, 1.000000000000000000, 0.000000000000000000 ) ) ;
#7016 = EDGE_CURVE ( 'NONE', #7634, #5686, #1203, .T. ) ;
#7017 = DIRECTION ( 'NONE',  ( 0.000000000000000000, 0.000000000000000000, -1.000000000000000000 ) ) ;
#7018 = CARTESIAN_POINT ( 'NONE',  ( -120.1043392264672747, 14.00000000000000000, -49.74884620746167485 ) ) ;
#7019 = DIRECTION ( 'NONE',  ( 0.000000000000000000, 0.000000000000000000, 1.000000000000000000 ) ) ;
#7020 = ORIENTED_EDGE ( 'NONE', *, *, #3493, .F. ) ;
#7021 =( NAMED_UNIT ( * ) PLANE_ANGLE_UNIT ( ) SI_UNIT ( $, .RADIAN. ) );
#7022 = CARTESIAN_POINT ( 'NONE',  ( -297.5999999999999659, 34.00000000000000000, -27.00000000000000355 ) ) ;
#7023 = APPROVAL_ROLE ( '' ) ;
#7024 = LOCAL_TIME ( 1, 42, 14.00000000000000000, #6754 ) ;
#7025 = CALENDAR_DATE ( 2026, 29, 7 ) ;
#7026 = MANIFOLD_SOLID_BREP ( '03_Center_Guide_Boss', #3038 ) ;
#7027 = DIRECTION ( 'NONE',  ( -0.000000000000000000, -1.000000000000000000, -0.000000000000000000 ) ) ;
#7028 = CARTESIAN_POINT ( 'NONE',  ( 1.224646799147353256E-15, 170.0000000000000000, 10.00000000000000000 ) ) ;
#7029 = ADVANCED_FACE ( 'NONE', ( #9405 ), #8492, .F. ) ;
#7030 = ORIENTED_EDGE ( 'NONE', *, *, #5171, .F. ) ;
#7031 = CARTESIAN_POINT ( 'NONE',  ( -460.0000000000000000, 24.00000000000000000, -285.0000000000000000 ) ) ;
#7032 = DIRECTION ( 'NONE',  ( 0.000000000000000000, 0.000000000000000000, -1.000000000000000000 ) ) ;
#7033 = AXIS2_PLACEMENT_3D ( 'NONE', #182, #5675, #10377 ) ;
#7034 = CARTESIAN_POINT ( 'NONE',  ( -64.58429561200924240, 10.00000000000000000, -45.58891454965358037 ) ) ;
#7035 = CARTESIAN_POINT ( 'NONE',  ( -55.15432893255070468, 90.00000000000000000, -55.15432893255069757 ) ) ;
#7036 = CARTESIAN_POINT ( 'NONE',  ( -41.00000000000000000, 0.000000000000000000, -70.00000000000000000 ) ) ;
#7037 = PERSON_AND_ORGANIZATION_ROLE ( 'design_supplier' ) ;
#7038 = DIRECTION ( 'NONE',  ( -0.000000000000000000, 1.000000000000000000, -0.000000000000000000 ) ) ;
#7039 = CC_DESIGN_DATE_AND_TIME_ASSIGNMENT ( #5826, #6819, ( #9899 ) ) ;
#7040 = VECTOR ( 'NONE', #3150, 1000.000000000000000 ) ;
#7042 = EDGE_LOOP ( 'NONE', ( #7913, #9197, #6130, #9169 ) ) ;
#7041 = EDGE_LOOP ( 'NONE', ( #8798, #7630, #3934, #7674 ) ) ;
#7043 = VERTEX_POINT ( 'NONE', #6058 ) ;
#7044 = LINE ( 'NONE', #724, #5360 ) ;
#7045 = CARTESIAN_POINT ( 'NONE',  ( 27.50000000000000000, 28.00000000000000000, 18.00000000000000000 ) ) ;
#7046 = LINE ( 'NONE', #10754, #2293 ) ;
#7047 = CARTESIAN_POINT ( 'NONE',  ( 0.000000000000000000, 85.00000000000000000, 0.000000000000000000 ) ) ;
#7048 = AXIS2_PLACEMENT_3D ( 'NONE', #3903, #9680, #3050 ) ;
#7049 = VERTEX_POINT ( 'NONE', #4413 ) ;
#7050 = VERTEX_POINT ( 'NONE', #2535 ) ;
#7051 = CARTESIAN_POINT ( 'NONE',  ( 57.50000000000000000, 10.00000000000000000, 36.00000000000000000 ) ) ;
#7052 = PERSON_AND_ORGANIZATION ( #2011, #2802 ) ;
#7053 = CC_DESIGN_PERSON_AND_ORGANIZATION_ASSIGNMENT ( #9707, #10682, ( #8026 ) ) ;
#7054 = ORIENTED_EDGE ( 'NONE', *, *, #11331, .F. ) ;
#7055 = ORIENTED_EDGE ( 'NONE', *, *, #9311, .F. ) ;
#7056 = ORIENTED_EDGE ( 'NONE', *, *, #4161, .F. ) ;
#7057 = CARTESIAN_POINT ( 'NONE',  ( 420.0000000000000000, 0.000000000000000000, 180.0000000000000000 ) ) ;
#7058 = EDGE_CURVE ( 'NONE', #10063, #7803, #11740, .T. ) ;
#7059 = CYLINDRICAL_SURFACE ( 'NONE', #7180, 41.00000000000000000 ) ;
#7060 = CARTESIAN_POINT ( 'NONE',  ( 30.00000000000000000, 12.00000000000000000, 27.94637722496424459 ) ) ;
#7061 = EDGE_LOOP ( 'NONE', ( #9739, #4776 ) ) ;
#7062 = DIRECTION ( 'NONE',  ( 0.000000000000000000, 0.000000000000000000, 1.000000000000000000 ) ) ;
#7063 = EDGE_LOOP ( 'NONE', ( #8567, #1708, #784, #1627 ) ) ;
#7064 = CALENDAR_DATE ( 2026, 29, 7 ) ;
#7065 = ORIENTED_EDGE ( 'NONE', *, *, #10124, .T. ) ;
#7066 = DATE_AND_TIME ( #11707, #5260 ) ;
#7067 = CIRCLE ( 'NONE', #1814, 3.090475378041978249 ) ;
#7068 = EDGE_LOOP ( 'NONE', ( #8738, #9723, #1386, #853 ) ) ;
#7069 = EDGE_CURVE ( 'NONE', #11397, #3342, #5163, .T. ) ;
#7070 = DIRECTION ( 'NONE',  ( 0.000000000000000000, 0.000000000000000000, -1.000000000000000000 ) ) ;
#7071 = APPROVAL_DATE_TIME ( #4976, #11120 ) ;
#7072 = CARTESIAN_POINT ( 'NONE',  ( 460.0000000000000000, 24.00000000000000000, 285.0000000000000000 ) ) ;
#7073 = DIRECTION ( 'NONE',  ( 0.000000000000000000, 1.000000000000000000, 0.000000000000000000 ) ) ;
#7074 = DIRECTION ( 'NONE',  ( 0.000000000000000000, 0.000000000000000000, -1.000000000000000000 ) ) ;
#7075 = DIRECTION ( 'NONE',  ( -0.000000000000000000, -1.000000000000000000, -0.000000000000000000 ) ) ;
#7076 = ORIENTED_EDGE ( 'NONE', *, *, #9306, .F. ) ;
#7077 = LINE ( 'NONE', #652, #5324 ) ;
#7078 = DATE_AND_TIME ( #653, #3223 ) ;
#7079 = APPLICATION_PROTOCOL_DEFINITION ( 'international standard', 'config_control_design', 1994, #2625 ) ;
#7080 = AXIS2_PLACEMENT_3D ( 'NONE', #7559, #1001, #9261 ) ;
#7081 = EDGE_CURVE ( 'NONE', #8240, #843, #8863, .T. ) ;
#7082 = CIRCLE ( 'NONE', #9988, 12.50000000000000000 ) ;
#7083 = EDGE_LOOP ( 'NONE', ( #2605, #5922, #1294, #1073 ) ) ;
#7084 = DIRECTION ( 'NONE',  ( 0.000000000000000000, 0.000000000000000000, 1.000000000000000000 ) ) ;
#7085 = EDGE_LOOP ( 'NONE', ( #3861, #6942, #10638 ) ) ;
#7086 = CARTESIAN_POINT ( 'NONE',  ( 460.0000000000000000, 24.00000000000000000, 285.0000000000000000 ) ) ;
#7087 = CARTESIAN_POINT ( 'NONE',  ( -280.0000000000000000, 12.00000000000000000, -42.50000000000001421 ) ) ;
#7088 = CARTESIAN_POINT ( 'NONE',  ( 51.28027681660910986, 72.00000000000000000, -31.56920415224907828 ) ) ;
#7089 = PLANE ( 'NONE',  #6759 ) ;
#7090 = VECTOR ( 'NONE', #2268, 1000.000000000000000 ) ;
#7091 = CARTESIAN_POINT ( 'NONE',  ( 0.000000000000000000, 24.00000000000000000, 0.000000000000000000 ) ) ;
#7092 = SECURITY_CLASSIFICATION ( '', '', #5106 ) ;
#7093 = CALENDAR_DATE ( 2026, 29, 7 ) ;
#7094 = EDGE_CURVE ( 'NONE', #10677, #1220, #7315, .T. ) ;
#7095 = DIRECTION ( 'NONE',  ( 0.000000000000000000, 1.000000000000000000, 0.000000000000000000 ) ) ;
#7097 = VERTEX_POINT ( 'NONE', #4315 ) ;
#7096 = ORIENTED_EDGE ( 'NONE', *, *, #1516, .F. ) ;
#7098 = AXIS2_PLACEMENT_3D ( 'NONE', #6936, #2318, #6018 ) ;
#7099 = EDGE_LOOP ( 'NONE', ( #8092, #5245 ) ) ;
#7100 = DIRECTION ( 'NONE',  ( 0.000000000000000000, 1.000000000000000000, 0.000000000000000000 ) ) ;
#7101 = CC_DESIGN_APPROVAL ( #11282, ( #8748 ) ) ;
#7102 = FACE_OUTER_BOUND ( 'NONE', #10214, .T. ) ;
#7103 = DIRECTION ( 'NONE',  ( -0.000000000000000000, -1.000000000000000000, -0.000000000000000000 ) ) ;
#7104 = CIRCLE ( 'NONE', #9621, 2.627218626017918446 ) ;
#7105 = DIRECTION ( 'NONE',  ( 1.000000000000000000, 0.000000000000000000, 0.000000000000000000 ) ) ;
#7106 = CC_DESIGN_PERSON_AND_ORGANIZATION_ASSIGNMENT ( #6733, #10510, ( #1931 ) ) ;
#7107 = CC_DESIGN_DATE_AND_TIME_ASSIGNMENT ( #2765, #11178, ( #10291 ) ) ;
#7108 = PRODUCT_DEFINITION_SHAPE ( 'NONE', 'NONE',  #12020 ) ;
#7109 = ORIENTED_EDGE ( 'NONE', *, *, #1128, .T. ) ;
#7110 = ORIENTED_EDGE ( 'NONE', *, *, #1734, .T. ) ;
#7111 = EDGE_CURVE ( 'NONE', #9588, #930, #2359, .T. ) ;
#7112 = CARTESIAN_POINT ( 'NONE',  ( -280.0000000000000000, 12.00000000000000000, -13.00000000000000000 ) ) ;
#7113 = APPLICATION_PROTOCOL_DEFINITION ( 'international standard', 'config_control_design', 1994, #1626 ) ;
#7114 = ORIENTED_EDGE ( 'NONE', *, *, #8328, .T. ) ;
#7115 = ORIENTED_EDGE ( 'NONE', *, *, #4349, .F. ) ;
#7116 = EDGE_LOOP ( 'NONE', ( #2370, #816, #8942, #11606 ) ) ;
#7117 = CARTESIAN_POINT ( 'NONE',  ( 0.000000000000000000, 130.0000000000000000, 0.000000000000000000 ) ) ;
#7118 = CARTESIAN_POINT ( 'NONE',  ( 280.0000000000000000, 12.00000000000000000, -38.00000000000000000 ) ) ;
#7119 = CC_DESIGN_PERSON_AND_ORGANIZATION_ASSIGNMENT ( #1114, #8600, ( #6119 ) ) ;
#7120 = APPROVAL ( #9632, 'æœª' ) ;
#7121 = LINE ( 'NONE', #10825, #10639 ) ;
#7122 = ORIENTED_EDGE ( 'NONE', *, *, #8908, .F. ) ;
#7123 = MANIFOLD_SOLID_BREP ( '02_Reinforcement_Boss', #11923 ) ;
#7124 = DIRECTION ( 'NONE',  ( 0.000000000000000000, 0.000000000000000000, -1.000000000000000000 ) ) ;
#7125 = PERSON_AND_ORGANIZATION ( #2011, #2802 ) ;
#7126 = ORIENTED_EDGE ( 'NONE', *, *, #8831, .F. ) ;
#7127 = EDGE_CURVE ( 'NONE', #5272, #7097, #7044, .T. ) ;
#7128 = AXIS2_PLACEMENT_3D ( 'NONE', #240, #4128, #6788 ) ;
#7129 = ORIENTED_EDGE ( 'NONE', *, *, #613, .T. ) ;
#7130 = COORDINATED_UNIVERSAL_TIME_OFFSET ( 8, 0, .AHEAD. ) ;
#7131 = CARTESIAN_POINT ( 'NONE',  ( 0.000000000000000000, 225.0000000000000000, 0.000000000000000000 ) ) ;
#7133 = DIRECTION ( 'NONE',  ( -0.000000000000000000, -1.000000000000000000, -0.000000000000000000 ) ) ;
#7132 = CC_DESIGN_DATE_AND_TIME_ASSIGNMENT ( #7492, #5699, ( #8189 ) ) ;
#7134 = DIRECTION ( 'NONE',  ( 0.000000000000000000, 1.000000000000000000, 0.000000000000000000 ) ) ;
#7135 = DIRECTION ( 'NONE',  ( 0.000000000000000000, 0.000000000000000000, 1.000000000000000000 ) ) ;
#7136 = VECTOR ( 'NONE', #2715, 1000.000000000000000 ) ;
#7137 = CARTESIAN_POINT ( 'NONE',  ( 46.15384615384618172, 12.00000000000000000, -72.57692307692303757 ) ) ;
#7138 = ADVANCED_FACE ( 'NONE', ( #9715 ), #3453, .F. ) ;
#7139 = SHAPE_DEFINITION_REPRESENTATION ( #8871, #5517 ) ;
#7140 = PERSON_AND_ORGANIZATION_ROLE ( 'classification_officer' ) ;
#7141 = AXIS2_PLACEMENT_3D ( 'NONE', #831, #1783, #5298 ) ;
#7142 = CIRCLE ( 'NONE', #3832, 3.090475378041975141 ) ;
#7143 = ORIENTED_EDGE ( 'NONE', *, *, #4520, .F. ) ;
#7144 = CARTESIAN_POINT ( 'NONE',  ( 18.12278137398207889, 0.000000000000000000, 13.83921486740448081 ) ) ;
#7145 = DIRECTION ( 'NONE',  ( 1.000000000000000000, -0.000000000000000000, 0.000000000000000000 ) ) ;
#7146 = CARTESIAN_POINT ( 'NONE',  ( 49.74884620746168196, 14.00000000000000000, -127.1043392264672747 ) ) ;
#7147 = CARTESIAN_POINT ( 'NONE',  ( 55.00000000000000000, 18.00000000000000000, 35.01734104046242635 ) ) ;
#7148 = DIRECTION ( 'NONE',  ( 0.000000000000000000, 0.000000000000000000, 1.000000000000000000 ) ) ;
#7149 = LINE ( 'NONE', #7268, #10349 ) ;
#7150 = AXIS2_PLACEMENT_3D ( 'NONE', #7117, #7172, #4429 ) ;
#7151 = DIRECTION ( 'NONE',  ( -0.000000000000000000, -1.000000000000000000, -0.000000000000000000 ) ) ;
#7152 = APPLICATION_PROTOCOL_DEFINITION ( 'international standard', 'config_control_design', 1994, #5708 ) ;
#7153 = VECTOR ( 'NONE', #11937, 1000.000000000000000 ) ;
#7154 = CARTESIAN_POINT ( 'NONE',  ( 55.00000000000000000, 18.00000000000000000, -17.00000000000000000 ) ) ;
#7155 = ORIENTED_EDGE ( 'NONE', *, *, #4593, .F. ) ;
#7156 = ORIENTED_EDGE ( 'NONE', *, *, #8387, .T. ) ;
#7157 = DIRECTION ( 'NONE',  ( -0.000000000000000000, -1.000000000000000000, -0.000000000000000000 ) ) ;
#7158 = DIRECTION ( 'NONE',  ( 0.000000000000000000, 0.000000000000000000, -1.000000000000000000 ) ) ;
#7159 = CARTESIAN_POINT ( 'NONE',  ( 40.00000000000000000, 60.00000000000000000, -23.25000000000000000 ) ) ;
#7160 = VECTOR ( 'NONE', #6105, 1000.000000000000000 ) ;
#7161 = ADVANCED_FACE ( 'NONE', ( #6915 ), #8931, .F. ) ;
#7162 = LINE ( 'NONE', #10069, #8570 ) ;
#7163 = CARTESIAN_POINT ( 'NONE',  ( 410.0000000000000000, 819.9999999999998863, -70.00000000000000000 ) ) ;
#7164 = PLANE ( 'NONE',  #9654 ) ;
#7165 = COORDINATED_UNIVERSAL_TIME_OFFSET ( 8, 0, .AHEAD. ) ;
#7167 = ORIENTED_EDGE ( 'NONE', *, *, #11863, .F. ) ;
#7166 = VERTEX_POINT ( 'NONE', #8801 ) ;
#7168 = VERTEX_POINT ( 'NONE', #671 ) ;
#7169 = VERTEX_POINT ( 'NONE', #1391 ) ;
#7170 = VERTEX_POINT ( 'NONE', #5993 ) ;
#7171 = CC_DESIGN_DATE_AND_TIME_ASSIGNMENT ( #5167, #11597, ( #6809 ) ) ;
#7172 = DIRECTION ( 'NONE',  ( -0.000000000000000000, -1.000000000000000000, -0.000000000000000000 ) ) ;
#7173 = CIRCLE ( 'NONE', #10672, 6.999999999999999112 ) ;
#7174 = EDGE_CURVE ( 'NONE', #1810, #10248, #8870, .T. ) ;
#7175 = CARTESIAN_POINT ( 'NONE',  ( -51.28027681660898907, 72.00000000000000000, -27.34948096885812063 ) ) ;
#7176 = DIRECTION ( 'NONE',  ( -0.000000000000000000, -1.000000000000000000, -0.000000000000000000 ) ) ;
#7177 = FACE_OUTER_BOUND ( 'NONE', #3527, .T. ) ;
#7178 = APPROVAL_STATUS ( 'not_yet_approved' ) ;
#7179 = APPROVAL_PERSON_ORGANIZATION ( #11522, #1309, #9496 ) ;
#7180 = AXIS2_PLACEMENT_3D ( 'NONE', #4329, #5940, #7917 ) ;
#7181 = VERTEX_POINT ( 'NONE', #8079 ) ;
#7182 = CALENDAR_DATE ( 2026, 29, 7 ) ;
#7183 = VERTEX_POINT ( 'NONE', #5075 ) ;
#7184 = APPROVAL ( #5340, 'æœª' ) ;
#7185 = LOCAL_TIME ( 1, 42, 14.00000000000000000, #7597 ) ;
#7186 = UNCERTAINTY_MEASURE_WITH_UNIT (LENGTH_MEASURE( 1.000000000000000082E-05 ), #5290, 'distance_accuracy_value', 'NONE');
#7187 = DIRECTION ( 'NONE',  ( -0.000000000000000000, -1.000000000000000000, -0.000000000000000000 ) ) ;
#7188 = APPROVAL_PERSON_ORGANIZATION ( #5627, #937, #1763 ) ;
#7189 = DIRECTION ( 'NONE',  ( -0.000000000000000000, -0.000000000000000000, 1.000000000000000000 ) ) ;
#7190 = DIRECTION ( 'NONE',  ( 0.000000000000000000, -1.000000000000000000, 0.000000000000000000 ) ) ;
#7191 = EDGE_CURVE ( 'NONE', #9714, #1091, #2419, .T. ) ;
#7192 = DIRECTION ( 'NONE',  ( -1.000000000000000000, 0.000000000000000000, 0.000000000000000000 ) ) ;
#7193 = SHAPE_REPRESENTATION_RELATIONSHIP ( 'NONE' , 'NONE' ,  #8417, #4215 ) ;
#7194 = LINE ( 'NONE', #11025, #10368 ) ;
#7195 = VERTEX_POINT ( 'NONE', #490 ) ;
#7196 = MECHANICAL_CONTEXT ( 'NONE', #2068, 'mechanical' ) ;
#7197 = ORIENTED_EDGE ( 'NONE', *, *, #8472, .T. ) ;
#7198 = PERSON_AND_ORGANIZATION ( #2011, #2802 ) ;
#7199 = CC_DESIGN_SECURITY_CLASSIFICATION ( #10291, ( #12036 ) ) ;
#7200 = CC_DESIGN_SECURITY_CLASSIFICATION ( #7399, ( #4306 ) ) ;
#7201 = EDGE_CURVE ( 'NONE', #614, #5387, #7899, .T. ) ;
#7202 = CARTESIAN_POINT ( 'NONE',  ( 0.000000000000000000, 18.00000000000000000, 0.000000000000000000 ) ) ;
#7203 = CARTESIAN_POINT ( 'NONE',  ( 0.000000000000000000, 18.00000000000000355, -200.0000000000000000 ) ) ;
#7204 = PRODUCT_DEFINITION_SHAPE ( 'NONE', 'NONE',  #11444 ) ;
#7205 = CARTESIAN_POINT ( 'NONE',  ( -55.00000000000000000, 18.00000000000000000, 17.00000000000000000 ) ) ;
#7206 = CARTESIAN_POINT ( 'NONE',  ( -310.0000000000000000, 0.000000000000000000, -48.00000000000000000 ) ) ;
#7207 = ADVANCED_FACE ( 'NONE', ( #553 ), #3400, .F. ) ;
#7208 = DIRECTION ( 'NONE',  ( 0.000000000000000000, 1.000000000000000000, 0.000000000000000000 ) ) ;
#7209 = VECTOR ( 'NONE', #11583, 1000.000000000000000 ) ;
#7210 = DIRECTION ( 'NONE',  ( 0.000000000000000000, 1.000000000000000000, 0.000000000000000000 ) ) ;
#7211 = LINE ( 'NONE', #5422, #11758 ) ;
#7212 = COORDINATED_UNIVERSAL_TIME_OFFSET ( 8, 0, .AHEAD. ) ;
#7213 = DIRECTION ( 'NONE',  ( -0.000000000000000000, -1.000000000000000000, -0.000000000000000000 ) ) ;
#7214 =( REPRESENTATION_RELATIONSHIP ('NONE','NONE', #3053, #3980 ) REPRESENTATION_RELATIONSHIP_WITH_TRANSFORMATION ( #7552 )SHAPE_REPRESENTATION_RELATIONSHIP( ) );
#7215 = ORIENTED_EDGE ( 'NONE', *, *, #3637, .F. ) ;
#7216 = SECURITY_CLASSIFICATION ( '', '', #9665 ) ;
#7217 = ORIENTED_EDGE ( 'NONE', *, *, #2130, .T. ) ;
#7218 = DIRECTION ( 'NONE',  ( -0.000000000000000000, -1.000000000000000000, -0.000000000000000000 ) ) ;
#7219 = CIRCLE ( 'NONE', #4493, 4.084295612009243293 ) ;
#7220 = EDGE_CURVE ( 'NONE', #2621, #6675, #4361, .T. ) ;
#7221 = DIRECTION ( 'NONE',  ( -0.000000000000000000, -1.000000000000000000, -0.000000000000000000 ) ) ;
#7222 = CARTESIAN_POINT ( 'NONE',  ( 55.15432893255066205, 90.00000000000000000, 49.65432893255062652 ) ) ;
#7223 = CARTESIAN_POINT ( 'NONE',  ( 75.00000000000000000, 18.00000000000000000, 55.00000000000000000 ) ) ;
#7224 =( NAMED_UNIT ( * ) SI_UNIT ( $, .STERADIAN. ) SOLID_ANGLE_UNIT ( ) );
#7225 = AXIS2_PLACEMENT_3D ( 'NONE', #5671, #8677, #8562 ) ;
#7226 = DIRECTION ( 'NONE',  ( -0.000000000000000000, -1.000000000000000000, -0.000000000000000000 ) ) ;
#7227 = APPROVAL_STATUS ( 'not_yet_approved' ) ;
#7228 = EDGE_CURVE ( 'NONE', #6304, #11650, #6118, .T. ) ;
#7230 = ORIENTED_EDGE ( 'NONE', *, *, #226, .F. ) ;
#7229 = ORIENTED_EDGE ( 'NONE', *, *, #8167, .T. ) ;
#7231 = ADVANCED_FACE ( 'NONE', ( #11797 ), #8139, .T. ) ;
#7232 = ORIENTED_EDGE ( 'NONE', *, *, #3607, .F. ) ;
#7233 = ORIENTED_EDGE ( 'NONE', *, *, #5941, .F. ) ;
#7234 = PLANE ( 'NONE',  #11029 ) ;
#7235 = EDGE_CURVE ( 'NONE', #4900, #2255, #10216, .T. ) ;
#7236 = VECTOR ( 'NONE', #3005, 1000.000000000000000 ) ;
#7237 = LINE ( 'NONE', #10025, #11267 ) ;
#7238 = DIRECTION ( 'NONE',  ( 0.000000000000000000, 1.000000000000000000, 0.000000000000000000 ) ) ;
#7239 = LINE ( 'NONE', #2559, #512 ) ;
#7240 = DATE_AND_TIME ( #3593, #1923 ) ;
#7241 = EDGE_CURVE ( 'NONE', #5539, #1467, #340, .T. ) ;
#7242 = ORIENTED_EDGE ( 'NONE', *, *, #110, .F. ) ;
#7243 = PERSON_AND_ORGANIZATION ( #11012, #8772 ) ;
#7244 = PERSON ( 'NAUO-PER26', 'UNSPECIFIED', 'UNSPECIFIED', ('UNSPECIFIED'), ('UNSPECIFIED'), ('UNSPECIFIED') ) ;
#7245 = ADVANCED_FACE ( 'NONE', ( #8423 ), #10927, .T. ) ;
#7246 = ORIENTED_EDGE ( 'NONE', *, *, #9306, .T. ) ;
#7247 = SHAPE_REPRESENTATION ( 'FD-300_inspection_divert_module', ( #7281, #3780, #3979, #1058, #505, #3592, #6293 ), #1464 ) ;
#7248 = LINE ( 'NONE', #2738, #1147 ) ;
#7249 = CARTESIAN_POINT ( 'NONE',  ( 385.0000000000000000, 0.000000000000000000, -170.0000000000000000 ) ) ;
#7250 = FACE_OUTER_BOUND ( 'NONE', #10071, .T. ) ;
#7251 = VERTEX_POINT ( 'NONE', #10006 ) ;
#7252 = DIRECTION ( 'NONE',  ( -1.000000000000000000, -0.000000000000000000, -0.000000000000000000 ) ) ;
#7253 = APPROVAL ( #2485, 'æœª' ) ;
#7254 = DIRECTION ( 'NONE',  ( -0.000000000000000000, -0.000000000000000000, 1.000000000000000000 ) ) ;
#7255 = AXIS2_PLACEMENT_3D ( 'NONE', #321, #9490, #1037 ) ;
#7256 = CC_DESIGN_DATE_AND_TIME_ASSIGNMENT ( #4668, #2969, ( #5606 ) ) ;
#7257 = VERTEX_POINT ( 'NONE', #1005 ) ;
#7258 = COORDINATED_UNIVERSAL_TIME_OFFSET ( 8, 0, .AHEAD. ) ;
#7259 = EDGE_CURVE ( 'NONE', #6129, #1398, #5373, .T. ) ;
#7260 = APPROVAL_STATUS ( 'not_yet_approved' ) ;
#7261 = ORIENTED_EDGE ( 'NONE', *, *, #1904, .T. ) ;
#7262 = DIRECTION ( 'NONE',  ( 0.000000000000000000, 0.000000000000000000, 1.000000000000000000 ) ) ;
#7263 = LINE ( 'NONE', #7381, #3819 ) ;
#7264 = VECTOR ( 'NONE', #9706, 1000.000000000000000 ) ;
#7265 = DIRECTION ( 'NONE',  ( 1.000000000000000000, 0.000000000000000000, -0.000000000000000000 ) ) ;
#7266 = DIRECTION ( 'NONE',  ( 0.000000000000000000, 1.000000000000000000, 0.000000000000000000 ) ) ;
#7267 = CARTESIAN_POINT ( 'NONE',  ( -30.00000000000000000, 560.0000000000000000, -30.00000000000000000 ) ) ;
#7268 = CARTESIAN_POINT ( 'NONE',  ( -385.0000000000002274, 0.000000000000000000, -170.0000000000000000 ) ) ;
#7269 = ADVANCED_FACE ( 'NONE', ( #4697 ), #3513, .F. ) ;
#7270 = FACE_OUTER_BOUND ( 'NONE', #5182, .T. ) ;
#7271 = APPROVAL_DATE_TIME ( #11914, #9486 ) ;
#7272 = VECTOR ( 'NONE', #9321, 1000.000000000000000 ) ;
#7273 = CARTESIAN_POINT ( 'NONE',  ( 284.3874821936960871, 12.00000000000000000, -39.00000000000000000 ) ) ;
#7274 = AXIS2_PLACEMENT_3D ( 'NONE', #10225, #9256, #1894 ) ;
#7275 = VERTEX_POINT ( 'NONE', #10984 ) ;
#7276 = ADVANCED_FACE ( 'NONE', ( #4641, #2760 ), #2592, .T. ) ;
#7277 = ORIENTED_EDGE ( 'NONE', *, *, #1189, .T. ) ;
#7278 = CARTESIAN_POINT ( 'NONE',  ( 53.88728323699425005, 18.00000000000000000, -39.51734104046245477 ) ) ;
#7279 = DIRECTION ( 'NONE',  ( -0.000000000000000000, -1.000000000000000000, -0.000000000000000000 ) ) ;
#7280 = CARTESIAN_POINT ( 'NONE',  ( -47.50000000000000000, 18.00000000000000000, -35.00000000000000000 ) ) ;
#7281 = AXIS2_PLACEMENT_3D ( 'NONE', #4534, #4480, #3633 ) ;
#7282 = AXIS2_PLACEMENT_3D ( 'NONE', #4674, #1774, #5465 ) ;
#7283 = DIRECTION ( 'NONE',  ( 0.000000000000000000, 0.000000000000000000, 1.000000000000000000 ) ) ;
#7284 = ORIENTED_EDGE ( 'NONE', *, *, #7927, .T. ) ;
#7285 = DIRECTION ( 'NONE',  ( 0.000000000000000000, 1.000000000000000000, 0.000000000000000000 ) ) ;
#7286 = EDGE_CURVE ( 'NONE', #7168, #7634, #7394, .T. ) ;
#7287 = APPLICATION_PROTOCOL_DEFINITION ( 'international standard', 'config_control_design', 1994, #9460 ) ;
#7288 = AXIS2_PLACEMENT_3D ( 'NONE', #5456, #1028, #2782 ) ;
#7289 = ORIENTED_EDGE ( 'NONE', *, *, #11609, .F. ) ;
#7290 = CC_DESIGN_APPROVAL ( #11748, ( #8845 ) ) ;
#7291 = EDGE_LOOP ( 'NONE', ( #5861, #11517 ) ) ;
#7292 = VECTOR ( 'NONE', #4974, 1000.000000000000000 ) ;
#7293 = ORIENTED_EDGE ( 'NONE', *, *, #4106, .F. ) ;
#7294 = DIRECTION ( 'NONE',  ( -0.000000000000000000, -1.000000000000000000, -0.000000000000000000 ) ) ;
#7295 = CARTESIAN_POINT ( 'NONE',  ( 0.000000000000000000, 130.0000000000000000, -155.0000000000000000 ) ) ;
#7296 = LOCAL_TIME ( 1, 42, 14.00000000000000000, #4345 ) ;
#7297 = DIRECTION ( 'NONE',  ( 1.000000000000000000, 0.000000000000000000, -0.000000000000000000 ) ) ;
#7298 = EDGE_LOOP ( 'NONE', ( #8146, #6428, #5133, #11616 ) ) ;
#7299 = DIRECTION ( 'NONE',  ( -0.000000000000000000, -1.000000000000000000, -0.000000000000000000 ) ) ;
#7300 = APPROVAL_ROLE ( '' ) ;
#7301 = ORIENTED_EDGE ( 'NONE', *, *, #8745, .T. ) ;
#7302 = COORDINATED_UNIVERSAL_TIME_OFFSET ( 8, 0, .AHEAD. ) ;
#7303 = PRODUCT ( 'FD-002_frame_leg', 'FD-002_frame_leg', '', ( #4231 ) ) ;
#7304 = ORIENTED_EDGE ( 'NONE', *, *, #8655, .F. ) ;
#7305 = ORIENTED_EDGE ( 'NONE', *, *, #3445, .T. ) ;
#7306 = CYLINDRICAL_SURFACE ( 'NONE', #392, 52.50000000000000000 ) ;
#7307 = CARTESIAN_POINT ( 'NONE',  ( 18.12278137398207889, 0.000000000000000000, 11.21199624138656148 ) ) ;
#7308 = ADVANCED_FACE ( 'NONE', ( #8197 ), #11920, .F. ) ;
#7309 = CYLINDRICAL_SURFACE ( 'NONE', #881, 1.223591395445790209 ) ;
#7310 = DIRECTION ( 'NONE',  ( 0.000000000000000000, 0.000000000000000000, 1.000000000000000000 ) ) ;
#7311 = ADVANCED_FACE ( 'NONE', ( #9270 ), #3742, .F. ) ;
#7312 = FACE_OUTER_BOUND ( 'NONE', #9604, .T. ) ;
#7313 = ORIENTED_EDGE ( 'NONE', *, *, #2479, .T. ) ;
#7314 = APPROVAL_ROLE ( '' ) ;
#7315 = CIRCLE ( 'NONE', #3039, 2.627218626017904679 ) ;
#7316 = EDGE_CURVE ( 'NONE', #3847, #3964, #2836, .T. ) ;
#7317 = PERSON_AND_ORGANIZATION ( #2011, #2802 ) ;
#7318 = CARTESIAN_POINT ( 'NONE',  ( -60.00000000000000000, 12.00000000000000000, 90.00000000000000000 ) ) ;
#7319 = CARTESIAN_POINT ( 'NONE',  ( -450.0000000000000000, 0.000000000000000000, -210.0000000000000000 ) ) ;
#7320 = CARTESIAN_POINT ( 'NONE',  ( -50.22628862590825349, 28.00000000000000000, 35.26296589018186012 ) ) ;
#7321 = EDGE_CURVE ( 'NONE', #4170, #11818, #4962, .T. ) ;
#7322 = FACE_OUTER_BOUND ( 'NONE', #7085, .T. ) ;
#7323 = CARTESIAN_POINT ( 'NONE',  ( 0.000000000000000000, 12.00000000000000000, -41.00000000000000000 ) ) ;
#7324 = CARTESIAN_POINT ( 'NONE',  ( 35.00000000000000000, 26.00000000000000000, 10.00000000000000000 ) ) ;
#7325 = CARTESIAN_POINT ( 'NONE',  ( -30.00000000000000000, 0.000000000000000000, 30.00000000000000000 ) ) ;
#7326 = DATE_TIME_ROLE ( 'classification_date' ) ;
#7327 = VECTOR ( 'NONE', #9450, 1000.000000000000000 ) ;
#7328 = CARTESIAN_POINT ( 'NONE',  ( -11.00000000000000000, 10.00000000000000000, 15.58891454965356793 ) ) ;
#7329 = AXIS2_PLACEMENT_3D ( 'NONE', #11426, #6784, #294 ) ;
#7330 = ORIENTED_EDGE ( 'NONE', *, *, #9548, .F. ) ;
#7331 = VECTOR ( 'NONE', #1838, 1000.000000000000000 ) ;
#7332 = ORIENTED_EDGE ( 'NONE', *, *, #5085, .F. ) ;
#7333 = CC_DESIGN_PERSON_AND_ORGANIZATION_ASSIGNMENT ( #5596, #7560, ( #6119 ) ) ;
#7334 = CARTESIAN_POINT ( 'NONE',  ( -49.74884620746166775, 14.00000000000000000, -120.1043392264672747 ) ) ;
#7335 = LINE ( 'NONE', #2357, #3154 ) ;
#7336 = CARTESIAN_POINT ( 'NONE',  ( -163.1999999999999886, 42.00000000000000000, 47.00000000000000000 ) ) ;
#7337 = ORIENTED_EDGE ( 'NONE', *, *, #2369, .F. ) ;
#7338 = AXIS2_PLACEMENT_3D ( 'NONE', #242, #8803, #10560 ) ;
#7339 = FACE_BOUND ( 'NONE', #319, .T. ) ;
#7340 = CIRCLE ( 'NONE', #8316, 10.00000000000000000 ) ;
#7341 = AXIS2_PLACEMENT_3D ( 'NONE', #68, #912, #11252 ) ;
#7342 = ADVANCED_FACE ( 'NONE', ( #7446 ), #9159, .F. ) ;
#7343 = CARTESIAN_POINT ( 'NONE',  ( 410.0000000000000000, 790.0000000000000000, -115.0000000000000000 ) ) ;
#7344 = CARTESIAN_POINT ( 'NONE',  ( -297.5999999999999659, 34.00000000000000000, 39.00000000000000711 ) ) ;
#7345 = COORDINATED_UNIVERSAL_TIME_OFFSET ( 8, 0, .AHEAD. ) ;
#7346 = CIRCLE ( 'NONE', #4049, 3.550269299820409952 ) ;
#7348 = VERTEX_POINT ( 'NONE', #6411 ) ;
#7347 = VERTEX_POINT ( 'NONE', #8253 ) ;
#7349 = ORIENTED_EDGE ( 'NONE', *, *, #11536, .F. ) ;
#7350 = EDGE_LOOP ( 'NONE', ( #4210, #10687, #962, #2380, #9171, #737, #4482, #6038, #8694, #8103 ) ) ;
#7351 = VECTOR ( 'NONE', #3733, 1000.000000000000000 ) ;
#7352 = ADVANCED_FACE ( 'NONE', ( #10127 ), #5488, .T. ) ;
#7353 = DIRECTION ( 'NONE',  ( -0.000000000000000000, -1.000000000000000000, -0.000000000000000000 ) ) ;
#7354 = LINE ( 'NONE', #2724, #9082 ) ;
#7355 = VECTOR ( 'NONE', #10659, 1000.000000000000000 ) ;
#7356 = DIRECTION ( 'NONE',  ( 0.000000000000000000, 1.000000000000000000, 0.000000000000000000 ) ) ;
#7357 = VERTEX_POINT ( 'NONE', #1852 ) ;
#7358 = AXIS2_PLACEMENT_3D ( 'NONE', #4448, #5407, #7310 ) ;
#7359 = DIRECTION ( 'NONE',  ( 0.000000000000000000, 0.000000000000000000, 1.000000000000000000 ) ) ;
#7360 = DATE_AND_TIME ( #12003, #411 ) ;
#7361 = VERTEX_POINT ( 'NONE', #5542 ) ;
#7362 = COORDINATED_UNIVERSAL_TIME_OFFSET ( 8, 0, .AHEAD. ) ;
#7363 = ORIENTED_EDGE ( 'NONE', *, *, #10094, .T. ) ;
#7364 = CIRCLE ( 'NONE', #2109, 2.877277303556587285 ) ;
#7365 = ADVANCED_FACE ( 'NONE', ( #11168, #6649, #8663, #4931 ), #3003, .F. ) ;
#7366 = CARTESIAN_POINT ( 'NONE',  ( -310.0000000000000000, 12.00000000000000000, 48.00000000000000000 ) ) ;
#7367 = DIRECTION ( 'NONE',  ( -0.000000000000000000, -1.000000000000000000, -0.000000000000000000 ) ) ;
#7368 = FACE_OUTER_BOUND ( 'NONE', #2378, .T. ) ;
#7369 = APPLICATION_CONTEXT ( 'configuration controlled 3d designs of mechanical parts and assemblies' ) ;
#7370 = LOCAL_TIME ( 1, 42, 14.00000000000000000, #1088 ) ;
#7371 = AXIS2_PLACEMENT_3D ( 'NONE', #5275, #8372, #8157 ) ;
#7372 = FACE_OUTER_BOUND ( 'NONE', #2548, .T. ) ;
#7373 = VERTEX_POINT ( 'NONE', #161 ) ;
#7374 = CALENDAR_DATE ( 2026, 29, 7 ) ;
#7375 = CALENDAR_DATE ( 2026, 29, 7 ) ;
#7376 = EDGE_CURVE ( 'NONE', #4815, #11431, #2940, .T. ) ;
#7377 = CARTESIAN_POINT ( 'NONE',  ( -64.58429561200924240, 0.000000000000000000, 45.58891454965358037 ) ) ;
#7379 = EDGE_CURVE ( 'NONE', #523, #6201, #6586, .T. ) ;
#7378 = LOCAL_TIME ( 1, 42, 14.00000000000000000, #7165 ) ;
#7380 = AXIS2_PLACEMENT_3D ( 'NONE', #5650, #92, #1786 ) ;
#7381 = CARTESIAN_POINT ( 'NONE',  ( -385.0000000000002274, 8.000000000000000000, -170.0000000000000000 ) ) ;
#7382 = FACE_OUTER_BOUND ( 'NONE', #323, .T. ) ;
#7383 = VERTEX_POINT ( 'NONE', #4870 ) ;
#7384 = CARTESIAN_POINT ( 'NONE',  ( 0.000000000000000000, 12.00000000000000000, 0.000000000000000000 ) ) ;
#7385 = CARTESIAN_POINT ( 'NONE',  ( 280.0000000000000000, 12.00000000000000000, 38.00000000000000000 ) ) ;
#7386 = DIRECTION ( 'NONE',  ( -0.000000000000000000, -1.000000000000000000, -0.000000000000000000 ) ) ;
#7387 = LOCAL_TIME ( 1, 42, 14.00000000000000000, #8632 ) ;
#7388 = PERSON_AND_ORGANIZATION ( #2011, #2802 ) ;
#7389 = LOCAL_TIME ( 1, 42, 14.00000000000000000, #11780 ) ;
#7390 = DIRECTION ( 'NONE',  ( 0.000000000000000000, 0.000000000000000000, 1.000000000000000000 ) ) ;
#7392 = EDGE_CURVE ( 'NONE', #5150, #5742, #1188, .T. ) ;
#7391 = ORIENTED_EDGE ( 'NONE', *, *, #2735, .T. ) ;
#7393 = EDGE_LOOP ( 'NONE', ( #2520, #3463, #567, #6660, #4213 ) ) ;
#7394 = LINE ( 'NONE', #897, #9249 ) ;
#7395 = PLANE ( 'NONE',  #1792 ) ;
#7396 = LINE ( 'NONE', #934, #11187 ) ;
#7397 = FACE_BOUND ( 'NONE', #7061, .T. ) ;
#7398 = ORIENTED_EDGE ( 'NONE', *, *, #1445, .F. ) ;
#7399 = SECURITY_CLASSIFICATION ( '', '', #706 ) ;
#7400 = DIRECTION ( 'NONE',  ( -1.000000000000000000, 0.000000000000000000, -0.000000000000000000 ) ) ;
#7401 = SECURITY_CLASSIFICATION_LEVEL ( 'unclassified' ) ;
#7402 = PRODUCT_DEFINITION_SHAPE ( 'NONE', 'NONE',  #12025 ) ;
#7403 = CC_DESIGN_PERSON_AND_ORGANIZATION_ASSIGNMENT ( #11092, #2979, ( #8662 ) ) ;
#7404 = LINE ( 'NONE', #849, #5951 ) ;
#7405 = PERSON_AND_ORGANIZATION ( #2011, #2802 ) ;
#7406 = CC_DESIGN_APPROVAL ( #805, ( #2147 ) ) ;
#7407 = AXIS2_PLACEMENT_3D ( 'NONE', #10011, #6416, #9051 ) ;
#7409 = EDGE_LOOP ( 'NONE', ( #5005, #5802 ) ) ;
#7408 = EDGE_LOOP ( 'NONE', ( #2187, #7586, #11866, #10162 ) ) ;
#7410 = EDGE_LOOP ( 'NONE', ( #6101, #4270 ) ) ;
#7411 = ORIENTED_EDGE ( 'NONE', *, *, #9006, .F. ) ;
#7412 = DIRECTION ( 'NONE',  ( 0.000000000000000000, 0.000000000000000000, 1.000000000000000000 ) ) ;
#7413 = CARTESIAN_POINT ( 'NONE',  ( 50.22628862590825349, 28.00000000000000000, -35.26296589018186012 ) ) ;
#7414 = VECTOR ( 'NONE', #118, 1000.000000000000000 ) ;
#7415 = ORIENTED_EDGE ( 'NONE', *, *, #8100, .F. ) ;
#7416 = DIRECTION ( 'NONE',  ( 0.000000000000000000, 1.000000000000000000, 0.000000000000000000 ) ) ;
#7417 = EDGE_CURVE ( 'NONE', #3073, #5089, #348, .T. ) ;
#7418 = CARTESIAN_POINT ( 'NONE',  ( 105.0000000000000000, 90.00000000000000000, 105.0000000000000000 ) ) ;
#7419 = CALENDAR_DATE ( 2026, 29, 7 ) ;
#7420 = ORIENTED_EDGE ( 'NONE', *, *, #5085, .T. ) ;
#7421 = VERTEX_POINT ( 'NONE', #2023 ) ;
#7422 = VECTOR ( 'NONE', #5602, 1000.000000000000000 ) ;
#7423 = ADVANCED_FACE ( 'NONE', ( #9576 ), #10544, .F. ) ;
#7424 = UNCERTAINTY_MEASURE_WITH_UNIT (LENGTH_MEASURE( 1.000000000000000082E-05 ), #4227, 'distance_accuracy_value', 'NONE');
#7425 = DIRECTION ( 'NONE',  ( 0.000000000000000000, 1.000000000000000000, 0.000000000000000000 ) ) ;
#7426 = DIRECTION ( 'NONE',  ( 0.000000000000000000, -1.000000000000000000, 0.000000000000000000 ) ) ;
#7427 = DIRECTION ( 'NONE',  ( -0.000000000000000000, -1.000000000000000000, -0.000000000000000000 ) ) ;
#7428 = AXIS2_PLACEMENT_3D ( 'NONE', #10653, #11462, #6820 ) ;
#7429 = LINE ( 'NONE', #10213, #6116 ) ;
#7430 = ORIENTED_EDGE ( 'NONE', *, *, #9352, .T. ) ;
#7431 = DATE_AND_TIME ( #3725, #9305 ) ;
#7432 = DATE_AND_TIME ( #9140, #8559 ) ;
#7433 = EDGE_CURVE ( 'NONE', #4833, #10794, #5719, .T. ) ;
#7434 = CARTESIAN_POINT ( 'NONE',  ( -18.12278137398203270, 85.00000000000000000, -10.96193756384787577 ) ) ;
#7435 = DIRECTION ( 'NONE',  ( -1.000000000000000000, -0.000000000000000000, -0.000000000000000000 ) ) ;
#7436 = CARTESIAN_POINT ( 'NONE',  ( 0.000000000000000000, 22.00000000000000000, 0.000000000000000000 ) ) ;
#7437 = CARTESIAN_POINT ( 'NONE',  ( -75.00000000000000000, 0.000000000000000000, 55.00000000000000000 ) ) ;
#7438 = LINE ( 'NONE', #2866, #3475 ) ;
#7439 = DIRECTION ( 'NONE',  ( 0.000000000000000000, 0.000000000000000000, 1.000000000000000000 ) ) ;
#7440 = CARTESIAN_POINT ( 'NONE',  ( -27.50000000000000000, 28.00000000000000000, 18.00000000000000000 ) ) ;
#7441 = PERSON_AND_ORGANIZATION_ROLE ( 'design_supplier' ) ;
#7442 = ADVANCED_FACE ( 'NONE', ( #4754, #5656, #7755, #11479 ), #3134, .F. ) ;
#7443 = ORIENTED_EDGE ( 'NONE', *, *, #9655, .F. ) ;
#7444 = AXIS2_PLACEMENT_3D ( 'NONE', #6517, #8357, #1896 ) ;
#7445 = VERTEX_POINT ( 'NONE', #5782 ) ;
#7446 = FACE_OUTER_BOUND ( 'NONE', #1511, .T. ) ;
#7447 = DIRECTION ( 'NONE',  ( -0.000000000000000000, -1.000000000000000000, -0.000000000000000000 ) ) ;
#7448 = DIRECTION ( 'NONE',  ( 0.000000000000000000, 1.000000000000000000, 0.000000000000000000 ) ) ;
#7449 = ORIENTED_EDGE ( 'NONE', *, *, #10588, .F. ) ;
#7450 = DIRECTION ( 'NONE',  ( 0.000000000000000000, 1.000000000000000000, 0.000000000000000000 ) ) ;
#7451 = LINE ( 'NONE', #11118, #6239 ) ;
#7452 = EDGE_CURVE ( 'NONE', #9666, #1090, #7565, .T. ) ;
#7453 = VECTOR ( 'NONE', #10055, 1000.000000000000000 ) ;
#7454 = DIRECTION ( 'NONE',  ( 0.000000000000000000, 0.000000000000000000, 1.000000000000000000 ) ) ;
#7455 = DIRECTION ( 'NONE',  ( 0.000000000000000000, -0.000000000000000000, -1.000000000000000000 ) ) ;
#7457 = ORIENTED_EDGE ( 'NONE', *, *, #8684, .T. ) ;
#7456 = ORIENTED_EDGE ( 'NONE', *, *, #4540, .F. ) ;
#7458 = CIRCLE ( 'NONE', #4718, 4.500000000000031974 ) ;
#7459 = VERTEX_POINT ( 'NONE', #10483 ) ;
#7460 = CARTESIAN_POINT ( 'NONE',  ( 64.58429561200922819, 0.000000000000000000, -45.58891454965356616 ) ) ;
#7461 = VECTOR ( 'NONE', #2752, 1000.000000000000000 ) ;
#7462 = LINE ( 'NONE', #10197, #4984 ) ;
#7463 = PRODUCT_RELATED_PRODUCT_CATEGORY ( 'detail', '', ( #9238 ) ) ;
#7464 = VERTEX_POINT ( 'NONE', #9514 ) ;
#7465 = CC_DESIGN_PERSON_AND_ORGANIZATION_ASSIGNMENT ( #6140, #1543, ( #7571 ) ) ;
#7466 = EDGE_CURVE ( 'NONE', #4135, #8432, #2150, .T. ) ;
#7467 = LINE ( 'NONE', #1869, #1117 ) ;
#7468 = EDGE_LOOP ( 'NONE', ( #2246, #5487 ) ) ;
#7469 = VECTOR ( 'NONE', #6953, 1000.000000000000000 ) ;
#7470 = DIRECTION ( 'NONE',  ( 0.000000000000000000, 1.000000000000000000, 0.000000000000000000 ) ) ;
#7471 = CC_DESIGN_APPROVAL ( #70, ( #4929 ) ) ;
#7472 = DATE_TIME_ROLE ( 'classification_date' ) ;
#7473 = VERTEX_POINT ( 'NONE', #1962 ) ;
#7474 = PERSON_AND_ORGANIZATION ( #6960, #6618 ) ;
#7475 = ORIENTED_EDGE ( 'NONE', *, *, #11793, .F. ) ;
#7476 = EDGE_CURVE ( 'NONE', #249, #6823, #3070, .T. ) ;
#7477 = VECTOR ( 'NONE', #4383, 1000.000000000000000 ) ;
#7478 = APPROVAL ( #9204, 'æœª' ) ;
#7479 = PRODUCT_RELATED_PRODUCT_CATEGORY ( 'detail', '', ( #7303 ) ) ;
#7480 = PRODUCT_DEFINITION_FORMATION_WITH_SPECIFIED_SOURCE ( 'ä»', '', #6141, .NOT_KNOWN. ) ;
#7481 = DIRECTION ( 'NONE',  ( -0.000000000000000000, -1.000000000000000000, -0.000000000000000000 ) ) ;
#7482 = CIRCLE ( 'NONE', #11977, 105.0000000000000000 ) ;
#7483 = ORIENTED_EDGE ( 'NONE', *, *, #4816, .F. ) ;
#7484 = DIRECTION ( 'NONE',  ( -0.000000000000000000, -1.000000000000000000, -0.000000000000000000 ) ) ;
#7485 = ORIENTED_EDGE ( 'NONE', *, *, #11177, .F. ) ;
#7486 = LINE ( 'NONE', #1880, #5403 ) ;
#7487 =( NAMED_UNIT ( * ) SI_UNIT ( $, .STERADIAN. ) SOLID_ANGLE_UNIT ( ) );
#7488 = LINE ( 'NONE', #202, #2437 ) ;
#7489 = ORIENTED_EDGE ( 'NONE', *, *, #7736, .T. ) ;
#7490 = ADVANCED_FACE ( 'NONE', ( #11229, #2214, #2876 ), #5847, .T. ) ;
#7491 = PERSON_AND_ORGANIZATION_ROLE ( 'creator' ) ;
#7492 = DATE_AND_TIME ( #3777, #8762 ) ;
#7493 = CARTESIAN_POINT ( 'NONE',  ( 27.50000000000000000, 28.00000000000000000, 18.00000000000000000 ) ) ;
#7494 = CC_DESIGN_DATE_AND_TIME_ASSIGNMENT ( #796, #10189, ( #11095 ) ) ;
#7495 = CARTESIAN_POINT ( 'NONE',  ( 85.00000000000000000, 10.00000000000000000, 60.00000000000000000 ) ) ;
#7496 = SECURITY_CLASSIFICATION_LEVEL ( 'unclassified' ) ;
#7497 = DIRECTION ( 'NONE',  ( -0.000000000000000000, -1.000000000000000000, -0.000000000000000000 ) ) ;
#7498 = ORIENTED_EDGE ( 'NONE', *, *, #5645, .F. ) ;
#7499 = EDGE_CURVE ( 'NONE', #7166, #2685, #6538, .T. ) ;
#7500 = DIRECTION ( 'NONE',  ( 0.000000000000000000, 0.000000000000000000, 1.000000000000000000 ) ) ;
#7501 = CYLINDRICAL_SURFACE ( 'NONE', #3280, 4.500000000000031974 ) ;
#7502 = LINE ( 'NONE', #5653, #10175 ) ;
#7503 = APPROVAL_DATE_TIME ( #10348, #3914 ) ;
#7504 = AXIS2_PLACEMENT_3D ( 'NONE', #1683, #6351, #785 ) ;
#7505 = ORIENTED_EDGE ( 'NONE', *, *, #3528, .T. ) ;
#7506 = DIRECTION ( 'NONE',  ( 0.000000000000000000, -1.000000000000000000, 0.000000000000000000 ) ) ;
#7507 = DIRECTION ( 'NONE',  ( 0.000000000000000000, 0.000000000000000000, -1.000000000000000000 ) ) ;
#7508 = LINE ( 'NONE', #7280, #11443 ) ;
#7509 = EDGE_CURVE ( 'NONE', #2337, #1422, #7922, .T. ) ;
#7510 = DIRECTION ( 'NONE',  ( -0.000000000000000000, -1.000000000000000000, -0.000000000000000000 ) ) ;
#7511 = FACE_BOUND ( 'NONE', #8152, .T. ) ;
#7512 = VECTOR ( 'NONE', #5807, 1000.000000000000000 ) ;
#7513 = LINE ( 'NONE', #4705, #5173 ) ;
#7515 = ORIENTED_EDGE ( 'NONE', *, *, #11213, .T. ) ;
#7514 = VERTEX_POINT ( 'NONE', #1435 ) ;
#7516 = ORIENTED_EDGE ( 'NONE', *, *, #914, .T. ) ;
#7517 = CIRCLE ( 'NONE', #5562, 4.500000000000031974 ) ;
#7518 = EDGE_CURVE ( 'NONE', #3762, #3995, #6343, .T. ) ;
#7519 = EDGE_LOOP ( 'NONE', ( #6992, #6976, #11050, #7330 ) ) ;
#7520 = DIRECTION ( 'NONE',  ( 0.000000000000000000, 0.000000000000000000, -1.000000000000000000 ) ) ;
#7522 = AXIS2_PLACEMENT_3D ( 'NONE', #4392, #7133, #11660 ) ;
#7521 = DIRECTION ( 'NONE',  ( -0.000000000000000000, -1.000000000000000000, -0.000000000000000000 ) ) ;
#7523 = EDGE_CURVE ( 'NONE', #64, #668, #8064, .T. ) ;
#7524 = VECTOR ( 'NONE', #7176, 1000.000000000000000 ) ;
#7525 = EDGE_LOOP ( 'NONE', ( #2650, #9556, #8396, #11167 ) ) ;
#7526 = EDGE_LOOP ( 'NONE', ( #11063, #5428, #5789, #11375 ) ) ;
#7527 = DIRECTION ( 'NONE',  ( -0.000000000000000000, -1.000000000000000000, -0.000000000000000000 ) ) ;
#7528 = EDGE_CURVE ( 'NONE', #7043, #10952, #600, .T. ) ;
#7529 = CARTESIAN_POINT ( 'NONE',  ( -385.0000000000002274, 8.000000000000000000, -170.0000000000000000 ) ) ;
#7530 = ORIENTED_EDGE ( 'NONE', *, *, #9250, .T. ) ;
#7531 = AXIS2_PLACEMENT_3D ( 'NONE', #1812, #8438, #10082 ) ;
#7532 = DIRECTION ( 'NONE',  ( 0.000000000000000000, 0.000000000000000000, 1.000000000000000000 ) ) ;
#7533 = DATE_AND_TIME ( #10152, #10098 ) ;
#7534 = ORIENTED_EDGE ( 'NONE', *, *, #11544, .F. ) ;
#7535 = DATE_AND_TIME ( #5629, #6045 ) ;
#7536 = ORIENTED_EDGE ( 'NONE', *, *, #1801, .T. ) ;
#7537 = EDGE_CURVE ( 'NONE', #4372, #223, #11540, .T. ) ;
#7538 = AXIS2_PLACEMENT_3D ( 'NONE', #3197, #4814, #3136 ) ;
#7539 = DIRECTION ( 'NONE',  ( 0.000000000000000000, 1.000000000000000000, 0.000000000000000000 ) ) ;
#7540 = AXIS2_PLACEMENT_3D ( 'NONE', #7682, #3060, #10475 ) ;
#7541 = PLANE ( 'NONE',  #10756 ) ;
#7542 = CYLINDRICAL_SURFACE ( 'NONE', #176, 6.999999999999992006 ) ;
#7543 = DIRECTION ( 'NONE',  ( 0.000000000000000000, 0.000000000000000000, -1.000000000000000000 ) ) ;
#7544 = ORIENTED_EDGE ( 'NONE', *, *, #2130, .F. ) ;
#7545 = PERSON_AND_ORGANIZATION ( #2011, #2802 ) ;
#7546 = CC_DESIGN_PERSON_AND_ORGANIZATION_ASSIGNMENT ( #11211, #6507, ( #4008 ) ) ;
#7547 = AXIS2_PLACEMENT_3D ( 'NONE', #3911, #10534, #1297 ) ;
#7548 = CONTEXT_DEPENDENT_SHAPE_REPRESENTATION ( #3015, #11886 ) ;
#7549 = CIRCLE ( 'NONE', #2313, 7.000000000000026645 ) ;
#7550 = CYLINDRICAL_SURFACE ( 'NONE', #1277, 4.500000000000017764 ) ;
#7551 = DIRECTION ( 'NONE',  ( 0.000000000000000000, 1.000000000000000000, 0.000000000000000000 ) ) ;
#7552 = ITEM_DEFINED_TRANSFORMATION ( 'NONE', 'NONE', #8621,  #2596 ) ;
#7553 = CARTESIAN_POINT ( 'NONE',  ( -40.00000000000000000, 60.00000000000000000, 20.00000000000000000 ) ) ;
#7554 = VECTOR ( 'NONE', #8882, 1000.000000000000000 ) ;
#7555 = EDGE_LOOP ( 'NONE', ( #8707, #5144, #6079, #9400 ) ) ;
#7556 = DIRECTION ( 'NONE',  ( -0.000000000000000000, -1.000000000000000000, -0.000000000000000000 ) ) ;
#7557 = DIRECTION ( 'NONE',  ( -1.000000000000000000, -0.000000000000000000, -0.000000000000000000 ) ) ;
#7558 = DIRECTION ( 'NONE',  ( 1.000000000000000000, 0.000000000000000000, 0.000000000000000000 ) ) ;
#7559 = CARTESIAN_POINT ( 'NONE',  ( 0.000000000000000000, 44.00000000000000000, 0.000000000000000000 ) ) ;
#7560 = PERSON_AND_ORGANIZATION_ROLE ( 'design_supplier' ) ;
#7561 = EDGE_CURVE ( 'NONE', #10063, #866, #3456, .T. ) ;
#7562 = CC_DESIGN_APPROVAL ( #2196, ( #9899 ) ) ;
#7563 = VECTOR ( 'NONE', #1567, 1000.000000000000000 ) ;
#7564 = ORIENTED_EDGE ( 'NONE', *, *, #4268, .F. ) ;
#7565 = LINE ( 'NONE', #8476, #12009 ) ;
#7566 = DIRECTION ( 'NONE',  ( 0.000000000000000000, 0.000000000000000000, 1.000000000000000000 ) ) ;
#7567 = EDGE_CURVE ( 'NONE', #2675, #413, #1616, .T. ) ;
#7568 = CARTESIAN_POINT ( 'NONE',  ( 297.5999999999999659, 34.00000000000000000, -27.00000000000000355 ) ) ;
#7569 = EDGE_LOOP ( 'NONE', ( #1738, #6331, #3043, #2891 ) ) ;
#7570 = CARTESIAN_POINT ( 'NONE',  ( -30.00000000000000000, 560.0000000000000000, 30.00000000000000000 ) ) ;
#7571 = SECURITY_CLASSIFICATION ( '', '', #9124 ) ;
#7572 = LINE ( 'NONE', #2883, #3660 ) ;
#7573 = CC_DESIGN_SECURITY_CLASSIFICATION ( #10695, ( #11477 ) ) ;
#7574 = PERSON_AND_ORGANIZATION_ROLE ( 'classification_officer' ) ;
#7575 = PERSON_AND_ORGANIZATION_ROLE ( 'design_owner' ) ;
#7576 = CARTESIAN_POINT ( 'NONE',  ( 450.0000000000000000, 8.000000000000000000, -210.0000000000000000 ) ) ;
#7578 = ORIENTED_EDGE ( 'NONE', *, *, #10353, .F. ) ;
#7577 = ORIENTED_EDGE ( 'NONE', *, *, #1387, .F. ) ;
#7579 = EDGE_CURVE ( 'NONE', #11127, #402, #9937, .T. ) ;
#7580 = APPROVAL_PERSON_ORGANIZATION ( #10282, #9626, #5891 ) ;
#7581 = PRODUCT_DEFINITION_FORMATION_WITH_SPECIFIED_SOURCE ( 'ä»', '', #6316, .NOT_KNOWN. ) ;
#7582 = ORIENTED_EDGE ( 'NONE', *, *, #5622, .T. ) ;
#7583 = CARTESIAN_POINT ( 'NONE',  ( -27.50000000000000000, 28.00000000000000000, -18.00000000000000000 ) ) ;
#7584 = FACE_BOUND ( 'NONE', #7961, .T. ) ;
#7585 = PLANE ( 'NONE',  #2304 ) ;
#7586 = ORIENTED_EDGE ( 'NONE', *, *, #3919, .F. ) ;
#7587 = ORIENTED_EDGE ( 'NONE', *, *, #11123, .F. ) ;
#7588 = DIRECTION ( 'NONE',  ( 0.000000000000000000, -1.000000000000000000, 0.000000000000000000 ) ) ;
#7589 = FACE_OUTER_BOUND ( 'NONE', #11553, .T. ) ;
#7590 = ORIENTED_EDGE ( 'NONE', *, *, #2547, .F. ) ;
#7591 = CC_DESIGN_APPROVAL ( #10542, ( #5625 ) ) ;
#7592 = EDGE_CURVE ( 'NONE', #1018, #3583, #9853, .T. ) ;
#7593 = DIRECTION ( 'NONE',  ( 1.000000000000000000, 0.000000000000000000, -0.000000000000000000 ) ) ;
#7594 = APPLICATION_PROTOCOL_DEFINITION ( 'international standard', 'config_control_design', 1994, #1395 ) ;
#7595 = EDGE_CURVE ( 'NONE', #1407, #7601, #3255, .T. ) ;
#7596 = ORIENTED_EDGE ( 'NONE', *, *, #6704, .F. ) ;
#7597 = COORDINATED_UNIVERSAL_TIME_OFFSET ( 8, 0, .AHEAD. ) ;
#7598 = APPLICATION_CONTEXT ( 'configuration controlled 3d designs of mechanical parts and assemblies' ) ;
#7599 = EDGE_LOOP ( 'NONE', ( #11312, #7076, #9232, #3085 ) ) ;
#7600 = ORGANIZATION ( 'NAUO-ORG16', 'UNSPECIFIED', 'UNSPECIFIED' ) ;
#7601 = VERTEX_POINT ( 'NONE', #8723 ) ;
#7602 = VECTOR ( 'NONE', #11628, 1000.000000000000000 ) ;
#7603 = DIRECTION ( 'NONE',  ( -0.000000000000000000, -1.000000000000000000, -0.000000000000000000 ) ) ;
#7604 = DIRECTION ( 'NONE',  ( 0.000000000000000000, 1.000000000000000000, 0.000000000000000000 ) ) ;
#7605 = DIRECTION ( 'NONE',  ( 1.000000000000000000, 0.000000000000000000, 0.000000000000000000 ) ) ;
#7606 = ADVANCED_FACE ( 'NONE', ( #6100 ), #4348, .F. ) ;
#7607 = DIRECTION ( 'NONE',  ( 0.000000000000000000, 0.000000000000000000, -1.000000000000000000 ) ) ;
#7608 = EDGE_CURVE ( 'NONE', #2162, #10191, #1375, .T. ) ;
#7609 = VERTEX_POINT ( 'NONE', #4109 ) ;
#7610 = PERSON_AND_ORGANIZATION ( #2011, #2802 ) ;
#7611 = AXIS2_PLACEMENT_3D ( 'NONE', #6789, #9592, #2295 ) ;
#7612 = CARTESIAN_POINT ( 'NONE',  ( -165.0000000000000000, 0.000000000000000000, 165.0000000000000000 ) ) ;
#7613 = APPROVAL_STATUS ( 'not_yet_approved' ) ;
#7614 = DIRECTION ( 'NONE',  ( 0.000000000000000000, 0.000000000000000000, -1.000000000000000000 ) ) ;
#7615 = CARTESIAN_POINT ( 'NONE',  ( -53.88728323699420741, 18.00000000000000000, 43.22894602492582550 ) ) ;
#7616 = APPROVAL_ROLE ( '' ) ;
#7617 = CYLINDRICAL_SURFACE ( 'NONE', #8512, 4.915704387990771806 ) ;
#7618 = CC_DESIGN_PERSON_AND_ORGANIZATION_ASSIGNMENT ( #9296, #1930, ( #9238 ) ) ;
#7619 = ORIENTED_EDGE ( 'NONE', *, *, #11143, .F. ) ;
#7620 = AXIS2_PLACEMENT_3D ( 'NONE', #9515, #4872, #11416 ) ;
#7621 = CARTESIAN_POINT ( 'NONE',  ( -275.6125178063039698, 12.00000000000000000, -39.00000000000000000 ) ) ;
#7622 = CC_DESIGN_PERSON_AND_ORGANIZATION_ASSIGNMENT ( #7243, #814, ( #2933 ) ) ;
#7623 = DIRECTION ( 'NONE',  ( -1.000000000000000000, -0.000000000000000000, -0.000000000000000000 ) ) ;
#7624 = DIRECTION ( 'NONE',  ( -0.000000000000000000, -1.000000000000000000, -0.000000000000000000 ) ) ;
#7625 = ADVANCED_FACE ( 'NONE', ( #10793 ), #5056, .F. ) ;
#7626 = DIRECTION ( 'NONE',  ( 0.000000000000000000, 0.000000000000000000, -1.000000000000000000 ) ) ;
#7627 = CALENDAR_DATE ( 2026, 29, 7 ) ;
#7628 = APPROVAL_ROLE ( '' ) ;
#7629 = EDGE_LOOP ( 'NONE', ( #6551, #9079, #1574, #851 ) ) ;
#7630 = ORIENTED_EDGE ( 'NONE', *, *, #8276, .F. ) ;
#7631 = DIRECTION ( 'NONE',  ( 0.000000000000000000, 0.000000000000000000, 1.000000000000000000 ) ) ;
#7632 = CARTESIAN_POINT ( 'NONE',  ( -40.00000000000000000, 18.00000000000000000, -3.500000000000000000 ) ) ;
#7633 = CARTESIAN_POINT ( 'NONE',  ( -18.12278137398203626, 85.00000000000000000, 16.71649217096105744 ) ) ;
#7634 = VERTEX_POINT ( 'NONE', #7818 ) ;
#7635 = PRODUCT_DEFINITION ( 'æœ', '', #5511, #5346 ) ;
#7636 = DIRECTION ( 'NONE',  ( -0.000000000000000000, -1.000000000000000000, -0.000000000000000000 ) ) ;
#7637 = FACE_OUTER_BOUND ( 'NONE', #4644, .T. ) ;
#7638 = CALENDAR_DATE ( 2026, 29, 7 ) ;
#7639 =( NAMED_UNIT ( * ) PLANE_ANGLE_UNIT ( ) SI_UNIT ( $, .RADIAN. ) );
#7640 = EDGE_LOOP ( 'NONE', ( #10904, #1526 ) ) ;
#7641 = DIRECTION ( 'NONE',  ( -0.000000000000000000, -1.000000000000000000, -0.000000000000000000 ) ) ;
#7642 = EDGE_CURVE ( 'NONE', #1467, #4, #3193, .T. ) ;
#7644 = ORIENTED_EDGE ( 'NONE', *, *, #6720, .F. ) ;
#7643 = ORIENTED_EDGE ( 'NONE', *, *, #7761, .F. ) ;
#7645 = ORIENTED_EDGE ( 'NONE', *, *, #10132, .F. ) ;
#7646 = LINE ( 'NONE', #7833, #10815 ) ;
#7647 = DIRECTION ( 'NONE',  ( 0.000000000000000000, 0.000000000000000000, 1.000000000000000000 ) ) ;
#7648 = CARTESIAN_POINT ( 'NONE',  ( -27.50000000000000000, 18.00000000000000000, 18.00000000000000000 ) ) ;
#7649 = CARTESIAN_POINT ( 'NONE',  ( -40.55257305257448053, 0.000000000000000000, -70.00000000000000000 ) ) ;
#7650 = EDGE_CURVE ( 'NONE', #1095, #7989, #10737, .T. ) ;
#7651 = EDGE_LOOP ( 'NONE', ( #649, #3474, #4077, #7706 ) ) ;
#7652 = DIRECTION ( 'NONE',  ( 0.000000000000000000, 1.000000000000000000, 0.000000000000000000 ) ) ;
#7653 = ORIENTED_EDGE ( 'NONE', *, *, #11680, .F. ) ;
#7654 = CARTESIAN_POINT ( 'NONE',  ( -55.15432893255070468, 0.000000000000000000, -49.65432893255069757 ) ) ;
#7655 = PERSON_AND_ORGANIZATION ( #2011, #2802 ) ;
#7656 = CIRCLE ( 'NONE', #3768, 4.500000000000031974 ) ;
#7657 = EDGE_LOOP ( 'NONE', ( #2816, #1973, #7143, #4093 ) ) ;
#7658 = DATE_AND_TIME ( #11509, #4670 ) ;
#7659 = AXIS2_PLACEMENT_3D ( 'NONE', #2080, #533, #8839 ) ;
#7660 = VECTOR ( 'NONE', #4342, 1000.000000000000000 ) ;
#7661 = ORIENTED_EDGE ( 'NONE', *, *, #9165, .T. ) ;
#7662 = DIRECTION ( 'NONE',  ( 0.000000000000000000, 0.000000000000000000, -1.000000000000000000 ) ) ;
#7663 = VECTOR ( 'NONE', #1304, 1000.000000000000000 ) ;
#7664 = AXIS2_PLACEMENT_3D ( 'NONE', #10362, #7454, #4820 ) ;
#7665 = DIRECTION ( 'NONE',  ( 0.000000000000000000, 0.000000000000000000, 1.000000000000000000 ) ) ;
#7666 = PLANE ( 'NONE',  #1329 ) ;
#7667 = ORIENTED_EDGE ( 'NONE', *, *, #8986, .F. ) ;
#7668 = DIRECTION ( 'NONE',  ( 1.000000000000000000, 0.000000000000000000, 0.000000000000000000 ) ) ;
#7669 = DIRECTION ( 'NONE',  ( -0.000000000000000000, -1.000000000000000000, -0.000000000000000000 ) ) ;
#7670 = ORIENTED_EDGE ( 'NONE', *, *, #8968, .T. ) ;
#7671 = PERSON_AND_ORGANIZATION ( #2011, #2802 ) ;
#7672 = LINE ( 'NONE', #2132, #9342 ) ;
#7673 = AXIS2_PLACEMENT_3D ( 'NONE', #11882, #3535, #7986 ) ;
#7674 = ORIENTED_EDGE ( 'NONE', *, *, #2830, .F. ) ;
#7675 = APPROVAL_PERSON_ORGANIZATION ( #11286, #3914, #1184 ) ;
#7676 = FACE_OUTER_BOUND ( 'NONE', #5876, .T. ) ;
#7677 = ADVANCED_FACE ( 'NONE', ( #2461 ), #3385, .F. ) ;
#7678 = DIRECTION ( 'NONE',  ( 0.000000000000000000, -1.000000000000000000, 0.000000000000000000 ) ) ;
#7679 = EDGE_CURVE ( 'NONE', #1884, #4358, #7716, .T. ) ;
#7680 = ORIENTED_EDGE ( 'NONE', *, *, #11005, .F. ) ;
#7681 = FACE_OUTER_BOUND ( 'NONE', #4011, .T. ) ;
#7682 = CARTESIAN_POINT ( 'NONE',  ( -40.00000000000000000, 18.00000000000000000, 0.000000000000000000 ) ) ;
#7683 = DIRECTION ( 'NONE',  ( 0.000000000000000000, 0.000000000000000000, 1.000000000000000000 ) ) ;
#7684 = CARTESIAN_POINT ( 'NONE',  ( -163.1999999999999886, 42.00000000000000000, -46.99999999999999289 ) ) ;
#7685 = CALENDAR_DATE ( 2026, 29, 7 ) ;
#7686 = APPROVAL_DATE_TIME ( #2716, #5834 ) ;
#7687 = VERTEX_POINT ( 'NONE', #8849 ) ;
#7688 = CARTESIAN_POINT ( 'NONE',  ( -460.0000000000000000, 24.00000000000000000, -285.0000000000000000 ) ) ;
#7689 = ADVANCED_FACE ( 'NONE', ( #2402 ), #11785, .F. ) ;
#7690 = PLANE ( 'NONE',  #2382 ) ;
#7691 = LINE ( 'NONE', #10418, #8708 ) ;
#7692 = ORIENTED_EDGE ( 'NONE', *, *, #9884, .T. ) ;
#7693 = PLANE ( 'NONE',  #3499 ) ;
#7694 = CARTESIAN_POINT ( 'NONE',  ( 7.347880794884120722E-16, 60.00000000000000000, 6.000000000000000888 ) ) ;
#7695 = DIRECTION ( 'NONE',  ( 0.000000000000000000, 0.000000000000000000, 1.000000000000000000 ) ) ;
#7696 = PERSON_AND_ORGANIZATION_ROLE ( 'creator' ) ;
#7697 = CARTESIAN_POINT ( 'NONE',  ( -53.88728323699420741, 18.00000000000000000, -38.00000000000000000 ) ) ;
#7698 = VECTOR ( 'NONE', #4063, 1000.000000000000000 ) ;
#7699 = CC_DESIGN_PERSON_AND_ORGANIZATION_ASSIGNMENT ( #4276, #5256, ( #4431 ) ) ;
#7701 = ORIENTED_EDGE ( 'NONE', *, *, #9423, .F. ) ;
#7700 = VERTEX_POINT ( 'NONE', #10913 ) ;
#7702 = ORIENTED_EDGE ( 'NONE', *, *, #220, .T. ) ;
#7703 = CARTESIAN_POINT ( 'NONE',  ( 120.1043392264672747, 14.00000000000000000, 42.74884620746163222 ) ) ;
#7704 = CARTESIAN_POINT ( 'NONE',  ( 53.88728323699425005, 0.000000000000000000, -39.51734104046245477 ) ) ;
#7705 = CARTESIAN_POINT ( 'NONE',  ( -420.0000000000000000, 0.000000000000000000, 180.0000000000000000 ) ) ;
#7706 = ORIENTED_EDGE ( 'NONE', *, *, #7836, .T. ) ;
#7707 = ADVANCED_FACE ( 'NONE', ( #5416, #3670, #11033, #4572, #8124, #2579, #10969, #11152, #2805 ), #5358, .T. ) ;
#7708 = DIRECTION ( 'NONE',  ( 0.000000000000000000, 0.000000000000000000, 1.000000000000000000 ) ) ;
#7709 = AXIS2_PLACEMENT_3D ( 'NONE', #4056, #6716, #9585 ) ;
#7710 = ORIENTED_EDGE ( 'NONE', *, *, #7642, .T. ) ;
#7711 = FACE_OUTER_BOUND ( 'NONE', #3176, .T. ) ;
#7712 = EDGE_LOOP ( 'NONE', ( #9785, #852 ) ) ;
#7713 = LINE ( 'NONE', #6861, #6939 ) ;
#7714 = DATE_TIME_ROLE ( 'creation_date' ) ;
#7715 = ADVANCED_FACE ( 'NONE', ( #3557 ), #3614, .F. ) ;
#7716 = CIRCLE ( 'NONE', #2661, 2.627218626017918446 ) ;
#7717 = ORIENTED_EDGE ( 'NONE', *, *, #2399, .F. ) ;
#7718 = APPROVAL_ROLE ( '' ) ;
#7719 = AXIS2_PLACEMENT_3D ( 'NONE', #3449, #6285, #1385 ) ;
#7720 = VERTEX_POINT ( 'NONE', #6511 ) ;
#7721 = ORIENTED_EDGE ( 'NONE', *, *, #2677, .T. ) ;
#7722 = EDGE_CURVE ( 'NONE', #1014, #8038, #9990, .T. ) ;
#7723 = CARTESIAN_POINT ( 'NONE',  ( 0.000000000000000000, 12.00000000000000000, 0.000000000000000000 ) ) ;
#7724 = DIRECTION ( 'NONE',  ( 0.000000000000000000, 0.000000000000000000, 1.000000000000000000 ) ) ;
#7725 = ORIENTED_EDGE ( 'NONE', *, *, #721, .T. ) ;
#7726 = CARTESIAN_POINT ( 'NONE',  ( 120.1043392264672747, 0.000000000000000000, 49.74884620746166064 ) ) ;
#7727 = ORIENTED_EDGE ( 'NONE', *, *, #5933, .T. ) ;
#7728 = CIRCLE ( 'NONE', #11436, 3.090475378041978249 ) ;
#7729 = CARTESIAN_POINT ( 'NONE',  ( 0.000000000000000000, 130.0000000000000000, 0.000000000000000000 ) ) ;
#7730 = ORIENTED_EDGE ( 'NONE', *, *, #9993, .T. ) ;
#7731 = CALENDAR_DATE ( 2026, 29, 7 ) ;
#7732 = CARTESIAN_POINT ( 'NONE',  ( 0.000000000000000000, 120.0000000000000000, 0.000000000000000000 ) ) ;
#7733 = ITEM_DEFINED_TRANSFORMATION ( 'NONE', 'NONE', #505,  #2596 ) ;
#7734 = EDGE_LOOP ( 'NONE', ( #10820, #7858, #11749, #7983 ) ) ;
#7735 = AXIS2_PLACEMENT_3D ( 'NONE', #5433, #10067, #9101 ) ;
#7736 = EDGE_CURVE ( 'NONE', #8631, #3596, #11216, .T. ) ;
#7737 = FACE_BOUND ( 'NONE', #11183, .T. ) ;
#7738 = VECTOR ( 'NONE', #5252, 1000.000000000000000 ) ;
#7739 = APPROVAL_ROLE ( '' ) ;
#7740 = FACE_BOUND ( 'NONE', #6706, .T. ) ;
#7741 = ORIENTED_EDGE ( 'NONE', *, *, #4420, .T. ) ;
#7742 = DIRECTION ( 'NONE',  ( 0.000000000000000000, 1.000000000000000000, 0.000000000000000000 ) ) ;
#7743 = DIRECTION ( 'NONE',  ( 1.000000000000000000, 0.000000000000000000, 0.000000000000000000 ) ) ;
#7744 = SHAPE_REPRESENTATION_RELATIONSHIP ( 'NONE' , 'NONE' ,  #1030, #3480 ) ;
#7745 = AXIS2_PLACEMENT_3D ( 'NONE', #5123, #8066, #5058 ) ;
#7746 = DIRECTION ( 'NONE',  ( 0.000000000000000000, 0.000000000000000000, -1.000000000000000000 ) ) ;
#7747 = CALENDAR_DATE ( 2026, 29, 7 ) ;
#7748 = VECTOR ( 'NONE', #5964, 1000.000000000000000 ) ;
#7749 = ADVANCED_FACE ( 'NONE', ( #8296 ), #4627, .F. ) ;
#7750 = PERSON_AND_ORGANIZATION_ROLE ( 'design_owner' ) ;
#7751 = EDGE_CURVE ( 'NONE', #281, #9714, #6455, .T. ) ;
#7752 = ORIENTED_EDGE ( 'NONE', *, *, #6370, .T. ) ;
#7753 = EDGE_CURVE ( 'NONE', #11650, #10688, #5474, .T. ) ;
#7754 = AXIS2_PLACEMENT_3D ( 'NONE', #8339, #7425, #11892 ) ;
#7755 = FACE_BOUND ( 'NONE', #4686, .T. ) ;
#7756 = DIRECTION ( 'NONE',  ( 0.000000000000000000, 1.000000000000000000, 0.000000000000000000 ) ) ;
#7757 = FACE_OUTER_BOUND ( 'NONE', #3097, .T. ) ;
#7758 = VERTEX_POINT ( 'NONE', #8183 ) ;
#7759 = DIRECTION ( 'NONE',  ( 0.000000000000000000, -0.000000000000000000, -1.000000000000000000 ) ) ;
#7760 = PLANE ( 'NONE',  #3077 ) ;
#7761 = EDGE_CURVE ( 'NONE', #249, #3567, #7263, .T. ) ;
#7762 = CARTESIAN_POINT ( 'NONE',  ( -64.58429561200924240, 10.00000000000000000, -45.58891454965358037 ) ) ;
#7763 = DATE_AND_TIME ( #7093, #889 ) ;
#7764 = APPROVAL_PERSON_ORGANIZATION ( #1168, #4500, #4024 ) ;
#7765 = VECTOR ( 'NONE', #1315, 1000.000000000000000 ) ;
#7766 = ADVANCED_FACE ( 'NONE', ( #3500 ), #10051, .F. ) ;
#7767 = CARTESIAN_POINT ( 'NONE',  ( 75.00000000000000000, 0.000000000000000000, 55.00000000000000000 ) ) ;
#7769 = ORIENTED_EDGE ( 'NONE', *, *, #4230, .T. ) ;
#7768 = ORIENTED_EDGE ( 'NONE', *, *, #2399, .T. ) ;
#7770 = VERTEX_POINT ( 'NONE', #1724 ) ;
#7771 = LINE ( 'NONE', #6723, #3441 ) ;
#7772 = PLANE ( 'NONE',  #11513 ) ;
#7773 = LINE ( 'NONE', #5864, #940 ) ;
#7774 = APPROVAL_PERSON_ORGANIZATION ( #10701, #7253, #8999 ) ;
#7775 = DIRECTION ( 'NONE',  ( 1.000000000000000000, 0.000000000000000000, -0.000000000000000000 ) ) ;
#7776 = CC_DESIGN_DATE_AND_TIME_ASSIGNMENT ( #10773, #2444, ( #5239 ) ) ;
#7777 = CC_DESIGN_DATE_AND_TIME_ASSIGNMENT ( #9335, #3747, ( #5615 ) ) ;
#7778 = CYLINDRICAL_SURFACE ( 'NONE', #3189, 10.00000000000000000 ) ;
#7779 = EDGE_LOOP ( 'NONE', ( #9182, #3211, #6234, #9297 ) ) ;
#7780 = DIRECTION ( 'NONE',  ( 0.000000000000000000, -1.000000000000000000, 0.000000000000000000 ) ) ;
#7782 = DATE_AND_TIME ( #5809, #3509 ) ;
#7781 = CC_DESIGN_SECURITY_CLASSIFICATION ( #10887, ( #12035 ) ) ;
#7783 = LOCAL_TIME ( 1, 42, 14.00000000000000000, #9574 ) ;
#7784 = ORIENTED_EDGE ( 'NONE', *, *, #2185, .F. ) ;
#7785 = COORDINATED_UNIVERSAL_TIME_OFFSET ( 8, 0, .AHEAD. ) ;
#7786 = ORIENTED_EDGE ( 'NONE', *, *, #9517, .F. ) ;
#7787 = LINE ( 'NONE', #10578, #10472 ) ;
#7788 = APPROVAL_PERSON_ORGANIZATION ( #6941, #4445, #9799 ) ;
#7789 = EDGE_CURVE ( 'NONE', #4528, #11938, #2748, .T. ) ;
#7790 = ADVANCED_FACE ( 'NONE', ( #10111 ), #11965, .F. ) ;
#7791 = FACE_OUTER_BOUND ( 'NONE', #5648, .T. ) ;
#7792 = DIRECTION ( 'NONE',  ( 0.000000000000000000, 0.000000000000000000, -1.000000000000000000 ) ) ;
#7793 = ORIENTED_EDGE ( 'NONE', *, *, #6235, .F. ) ;
#7794 = DIRECTION ( 'NONE',  ( 0.000000000000000000, 0.000000000000000000, 1.000000000000000000 ) ) ;
#7795 = PLANE ( 'NONE',  #7098 ) ;
#7796 = VERTEX_POINT ( 'NONE', #7203 ) ;
#7797 = COORDINATED_UNIVERSAL_TIME_OFFSET ( 8, 0, .AHEAD. ) ;
#7798 = PLANE ( 'NONE',  #2757 ) ;
#7799 = DATE_AND_TIME ( #5101, #8971 ) ;
#7800 = ADVANCED_FACE ( 'NONE', ( #712 ), #4516, .F. ) ;
#7801 = SECURITY_CLASSIFICATION ( '', '', #6616 ) ;
#7802 = PRODUCT_DEFINITION_SHAPE ( 'NONE', 'NONE',  #7635 ) ;
#7803 = VERTEX_POINT ( 'NONE', #6394 ) ;
#7804 = CIRCLE ( 'NONE', #7407, 5.499999999999998224 ) ;
#7805 = LINE ( 'NONE', #6885, #1475 ) ;
#7806 = COORDINATED_UNIVERSAL_TIME_OFFSET ( 8, 0, .AHEAD. ) ;
#7807 = LINE ( 'NONE', #7997, #7355 ) ;
#7808 = ORIENTED_EDGE ( 'NONE', *, *, #11652, .F. ) ;
#7809 = CARTESIAN_POINT ( 'NONE',  ( 0.000000000000000000, 60.00000000000000000, -6.000000000000000888 ) ) ;
#7810 = CARTESIAN_POINT ( 'NONE',  ( 460.0000000000000000, 18.00000000000000000, 285.0000000000000000 ) ) ;
#7811 = CARTESIAN_POINT ( 'NONE',  ( 0.000000000000000000, 560.0000000000000000, 0.000000000000000000 ) ) ;
#7812 = VECTOR ( 'NONE', #10753, 1000.000000000000000 ) ;
#7813 = DIRECTION ( 'NONE',  ( 0.000000000000000000, 0.000000000000000000, 1.000000000000000000 ) ) ;
#7814 = EDGE_CURVE ( 'NONE', #9189, #722, #5529, .T. ) ;
#7815 = APPROVAL_DATE_TIME ( #9631, #10365 ) ;
#7816 = PERSON_AND_ORGANIZATION ( #2011, #2802 ) ;
#7817 = ORIENTED_EDGE ( 'NONE', *, *, #3590, .T. ) ;
#7818 = CARTESIAN_POINT ( 'NONE',  ( 500.0000000000000000, 18.00000000000000000, -325.0000000000000000 ) ) ;
#7819 = AXIS2_PLACEMENT_3D ( 'NONE', #4642, #8368, #53 ) ;
#7820 = CARTESIAN_POINT ( 'NONE',  ( 55.15432893255066205, 90.00000000000000000, 60.65432893255067626 ) ) ;
#7821 = DIRECTION ( 'NONE',  ( -0.000000000000000000, -1.000000000000000000, -0.000000000000000000 ) ) ;
#7822 = CARTESIAN_POINT ( 'NONE',  ( -11.00000000000000000, 10.00000000000000000, -45.58891454965356616 ) ) ;
#7823 = DIRECTION ( 'NONE',  ( 1.000000000000000000, 0.000000000000000000, -0.000000000000000000 ) ) ;
#7824 = EDGE_CURVE ( 'NONE', #6440, #5838, #6995, .T. ) ;
#7825 = DIRECTION ( 'NONE',  ( 0.000000000000000000, 0.000000000000000000, -1.000000000000000000 ) ) ;
#7826 = APPLICATION_PROTOCOL_DEFINITION ( 'international standard', 'config_control_design', 1994, #3092 ) ;
#7827 = EDGE_LOOP ( 'NONE', ( #11722, #7005 ) ) ;
#7828 = DIRECTION ( 'NONE',  ( -0.000000000000000000, -1.000000000000000000, -0.000000000000000000 ) ) ;
#7829 = PERSON ( 'NAUO-PER5', 'UNSPECIFIED', 'UNSPECIFIED', ('UNSPECIFIED'), ('UNSPECIFIED'), ('UNSPECIFIED') ) ;
#7831 = VERTEX_POINT ( 'NONE', #3229 ) ;
#7830 = VERTEX_POINT ( 'NONE', #7915 ) ;
#7832 = EDGE_LOOP ( 'NONE', ( #8116, #11478, #6677, #6619 ) ) ;
#7833 = CARTESIAN_POINT ( 'NONE',  ( -280.0000000000000000, 12.00000000000000000, -42.50000000000001421 ) ) ;
#7834 = FACE_OUTER_BOUND ( 'NONE', #2497, .T. ) ;
#7835 = CARTESIAN_POINT ( 'NONE',  ( 64.58429561200922819, 10.00000000000000000, 40.67321016166280856 ) ) ;
#7836 = EDGE_CURVE ( 'NONE', #4488, #4528, #11340, .T. ) ;
#7837 = DIRECTION ( 'NONE',  ( 0.000000000000000000, 0.000000000000000000, -1.000000000000000000 ) ) ;
#7838 = APPLICATION_CONTEXT ( 'configuration controlled 3d designs of mechanical parts and assemblies' ) ;
#7839 = VECTOR ( 'NONE', #5093, 1000.000000000000000 ) ;
#7840 = ORIENTED_EDGE ( 'NONE', *, *, #1443, .F. ) ;
#7841 = ORIENTED_EDGE ( 'NONE', *, *, #3671, .F. ) ;
#7842 = PLANE ( 'NONE',  #7855 ) ;
#7843 = ORIENTED_EDGE ( 'NONE', *, *, #10575, .F. ) ;
#7844 = FACE_BOUND ( 'NONE', #3795, .T. ) ;
#7845 = PERSON_AND_ORGANIZATION ( #2011, #2802 ) ;
#7846 = ORIENTED_EDGE ( 'NONE', *, *, #5979, .F. ) ;
#7847 = ORIENTED_EDGE ( 'NONE', *, *, #8655, .T. ) ;
#7848 = VECTOR ( 'NONE', #1731, 1000.000000000000000 ) ;
#7849 = LINE ( 'NONE', #4684, #1325 ) ;
#7850 = EDGE_CURVE ( 'NONE', #11958, #2627, #10401, .T. ) ;
#7851 = DIRECTION ( 'NONE',  ( 0.000000000000000000, -1.000000000000000000, 0.000000000000000000 ) ) ;
#7852 = DIRECTION ( 'NONE',  ( 0.000000000000000000, 0.000000000000000000, -1.000000000000000000 ) ) ;
#7853 = LINE ( 'NONE', #11393, #1890 ) ;
#7854 = EDGE_LOOP ( 'NONE', ( #160, #2956, #2602, #1694, #9920, #7847 ) ) ;
#7855 = AXIS2_PLACEMENT_3D ( 'NONE', #1210, #4891, #3219 ) ;
#7856 = CARTESIAN_POINT ( 'NONE',  ( 64.58429561200922819, 0.000000000000000000, -50.50461893764433796 ) ) ;
#7857 = AXIS2_PLACEMENT_3D ( 'NONE', #10408, #9507, #1181 ) ;
#7858 = ORIENTED_EDGE ( 'NONE', *, *, #1445, .T. ) ;
#7859 = COORDINATED_UNIVERSAL_TIME_OFFSET ( 8, 0, .AHEAD. ) ;
#7860 = DIRECTION ( 'NONE',  ( 1.000000000000000000, 0.000000000000000000, 0.000000000000000000 ) ) ;
#7861 = APPROVAL_DATE_TIME ( #11654, #4922 ) ;
#7862 = VECTOR ( 'NONE', #5528, 1000.000000000000000 ) ;
#7863 = ORIENTED_EDGE ( 'NONE', *, *, #5068, .T. ) ;
#7864 = CC_DESIGN_PERSON_AND_ORGANIZATION_ASSIGNMENT ( #5654, #2814, ( #4186 ) ) ;
#7865 = CC_DESIGN_PERSON_AND_ORGANIZATION_ASSIGNMENT ( #10669, #6036, ( #7581 ) ) ;
#7866 = CIRCLE ( 'NONE', #9403, 3.450405226897622413 ) ;
#7867 = FACE_OUTER_BOUND ( 'NONE', #192, .T. ) ;
#7868 = SECURITY_CLASSIFICATION_LEVEL ( 'unclassified' ) ;
#7869 = APPROVAL_PERSON_ORGANIZATION ( #6955, #8233, #1494 ) ;
#7870 = VECTOR ( 'NONE', #4980, 1000.000000000000000 ) ;
#7871 = DIRECTION ( 'NONE',  ( 0.000000000000000000, 0.000000000000000000, 1.000000000000000000 ) ) ;
#7872 = CARTESIAN_POINT ( 'NONE',  ( 27.50000000000000000, 28.00000000000000000, -18.00000000000000000 ) ) ;
#7873 = ADVANCED_FACE ( 'NONE', ( #145 ), #9374, .F. ) ;
#7874 = CYLINDRICAL_SURFACE ( 'NONE', #6186, 4.915704387990771806 ) ;
#7875 = CARTESIAN_POINT ( 'NONE',  ( 420.0000000000000000, 0.000000000000000000, -245.0000000000000000 ) ) ;
#7876 = DIRECTION ( 'NONE',  ( -1.000000000000000000, -0.000000000000000000, -0.000000000000000000 ) ) ;
#7877 = ORIENTED_EDGE ( 'NONE', *, *, #4658, .T. ) ;
#7878 = COORDINATED_UNIVERSAL_TIME_OFFSET ( 8, 0, .AHEAD. ) ;
#7879 = VECTOR ( 'NONE', #3663, 1000.000000000000000 ) ;
#7880 = DATE_AND_TIME ( #8911, #6219 ) ;
#7881 = APPROVAL_PERSON_ORGANIZATION ( #5115, #10365, #8782 ) ;
#7882 = CC_DESIGN_PERSON_AND_ORGANIZATION_ASSIGNMENT ( #11902, #3611, ( #11444 ) ) ;
#7883 = CARTESIAN_POINT ( 'NONE',  ( 1.224646799147353256E-15, 60.00000000000000000, 10.00000000000000000 ) ) ;
#7884 = DIRECTION ( 'NONE',  ( 1.000000000000000000, 0.000000000000000000, 0.000000000000000000 ) ) ;
#7885 = EDGE_CURVE ( 'NONE', #413, #9339, #2927, .T. ) ;
#7886 = CARTESIAN_POINT ( 'NONE',  ( 0.000000000000000000, 18.00000000000000000, 0.000000000000000000 ) ) ;
#7887 = LINE ( 'NONE', #11610, #9693 ) ;
#7888 = AXIS2_PLACEMENT_3D ( 'NONE', #5870, #4009, #3031 ) ;
#7889 = LOCAL_TIME ( 1, 42, 14.00000000000000000, #8058 ) ;
#7890 = CYLINDRICAL_SURFACE ( 'NONE', #1572, 7.500000000000000000 ) ;
#7891 = DIRECTION ( 'NONE',  ( 1.000000000000000000, 0.000000000000000000, -0.000000000000000000 ) ) ;
#7892 = FACE_OUTER_BOUND ( 'NONE', #3920, .T. ) ;
#7893 = COORDINATED_UNIVERSAL_TIME_OFFSET ( 8, 0, .AHEAD. ) ;
#7894 = EDGE_LOOP ( 'NONE', ( #4869, #10740, #318, #1152 ) ) ;
#7895 = DIRECTION ( 'NONE',  ( -0.000000000000000000, -0.000000000000000000, 1.000000000000000000 ) ) ;
#7897 = ORIENTED_EDGE ( 'NONE', *, *, #711, .F. ) ;
#7896 = ORIENTED_EDGE ( 'NONE', *, *, #10873, .F. ) ;
#7898 = ORIENTED_EDGE ( 'NONE', *, *, #4005, .T. ) ;
#7899 = LINE ( 'NONE', #2475, #4402 ) ;
#7900 = EDGE_CURVE ( 'NONE', #735, #174, #11215, .T. ) ;
#7901 = DIRECTION ( 'NONE',  ( 0.000000000000000000, 0.000000000000000000, -1.000000000000000000 ) ) ;
#7902 = DIRECTION ( 'NONE',  ( 0.000000000000000000, 1.000000000000000000, 0.000000000000000000 ) ) ;
#7903 = LINE ( 'NONE', #9653, #7602 ) ;
#7904 = ORIENTED_EDGE ( 'NONE', *, *, #6125, .T. ) ;
#7905 = DIRECTION ( 'NONE',  ( 0.000000000000000000, 0.000000000000000000, 1.000000000000000000 ) ) ;
#7906 = ORIENTED_EDGE ( 'NONE', *, *, #333, .F. ) ;
#7907 = CARTESIAN_POINT ( 'NONE',  ( 297.5999999999999659, 12.00000000000000000, -39.00000000000000000 ) ) ;
#7908 = DATE_AND_TIME ( #4323, #800 ) ;
#7909 = ADVANCED_FACE ( 'NONE', ( #1048 ), #1891, .F. ) ;
#7910 = AXIS2_PLACEMENT_3D ( 'NONE', #6391, #11905, #3613 ) ;
#7911 = ORIENTED_EDGE ( 'NONE', *, *, #1493, .T. ) ;
#7912 = ADVANCED_FACE ( 'NONE', ( #4141 ), #5090, .F. ) ;
#7913 = ORIENTED_EDGE ( 'NONE', *, *, #5979, .T. ) ;
#7914 = ORIENTED_EDGE ( 'NONE', *, *, #8016, .F. ) ;
#7916 = AXIS2_PLACEMENT_3D ( 'NONE', #177, #1629, #2294 ) ;
#7915 = CARTESIAN_POINT ( 'NONE',  ( 41.00000000000000000, 20.00000000000000000, -70.00000000000000000 ) ) ;
#7917 = DIRECTION ( 'NONE',  ( 0.000000000000000000, 0.000000000000000000, -1.000000000000000000 ) ) ;
#7918 = CYLINDRICAL_SURFACE ( 'NONE', #6083, 200.0000000000000000 ) ;
#7919 = ORIENTED_EDGE ( 'NONE', *, *, #5538, .T. ) ;
#7920 = CARTESIAN_POINT ( 'NONE',  ( 120.1043392264672747, 14.00000000000000000, 42.74884620746163222 ) ) ;
#7921 = ORIENTED_EDGE ( 'NONE', *, *, #10936, .F. ) ;
#7922 = CIRCLE ( 'NONE', #3056, 2.877277303556587285 ) ;
#7923 = FACE_OUTER_BOUND ( 'NONE', #1204, .T. ) ;
#7924 = EDGE_LOOP ( 'NONE', ( #4960, #352, #2915, #10576 ) ) ;
#7925 = DATE_AND_TIME ( #4211, #967 ) ;
#7926 = VECTOR ( 'NONE', #1460, 1000.000000000000000 ) ;
#7927 = EDGE_CURVE ( 'NONE', #11584, #5272, #7849, .T. ) ;
#7928 = ORIENTED_EDGE ( 'NONE', *, *, #11331, .T. ) ;
#7929 = DATE_TIME_ROLE ( 'classification_date' ) ;
#7930 = ORIENTED_EDGE ( 'NONE', *, *, #5140, .F. ) ;
#7931 = LINE ( 'NONE', #5890, #7292 ) ;
#7932 = VECTOR ( 'NONE', #4768, 1000.000000000000000 ) ;
#7933 = CALENDAR_DATE ( 2026, 29, 7 ) ;
#7934 = DIRECTION ( 'NONE',  ( -0.000000000000000000, -1.000000000000000000, -0.000000000000000000 ) ) ;
#7935 = CIRCLE ( 'NONE', #927, 7.000000000000006217 ) ;
#7936 = AXIS2_PLACEMENT_3D ( 'NONE', #634, #4434, #2557 ) ;
#7937 = CARTESIAN_POINT ( 'NONE',  ( -29.94973070017952566, 18.00000000000000000, 22.06822262118491906 ) ) ;
#7938 = CARTESIAN_POINT ( 'NONE',  ( -27.50000000000000000, 0.000000000000000000, 21.00000000000000000 ) ) ;
#7939 = DIRECTION ( 'NONE',  ( 1.000000000000000000, -0.000000000000000000, 0.000000000000000000 ) ) ;
#7940 = EDGE_LOOP ( 'NONE', ( #6912, #7305, #3655, #7332 ) ) ;
#7941 = CC_DESIGN_PERSON_AND_ORGANIZATION_ASSIGNMENT ( #7610, #7491, ( #199 ) ) ;
#7942 = DIRECTION ( 'NONE',  ( -0.000000000000000000, -0.000000000000000000, 1.000000000000000000 ) ) ;
#7943 = APPROVAL_DATE_TIME ( #11410, #1016 ) ;
#7944 = AXIS2_PLACEMENT_3D ( 'NONE', #2539, #7902, #6290 ) ;
#7945 = PERSON_AND_ORGANIZATION ( #2011, #2802 ) ;
#7946 = CIRCLE ( 'NONE', #9093, 155.0000000000000000 ) ;
#7947 = CARTESIAN_POINT ( 'NONE',  ( 67.50000000000000000, 72.00000000000000000, 36.00000000000000000 ) ) ;
#7948 = DIRECTION ( 'NONE',  ( -0.000000000000000000, -1.000000000000000000, -0.000000000000000000 ) ) ;
#7949 = ORIENTED_EDGE ( 'NONE', *, *, #7523, .F. ) ;
#7950 = CARTESIAN_POINT ( 'NONE',  ( 51.28027681660910986, 72.00000000000000000, -23.12975778546728733 ) ) ;
#7951 = CARTESIAN_POINT ( 'NONE',  ( 120.1043392264672747, 0.000000000000000000, 42.74884620746163222 ) ) ;
#7952 = VECTOR ( 'NONE', #6207, 1000.000000000000000 ) ;
#7953 = DIRECTION ( 'NONE',  ( 1.000000000000000000, 0.000000000000000000, -0.000000000000000000 ) ) ;
#7954 = CARTESIAN_POINT ( 'NONE',  ( 385.0000000000000000, 8.000000000000000000, 130.0000000000000284 ) ) ;
#7955 = VECTOR ( 'NONE', #7252, 1000.000000000000000 ) ;
#7956 = PLANE ( 'NONE',  #6465 ) ;
#7957 = ADVANCED_FACE ( 'NONE', ( #509 ), #89, .F. ) ;
#7958 = PERSON_AND_ORGANIZATION ( #2011, #2802 ) ;
#7959 = CYLINDRICAL_SURFACE ( 'NONE', #7719, 5.000000000000000000 ) ;
#7960 = CIRCLE ( 'NONE', #3094, 3.090475378041978249 ) ;
#7962 = ORIENTED_EDGE ( 'NONE', *, *, #4238, .F. ) ;
#7961 = EDGE_LOOP ( 'NONE', ( #10910, #9392 ) ) ;
#7963 = ADVANCED_FACE ( 'NONE', ( #1949 ), #1409, .T. ) ;
#7964 = VERTEX_POINT ( 'NONE', #8529 ) ;
#7965 = CARTESIAN_POINT ( 'NONE',  ( -50.22628862590825349, 28.00000000000000000, 35.26296589018186012 ) ) ;
#7966 = CARTESIAN_POINT ( 'NONE',  ( -47.50000000000000000, 18.00000000000000000, -35.00000000000000000 ) ) ;
#7967 = LINE ( 'NONE', #7159, #572 ) ;
#7968 = DIRECTION ( 'NONE',  ( 0.000000000000000000, -1.000000000000000000, 0.000000000000000000 ) ) ;
#7969 = AXIS2_PLACEMENT_3D ( 'NONE', #11814, #166, #5660 ) ;
#7970 = EDGE_LOOP ( 'NONE', ( #6137, #2200, #10522, #11437 ) ) ;
#7971 = CARTESIAN_POINT ( 'NONE',  ( -57.50000000000000000, 22.00000000000000000, 54.00000000000000000 ) ) ;
#7972 = EDGE_CURVE ( 'NONE', #7251, #3816, #8759, .T. ) ;
#7973 = APPROVAL_ROLE ( '' ) ;
#7974 = VERTEX_POINT ( 'NONE', #2985 ) ;
#7975 = CC_DESIGN_APPROVAL ( #7184, ( #1743 ) ) ;
#7976 = ORIENTED_EDGE ( 'NONE', *, *, #825, .T. ) ;
#7977 = ORIENTED_EDGE ( 'NONE', *, *, #5453, .T. ) ;
#7978 = VECTOR ( 'NONE', #10053, 1000.000000000000000 ) ;
#7979 = CARTESIAN_POINT ( 'NONE',  ( -420.0000000000000000, 8.000000000000000000, -180.0000000000000000 ) ) ;
#7980 = CARTESIAN_POINT ( 'NONE',  ( -49.74884620746166775, 14.00000000000000000, -113.1043392264672747 ) ) ;
#7981 = SECURITY_CLASSIFICATION ( '', '', #4897 ) ;
#7982 = FACE_OUTER_BOUND ( 'NONE', #10826, .T. ) ;
#7983 = ORIENTED_EDGE ( 'NONE', *, *, #1373, .F. ) ;
#7985 = ADVANCED_FACE ( 'NONE', ( #3782 ), #5644, .F. ) ;
#7984 = PRODUCT_DEFINITION_FORMATION_WITH_SPECIFIED_SOURCE ( 'ä»', '', #11200, .NOT_KNOWN. ) ;
#7986 = DIRECTION ( 'NONE',  ( 0.000000000000000000, 0.000000000000000000, -1.000000000000000000 ) ) ;
#7987 = ORIENTED_EDGE ( 'NONE', *, *, #5579, .F. ) ;
#7988 = COORDINATED_UNIVERSAL_TIME_OFFSET ( 8, 0, .AHEAD. ) ;
#7989 = VERTEX_POINT ( 'NONE', #7495 ) ;
#7990 = COORDINATED_UNIVERSAL_TIME_OFFSET ( 8, 0, .AHEAD. ) ;
#7991 = PRODUCT_DEFINITION_SHAPE ( 'NONE', 'NONE',  #11047 ) ;
#7992 = VERTEX_POINT ( 'NONE', #10640 ) ;
#7993 = ORGANIZATION ( 'NAUO-ORG26', 'UNSPECIFIED', 'UNSPECIFIED' ) ;
#7994 = PLANE ( 'NONE',  #5338 ) ;
#7995 = CC_DESIGN_SECURITY_CLASSIFICATION ( #1185, ( #12017 ) ) ;
#7996 = APPROVAL_STATUS ( 'not_yet_approved' ) ;
#7997 = CARTESIAN_POINT ( 'NONE',  ( 0.000000000000000000, 10.00000000000000000, 54.00000000000000000 ) ) ;
#7998 = DIRECTION ( 'NONE',  ( 0.000000000000000000, 0.000000000000000000, -1.000000000000000000 ) ) ;
#7999 = EDGE_CURVE ( 'NONE', #3703, #498, #4040, .T. ) ;
#8000 = DIRECTION ( 'NONE',  ( 0.000000000000000000, 0.000000000000000000, 1.000000000000000000 ) ) ;
#8001 = DIRECTION ( 'NONE',  ( -0.000000000000000000, -1.000000000000000000, -0.000000000000000000 ) ) ;
#8002 = DIRECTION ( 'NONE',  ( -0.000000000000000000, -1.000000000000000000, -0.000000000000000000 ) ) ;
#8003 = DATE_TIME_ROLE ( 'creation_date' ) ;
#8004 = CC_DESIGN_SECURITY_CLASSIFICATION ( #6035, ( #12024 ) ) ;
#8005 = CIRCLE ( 'NONE', #9542, 155.0000000000000000 ) ;
#8006 = APPROVAL_STATUS ( 'not_yet_approved' ) ;
#8007 = APPLICATION_CONTEXT ( 'configuration controlled 3d designs of mechanical parts and assemblies' ) ;
#8008 = ORIENTED_EDGE ( 'NONE', *, *, #4979, .T. ) ;
#8009 = PRODUCT_RELATED_PRODUCT_CATEGORY ( 'detail', '', ( #621 ) ) ;
#8010 = DIRECTION ( 'NONE',  ( 0.000000000000000000, 1.000000000000000000, 0.000000000000000000 ) ) ;
#8011 = ORIENTED_EDGE ( 'NONE', *, *, #4122, .F. ) ;
#8012 = CC_DESIGN_DATE_AND_TIME_ASSIGNMENT ( #8706, #1421, ( #9734 ) ) ;
#8013 = DIRECTION ( 'NONE',  ( 0.000000000000000000, 0.000000000000000000, -1.000000000000000000 ) ) ;
#8014 = CARTESIAN_POINT ( 'NONE',  ( 40.00000000000000000, 60.00000000000000000, -20.00000000000000000 ) ) ;
#8015 = AXIS2_PLACEMENT_3D ( 'NONE', #2593, #1579, #2537 ) ;
#8016 = EDGE_CURVE ( 'NONE', #8024, #4881, #10835, .T. ) ;
#8017 = DIRECTION ( 'NONE',  ( -0.000000000000000000, -0.000000000000000000, 1.000000000000000000 ) ) ;
#8018 = LINE ( 'NONE', #2468, #4052 ) ;
#8019 = PLANE ( 'NONE',  #11551 ) ;
#8020 = COORDINATED_UNIVERSAL_TIME_OFFSET ( 8, 0, .AHEAD. ) ;
#8021 = CARTESIAN_POINT ( 'NONE',  ( 55.00000000000000000, 18.00000000000000000, 39.51734104046241924 ) ) ;
#8022 = VECTOR ( 'NONE', #4350, 1000.000000000000000 ) ;
#8024 = VERTEX_POINT ( 'NONE', #803 ) ;
#8023 = VERTEX_POINT ( 'NONE', #9788 ) ;
#8025 = ORIENTED_EDGE ( 'NONE', *, *, #11035, .F. ) ;
#8026 = PRODUCT_DEFINITION ( 'æœ', '', #10593, #4390 ) ;
#8027 = CARTESIAN_POINT ( 'NONE',  ( -165.0000000000000000, 14.00000000000000000, 165.0000000000000000 ) ) ;
#8028 = PLANE ( 'NONE',  #2744 ) ;
#8029 = DIRECTION ( 'NONE',  ( 0.000000000000000000, 0.000000000000000000, -1.000000000000000000 ) ) ;
#8030 = CYLINDRICAL_SURFACE ( 'NONE', #6620, 41.00000000000000000 ) ;
#8031 = CIRCLE ( 'NONE', #4334, 3.346153846153804068 ) ;
#8032 = EDGE_CURVE ( 'NONE', #253, #2797, #3468, .T. ) ;
#8033 = ORIENTED_EDGE ( 'NONE', *, *, #9033, .T. ) ;
#8034 = CLOSED_SHELL ( 'NONE', ( #7352, #6832, #10170, #3769, #6550, #8133, #165, #3274, #5604, #8060, #5287, #5435, #4219, #5268, #4945, #10049, #11173 ) ) ;
#8035 = FACE_OUTER_BOUND ( 'NONE', #1876, .T. ) ;
#8036 = CALENDAR_DATE ( 2026, 29, 7 ) ;
#8037 = ORIENTED_EDGE ( 'NONE', *, *, #9416, .T. ) ;
#8038 = VERTEX_POINT ( 'NONE', #3529 ) ;
#8039 = EDGE_LOOP ( 'NONE', ( #9478, #4048, #11482, #2191 ) ) ;
#8040 = FACE_OUTER_BOUND ( 'NONE', #1218, .T. ) ;
#8041 = EDGE_CURVE ( 'NONE', #8432, #1136, #685, .T. ) ;
#8042 = CARTESIAN_POINT ( 'NONE',  ( -163.1999999999999886, 42.00000000000000000, -57.00000000000000000 ) ) ;
#8043 = DIRECTION ( 'NONE',  ( -0.000000000000000000, -0.000000000000000000, 1.000000000000000000 ) ) ;
#8044 = FACE_BOUND ( 'NONE', #6914, .T. ) ;
#8045 = APPLICATION_PROTOCOL_DEFINITION ( 'international standard', 'config_control_design', 1994, #8007 ) ;
#8046 = EDGE_LOOP ( 'NONE', ( #3640, #395 ) ) ;
#8047 = APPROVAL_DATE_TIME ( #4386, #805 ) ;
#8048 = AXIS2_PLACEMENT_3D ( 'NONE', #135, #3829, #10392 ) ;
#8049 = EDGE_LOOP ( 'NONE', ( #11388, #5038, #4884, #139 ) ) ;
#8050 = DIRECTION ( 'NONE',  ( 1.000000000000000000, -0.000000000000000000, 0.000000000000000000 ) ) ;
#8051 = PERSON_AND_ORGANIZATION ( #2310, #5251 ) ;
#8052 = CARTESIAN_POINT ( 'NONE',  ( -53.88728323699420741, 18.00000000000000000, -36.77640860455420579 ) ) ;
#8053 = DIRECTION ( 'NONE',  ( 0.000000000000000000, 0.000000000000000000, 1.000000000000000000 ) ) ;
#8054 = AXIS2_PLACEMENT_3D ( 'NONE', #1428, #5112, #3974 ) ;
#8055 = FACE_BOUND ( 'NONE', #4002, .T. ) ;
#8056 = DIRECTION ( 'NONE',  ( 0.000000000000000000, 0.000000000000000000, 1.000000000000000000 ) ) ;
#8057 = DIRECTION ( 'NONE',  ( -0.000000000000000000, -1.000000000000000000, -0.000000000000000000 ) ) ;
#8058 = COORDINATED_UNIVERSAL_TIME_OFFSET ( 8, 0, .AHEAD. ) ;
#8059 = PERSON_AND_ORGANIZATION ( #2011, #2802 ) ;
#8060 = ADVANCED_FACE ( 'NONE', ( #1591 ), #4265, .F. ) ;
#8061 = VECTOR ( 'NONE', #2510, 1000.000000000000000 ) ;
#8062 = VERTEX_POINT ( 'NONE', #2553 ) ;
#8063 = EDGE_CURVE ( 'NONE', #4638, #9239, #9467, .T. ) ;
#8064 = LINE ( 'NONE', #4167, #1517 ) ;
#8065 = CARTESIAN_POINT ( 'NONE',  ( 41.00000000000000000, 20.00000000000000000, -70.00000000000000000 ) ) ;
#8066 = DIRECTION ( 'NONE',  ( 0.000000000000000000, -1.000000000000000000, 0.000000000000000000 ) ) ;
#8067 = LINE ( 'NONE', #6047, #4832 ) ;
#8068 = CARTESIAN_POINT ( 'NONE',  ( -60.00000000000000000, 12.00000000000000000, 90.00000000000000000 ) ) ;
#8069 = VECTOR ( 'NONE', #10786, 1000.000000000000000 ) ;
#8070 = DIRECTION ( 'NONE',  ( -0.000000000000000000, -1.000000000000000000, -0.000000000000000000 ) ) ;
#8071 = AXIS2_PLACEMENT_3D ( 'NONE', #4761, #5727, #10303 ) ;
#8072 = APPROVAL_STATUS ( 'not_yet_approved' ) ;
#8073 = CARTESIAN_POINT ( 'NONE',  ( -51.28027681660898907, 0.000000000000000000, 30.43995634690010732 ) ) ;
#8074 = APPLICATION_CONTEXT ( 'configuration controlled 3d designs of mechanical parts and assemblies' ) ;
#8076 = EDGE_CURVE ( 'NONE', #2657, #5865, #2491, .T. ) ;
#8075 = EDGE_LOOP ( 'NONE', ( #7301, #8721 ) ) ;
#8077 = VECTOR ( 'NONE', #9794, 1000.000000000000000 ) ;
#8078 = ORIENTED_EDGE ( 'NONE', *, *, #8223, .F. ) ;
#8079 = CARTESIAN_POINT ( 'NONE',  ( 6.429395695523603956E-15, 70.00000000000000000, 52.50000000000000000 ) ) ;
#8080 = CC_DESIGN_APPROVAL ( #2645, ( #5911 ) ) ;
#8081 = CARTESIAN_POINT ( 'NONE',  ( 420.0000000000000000, 8.000000000000000000, -180.0000000000000000 ) ) ;
#8082 = DIRECTION ( 'NONE',  ( 0.000000000000000000, 0.000000000000000000, -1.000000000000000000 ) ) ;
#8083 = CIRCLE ( 'NONE', #116, 3.249999999999999556 ) ;
#8084 = CARTESIAN_POINT ( 'NONE',  ( -55.15432893255070468, 90.00000000000000000, -60.65432893255069757 ) ) ;
#8085 = PRODUCT_DEFINITION_SHAPE ( 'NONE', 'NONE',  #12028 ) ;
#8086 = ORIENTED_EDGE ( 'NONE', *, *, #4630, .T. ) ;
#8087 =( LENGTH_UNIT ( ) NAMED_UNIT ( * ) SI_UNIT ( .MILLI., .METRE. ) );
#8088 = ORIENTED_EDGE ( 'NONE', *, *, #1842, .F. ) ;
#8089 = APPROVAL ( #141, 'æœª' ) ;
#8090 = DIRECTION ( 'NONE',  ( -0.000000000000000000, -1.000000000000000000, -0.000000000000000000 ) ) ;
#8091 = CALENDAR_DATE ( 2026, 29, 7 ) ;
#8092 = ORIENTED_EDGE ( 'NONE', *, *, #554, .T. ) ;
#8093 = ORIENTED_EDGE ( 'NONE', *, *, #6782, .T. ) ;
#8094 = ORIENTED_EDGE ( 'NONE', *, *, #6407, .F. ) ;
#8095 = ADVANCED_FACE ( 'NONE', ( #5216 ), #1530, .T. ) ;
#8096 = FACE_BOUND ( 'NONE', #6954, .T. ) ;
#8097 = CARTESIAN_POINT ( 'NONE',  ( -450.0000000000000000, 8.000000000000000000, 186.0000000000000000 ) ) ;
#8098 = DIRECTION ( 'NONE',  ( -1.000000000000000000, -0.000000000000000000, -0.000000000000000000 ) ) ;
#8099 = EDGE_LOOP ( 'NONE', ( #7702, #8324, #4841, #10459 ) ) ;
#8100 = EDGE_CURVE ( 'NONE', #9801, #9057, #6167, .T. ) ;
#8101 = CARTESIAN_POINT ( 'NONE',  ( 0.000000000000000000, 44.00000000000000000, 0.000000000000000000 ) ) ;
#8102 = DATE_AND_TIME ( #10892, #8343 ) ;
#8103 = ORIENTED_EDGE ( 'NONE', *, *, #686, .F. ) ;
#8104 = PERSON_AND_ORGANIZATION ( #3625, #5253 ) ;
#8105 = VECTOR ( 'NONE', #615, 1000.000000000000000 ) ;
#8106 = EDGE_LOOP ( 'NONE', ( #5074, #11668, #7242, #7230 ) ) ;
#8107 = EDGE_CURVE ( 'NONE', #11074, #4843, #7517, .T. ) ;
#8108 = ADVANCED_FACE ( 'NONE', ( #2373 ), #6191, .F. ) ;
#8109 = SHAPE_REPRESENTATION ( 'FD-200_feed_position_module', ( #5892, #1254, #495, #3770, #6483, #2988, #9207, #692, #1453, #9020, #3764, #4543, #8249 ), #1826 ) ;
#8110 = PLANE ( 'NONE',  #4629 ) ;
#8111 = CYLINDRICAL_SURFACE ( 'NONE', #5378, 105.0000000000000000 ) ;
#8112 = LINE ( 'NONE', #11832, #2794 ) ;
#8113 = CARTESIAN_POINT ( 'NONE',  ( 0.000000000000000000, 0.000000000000000000, 0.000000000000000000 ) ) ;
#8114 = AXIS2_PLACEMENT_3D ( 'NONE', #8431, #7285, #111 ) ;
#8115 = CYLINDRICAL_SURFACE ( 'NONE', #6490, 5.653846153846162181 ) ;
#8116 = ORIENTED_EDGE ( 'NONE', *, *, #6952, .T. ) ;
#8117 = PERSON_AND_ORGANIZATION ( #2011, #2802 ) ;
#8118 = PERSON_AND_ORGANIZATION_ROLE ( 'creator' ) ;
#8119 = EDGE_CURVE ( 'NONE', #8790, #10275, #5273, .T. ) ;
#8120 = VECTOR ( 'NONE', #6772, 1000.000000000000000 ) ;
#8121 = CIRCLE ( 'NONE', #2850, 3.500000000000000000 ) ;
#8122 = PLANE ( 'NONE',  #7910 ) ;
#8123 = AXIS2_PLACEMENT_3D ( 'NONE', #2251, #10582, #5943 ) ;
#8124 = FACE_OUTER_BOUND ( 'NONE', #2896, .T. ) ;
#8125 = DIRECTION ( 'NONE',  ( 0.000000000000000000, 1.000000000000000000, 0.000000000000000000 ) ) ;
#8126 = CARTESIAN_POINT ( 'NONE',  ( -27.50000000000000000, 28.00000000000000000, 18.00000000000000000 ) ) ;
#8127 = DIRECTION ( 'NONE',  ( -0.000000000000000000, -1.000000000000000000, -0.000000000000000000 ) ) ;
#8128 = CARTESIAN_POINT ( 'NONE',  ( -55.15432893255070468, 90.00000000000000000, -55.15432893255069757 ) ) ;
#8129 = AXIS2_PLACEMENT_3D ( 'NONE', #2311, #6010, #8465 ) ;
#8130 = EDGE_CURVE ( 'NONE', #2229, #3157, #6132, .T. ) ;
#8131 = DIRECTION ( 'NONE',  ( 0.000000000000000000, 0.000000000000000000, -1.000000000000000000 ) ) ;
#8132 = COORDINATED_UNIVERSAL_TIME_OFFSET ( 8, 0, .AHEAD. ) ;
#8133 = ADVANCED_FACE ( 'NONE', ( #6072, #9114, #8879, #3414, #8096, #570 ), #4376, .F. ) ;
#8134 = CIRCLE ( 'NONE', #4419, 7.000000000000006217 ) ;
#8135 = FACE_OUTER_BOUND ( 'NONE', #2401, .T. ) ;
#8136 = ORIENTED_EDGE ( 'NONE', *, *, #11108, .F. ) ;
#8137 = ORIENTED_EDGE ( 'NONE', *, *, #9401, .T. ) ;
#8138 = AXIS2_PLACEMENT_3D ( 'NONE', #10812, #8866, #8082 ) ;
#8139 = CYLINDRICAL_SURFACE ( 'NONE', #6718, 41.00000000000000000 ) ;
#8140 = CARTESIAN_POINT ( 'NONE',  ( 27.94637722496424459, 12.00000000000000000, -30.00000000000000000 ) ) ;
#8141 = CARTESIAN_POINT ( 'NONE',  ( 1.530808498934191521E-15, 71.99999999999998579, 12.50000000000000000 ) ) ;
#8142 = CIRCLE ( 'NONE', #2871, 6.000000000000000888 ) ;
#8143 = PLANE ( 'NONE',  #2366 ) ;
#8144 = ADVANCED_FACE ( 'NONE', ( #6252 ), #7234, .F. ) ;
#8145 = SHAPE_REPRESENTATION_RELATIONSHIP ( 'NONE' , 'NONE' ,  #3907, #11765 ) ;
#8146 = ORIENTED_EDGE ( 'NONE', *, *, #8929, .T. ) ;
#8147 = CARTESIAN_POINT ( 'NONE',  ( 0.000000000000000000, 44.00000000000000000, 0.000000000000000000 ) ) ;
#8148 = COORDINATED_UNIVERSAL_TIME_OFFSET ( 8, 0, .AHEAD. ) ;
#8149 = VECTOR ( 'NONE', #7557, 1000.000000000000000 ) ;
#8151 = ORIENTED_EDGE ( 'NONE', *, *, #2561, .T. ) ;
#8150 = ORIENTED_EDGE ( 'NONE', *, *, #11062, .F. ) ;
#8152 = EDGE_LOOP ( 'NONE', ( #11919, #4486 ) ) ;
#8153 = ORIENTED_EDGE ( 'NONE', *, *, #5140, .T. ) ;
#8154 = LINE ( 'NONE', #8386, #157 ) ;
#8155 = CC_DESIGN_PERSON_AND_ORGANIZATION_ASSIGNMENT ( #10817, #6184, ( #2571 ) ) ;
#8156 = CC_DESIGN_PERSON_AND_ORGANIZATION_ASSIGNMENT ( #9924, #527, ( #11094 ) ) ;
#8157 = DIRECTION ( 'NONE',  ( 0.000000000000000000, 0.000000000000000000, 1.000000000000000000 ) ) ;
#8158 = ADVANCED_FACE ( 'NONE', ( #8040 ), #10821, .F. ) ;
#8159 = DIRECTION ( 'NONE',  ( 0.000000000000000000, 0.000000000000000000, 1.000000000000000000 ) ) ;
#8160 = LINE ( 'NONE', #10946, #9044 ) ;
#8161 = PERSON_AND_ORGANIZATION_ROLE ( 'creator' ) ;
#8162 = CC_DESIGN_APPROVAL ( #5001, ( #10440 ) ) ;
#8163 = AXIS2_PLACEMENT_3D ( 'NONE', #9640, #8727, #5063 ) ;
#8164 = EDGE_LOOP ( 'NONE', ( #3137, #10750, #3352, #5690 ) ) ;
#8165 = COORDINATED_UNIVERSAL_TIME_OFFSET ( 8, 0, .AHEAD. ) ;
#8166 = ORIENTED_EDGE ( 'NONE', *, *, #8, .F. ) ;
#8167 = EDGE_CURVE ( 'NONE', #7166, #1932, #8154, .T. ) ;
#8168 = AXIS2_PLACEMENT_3D ( 'NONE', #2391, #3544, #8053 ) ;
#8169 = DESIGN_CONTEXT ( 'detailed design', #6124, 'design' ) ;
#8170 = LINE ( 'NONE', #7366, #3673 ) ;
#8171 = LOCAL_TIME ( 1, 42, 14.00000000000000000, #1151 ) ;
#8172 = LINE ( 'NONE', #586, #6357 ) ;
#8173 = DIRECTION ( 'NONE',  ( 0.000000000000000000, 0.000000000000000000, 1.000000000000000000 ) ) ;
#8174 = CARTESIAN_POINT ( 'NONE',  ( 29.94973070017958960, 0.000000000000000000, 18.51795332136453354 ) ) ;
#8175 = FACE_OUTER_BOUND ( 'NONE', #6359, .T. ) ;
#8176 = ORIENTED_EDGE ( 'NONE', *, *, #5816, .F. ) ;
#8177 = ADVANCED_FACE ( 'NONE', ( #9349 ), #3644, .T. ) ;
#8178 = CALENDAR_DATE ( 2026, 29, 7 ) ;
#8179 = PERSON_AND_ORGANIZATION_ROLE ( 'creator' ) ;
#8180 = LOCAL_TIME ( 1, 42, 14.00000000000000000, #6474 ) ;
#8181 = LOCAL_TIME ( 1, 42, 14.00000000000000000, #9985 ) ;
#8182 = CARTESIAN_POINT ( 'NONE',  ( 55.00000000000000000, 18.00000000000000000, 17.00000000000000000 ) ) ;
#8183 = CARTESIAN_POINT ( 'NONE',  ( -297.5999999999999659, 12.00000000000000000, 39.00000000000000711 ) ) ;
#8184 = PRODUCT_DEFINITION_SHAPE ( 'NONE', 'NONE',  #6579 ) ;
#8185 = PLANE ( 'NONE',  #4058 ) ;
#8186 = EDGE_CURVE ( 'NONE', #7001, #10020, #11068, .T. ) ;
#8187 = LINE ( 'NONE', #8355, #7461 ) ;
#8188 = CARTESIAN_POINT ( 'NONE',  ( 49.74884620746168196, 14.00000000000000000, -113.1043392264672747 ) ) ;
#8189 = SECURITY_CLASSIFICATION ( '', '', #5584 ) ;
#8190 = LINE ( 'NONE', #5305, #7453 ) ;
#8191 = CARTESIAN_POINT ( 'NONE',  ( 18.12278137398207889, 85.00000000000000000, 16.46643349342240015 ) ) ;
#8192 = DATE_AND_TIME ( #5424, #10383 ) ;
#8193 = DIRECTION ( 'NONE',  ( 1.000000000000000000, -0.000000000000000000, 0.000000000000000000 ) ) ;
#8194 = EDGE_LOOP ( 'NONE', ( #3160, #10381, #1910, #1187 ) ) ;
#8195 = LOCAL_TIME ( 1, 42, 14.00000000000000000, #10324 ) ;
#8196 = ORIENTED_EDGE ( 'NONE', *, *, #7476, .F. ) ;
#8197 = FACE_OUTER_BOUND ( 'NONE', #2371, .T. ) ;
#8198 = VECTOR ( 'NONE', #5492, 1000.000000000000000 ) ;
#8199 = DIRECTION ( 'NONE',  ( 1.000000000000000000, -0.000000000000000000, 0.000000000000000000 ) ) ;
#8200 = DIRECTION ( 'NONE',  ( 0.000000000000000000, 0.000000000000000000, 1.000000000000000000 ) ) ;
#8201 = ADVANCED_FACE ( 'NONE', ( #3755 ), #8271, .F. ) ;
#8202 = DIRECTION ( 'NONE',  ( -0.000000000000000000, -1.000000000000000000, -0.000000000000000000 ) ) ;
#8203 =( LENGTH_UNIT ( ) NAMED_UNIT ( * ) SI_UNIT ( .MILLI., .METRE. ) );
#8204 = VECTOR ( 'NONE', #6854, 1000.000000000000000 ) ;
#8205 = EDGE_LOOP ( 'NONE', ( #10513, #361, #11307, #11064 ) ) ;
#8206 = LINE ( 'NONE', #11928, #3257 ) ;
#8207 = PERSON_AND_ORGANIZATION ( #2011, #2802 ) ;
#8209 = ORIENTED_EDGE ( 'NONE', *, *, #2207, .F. ) ;
#8208 = ORIENTED_EDGE ( 'NONE', *, *, #9538, .T. ) ;
#8210 = EDGE_LOOP ( 'NONE', ( #6160, #6730, #9273, #6139 ) ) ;
#8211 = ORIENTED_EDGE ( 'NONE', *, *, #9548, .T. ) ;
#8212 = EDGE_CURVE ( 'NONE', #2166, #8690, #1023, .T. ) ;
#8213 = DIRECTION ( 'NONE',  ( 0.000000000000000000, 1.000000000000000000, 0.000000000000000000 ) ) ;
#8214 = ORIENTED_EDGE ( 'NONE', *, *, #1632, .T. ) ;
#8215 = AXIS2_PLACEMENT_3D ( 'NONE', #9635, #225, #3924 ) ;
#8216 = CARTESIAN_POINT ( 'NONE',  ( 0.000000000000000000, 60.00000000000000000, 0.000000000000000000 ) ) ;
#8217 = ORIENTED_EDGE ( 'NONE', *, *, #8720, .T. ) ;
#8218 = CARTESIAN_POINT ( 'NONE',  ( 120.1043392264672747, 14.00000000000000000, 49.74884620746166064 ) ) ;
#8219 = APPROVAL_DATE_TIME ( #4274, #7184 ) ;
#8220 = VERTEX_POINT ( 'NONE', #10253 ) ;
#8221 = APPROVAL_STATUS ( 'not_yet_approved' ) ;
#8222 = ORIENTED_EDGE ( 'NONE', *, *, #8238, .F. ) ;
#8223 = EDGE_CURVE ( 'NONE', #3290, #6902, #11998, .T. ) ;
#8224 = DIRECTION ( 'NONE',  ( 0.000000000000000000, 1.000000000000000000, 0.000000000000000000 ) ) ;
#8225 = CARTESIAN_POINT ( 'NONE',  ( 120.1043392264672747, 14.00000000000000000, -56.74884620746167485 ) ) ;
#8226 = DIRECTION ( 'NONE',  ( 0.000000000000000000, 0.000000000000000000, -1.000000000000000000 ) ) ;
#8227 = FACE_OUTER_BOUND ( 'NONE', #4148, .T. ) ;
#8228 = APPLICATION_CONTEXT ( 'configuration controlled 3d designs of mechanical parts and assemblies' ) ;
#8229 =( LENGTH_UNIT ( ) NAMED_UNIT ( * ) SI_UNIT ( .MILLI., .METRE. ) );
#8230 = CARTESIAN_POINT ( 'NONE',  ( 49.74884620746168196, 14.00000000000000000, 120.1043392264672889 ) ) ;
#8231 = ORIENTED_EDGE ( 'NONE', *, *, #1939, .F. ) ;
#8232 = APPROVAL_STATUS ( 'not_yet_approved' ) ;
#8233 = APPROVAL ( #3186, 'æœª' ) ;
#8234 = MECHANICAL_CONTEXT ( 'NONE', #2163, 'mechanical' ) ;
#8235 = CARTESIAN_POINT ( 'NONE',  ( -40.00000000000000000, 60.00000000000000000, 17.51930530821583076 ) ) ;
#8236 = DIRECTION ( 'NONE',  ( -0.000000000000000000, -1.000000000000000000, -0.000000000000000000 ) ) ;
#8237 = VECTOR ( 'NONE', #9201, 1000.000000000000000 ) ;
#8238 = EDGE_CURVE ( 'NONE', #11066, #9922, #7462, .T. ) ;
#8239 = CARTESIAN_POINT ( 'NONE',  ( 0.000000000000000000, 44.00000000000000000, -6.000000000000000888 ) ) ;
#8240 = VERTEX_POINT ( 'NONE', #10 ) ;
#8241 = DIRECTION ( 'NONE',  ( 0.000000000000000000, 1.000000000000000000, 0.000000000000000000 ) ) ;
#8242 = CARTESIAN_POINT ( 'NONE',  ( 57.50000000000000000, 22.00000000000000000, 36.00000000000000000 ) ) ;
#8243 = FACE_OUTER_BOUND ( 'NONE', #1628, .T. ) ;
#8244 = FACE_BOUND ( 'NONE', #1693, .T. ) ;
#8245 = APPROVAL_DATE_TIME ( #6168, #3131 ) ;
#8246 = AXIS2_PLACEMENT_3D ( 'NONE', #1622, #8131, #9038 ) ;
#8247 = EDGE_CURVE ( 'NONE', #9913, #223, #563, .T. ) ;
#8248 = LINE ( 'NONE', #841, #8692 ) ;
#8249 = AXIS2_PLACEMENT_3D ( 'NONE', #10457, #7794, #8642 ) ;
#8250 = AXIS2_PLACEMENT_3D ( 'NONE', #4393, #6029, #8000 ) ;
#8251 = ORIENTED_EDGE ( 'NONE', *, *, #3165, .F. ) ;
#8252 = ORIENTED_EDGE ( 'NONE', *, *, #4661, .F. ) ;
#8253 = CARTESIAN_POINT ( 'NONE',  ( 1.898202538678397636E-14, 130.0000000000000000, 155.0000000000000000 ) ) ;
#8254 = FACE_OUTER_BOUND ( 'NONE', #9225, .T. ) ;
#8255 = LINE ( 'NONE', #3744, #9285 ) ;
#8256 = CIRCLE ( 'NONE', #11570, 3.249999999999999556 ) ;
#8257 = VECTOR ( 'NONE', #10519, 1000.000000000000000 ) ;
#8258 = FACE_BOUND ( 'NONE', #5261, .T. ) ;
#8259 = ADVANCED_BREP_SHAPE_REPRESENTATION ( '', ( #11107, #2596 ), #2007 ) ;
#8260 = FACE_OUTER_BOUND ( 'NONE', #8099, .T. ) ;
#8261 = PERSON_AND_ORGANIZATION_ROLE ( 'design_supplier' ) ;
#8262 = AXIS2_PLACEMENT_3D ( 'NONE', #7729, #7669, #9738 ) ;
#8264 = EDGE_LOOP ( 'NONE', ( #2046, #4007, #6808, #7096 ) ) ;
#8263 = ORIENTED_EDGE ( 'NONE', *, *, #10477, .T. ) ;
#8265 = CC_DESIGN_SECURITY_CLASSIFICATION ( #8845, ( #10593 ) ) ;
#8266 = EDGE_CURVE ( 'NONE', #3995, #10683, #6541, .T. ) ;
#8267 = ORIENTED_EDGE ( 'NONE', *, *, #8472, .F. ) ;
#8268 = AXIS2_PLACEMENT_3D ( 'NONE', #10080, #10196, #909 ) ;
#8269 = ORIENTED_EDGE ( 'NONE', *, *, #3637, .T. ) ;
#8270 = PLANE ( 'NONE',  #3354 ) ;
#8271 = PLANE ( 'NONE',  #10432 ) ;
#8272 = DIRECTION ( 'NONE',  ( 0.000000000000000000, 0.000000000000000000, -1.000000000000000000 ) ) ;
#8273 = EDGE_CURVE ( 'NONE', #3452, #4714, #1082, .T. ) ;
#8274 = PLANE ( 'NONE',  #10003 ) ;
#8275 = APPROVAL_STATUS ( 'not_yet_approved' ) ;
#8276 = EDGE_CURVE ( 'NONE', #4290, #6286, #11246, .T. ) ;
#8277 = VERTEX_POINT ( 'NONE', #7413 ) ;
#8278 = ITEM_DEFINED_TRANSFORMATION ( 'NONE', 'NONE', #2988,  #2596 ) ;
#8279 = PRODUCT_DEFINITION_SHAPE ( 'NONE', 'NONE',  #2035 ) ;
#8280 = ORIENTED_EDGE ( 'NONE', *, *, #6190, .T. ) ;
#8281 = ADVANCED_FACE ( 'NONE', ( #11003 ), #10314, .F. ) ;
#8282 = UNCERTAINTY_MEASURE_WITH_UNIT (LENGTH_MEASURE( 1.000000000000000082E-05 ), #650, 'distance_accuracy_value', 'NONE');
#8283 = DIRECTION ( 'NONE',  ( -1.000000000000000000, -0.000000000000000000, -0.000000000000000000 ) ) ;
#8284 = CARTESIAN_POINT ( 'NONE',  ( 297.5999999999999659, 34.00000000000000000, 39.00000000000000711 ) ) ;
#8285 = LINE ( 'NONE', #1879, #10574 ) ;
#8286 = DIRECTION ( 'NONE',  ( 0.000000000000000000, 1.000000000000000000, 0.000000000000000000 ) ) ;
#8287 = DIRECTION ( 'NONE',  ( 1.000000000000000000, 0.000000000000000000, 0.000000000000000000 ) ) ;
#8288 = ADVANCED_FACE ( 'NONE', ( #3809 ), #4711, .F. ) ;
#8289 = CARTESIAN_POINT ( 'NONE',  ( -60.00000000000000000, 12.00000000000000000, -90.00000000000000000 ) ) ;
#8290 = EDGE_LOOP ( 'NONE', ( #7534, #1749 ) ) ;
#8291 = DATE_AND_TIME ( #10276, #5597 ) ;
#8292 = VECTOR ( 'NONE', #5906, 1000.000000000000000 ) ;
#8293 = PERSON_AND_ORGANIZATION ( #2011, #2802 ) ;
#8294 = ADVANCED_FACE ( 'NONE', ( #8327 ), #119, .F. ) ;
#8295 = LINE ( 'NONE', #1723, #5685 ) ;
#8296 = FACE_OUTER_BOUND ( 'NONE', #4930, .T. ) ;
#8297 = LINE ( 'NONE', #6601, #380 ) ;
#8298 = VECTOR ( 'NONE', #11550, 1000.000000000000000 ) ;
#8299 = CC_DESIGN_PERSON_AND_ORGANIZATION_ASSIGNMENT ( #7125, #11761, ( #330 ) ) ;
#8300 = CARTESIAN_POINT ( 'NONE',  ( -60.00000000000000000, 12.00000000000000000, 90.00000000000000000 ) ) ;
#8301 = CARTESIAN_POINT ( 'NONE',  ( -450.0000000000000000, 8.000000000000000000, 210.0000000000000000 ) ) ;
#8302 = CARTESIAN_POINT ( 'NONE',  ( -140.5000000000000000, 0.000000000000000000, 31.00000000000000000 ) ) ;
#8303 = DIRECTION ( 'NONE',  ( 0.000000000000000000, 1.000000000000000000, 0.000000000000000000 ) ) ;
#8304 = APPROVAL_DATE_TIME ( #11043, #7478 ) ;
#8305 = VECTOR ( 'NONE', #5120, 1000.000000000000000 ) ;
#8306 = CARTESIAN_POINT ( 'NONE',  ( 284.3874821936960871, 12.00000000000000000, 39.00000000000000711 ) ) ;
#8307 = VECTOR ( 'NONE', #5131, 1000.000000000000000 ) ;
#8308 = ORIENTED_EDGE ( 'NONE', *, *, #10413, .T. ) ;
#8309 = VERTEX_POINT ( 'NONE', #4546 ) ;
#8310 = DIRECTION ( 'NONE',  ( 0.000000000000000000, 0.000000000000000000, -1.000000000000000000 ) ) ;
#8311 = PLANE ( 'NONE',  #5842 ) ;
#8312 = CARTESIAN_POINT ( 'NONE',  ( 51.28027681660910275, 72.00000000000000000, 31.56920415224904986 ) ) ;
#8313 = EDGE_LOOP ( 'NONE', ( #5352, #7055, #7769, #3526 ) ) ;
#8314 = EDGE_CURVE ( 'NONE', #5825, #10262, #7354, .T. ) ;
#8315 = CARTESIAN_POINT ( 'NONE',  ( 0.000000000000000000, 225.0000000000000000, -12.50000000000000000 ) ) ;
#8316 = AXIS2_PLACEMENT_3D ( 'NONE', #6088, #1487, #7998 ) ;
#8317 = VECTOR ( 'NONE', #5393, 1000.000000000000000 ) ;
#8318 = DIRECTION ( 'NONE',  ( 1.000000000000000000, 0.000000000000000000, 0.000000000000000000 ) ) ;
#8319 = FACE_OUTER_BOUND ( 'NONE', #2653, .T. ) ;
#8320 = MECHANICAL_CONTEXT ( 'NONE', #11110, 'mechanical' ) ;
#8321 = ADVANCED_FACE ( 'NONE', ( #5504 ), #1866, .F. ) ;
#8322 = ORIENTED_EDGE ( 'NONE', *, *, #2409, .T. ) ;
#8323 = VERTEX_POINT ( 'NONE', #3705 ) ;
#8324 = ORIENTED_EDGE ( 'NONE', *, *, #510, .T. ) ;
#8325 = AXIS2_PLACEMENT_3D ( 'NONE', #4305, #2699, #6227 ) ;
#8326 = DIRECTION ( 'NONE',  ( -1.000000000000000000, -0.000000000000000000, -0.000000000000000000 ) ) ;
#8327 = FACE_OUTER_BOUND ( 'NONE', #6537, .T. ) ;
#8328 = EDGE_CURVE ( 'NONE', #7514, #243, #6944, .T. ) ;
#8329 = DIRECTION ( 'NONE',  ( 0.000000000000000000, 0.000000000000000000, -1.000000000000000000 ) ) ;
#8330 = VERTEX_POINT ( 'NONE', #432 ) ;
#8331 = CIRCLE ( 'NONE', #7358, 7.000000000000033751 ) ;
#8332 = CARTESIAN_POINT ( 'NONE',  ( -420.0000000000000000, 0.000000000000000000, -180.0000000000000000 ) ) ;
#8333 = COORDINATED_UNIVERSAL_TIME_OFFSET ( 8, 0, .AHEAD. ) ;
#8334 = ORIENTED_EDGE ( 'NONE', *, *, #36, .T. ) ;
#8335 = SECURITY_CLASSIFICATION_LEVEL ( 'unclassified' ) ;
#8336 = ORIENTED_EDGE ( 'NONE', *, *, #5453, .F. ) ;
#8337 = AXIS2_PLACEMENT_3D ( 'NONE', #10518, #4901, #6622 ) ;
#8338 = CONTEXT_DEPENDENT_SHAPE_REPRESENTATION ( #149, #5439 ) ;
#8339 = CARTESIAN_POINT ( 'NONE',  ( 29.94973070017960382, 18.00000000000000000, -22.06822262118497591 ) ) ;
#8340 = DIRECTION ( 'NONE',  ( -0.000000000000000000, -1.000000000000000000, -0.000000000000000000 ) ) ;
#8341 = ORIENTED_EDGE ( 'NONE', *, *, #537, .T. ) ;
#8342 = CARTESIAN_POINT ( 'NONE',  ( 18.12278137398207889, 85.00000000000000000, 11.21199624138656148 ) ) ;
#8343 = LOCAL_TIME ( 1, 42, 14.00000000000000000, #3303 ) ;
#8344 = CIRCLE ( 'NONE', #1562, 4.500000000000031974 ) ;
#8345 = DIRECTION ( 'NONE',  ( 1.000000000000000000, 0.000000000000000000, 0.000000000000000000 ) ) ;
#8346 = ORIENTED_EDGE ( 'NONE', *, *, #13, .T. ) ;
#8347 = DATE_AND_TIME ( #7374, #6308 ) ;
#8348 = ITEM_DEFINED_TRANSFORMATION ( 'NONE', 'NONE', #3780,  #2596 ) ;
#8349 = FACE_OUTER_BOUND ( 'NONE', #521, .T. ) ;
#8350 = APPROVAL_PERSON_ORGANIZATION ( #11255, #3681, #6614 ) ;
#8351 = DIRECTION ( 'NONE',  ( -0.000000000000000000, -1.000000000000000000, -0.000000000000000000 ) ) ;
#8352 = EDGE_CURVE ( 'NONE', #1944, #196, #9593, .T. ) ;
#8353 = CARTESIAN_POINT ( 'NONE',  ( -41.00000000000000000, 12.00000000000000000, -66.90615180980591958 ) ) ;
#8354 = ORIENTED_EDGE ( 'NONE', *, *, #5127, .T. ) ;
#8355 = CARTESIAN_POINT ( 'NONE',  ( -67.50000000000000000, 72.00000000000000000, 36.00000000000000000 ) ) ;
#8356 = LINE ( 'NONE', #2079, #1129 ) ;
#8357 = DIRECTION ( 'NONE',  ( 0.000000000000000000, 1.000000000000000000, 0.000000000000000000 ) ) ;
#8358 = CARTESIAN_POINT ( 'NONE',  ( -49.74884620746166775, 0.000000000000000000, 120.1043392264672889 ) ) ;
#8359 = VECTOR ( 'NONE', #6917, 1000.000000000000000 ) ;
#8360 = PERSON_AND_ORGANIZATION ( #2011, #2802 ) ;
#8361 = LOCAL_TIME ( 1, 42, 14.00000000000000000, #9219 ) ;
#8362 = CC_DESIGN_PERSON_AND_ORGANIZATION_ASSIGNMENT ( #11009, #2670, ( #11077 ) ) ;
#8363 = ORIENTED_EDGE ( 'NONE', *, *, #3849, .T. ) ;
#8364 = CC_DESIGN_DATE_AND_TIME_ASSIGNMENT ( #7535, #11080, ( #1929 ) ) ;
#8365 = EDGE_LOOP ( 'NONE', ( #4948, #3549, #10206, #7007 ) ) ;
#8366 = DIRECTION ( 'NONE',  ( 0.000000000000000000, 0.000000000000000000, -1.000000000000000000 ) ) ;
#8367 = EDGE_CURVE ( 'NONE', #2718, #8390, #5996, .T. ) ;
#8368 = DIRECTION ( 'NONE',  ( -0.000000000000000000, -1.000000000000000000, -0.000000000000000000 ) ) ;
#8369 = CARTESIAN_POINT ( 'NONE',  ( -64.58429561200924240, 10.00000000000000000, 45.58891454965358037 ) ) ;
#8370 = ORIENTED_EDGE ( 'NONE', *, *, #11867, .F. ) ;
#8371 = APPROVAL_PERSON_ORGANIZATION ( #207, #4937, #5763 ) ;
#8372 = DIRECTION ( 'NONE',  ( 0.000000000000000000, 1.000000000000000000, 0.000000000000000000 ) ) ;
#8373 = DIRECTION ( 'NONE',  ( 1.000000000000000000, 0.000000000000000000, -0.000000000000000000 ) ) ;
#8374 = APPROVAL_ROLE ( '' ) ;
#8375 = APPROVAL_DATE_TIME ( #4649, #6509 ) ;
#8376 = CARTESIAN_POINT ( 'NONE',  ( -52.50000000000000000, 60.00000000000000000, 30.00000000000000000 ) ) ;
#8377 = PERSON_AND_ORGANIZATION ( #2011, #2802 ) ;
#8378 = CC_DESIGN_SECURITY_CLASSIFICATION ( #7216, ( #12033 ) ) ;
#8379 = CC_DESIGN_DATE_AND_TIME_ASSIGNMENT ( #3130, #10731, ( #8748 ) ) ;
#8380 = AXIS2_PLACEMENT_3D ( 'NONE', #3864, #3746, #7400 ) ;
#8382 = ORIENTED_EDGE ( 'NONE', *, *, #4672, .T. ) ;
#8381 = ORIENTED_EDGE ( 'NONE', *, *, #8430, .F. ) ;
#8383 = CC_DESIGN_DATE_AND_TIME_ASSIGNMENT ( #10277, #1170, ( #9332 ) ) ;
#8384 = EDGE_LOOP ( 'NONE', ( #5733, #8916 ) ) ;
#8385 = CARTESIAN_POINT ( 'NONE',  ( -450.0000000000000000, 8.000000000000000000, 210.0000000000000000 ) ) ;
#8386 = CARTESIAN_POINT ( 'NONE',  ( -40.00000000000000000, 60.00000000000000000, -22.48069469178416924 ) ) ;
#8387 = EDGE_CURVE ( 'NONE', #6304, #11632, #6665, .T. ) ;
#8388 = CIRCLE ( 'NONE', #4864, 4.915704387990778024 ) ;
#8389 = CARTESIAN_POINT ( 'NONE',  ( -55.15432893255071889, 90.00000000000000000, 55.15432893255073310 ) ) ;
#8390 = VERTEX_POINT ( 'NONE', #365 ) ;
#8391 = DIRECTION ( 'NONE',  ( 0.000000000000000000, 1.000000000000000000, 0.000000000000000000 ) ) ;
#8392 = CALENDAR_DATE ( 2026, 29, 7 ) ;
#8393 = APPROVAL ( #1806, 'æœª' ) ;
#8394 = ORIENTED_EDGE ( 'NONE', *, *, #5010, .F. ) ;
#8395 = COORDINATED_UNIVERSAL_TIME_OFFSET ( 8, 0, .AHEAD. ) ;
#8396 = ORIENTED_EDGE ( 'NONE', *, *, #11082, .F. ) ;
#8397 = AXIS2_PLACEMENT_3D ( 'NONE', #4046, #6899, #1964 ) ;
#8398 = EDGE_CURVE ( 'NONE', #9553, #2963, #11435, .T. ) ;
#8399 = DESIGN_CONTEXT ( 'detailed design', #2625, 'design' ) ;
#8400 = CARTESIAN_POINT ( 'NONE',  ( 55.15432893255069047, 0.000000000000000000, -49.65432893255067626 ) ) ;
#8401 = CARTESIAN_POINT ( 'NONE',  ( -40.55257305257448053, 12.00000000000000000, -70.00000000000000000 ) ) ;
#8402 = CARTESIAN_POINT ( 'NONE',  ( 0.000000000000000000, 85.00000000000000000, 0.000000000000000000 ) ) ;
#8403 =( NAMED_UNIT ( * ) PLANE_ANGLE_UNIT ( ) SI_UNIT ( $, .RADIAN. ) );
#8404 = DIRECTION ( 'NONE',  ( -0.000000000000000000, -1.000000000000000000, -0.000000000000000000 ) ) ;
#8405 = EDGE_LOOP ( 'NONE', ( #1680, #3144, #802, #10143 ) ) ;
#8406 = CALENDAR_DATE ( 2026, 29, 7 ) ;
#8407 = EDGE_CURVE ( 'NONE', #7373, #6201, #6355, .T. ) ;
#8408 = DIRECTION ( 'NONE',  ( -0.000000000000000000, -1.000000000000000000, -0.000000000000000000 ) ) ;
#8409 = DIRECTION ( 'NONE',  ( 0.000000000000000000, 0.000000000000000000, -1.000000000000000000 ) ) ;
#8410 = PERSON_AND_ORGANIZATION ( #5046, #9322 ) ;
#8411 = DIRECTION ( 'NONE',  ( 0.000000000000000000, 1.000000000000000000, 0.000000000000000000 ) ) ;
#8412 = ORIENTED_EDGE ( 'NONE', *, *, #1773, .T. ) ;
#8413 = LINE ( 'NONE', #3618, #9512 ) ;
#8414 = FACE_OUTER_BOUND ( 'NONE', #11365, .T. ) ;
#8415 = LINE ( 'NONE', #8471, #289 ) ;
#8416 = CALENDAR_DATE ( 2026, 29, 7 ) ;
#8417 = SHAPE_REPRESENTATION ( 'FD-008_separator_block', ( #2596 ), #3191 ) ;
#8418 = ADVANCED_FACE ( 'NONE', ( #5798 ), #4829, .F. ) ;
#8419 = ADVANCED_FACE ( 'NONE', ( #9470 ), #6855, .F. ) ;
#8420 = ORIENTED_EDGE ( 'NONE', *, *, #7094, .F. ) ;
#8421 = AXIS2_PLACEMENT_3D ( 'NONE', #6831, #7683, #3320 ) ;
#8422 = ORIENTED_EDGE ( 'NONE', *, *, #3971, .F. ) ;
#8423 = FACE_OUTER_BOUND ( 'NONE', #9402, .T. ) ;
#8424 = DIRECTION ( 'NONE',  ( 0.000000000000000000, 0.000000000000000000, -1.000000000000000000 ) ) ;
#8425 = DIRECTION ( 'NONE',  ( -1.000000000000000000, 0.000000000000000000, 0.000000000000000000 ) ) ;
#8426 = LINE ( 'NONE', #7570, #6200 ) ;
#8427 = LINE ( 'NONE', #6472, #10908 ) ;
#8428 = CIRCLE ( 'NONE', #9395, 2.877277303556590393 ) ;
#8429 =( NAMED_UNIT ( * ) SI_UNIT ( $, .STERADIAN. ) SOLID_ANGLE_UNIT ( ) );
#8430 = EDGE_CURVE ( 'NONE', #9485, #1458, #10435, .T. ) ;
#8431 = CARTESIAN_POINT ( 'NONE',  ( -120.1043392264672747, 14.00000000000000000, 49.74884620746166064 ) ) ;
#8433 = VERTEX_POINT ( 'NONE', #5077 ) ;
#8432 = VERTEX_POINT ( 'NONE', #7648 ) ;
#8434 = AXIS2_PLACEMENT_3D ( 'NONE', #2081, #9508, #1182 ) ;
#8435 = ORIENTED_EDGE ( 'NONE', *, *, #1711, .T. ) ;
#8436 =( GEOMETRIC_REPRESENTATION_CONTEXT ( 3 ) GLOBAL_UNCERTAINTY_ASSIGNED_CONTEXT ( ( #2790 ) ) GLOBAL_UNIT_ASSIGNED_CONTEXT ( ( #8203, #11865, #1745 ) ) REPRESENTATION_CONTEXT ( 'NONE', 'WORKASPACE' ) );
#8437 = LINE ( 'NONE', #9, #7414 ) ;
#8438 = DIRECTION ( 'NONE',  ( -0.000000000000000000, -1.000000000000000000, -0.000000000000000000 ) ) ;
#8439 = ORIENTED_EDGE ( 'NONE', *, *, #4715, .F. ) ;
#8440 = ORIENTED_EDGE ( 'NONE', *, *, #1904, .F. ) ;
#8441 = CC_DESIGN_PERSON_AND_ORGANIZATION_ASSIGNMENT ( #8522, #3116, ( #5740 ) ) ;
#8442 = CARTESIAN_POINT ( 'NONE',  ( -50.22628862590825349, 28.00000000000000000, -35.26296589018186012 ) ) ;
#8443 = ORIENTED_EDGE ( 'NONE', *, *, #2766, .F. ) ;
#8444 = AXIS2_PLACEMENT_3D ( 'NONE', #5157, #5339, #11820 ) ;
#8445 = DIRECTION ( 'NONE',  ( -0.000000000000000000, -0.000000000000000000, 1.000000000000000000 ) ) ;
#8446 = LOCAL_TIME ( 1, 42, 14.00000000000000000, #156 ) ;
#8447 = DATE_AND_TIME ( #72, #5810 ) ;
#8448 = ORIENTED_EDGE ( 'NONE', *, *, #6566, .T. ) ;
#8449 = APPROVAL_STATUS ( 'not_yet_approved' ) ;
#8450 =( REPRESENTATION_RELATIONSHIP ('NONE','NONE', #8109, #5212 ) REPRESENTATION_RELATIONSHIP_WITH_TRANSFORMATION ( #2616 )SHAPE_REPRESENTATION_RELATIONSHIP( ) );
#8451 = ORIENTED_EDGE ( 'NONE', *, *, #721, .F. ) ;
#8452 = AXIS2_PLACEMENT_3D ( 'NONE', #4665, #8391, #3759 ) ;
#8453 = SECURITY_CLASSIFICATION ( '', '', #5292 ) ;
#8454 = CARTESIAN_POINT ( 'NONE',  ( 35.00000000000000000, 26.00000000000000000, 10.00000000000000000 ) ) ;
#8455 = EDGE_CURVE ( 'NONE', #7720, #11459, #6725, .T. ) ;
#8456 = DIRECTION ( 'NONE',  ( -0.000000000000000000, -1.000000000000000000, -0.000000000000000000 ) ) ;
#8457 = DIRECTION ( 'NONE',  ( 0.000000000000000000, 1.000000000000000000, 0.000000000000000000 ) ) ;
#8458 = SHAPE_REPRESENTATION_RELATIONSHIP ( 'NONE' , 'NONE' ,  #963, #5204 ) ;
#8459 = DIRECTION ( 'NONE',  ( 0.000000000000000000, 1.000000000000000000, 0.000000000000000000 ) ) ;
#8460 = VERTEX_POINT ( 'NONE', #1266 ) ;
#8461 = APPROVAL_STATUS ( 'not_yet_approved' ) ;
#8462 = CONTEXT_DEPENDENT_SHAPE_REPRESENTATION ( #8612, #6418 ) ;
#8463 = EDGE_CURVE ( 'NONE', #196, #7421, #6790, .T. ) ;
#8464 = CARTESIAN_POINT ( 'NONE',  ( -46.15384615384615330, 12.00000000000000000, 74.88461538461540101 ) ) ;
#8465 = DIRECTION ( 'NONE',  ( 0.000000000000000000, 0.000000000000000000, 1.000000000000000000 ) ) ;
#8466 = DATE_TIME_ROLE ( 'classification_date' ) ;
#8467 = CYLINDRICAL_SURFACE ( 'NONE', #1546, 6.000000000000000888 ) ;
#8468 = ORIENTED_EDGE ( 'NONE', *, *, #1214, .F. ) ;
#8469 = CARTESIAN_POINT ( 'NONE',  ( -284.3874821936960871, 12.00000000000000000, 39.00000000000000711 ) ) ;
#8470 = DIRECTION ( 'NONE',  ( 0.000000000000000000, 0.000000000000000000, 1.000000000000000000 ) ) ;
#8471 = CARTESIAN_POINT ( 'NONE',  ( -60.00000000000000000, 0.000000000000000000, 90.00000000000000000 ) ) ;
#8472 = EDGE_CURVE ( 'NONE', #4183, #8390, #10624, .T. ) ;
#8473 = PERSON_AND_ORGANIZATION ( #2011, #2802 ) ;
#8474 = CIRCLE ( 'NONE', #3248, 4.499999999999997335 ) ;
#8475 = ORIENTED_EDGE ( 'NONE', *, *, #1661, .T. ) ;
#8476 = CARTESIAN_POINT ( 'NONE',  ( -450.0000000000000000, 16.00000000000000000, 210.0000000000000284 ) ) ;
#8477 = LINE ( 'NONE', #415, #651 ) ;
#8478 = FACE_BOUND ( 'NONE', #7410, .T. ) ;
#8479 = VERTEX_POINT ( 'NONE', #1206 ) ;
#8480 = EDGE_CURVE ( 'NONE', #1682, #6574, #2296, .T. ) ;
#8481 = DIRECTION ( 'NONE',  ( 0.000000000000000000, 0.000000000000000000, 1.000000000000000000 ) ) ;
#8482 = DIRECTION ( 'NONE',  ( 0.000000000000000000, 1.000000000000000000, 0.000000000000000000 ) ) ;
#8483 = EDGE_CURVE ( 'NONE', #11441, #8277, #7773, .T. ) ;
#8484 = PERSON_AND_ORGANIZATION ( #10739, #3515 ) ;
#8485 = VECTOR ( 'NONE', #4204, 1000.000000000000000 ) ;
#8486 = ADVANCED_FACE ( 'NONE', ( #11559 ), #4065, .F. ) ;
#8487 = DIRECTION ( 'NONE',  ( -1.000000000000000000, 0.000000000000000000, -0.000000000000000000 ) ) ;
#8489 = EDGE_LOOP ( 'NONE', ( #1663, #2473, #6740, #9819 ) ) ;
#8488 = ORIENTED_EDGE ( 'NONE', *, *, #2325, .F. ) ;
#8490 = VERTEX_POINT ( 'NONE', #11498 ) ;
#8491 = AXIS2_PLACEMENT_3D ( 'NONE', #7705, #8742, #4130 ) ;
#8492 = CYLINDRICAL_SURFACE ( 'NONE', #7916, 3.249999999999999556 ) ;
#8493 = CARTESIAN_POINT ( 'NONE',  ( 0.000000000000000000, 22.00000000000000000, 0.000000000000000000 ) ) ;
#8495 = AXIS2_PLACEMENT_3D ( 'NONE', #10035, #7073, #10900 ) ;
#8494 = DIRECTION ( 'NONE',  ( 0.000000000000000000, 0.000000000000000000, -1.000000000000000000 ) ) ;
#8496 = VECTOR ( 'NONE', #8043, 1000.000000000000000 ) ;
#8497 = ORIENTED_EDGE ( 'NONE', *, *, #1217, .T. ) ;
#8498 = ADVANCED_FACE ( 'NONE', ( #1141 ), #7585, .F. ) ;
#8499 = EDGE_CURVE ( 'NONE', #9741, #11650, #5736, .T. ) ;
#8500 = DIRECTION ( 'NONE',  ( 1.000000000000000000, -0.000000000000000000, 0.000000000000000000 ) ) ;
#8501 = DIRECTION ( 'NONE',  ( 0.000000000000000000, 0.000000000000000000, 1.000000000000000000 ) ) ;
#8502 = ORIENTED_EDGE ( 'NONE', *, *, #178, .F. ) ;
#8503 = CIRCLE ( 'NONE', #2676, 200.0000000000000000 ) ;
#8504 = DIRECTION ( 'NONE',  ( 0.000000000000000000, 1.000000000000000000, 0.000000000000000000 ) ) ;
#8505 = DATE_AND_TIME ( #4775, #6592 ) ;
#8506 = AXIS2_PLACEMENT_3D ( 'NONE', #5594, #9320, #2993 ) ;
#8507 = EDGE_LOOP ( 'NONE', ( #1754, #4610, #5639, #6069, #10618, #8497 ) ) ;
#8508 = APPROVAL_DATE_TIME ( #2785, #5081 ) ;
#8509 = ORIENTED_EDGE ( 'NONE', *, *, #11450, .T. ) ;
#8510 = CC_DESIGN_PERSON_AND_ORGANIZATION_ASSIGNMENT ( #11125, #8261, ( #7984 ) ) ;
#8511 = APPROVAL ( #2909, 'UNKNOWN' ) ;
#8512 = AXIS2_PLACEMENT_3D ( 'NONE', #3057, #9623, #11218 ) ;
#8513 = ORIENTED_EDGE ( 'NONE', *, *, #11528, .T. ) ;
#8514 = ADVANCED_FACE ( 'NONE', ( #4363 ), #11799, .T. ) ;
#8515 = DIRECTION ( 'NONE',  ( -0.000000000000000000, -0.000000000000000000, 1.000000000000000000 ) ) ;
#8516 = ORIENTED_EDGE ( 'NONE', *, *, #7191, .F. ) ;
#8517 = DIRECTION ( 'NONE',  ( -0.000000000000000000, -1.000000000000000000, -0.000000000000000000 ) ) ;
#8518 = LINE ( 'NONE', #2795, #10668 ) ;
#8519 = DIRECTION ( 'NONE',  ( 0.000000000000000000, -1.000000000000000000, 6.123233995736766036E-17 ) ) ;
#8520 = CARTESIAN_POINT ( 'NONE',  ( 310.0000000000000000, 12.00000000000000000, -48.00000000000000000 ) ) ;
#8521 = EDGE_LOOP ( 'NONE', ( #2659, #4784 ) ) ;
#8522 = PERSON_AND_ORGANIZATION ( #2011, #2802 ) ;
#8523 = AXIS2_PLACEMENT_3D ( 'NONE', #1361, #4157, #3244 ) ;
#8524 = DIRECTION ( 'NONE',  ( -0.000000000000000000, 1.000000000000000000, -0.000000000000000000 ) ) ;
#8525 = COORDINATED_UNIVERSAL_TIME_OFFSET ( 8, 0, .AHEAD. ) ;
#8526 = AXIS2_PLACEMENT_3D ( 'NONE', #984, #2917, #1996 ) ;
#8527 = EDGE_CURVE ( 'NONE', #2404, #6574, #1124, .T. ) ;
#8528 = CARTESIAN_POINT ( 'NONE',  ( 27.50000000000000000, 85.00000000000000000, 21.00000000000000000 ) ) ;
#8529 = CARTESIAN_POINT ( 'NONE',  ( -40.00000000000000000, 0.000000000000000000, 3.500000000000000000 ) ) ;
#8530 = APPROVAL_STATUS ( 'not_yet_approved' ) ;
#8531 = DIRECTION ( 'NONE',  ( 0.000000000000000000, -1.000000000000000000, 0.000000000000000000 ) ) ;
#8532 = AXIS2_PLACEMENT_3D ( 'NONE', #9704, #2029, #5724 ) ;
#8533 = LINE ( 'NONE', #3126, #496 ) ;
#8534 = ADVANCED_FACE ( 'NONE', ( #618 ), #5138, .F. ) ;
#8535 = CARTESIAN_POINT ( 'NONE',  ( 0.000000000000000000, 60.00000000000000000, 0.000000000000000000 ) ) ;
#8536 = CARTESIAN_POINT ( 'NONE',  ( 0.000000000000000000, 85.00000000000000000, -5.000000000000000000 ) ) ;
#8537 = DIRECTION ( 'NONE',  ( 0.000000000000000000, 0.000000000000000000, -1.000000000000000000 ) ) ;
#8538 = APPROVAL_ROLE ( '' ) ;
#8539 = LOCAL_TIME ( 1, 42, 14.00000000000000000, #1418 ) ;
#8540 = AXIS2_PLACEMENT_3D ( 'NONE', #11845, #11731, #10799 ) ;
#8541 = ORIENTED_EDGE ( 'NONE', *, *, #9629, .F. ) ;
#8542 = VERTEX_POINT ( 'NONE', #2361 ) ;
#8543 = DIRECTION ( 'NONE',  ( 0.000000000000000000, -1.000000000000000000, 0.000000000000000000 ) ) ;
#8544 = EDGE_CURVE ( 'NONE', #11552, #629, #11626, .T. ) ;
#8545 = CARTESIAN_POINT ( 'NONE',  ( -450.0000000000000000, 0.000000000000000000, 210.0000000000000000 ) ) ;
#8546 = CARTESIAN_POINT ( 'NONE',  ( 0.000000000000000000, 12.00000000000000000, -70.00000000000000000 ) ) ;
#8547 = ORIENTED_EDGE ( 'NONE', *, *, #825, .F. ) ;
#8548 = FACE_BOUND ( 'NONE', #1017, .T. ) ;
#8549 = CC_DESIGN_SECURITY_CLASSIFICATION ( #5615, ( #12037 ) ) ;
#8550 = DIRECTION ( 'NONE',  ( 0.000000000000000000, -0.000000000000000000, -1.000000000000000000 ) ) ;
#8551 = LOCAL_TIME ( 1, 42, 14.00000000000000000, #2368 ) ;
#8552 = PERSON_AND_ORGANIZATION ( #1300, #5432 ) ;
#8553 =( NAMED_UNIT ( * ) PLANE_ANGLE_UNIT ( ) SI_UNIT ( $, .RADIAN. ) );
#8554 = FACE_OUTER_BOUND ( 'NONE', #2838, .T. ) ;
#8555 = PERSON ( 'NAUO-PER6', 'UNSPECIFIED', 'UNSPECIFIED', ('UNSPECIFIED'), ('UNSPECIFIED'), ('UNSPECIFIED') ) ;
#8557 = VERTEX_POINT ( 'NONE', #1451 ) ;
#8556 = ORIENTED_EDGE ( 'NONE', *, *, #4844, .T. ) ;
#8558 = ORGANIZATION ( 'NAUO-ORG28', 'UNSPECIFIED', 'UNSPECIFIED' ) ;
#8559 = LOCAL_TIME ( 1, 42, 14.00000000000000000, #4346 ) ;
#8560 = ORIENTED_EDGE ( 'NONE', *, *, #9850, .F. ) ;
#8561 = FACE_OUTER_BOUND ( 'NONE', #11354, .T. ) ;
#8562 = DIRECTION ( 'NONE',  ( 0.000000000000000000, 0.000000000000000000, -1.000000000000000000 ) ) ;
#8563 = DIRECTION ( 'NONE',  ( -0.000000000000000000, -1.000000000000000000, -0.000000000000000000 ) ) ;
#8564 = EDGE_LOOP ( 'NONE', ( #2533, #8974, #6545, #9587 ) ) ;
#8565 = ORIENTED_EDGE ( 'NONE', *, *, #4582, .F. ) ;
#8566 = CARTESIAN_POINT ( 'NONE',  ( -64.58429561200924240, 10.00000000000000000, 45.58891454965358037 ) ) ;
#8567 = ORIENTED_EDGE ( 'NONE', *, *, #7753, .T. ) ;
#8568 = DIRECTION ( 'NONE',  ( 0.000000000000000000, 0.000000000000000000, 1.000000000000000000 ) ) ;
#8569 = PERSON_AND_ORGANIZATION_ROLE ( 'classification_officer' ) ;
#8570 = VECTOR ( 'NONE', #11925, 1000.000000000000000 ) ;
#8571 = FACE_BOUND ( 'NONE', #6379, .T. ) ;
#8572 = PERSON_AND_ORGANIZATION_ROLE ( 'design_owner' ) ;
#8573 = EDGE_CURVE ( 'NONE', #11431, #4121, #4317, .T. ) ;
#8574 = ORIENTED_EDGE ( 'NONE', *, *, #2343, .F. ) ;
#8575 = SECURITY_CLASSIFICATION_LEVEL ( 'unclassified' ) ;
#8576 = EDGE_CURVE ( 'NONE', #5804, #11630, #7967, .T. ) ;
#8577 = VERTEX_POINT ( 'NONE', #2477 ) ;
#8578 = ORIENTED_EDGE ( 'NONE', *, *, #2138, .F. ) ;
#8579 = VECTOR ( 'NONE', #5078, 1000.000000000000000 ) ;
#8580 = CARTESIAN_POINT ( 'NONE',  ( 0.000000000000000000, 14.00000000000000000, 0.000000000000000000 ) ) ;
#8581 = CARTESIAN_POINT ( 'NONE',  ( 0.000000000000000000, 70.00000000000000000, -52.50000000000000000 ) ) ;
#8582 = DIRECTION ( 'NONE',  ( 0.000000000000000000, 0.000000000000000000, -1.000000000000000000 ) ) ;
#8583 = FACE_OUTER_BOUND ( 'NONE', #8205, .T. ) ;
#8584 = ORIENTED_EDGE ( 'NONE', *, *, #8076, .T. ) ;
#8585 = APPROVAL_DATE_TIME ( #4852, #1309 ) ;
#8586 = AXIS2_PLACEMENT_3D ( 'NONE', #11741, #3514, #7901 ) ;
#8587 = EDGE_CURVE ( 'NONE', #7601, #1407, #9479, .T. ) ;
#8588 = CARTESIAN_POINT ( 'NONE',  ( 40.00000000000000000, 18.00000000000000000, -3.500000000000000000 ) ) ;
#8589 = APPROVAL_STATUS ( 'not_yet_approved' ) ;
#8590 = DIRECTION ( 'NONE',  ( 0.000000000000000000, 0.000000000000000000, 1.000000000000000000 ) ) ;
#8591 = CONTEXT_DEPENDENT_SHAPE_REPRESENTATION ( #9857, #5530 ) ;
#8592 = CYLINDRICAL_SURFACE ( 'NONE', #8715, 2.627218626017918446 ) ;
#8593 = ORIENTED_EDGE ( 'NONE', *, *, #1654, .T. ) ;
#8594 = CIRCLE ( 'NONE', #8215, 5.499999999999998224 ) ;
#8595 = CARTESIAN_POINT ( 'NONE',  ( 0.000000000000000000, 18.00000000000000355, 0.000000000000000000 ) ) ;
#8596 = CARTESIAN_POINT ( 'NONE',  ( 0.000000000000000000, 12.00000000000000000, 0.000000000000000000 ) ) ;
#8597 = APPROVAL_STATUS ( 'not_yet_approved' ) ;
#8598 = CC_DESIGN_DATE_AND_TIME_ASSIGNMENT ( #10174, #4807, ( #4558 ) ) ;
#8599 = DIRECTION ( 'NONE',  ( 0.000000000000000000, 0.000000000000000000, 1.000000000000000000 ) ) ;
#8600 = PERSON_AND_ORGANIZATION_ROLE ( 'creator' ) ;
#8601 = PERSON_AND_ORGANIZATION ( #2011, #2802 ) ;
#8602 = EDGE_CURVE ( 'NONE', #7383, #9104, #1631, .T. ) ;
#8603 = EDGE_LOOP ( 'NONE', ( #9209, #2644, #3206, #7619, #8263, #11719, #4556, #11492 ) ) ;
#8604 = CARTESIAN_POINT ( 'NONE',  ( 0.000000000000000000, 10.00000000000000000, 0.000000000000000000 ) ) ;
#8605 = CARTESIAN_POINT ( 'NONE',  ( 51.28027681660910275, 72.00000000000000000, 27.34948096885814550 ) ) ;
#8606 = CYLINDRICAL_SURFACE ( 'NONE', #5571, 52.50000000000000000 ) ;
#8607 = CARTESIAN_POINT ( 'NONE',  ( 0.000000000000000000, 0.000000000000000000, 0.000000000000000000 ) ) ;
#8608 = CARTESIAN_POINT ( 'NONE',  ( -297.5999999999999659, 34.00000000000000000, -39.00000000000000000 ) ) ;
#8609 = DIRECTION ( 'NONE',  ( 0.000000000000000000, 0.000000000000000000, -1.000000000000000000 ) ) ;
#8610 = ADVANCED_FACE ( 'NONE', ( #3402 ), #5316, .F. ) ;
#8611 = MECHANICAL_CONTEXT ( 'NONE', #926, 'mechanical' ) ;
#8612 =( REPRESENTATION_RELATIONSHIP ('NONE','NONE', #10121, #8109 ) REPRESENTATION_RELATIONSHIP_WITH_TRANSFORMATION ( #6508 )SHAPE_REPRESENTATION_RELATIONSHIP( ) );
#8613 = LINE ( 'NONE', #11302, #5757 ) ;
#8614 = VECTOR ( 'NONE', #8456, 1000.000000000000000 ) ;
#8616 = ORIENTED_EDGE ( 'NONE', *, *, #5631, .F. ) ;
#8615 = ORIENTED_EDGE ( 'NONE', *, *, #9645, .T. ) ;
#8617 = ORIENTED_EDGE ( 'NONE', *, *, #140, .F. ) ;
#8618 = CYLINDRICAL_SURFACE ( 'NONE', #730, 7.000000000000026645 ) ;
#8619 = PLANE ( 'NONE',  #7611 ) ;
#8620 = CARTESIAN_POINT ( 'NONE',  ( 60.00000000000000000, 12.00000000000000000, -90.00000000000000000 ) ) ;
#8621 = AXIS2_PLACEMENT_3D ( 'NONE', #10664, #9570, #3249 ) ;
#8622 = ORIENTED_EDGE ( 'NONE', *, *, #5563, .T. ) ;
#8623 = CARTESIAN_POINT ( 'NONE',  ( 0.000000000000000000, 20.00000000000000000, 0.000000000000000000 ) ) ;
#8624 = ORIENTED_EDGE ( 'NONE', *, *, #4060, .T. ) ;
#8625 = FACE_OUTER_BOUND ( 'NONE', #3879, .T. ) ;
#8626 = ORIENTED_EDGE ( 'NONE', *, *, #6894, .T. ) ;
#8627 = FACE_BOUND ( 'NONE', #1539, .T. ) ;
#8628 = ADVANCED_FACE ( 'NONE', ( #1581 ), #3279, .F. ) ;
#8629 = SECURITY_CLASSIFICATION_LEVEL ( 'unclassified' ) ;
#8630 = AXIS2_PLACEMENT_3D ( 'NONE', #10347, #2813, #4634 ) ;
#8631 = VERTEX_POINT ( 'NONE', #7222 ) ;
#8632 = COORDINATED_UNIVERSAL_TIME_OFFSET ( 8, 0, .AHEAD. ) ;
#8633 = VECTOR ( 'NONE', #702, 1000.000000000000000 ) ;
#8634 = ORIENTED_EDGE ( 'NONE', *, *, #1344, .T. ) ;
#8635 = CARTESIAN_POINT ( 'NONE',  ( -53.88728323699420741, 0.000000000000000000, 35.80573605599902010 ) ) ;
#8636 = EDGE_CURVE ( 'NONE', #5387, #5143, #10929, .T. ) ;
#8637 = LOCAL_TIME ( 1, 42, 14.00000000000000000, #5548 ) ;
#8638 = CARTESIAN_POINT ( 'NONE',  ( 46.15384615384618172, 12.00000000000000000, -69.23076923076924061 ) ) ;
#8639 = DIRECTION ( 'NONE',  ( -0.000000000000000000, -1.000000000000000000, -0.000000000000000000 ) ) ;
#8640 = VERTEX_POINT ( 'NONE', #8141 ) ;
#8641 = ADVANCED_FACE ( 'NONE', ( #5375 ), #11742, .F. ) ;
#8642 = DIRECTION ( 'NONE',  ( 6.123233995736766036E-17, -1.000000000000000000, 0.000000000000000000 ) ) ;
#8643 = DIRECTION ( 'NONE',  ( -0.000000000000000000, -1.000000000000000000, -0.000000000000000000 ) ) ;
#8644 = ORIENTED_EDGE ( 'NONE', *, *, #3541, .T. ) ;
#8645 = APPROVAL_DATE_TIME ( #7925, #5001 ) ;
#8646 = EDGE_CURVE ( 'NONE', #1136, #253, #10694, .T. ) ;
#8647 = CARTESIAN_POINT ( 'NONE',  ( 163.1999999999999886, 42.00000000000000000, 56.99999999999999289 ) ) ;
#8648 = DATE_AND_TIME ( #8892, #7024 ) ;
#8649 = VECTOR ( 'NONE', #6196, 1000.000000000000000 ) ;
#8650 = EDGE_LOOP ( 'NONE', ( #11155, #5132, #3291, #10374 ) ) ;
#8651 = APPROVAL_PERSON_ORGANIZATION ( #6342, #9486, #6283 ) ;
#8652 = CARTESIAN_POINT ( 'NONE',  ( 60.00000000000000000, 0.000000000000000000, -90.00000000000000000 ) ) ;
#8653 = AXIS2_PLACEMENT_3D ( 'NONE', #5703, #11402, #6634 ) ;
#8654 = CARTESIAN_POINT ( 'NONE',  ( 140.5000000000000000, 10.00000000000000000, 31.00000000000000000 ) ) ;
#8655 = EDGE_CURVE ( 'NONE', #7992, #8038, #7046, .T. ) ;
#8656 = DIRECTION ( 'NONE',  ( 0.000000000000000000, -1.000000000000000000, 0.000000000000000000 ) ) ;
#8657 = CARTESIAN_POINT ( 'NONE',  ( 170.0000000000000000, 10.00000000000000000, 65.00000000000000000 ) ) ;
#8658 = DIRECTION ( 'NONE',  ( 0.000000000000000000, 1.000000000000000000, 0.000000000000000000 ) ) ;
#8659 = APPLICATION_PROTOCOL_DEFINITION ( 'international standard', 'config_control_design', 1994, #8681 ) ;
#8660 = COORDINATED_UNIVERSAL_TIME_OFFSET ( 8, 0, .AHEAD. ) ;
#8661 = ORIENTED_EDGE ( 'NONE', *, *, #3119, .F. ) ;
#8662 = PRODUCT_DEFINITION ( 'æœ', '', #199, #11084 ) ;
#8663 = FACE_BOUND ( 'NONE', #11334, .T. ) ;
#8664 = CC_DESIGN_PERSON_AND_ORGANIZATION_ASSIGNMENT ( #3803, #1130, ( #5615 ) ) ;
#8665 = CARTESIAN_POINT ( 'NONE',  ( -385.0000000000002274, 8.000000000000000000, 130.0000000000000284 ) ) ;
#8666 = LINE ( 'NONE', #8546, #5384 ) ;
#8667 = EDGE_LOOP ( 'NONE', ( #6553, #7363, #5004, #4498 ) ) ;
#8668 = DIRECTION ( 'NONE',  ( -0.000000000000000000, -1.000000000000000000, -0.000000000000000000 ) ) ;
#8669 = DIRECTION ( 'NONE',  ( -1.000000000000000000, 0.000000000000000000, 0.000000000000000000 ) ) ;
#8670 = CARTESIAN_POINT ( 'NONE',  ( 0.000000000000000000, 170.0000000000000000, 0.000000000000000000 ) ) ;
#8671 = PERSON_AND_ORGANIZATION ( #2011, #2802 ) ;
#8672 = DIRECTION ( 'NONE',  ( 0.000000000000000000, -0.000000000000000000, 1.000000000000000000 ) ) ;
#8673 = ORIENTED_EDGE ( 'NONE', *, *, #9850, .T. ) ;
#8674 = EDGE_LOOP ( 'NONE', ( #9011, #7768, #9861 ) ) ;
#8675 = CC_DESIGN_PERSON_AND_ORGANIZATION_ASSIGNMENT ( #9281, #7575, ( #5061 ) ) ;
#8676 = LINE ( 'NONE', #1977, #11004 ) ;
#8677 = DIRECTION ( 'NONE',  ( -0.000000000000000000, 1.000000000000000000, -0.000000000000000000 ) ) ;
#8678 = DIRECTION ( 'NONE',  ( 0.000000000000000000, 0.000000000000000000, -1.000000000000000000 ) ) ;
#8679 = ORIENTED_EDGE ( 'NONE', *, *, #10536, .F. ) ;
#8680 = DIRECTION ( 'NONE',  ( -0.000000000000000000, -0.000000000000000000, 1.000000000000000000 ) ) ;
#8681 = APPLICATION_CONTEXT ( 'configuration controlled 3d designs of mechanical parts and assemblies' ) ;
#8682 = AXIS2_PLACEMENT_3D ( 'NONE', #10074, #5610, #6421 ) ;
#8683 = VERTEX_POINT ( 'NONE', #6121 ) ;
#8684 = EDGE_CURVE ( 'NONE', #9357, #2944, #9835, .T. ) ;
#8685 = CARTESIAN_POINT ( 'NONE',  ( -67.50000000000000000, 0.000000000000000000, 36.00000000000000000 ) ) ;
#8686 = EDGE_LOOP ( 'NONE', ( #9113, #11099, #9430, #5918 ) ) ;
#8687 = CARTESIAN_POINT ( 'NONE',  ( -420.0000000000000000, 8.000000000000000000, 184.5000000000000284 ) ) ;
#8688 = CALENDAR_DATE ( 2026, 29, 7 ) ;
#8689 = VECTOR ( 'NONE', #8409, 1000.000000000000000 ) ;
#8690 = VERTEX_POINT ( 'NONE', #8992 ) ;
#8691 = CALENDAR_DATE ( 2026, 29, 7 ) ;
#8692 = VECTOR ( 'NONE', #5368, 1000.000000000000000 ) ;
#8693 = ORIENTED_EDGE ( 'NONE', *, *, #1260, .T. ) ;
#8694 = ORIENTED_EDGE ( 'NONE', *, *, #8720, .F. ) ;
#8695 = EDGE_CURVE ( 'NONE', #2657, #2513, #8503, .T. ) ;
#8696 = CARTESIAN_POINT ( 'NONE',  ( 0.000000000000000000, 225.0000000000000000, 0.000000000000000000 ) ) ;
#8697 = VECTOR ( 'NONE', #2833, 1000.000000000000000 ) ;
#8698 = FACE_OUTER_BOUND ( 'NONE', #10654, .T. ) ;
#8699 = DIRECTION ( 'NONE',  ( 0.000000000000000000, 1.000000000000000000, 0.000000000000000000 ) ) ;
#8700 = ORIENTED_EDGE ( 'NONE', *, *, #11561, .T. ) ;
#8701 =( NAMED_UNIT ( * ) SI_UNIT ( $, .STERADIAN. ) SOLID_ANGLE_UNIT ( ) );
#8702 = PLANE ( 'NONE',  #6498 ) ;
#8703 = ORIENTED_EDGE ( 'NONE', *, *, #10678, .T. ) ;
#8704 = DATE_AND_TIME ( #11587, #8539 ) ;
#8705 = DIRECTION ( 'NONE',  ( 0.000000000000000000, -0.000000000000000000, 1.000000000000000000 ) ) ;
#8706 = DATE_AND_TIME ( #4214, #428 ) ;
#8707 = ORIENTED_EDGE ( 'NONE', *, *, #9283, .F. ) ;
#8708 = VECTOR ( 'NONE', #7821, 1000.000000000000000 ) ;
#8709 = DIRECTION ( 'NONE',  ( -1.000000000000000000, -0.000000000000000000, -0.000000000000000000 ) ) ;
#8710 = AXIS2_PLACEMENT_3D ( 'NONE', #7385, #5711, #2932 ) ;
#8711 = APPROVAL_ROLE ( '' ) ;
#8712 = CARTESIAN_POINT ( 'NONE',  ( 0.000000000000000000, 60.00000000000000000, 0.000000000000000000 ) ) ;
#8713 = DIRECTION ( 'NONE',  ( 0.000000000000000000, 1.000000000000000000, 0.000000000000000000 ) ) ;
#8714 = DIRECTION ( 'NONE',  ( 0.000000000000000000, 1.000000000000000000, 0.000000000000000000 ) ) ;
#8715 = AXIS2_PLACEMENT_3D ( 'NONE', #11342, #335, #11468 ) ;
#8716 = CARTESIAN_POINT ( 'NONE',  ( -46.15384615384615330, 12.00000000000000000, -74.88461538461540101 ) ) ;
#8717 = APPLICATION_PROTOCOL_DEFINITION ( 'international standard', 'config_control_design', 1994, #6124 ) ;
#8718 = AXIS2_PLACEMENT_3D ( 'NONE', #1366, #7939, #10599 ) ;
#8719 = PERSON_AND_ORGANIZATION ( #2011, #2802 ) ;
#8720 = EDGE_CURVE ( 'NONE', #7183, #6848, #9090, .T. ) ;
#8721 = ORIENTED_EDGE ( 'NONE', *, *, #9877, .T. ) ;
#8722 = VECTOR ( 'NONE', #1425, 1000.000000000000000 ) ;
#8723 = CARTESIAN_POINT ( 'NONE',  ( 51.28027681660910986, 72.00000000000000000, -31.56920415224907828 ) ) ;
#8724 = DIRECTION ( 'NONE',  ( 0.000000000000000000, 0.000000000000000000, 1.000000000000000000 ) ) ;
#8725 = DIRECTION ( 'NONE',  ( 0.000000000000000000, -1.000000000000000000, 0.000000000000000000 ) ) ;
#8726 = EDGE_LOOP ( 'NONE', ( #326, #6464, #9138, #3359 ) ) ;
#8727 = DIRECTION ( 'NONE',  ( 0.000000000000000000, -1.000000000000000000, 0.000000000000000000 ) ) ;
#8728 = CARTESIAN_POINT ( 'NONE',  ( -297.5999999999999659, 34.00000000000000000, -39.00000000000000000 ) ) ;
#8729 = FACE_OUTER_BOUND ( 'NONE', #3823, .T. ) ;
#8730 = CALENDAR_DATE ( 2026, 29, 7 ) ;
#8731 = EDGE_LOOP ( 'NONE', ( #5399, #10264, #9247, #293 ) ) ;
#8732 = LOCAL_TIME ( 1, 42, 14.00000000000000000, #6878 ) ;
#8733 = VECTOR ( 'NONE', #10942, 1000.000000000000000 ) ;
#8734 = CARTESIAN_POINT ( 'NONE',  ( 1.285879139104720791E-14, 22.00000000000000000, 105.0000000000000000 ) ) ;
#8737 = ORIENTED_EDGE ( 'NONE', *, *, #7509, .T. ) ;
#8736 = EDGE_CURVE ( 'NONE', #4146, #5760, #1965, .T. ) ;
#8735 = VERTEX_POINT ( 'NONE', #9162 ) ;
#8738 = ORIENTED_EDGE ( 'NONE', *, *, #1700, .F. ) ;
#8739 = DIRECTION ( 'NONE',  ( -0.000000000000000000, -1.000000000000000000, -0.000000000000000000 ) ) ;
#8740 = DIRECTION ( 'NONE',  ( 1.000000000000000000, -0.000000000000000000, 0.000000000000000000 ) ) ;
#8741 = SECURITY_CLASSIFICATION_LEVEL ( 'unclassified' ) ;
#8742 = DIRECTION ( 'NONE',  ( 0.000000000000000000, 1.000000000000000000, 0.000000000000000000 ) ) ;
#8743 = PRODUCT_DEFINITION_FORMATION_WITH_SPECIFIED_SOURCE ( 'ä»', '', #2542, .NOT_KNOWN. ) ;
#8744 = DIRECTION ( 'NONE',  ( 0.000000000000000000, 0.000000000000000000, -1.000000000000000000 ) ) ;
#8745 = EDGE_CURVE ( 'NONE', #9267, #455, #373, .T. ) ;
#8746 = DIRECTION ( 'NONE',  ( 0.000000000000000000, 0.000000000000000000, -1.000000000000000000 ) ) ;
#8747 = ORIENTED_EDGE ( 'NONE', *, *, #8864, .T. ) ;
#8748 = PRODUCT_DEFINITION ( 'æœ', '', #5911, #6319 ) ;
#8749 = CC_DESIGN_PERSON_AND_ORGANIZATION_ASSIGNMENT ( #8293, #5411, ( #8948 ) ) ;
#8750 = CARTESIAN_POINT ( 'NONE',  ( -64.58429561200924240, 10.00000000000000000, 41.50461893764433796 ) ) ;
#8752 = CALENDAR_DATE ( 2026, 29, 7 ) ;
#8751 = LOCAL_TIME ( 1, 42, 14.00000000000000000, #6593 ) ;
#8753 = APPROVAL_PERSON_ORGANIZATION ( #3636, #11283, #7628 ) ;
#8754 = ORIENTED_EDGE ( 'NONE', *, *, #8794, .T. ) ;
#8755 = PERSON_AND_ORGANIZATION_ROLE ( 'classification_officer' ) ;
#8756 = EDGE_LOOP ( 'NONE', ( #8885, #11289, #7653, #315 ) ) ;
#8757 = EDGE_CURVE ( 'NONE', #3753, #10140, #103, .T. ) ;
#8758 = APPLICATION_CONTEXT ( 'configuration controlled 3d designs of mechanical parts and assemblies' ) ;
#8759 = LINE ( 'NONE', #7615, #11233 ) ;
#8760 = EDGE_LOOP ( 'NONE', ( #1588, #3539 ) ) ;
#8761 = FACE_OUTER_BOUND ( 'NONE', #8860, .T. ) ;
#8762 = LOCAL_TIME ( 1, 42, 14.00000000000000000, #3963 ) ;
#8763 = CARTESIAN_POINT ( 'NONE',  ( -280.0000000000000000, 12.00000000000000000, 13.00000000000000000 ) ) ;
#8764 = CARTESIAN_POINT ( 'NONE',  ( -140.5000000000000000, 10.00000000000000000, 31.00000000000000000 ) ) ;
#8765 = ORIENTED_EDGE ( 'NONE', *, *, #8587, .F. ) ;
#8766 = CC_DESIGN_PERSON_AND_ORGANIZATION_ASSIGNMENT ( #3839, #4855, ( #9332 ) ) ;
#8767 = CARTESIAN_POINT ( 'NONE',  ( -55.15432893255070468, 90.00000000000000000, -55.15432893255069757 ) ) ;
#8768 = ORIENTED_EDGE ( 'NONE', *, *, #5952, .F. ) ;
#8769 = COORDINATED_UNIVERSAL_TIME_OFFSET ( 8, 0, .AHEAD. ) ;
#8770 = CARTESIAN_POINT ( 'NONE',  ( -30.00000000000000000, 12.00000000000000000, -27.94637722496424459 ) ) ;
#8771 = ADVANCED_FACE ( 'NONE', ( #5490 ), #4532, .T. ) ;
#8772 = ORGANIZATION ( 'NAUO-ORG10', 'UNSPECIFIED', 'UNSPECIFIED' ) ;
#8773 = ORIENTED_EDGE ( 'NONE', *, *, #5501, .T. ) ;
#8774 = VECTOR ( 'NONE', #305, 1000.000000000000000 ) ;
#8775 = CARTESIAN_POINT ( 'NONE',  ( 0.000000000000000000, 24.00000000000000000, -10.00000000000000000 ) ) ;
#8776 = DATE_TIME_ROLE ( 'classification_date' ) ;
#8777 = LINE ( 'NONE', #5959, #10265 ) ;
#8778 = LINE ( 'NONE', #10901, #873 ) ;
#8779 = LINE ( 'NONE', #9692, #1722 ) ;
#8780 = VECTOR ( 'NONE', #9533, 1000.000000000000000 ) ;
#8781 = CARTESIAN_POINT ( 'NONE',  ( 40.00000000000000000, 60.00000000000000000, 16.75000000000000000 ) ) ;
#8782 = APPROVAL_ROLE ( '' ) ;
#8783 = APPROVAL_DATE_TIME ( #7880, #7120 ) ;
#8784 = EDGE_CURVE ( 'NONE', #9831, #2331, #8255, .T. ) ;
#8785 = ORIENTED_EDGE ( 'NONE', *, *, #5470, .T. ) ;
#8786 = CARTESIAN_POINT ( 'NONE',  ( 297.5999999999999659, 12.00000000000000000, 0.000000000000000000 ) ) ;
#8787 = VECTOR ( 'NONE', #11524, 1000.000000000000000 ) ;
#8788 = LINE ( 'NONE', #476, #256 ) ;
#8789 = DIRECTION ( 'NONE',  ( 1.000000000000000000, -0.000000000000000000, 0.000000000000000000 ) ) ;
#8790 = VERTEX_POINT ( 'NONE', #787 ) ;
#8791 = CARTESIAN_POINT ( 'NONE',  ( 0.000000000000000000, 0.000000000000000000, -41.00000000000000000 ) ) ;
#8792 = CARTESIAN_POINT ( 'NONE',  ( -75.00000000000000000, 18.00000000000000000, -55.00000000000000000 ) ) ;
#8793 = CARTESIAN_POINT ( 'NONE',  ( 420.0000000000000000, 8.000000000000000000, -175.4999999999999716 ) ) ;
#8794 = EDGE_CURVE ( 'NONE', #9792, #1137, #11041, .T. ) ;
#8795 = APPROVAL_DATE_TIME ( #357, #11748 ) ;
#8796 = EDGE_CURVE ( 'NONE', #5987, #10712, #11924, .T. ) ;
#8797 = CARTESIAN_POINT ( 'NONE',  ( -40.00000000000000000, 0.000000000000000000, 17.51930530821583076 ) ) ;
#8799 = ORIENTED_EDGE ( 'NONE', *, *, #806, .T. ) ;
#8798 = ORIENTED_EDGE ( 'NONE', *, *, #3541, .F. ) ;
#8800 = ORIENTED_EDGE ( 'NONE', *, *, #3346, .F. ) ;
#8801 = CARTESIAN_POINT ( 'NONE',  ( -40.00000000000000000, 60.00000000000000000, -22.48069469178416924 ) ) ;
#8802 = CARTESIAN_POINT ( 'NONE',  ( -297.5999999999999659, 34.00000000000000000, -27.00000000000000355 ) ) ;
#8803 = DIRECTION ( 'NONE',  ( 0.000000000000000000, -1.000000000000000000, 0.000000000000000000 ) ) ;
#8804 = CARTESIAN_POINT ( 'NONE',  ( -40.00000000000000000, 0.000000000000000000, -22.48069469178416924 ) ) ;
#8805 = ADVANCED_FACE ( 'NONE', ( #10130 ), #6469, .F. ) ;
#8806 = AXIS2_PLACEMENT_3D ( 'NONE', #1716, #7426, #3661 ) ;
#8807 = ORIENTED_EDGE ( 'NONE', *, *, #7561, .T. ) ;
#8808 = LINE ( 'NONE', #2640, #4915 ) ;
#8809 = ORIENTED_EDGE ( 'NONE', *, *, #766, .F. ) ;
#8810 = LINE ( 'NONE', #11382, #2272 ) ;
#8811 = SHAPE_DEFINITION_REPRESENTATION ( #7991, #5212 ) ;
#8812 = EDGE_LOOP ( 'NONE', ( #11193, #5884, #3162, #4914 ) ) ;
#8813 = ORIENTED_EDGE ( 'NONE', *, *, #2369, .T. ) ;
#8814 = ORIENTED_EDGE ( 'NONE', *, *, #6584, .F. ) ;
#8815 = DIRECTION ( 'NONE',  ( 0.000000000000000000, 0.000000000000000000, -1.000000000000000000 ) ) ;
#8816 = CC_DESIGN_DATE_AND_TIME_ASSIGNMENT ( #2783, #10322, ( #3250 ) ) ;
#8817 = CARTESIAN_POINT ( 'NONE',  ( 52.50000000000000000, 60.00000000000000000, -30.00000000000000000 ) ) ;
#8818 = CARTESIAN_POINT ( 'NONE',  ( 450.0000000000000000, 0.000000000000000000, -210.0000000000000000 ) ) ;
#8819 = CARTESIAN_POINT ( 'NONE',  ( 0.000000000000000000, 18.00000000000000000, 285.0000000000000000 ) ) ;
#8820 = EDGE_LOOP ( 'NONE', ( #8078, #581, #5164, #7721 ) ) ;
#8821 = VECTOR ( 'NONE', #10442, 1000.000000000000000 ) ;
#8822 = CARTESIAN_POINT ( 'NONE',  ( -500.0000000000000000, 0.000000000000000000, -325.0000000000000000 ) ) ;
#8823 = ORIENTED_EDGE ( 'NONE', *, *, #11271, .F. ) ;
#8824 = PERSON_AND_ORGANIZATION_ROLE ( 'classification_officer' ) ;
#8825 = AXIS2_PLACEMENT_3D ( 'NONE', #11279, #2930, #6641 ) ;
#8826 = ORIENTED_EDGE ( 'NONE', *, *, #10633, .T. ) ;
#8827 = SECURITY_CLASSIFICATION_LEVEL ( 'unclassified' ) ;
#8828 = ORIENTED_EDGE ( 'NONE', *, *, #11500, .T. ) ;
#8829 = VECTOR ( 'NONE', #5523, 1000.000000000000000 ) ;
#8830 = CARTESIAN_POINT ( 'NONE',  ( 297.5999999999999659, 12.00000000000000000, 27.00000000000000000 ) ) ;
#8831 = EDGE_CURVE ( 'NONE', #6129, #3051, #7346, .T. ) ;
#8832 = LOCAL_TIME ( 1, 42, 14.00000000000000000, #547 ) ;
#8833 = AXIS2_PLACEMENT_3D ( 'NONE', #6846, #4175, #4997 ) ;
#8834 = DIRECTION ( 'NONE',  ( -0.000000000000000000, -1.000000000000000000, -0.000000000000000000 ) ) ;
#8835 = CYLINDRICAL_SURFACE ( 'NONE', #2671, 3.711604984463400037 ) ;
#8836 = ADVANCED_BREP_SHAPE_REPRESENTATION ( '', ( #7123, #2596 ), #6876 ) ;
#8837 = DIRECTION ( 'NONE',  ( 0.000000000000000000, -0.000000000000000000, 1.000000000000000000 ) ) ;
#8838 = LINE ( 'NONE', #6764, #2506 ) ;
#8839 = DIRECTION ( 'NONE',  ( 1.000000000000000000, 0.000000000000000000, 0.000000000000000000 ) ) ;
#8840 = CARTESIAN_POINT ( 'NONE',  ( -140.5000000000000000, 10.00000000000000000, -31.00000000000000000 ) ) ;
#8841 = EDGE_CURVE ( 'NONE', #387, #236, #10297, .T. ) ;
#8842 = PERSON_AND_ORGANIZATION_ROLE ( 'design_owner' ) ;
#8843 = CIRCLE ( 'NONE', #11182, 1.223591395445790209 ) ;
#8844 = SHAPE_DEFINITION_REPRESENTATION ( #6223, #5586 ) ;
#8845 = SECURITY_CLASSIFICATION ( '', '', #11734 ) ;
#8846 = VECTOR ( 'NONE', #7353, 1000.000000000000000 ) ;
#8847 = APPLICATION_CONTEXT ( 'configuration controlled 3d designs of mechanical parts and assemblies' ) ;
#8848 = VERTEX_POINT ( 'NONE', #8312 ) ;
#8849 = CARTESIAN_POINT ( 'NONE',  ( 67.50000000000000000, 72.00000000000000000, -36.00000000000000000 ) ) ;
#8850 = ORIENTED_EDGE ( 'NONE', *, *, #4185, .F. ) ;
#8851 = CARTESIAN_POINT ( 'NONE',  ( 1.898202538678397636E-14, 130.0000000000000000, 155.0000000000000000 ) ) ;
#8852 = DIRECTION ( 'NONE',  ( -1.000000000000000000, 0.000000000000000000, -0.000000000000000000 ) ) ;
#8853 = SECURITY_CLASSIFICATION ( '', '', #10105 ) ;
#8854 = EDGE_CURVE ( 'NONE', #3894, #9974, #10847, .T. ) ;
#8855 = CARTESIAN_POINT ( 'NONE',  ( -11.00000000000000000, 0.000000000000000000, 15.58891454965356793 ) ) ;
#8856 = DIRECTION ( 'NONE',  ( 0.000000000000000000, 0.000000000000000000, 1.000000000000000000 ) ) ;
#8857 = CARTESIAN_POINT ( 'NONE',  ( 297.5999999999999659, 34.00000000000000000, 39.00000000000000711 ) ) ;
#8858 = CALENDAR_DATE ( 2026, 29, 7 ) ;
#8859 = CYLINDRICAL_SURFACE ( 'NONE', #4602, 3.090475378041978249 ) ;
#8861 = ORIENTED_EDGE ( 'NONE', *, *, #6935, .T. ) ;
#8860 = EDGE_LOOP ( 'NONE', ( #10466, #10529, #9915, #10429 ) ) ;
#8862 = ORIENTED_EDGE ( 'NONE', *, *, #11688, .T. ) ;
#8863 = LINE ( 'NONE', #8990, #3814 ) ;
#8864 = EDGE_CURVE ( 'NONE', #8557, #1220, #10181, .T. ) ;
#8865 = CARTESIAN_POINT ( 'NONE',  ( -140.5000000000000000, 10.00000000000000000, -31.00000000000000000 ) ) ;
#8866 = DIRECTION ( 'NONE',  ( -0.000000000000000000, -1.000000000000000000, -0.000000000000000000 ) ) ;
#8867 = ADVANCED_FACE ( 'NONE', ( #6526, #7397, #6354, #1855, #4643 ), #6414, .T. ) ;
#8868 = DIRECTION ( 'NONE',  ( 0.000000000000000000, 0.000000000000000000, 1.000000000000000000 ) ) ;
#8869 = ORIENTED_EDGE ( 'NONE', *, *, #9165, .F. ) ;
#8870 = CIRCLE ( 'NONE', #10407, 4.500000000000031974 ) ;
#8871 = PRODUCT_DEFINITION_SHAPE ( 'NONE', 'NONE',  #6964 ) ;
#8872 = DIRECTION ( 'NONE',  ( -0.000000000000000000, -0.000000000000000000, 1.000000000000000000 ) ) ;
#8873 = PERSON_AND_ORGANIZATION ( #2011, #2802 ) ;
#8874 = ORIENTED_EDGE ( 'NONE', *, *, #3300, .T. ) ;
#8875 = ORIENTED_EDGE ( 'NONE', *, *, #8238, .T. ) ;
#8876 = ORIENTED_EDGE ( 'NONE', *, *, #579, .F. ) ;
#8877 = EDGE_CURVE ( 'NONE', #4381, #1135, #1009, .T. ) ;
#8878 = EDGE_CURVE ( 'NONE', #1920, #4084, #7508, .T. ) ;
#8880 = VECTOR ( 'NONE', #5267, 1000.000000000000000 ) ;
#8879 = FACE_BOUND ( 'NONE', #6535, .T. ) ;
#8881 = EDGE_CURVE ( 'NONE', #7097, #7169, #8666, .T. ) ;
#8882 = DIRECTION ( 'NONE',  ( -1.000000000000000000, -0.000000000000000000, -0.000000000000000000 ) ) ;
#8883 = CARTESIAN_POINT ( 'NONE',  ( -163.1999999999999886, 42.00000000000000000, 47.00000000000000000 ) ) ;
#8884 = SHAPE_REPRESENTATION ( 'FD-009_separator_cylinder', ( #2596 ), #2007 ) ;
#8885 = ORIENTED_EDGE ( 'NONE', *, *, #4463, .F. ) ;
#8886 = AXIS2_PLACEMENT_3D ( 'NONE', #2247, #446, #9440 ) ;
#8887 = CARTESIAN_POINT ( 'NONE',  ( 0.000000000000000000, 18.00000000000000000, 0.000000000000000000 ) ) ;
#8888 = ORIENTED_EDGE ( 'NONE', *, *, #11464, .T. ) ;
#8889 = COORDINATED_UNIVERSAL_TIME_OFFSET ( 8, 0, .AHEAD. ) ;
#8890 = CC_DESIGN_PERSON_AND_ORGANIZATION_ASSIGNMENT ( #9544, #5087, ( #11477 ) ) ;
#8891 = ORIENTED_EDGE ( 'NONE', *, *, #10134, .F. ) ;
#8892 = CALENDAR_DATE ( 2026, 29, 7 ) ;
#8893 = CC_DESIGN_DATE_AND_TIME_ASSIGNMENT ( #11297, #4702, ( #10887 ) ) ;
#8894 = ORIENTED_EDGE ( 'NONE', *, *, #7228, .F. ) ;
#8895 = ADVANCED_FACE ( 'NONE', ( #9579 ), #8606, .T. ) ;
#8896 = CARTESIAN_POINT ( 'NONE',  ( 18.12278137398207889, 85.00000000000000000, 13.83921486740448081 ) ) ;
#8897 = AXIS2_PLACEMENT_3D ( 'NONE', #10706, #11876, #3361 ) ;
#8898 = CONTEXT_DEPENDENT_SHAPE_REPRESENTATION ( #10470, #1671 ) ;
#8899 = CARTESIAN_POINT ( 'NONE',  ( -29.94973070017952210, 18.00000000000000000, -25.51862784808253437 ) ) ;
#8900 = CIRCLE ( 'NONE', #9471, 5.500000000000025757 ) ;
#8901 = DIRECTION ( 'NONE',  ( 0.000000000000000000, 1.000000000000000000, 0.000000000000000000 ) ) ;
#8902 = DIRECTION ( 'NONE',  ( -1.000000000000000000, -0.000000000000000000, -0.000000000000000000 ) ) ;
#8903 = FACE_OUTER_BOUND ( 'NONE', #8164, .T. ) ;
#8904 = VERTEX_POINT ( 'NONE', #6841 ) ;
#8905 = CARTESIAN_POINT ( 'NONE',  ( 40.00000000000000000, 60.00000000000000000, 23.25000000000000000 ) ) ;
#8906 = APPLICATION_PROTOCOL_DEFINITION ( 'international standard', 'config_control_design', 1994, #391 ) ;
#8907 = ADVANCED_FACE ( 'NONE', ( #10355 ), #1122, .F. ) ;
#8908 = EDGE_CURVE ( 'NONE', #1919, #3157, #5721, .T. ) ;
#8909 = AXIS2_PLACEMENT_3D ( 'NONE', #8369, #1797, #4473 ) ;
#8910 = ORIENTED_EDGE ( 'NONE', *, *, #8247, .T. ) ;
#8911 = CALENDAR_DATE ( 2026, 29, 7 ) ;
#8912 = AXIS2_PLACEMENT_3D ( 'NONE', #3336, #3264, #7823 ) ;
#8913 = ORIENTED_EDGE ( 'NONE', *, *, #10873, .T. ) ;
#8914 = ORIENTED_EDGE ( 'NONE', *, *, #2798, .T. ) ;
#8915 = DIRECTION ( 'NONE',  ( 1.000000000000000000, 0.000000000000000000, -0.000000000000000000 ) ) ;
#8916 = ORIENTED_EDGE ( 'NONE', *, *, #1625, .T. ) ;
#8917 = CARTESIAN_POINT ( 'NONE',  ( 385.0000000000000000, 0.000000000000000000, 130.0000000000000284 ) ) ;
#8918 = ADVANCED_FACE ( 'NONE', ( #8478, #6651, #5659, #4991, #4111, #6709 ), #3072, .T. ) ;
#8919 = DIRECTION ( 'NONE',  ( 0.000000000000000000, 0.000000000000000000, -1.000000000000000000 ) ) ;
#8920 = AXIS2_PLACEMENT_3D ( 'NONE', #9703, #7032, #8852 ) ;
#8921 = LINE ( 'NONE', #3503, #791 ) ;
#8922 = FACE_OUTER_BOUND ( 'NONE', #7408, .T. ) ;
#8923 = AXIS2_PLACEMENT_3D ( 'NONE', #8113, #11833, #3488 ) ;
#8924 = DIRECTION ( 'NONE',  ( 0.000000000000000000, 1.000000000000000000, 0.000000000000000000 ) ) ;
#8925 = DATE_AND_TIME ( #2223, #4373 ) ;
#8926 = CARTESIAN_POINT ( 'NONE',  ( 0.000000000000000000, 24.00000000000000000, 0.000000000000000000 ) ) ;
#8928 = VERTEX_POINT ( 'NONE', #10547 ) ;
#8927 = VERTEX_POINT ( 'NONE', #11481 ) ;
#8929 = EDGE_CURVE ( 'NONE', #1021, #11493, #7691, .T. ) ;
#8930 = ORIENTED_EDGE ( 'NONE', *, *, #8016, .T. ) ;
#8931 = CYLINDRICAL_SURFACE ( 'NONE', #4771, 4.500000000000031974 ) ;
#8932 = CARTESIAN_POINT ( 'NONE',  ( -163.1999999999999886, 10.00000000000000000, -57.00000000000000000 ) ) ;
#8933 = CARTESIAN_POINT ( 'NONE',  ( 64.58429561200922819, 0.000000000000000000, 45.58891454965358747 ) ) ;
#8934 = CARTESIAN_POINT ( 'NONE',  ( -297.5999999999999659, 34.00000000000000000, -27.00000000000000355 ) ) ;
#8935 = CC_DESIGN_APPROVAL ( #1469, ( #9708 ) ) ;
#8936 = CIRCLE ( 'NONE', #6783, 3.500000000000000000 ) ;
#8937 = DIRECTION ( 'NONE',  ( 0.000000000000000000, 1.000000000000000000, 0.000000000000000000 ) ) ;
#8938 = APPROVAL_ROLE ( '' ) ;
#8939 = ORIENTED_EDGE ( 'NONE', *, *, #6704, .T. ) ;
#8940 = CC_DESIGN_APPROVAL ( #7253, ( #7984 ) ) ;
#8941 = ORIENTED_EDGE ( 'NONE', *, *, #1529, .F. ) ;
#8942 = ORIENTED_EDGE ( 'NONE', *, *, #2138, .T. ) ;
#8943 = AXIS2_PLACEMENT_3D ( 'NONE', #4631, #9148, #6514 ) ;
#8944 = DIRECTION ( 'NONE',  ( 0.000000000000000000, 1.000000000000000000, 0.000000000000000000 ) ) ;
#8945 = FACE_OUTER_BOUND ( 'NONE', #2238, .T. ) ;
#8946 = LOCAL_TIME ( 1, 42, 14.00000000000000000, #9501 ) ;
#8947 = CARTESIAN_POINT ( 'NONE',  ( 75.00000000000000000, 0.000000000000000000, -55.00000000000000000 ) ) ;
#8948 = PRODUCT_DEFINITION_FORMATION_WITH_SPECIFIED_SOURCE ( 'ä»', '', #4479, .NOT_KNOWN. ) ;
#8949 = ADVANCED_FACE ( 'NONE', ( #163 ), #2091, .F. ) ;
#8950 = PLANE ( 'NONE',  #1844 ) ;
#8951 = ORIENTED_EDGE ( 'NONE', *, *, #5687, .T. ) ;
#8952 = APPROVAL_DATE_TIME ( #578, #10971 ) ;
#8953 = EDGE_CURVE ( 'NONE', #11967, #614, #11542, .T. ) ;
#8954 = ORIENTED_EDGE ( 'NONE', *, *, #5945, .F. ) ;
#8955 = CONTEXT_DEPENDENT_SHAPE_REPRESENTATION ( #5099, #4573 ) ;
#8956 = PRODUCT_DEFINITION_SHAPE ( 'NONE', 'NONE',  #12026 ) ;
#8957 = VERTEX_POINT ( 'NONE', #6901 ) ;
#8958 = ORIENTED_EDGE ( 'NONE', *, *, #4722, .F. ) ;
#8959 = FACE_OUTER_BOUND ( 'NONE', #8507, .T. ) ;
#8960 = CC_DESIGN_SECURITY_CLASSIFICATION ( #9332, ( #12019 ) ) ;
#8961 = DATE_AND_TIME ( #11529, #2725 ) ;
#8962 = SHAPE_REPRESENTATION ( 'FD-001_machine_table', ( #2596 ), #9386 ) ;
#8963 = LINE ( 'NONE', #10597, #5206 ) ;
#8964 = DIRECTION ( 'NONE',  ( 0.000000000000000000, 0.000000000000000000, 1.000000000000000000 ) ) ;
#8965 = CARTESIAN_POINT ( 'NONE',  ( -40.00000000000000000, 18.00000000000000000, 0.000000000000000000 ) ) ;
#8966 = CARTESIAN_POINT ( 'NONE',  ( 120.1043392264672747, 14.00000000000000000, -49.74884620746167485 ) ) ;
#8967 = ORIENTED_EDGE ( 'NONE', *, *, #8736, .T. ) ;
#8968 = EDGE_CURVE ( 'NONE', #4709, #4588, #2868, .T. ) ;
#8969 = CARTESIAN_POINT ( 'NONE',  ( -57.50000000000000000, 10.00000000000000000, 54.00000000000000000 ) ) ;
#8970 = DATE_TIME_ROLE ( 'classification_date' ) ;
#8971 = LOCAL_TIME ( 1, 42, 14.00000000000000000, #3306 ) ;
#8972 = VECTOR ( 'NONE', #7105, 1000.000000000000000 ) ;
#8973 = CALENDAR_DATE ( 2026, 29, 7 ) ;
#8974 = ORIENTED_EDGE ( 'NONE', *, *, #4614, .F. ) ;
#8975 = CARTESIAN_POINT ( 'NONE',  ( -55.15432893255071889, 90.00000000000000000, 55.15432893255073310 ) ) ;
#8976 = LINE ( 'NONE', #8065, #5649 ) ;
#8977 = CARTESIAN_POINT ( 'NONE',  ( -75.00000000000000000, 0.000000000000000000, 55.00000000000000000 ) ) ;
#8978 = PRODUCT ( 'FD-012_sensor_bracket', 'FD-012_sensor_bracket', '', ( #4983 ) ) ;
#8979 = CC_DESIGN_PERSON_AND_ORGANIZATION_ASSIGNMENT ( #11778, #9139, ( #10008 ) ) ;
#8980 = AXIS2_PLACEMENT_3D ( 'NONE', #1908, #8199, #7507 ) ;
#8981 = CARTESIAN_POINT ( 'NONE',  ( -49.74884620746166775, 14.00000000000000000, 120.1043392264672889 ) ) ;
#8982 = CARTESIAN_POINT ( 'NONE',  ( -27.50000000000000000, 18.00000000000000000, -18.00000000000000000 ) ) ;
#8983 = LINE ( 'NONE', #665, #486 ) ;
#8984 = DATE_TIME_ROLE ( 'creation_date' ) ;
#8985 = LINE ( 'NONE', #6972, #2481 ) ;
#8986 = EDGE_CURVE ( 'NONE', #244, #7348, #3925, .T. ) ;
#8987 = CIRCLE ( 'NONE', #6062, 3.500000000000000000 ) ;
#8988 = ORIENTED_EDGE ( 'NONE', *, *, #11850, .F. ) ;
#8989 = ORIENTED_EDGE ( 'NONE', *, *, #10306, .F. ) ;
#8990 = CARTESIAN_POINT ( 'NONE',  ( -280.0000000000000000, 12.00000000000000000, -13.00000000000000000 ) ) ;
#8991 = CYLINDRICAL_SURFACE ( 'NONE', #8015, 3.450405226897625965 ) ;
#8992 = CARTESIAN_POINT ( 'NONE',  ( 163.1999999999999886, 10.00000000000001599, -46.99999999999999289 ) ) ;
#8993 = EDGE_CURVE ( 'NONE', #11368, #372, #10608, .T. ) ;
#8994 = DIRECTION ( 'NONE',  ( 0.000000000000000000, 0.000000000000000000, 1.000000000000000000 ) ) ;
#8995 = AXIS2_PLACEMENT_3D ( 'NONE', #7732, #9498, #8705 ) ;
#8996 = PERSON ( 'NAUO-PER16', 'UNSPECIFIED', 'UNSPECIFIED', ('UNSPECIFIED'), ('UNSPECIFIED'), ('UNSPECIFIED') ) ;
#8997 = ORIENTED_EDGE ( 'NONE', *, *, #893, .T. ) ;
#8998 = CARTESIAN_POINT ( 'NONE',  ( -310.0000000000000000, 12.00000000000000000, -48.00000000000000000 ) ) ;
#8999 = APPROVAL_ROLE ( '' ) ;
#9000 = ADVANCED_FACE ( 'NONE', ( #3985 ), #11417, .F. ) ;
#9001 = EDGE_LOOP ( 'NONE', ( #8765, #2601 ) ) ;
#9002 = VERTEX_POINT ( 'NONE', #3006 ) ;
#9003 = ORIENTED_EDGE ( 'NONE', *, *, #7885, .F. ) ;
#9004 = DIRECTION ( 'NONE',  ( 0.000000000000000000, 0.000000000000000000, 1.000000000000000000 ) ) ;
#9005 = CARTESIAN_POINT ( 'NONE',  ( -64.58429561200924240, 0.000000000000000000, 41.50461893764433796 ) ) ;
#9006 = EDGE_CURVE ( 'NONE', #387, #3931, #351, .T. ) ;
#9007 = CARTESIAN_POINT ( 'NONE',  ( -53.88728323699420741, 0.000000000000000000, 43.22894602492582550 ) ) ;
#9008 = ORIENTED_EDGE ( 'NONE', *, *, #2921, .T. ) ;
#9009 = FACE_BOUND ( 'NONE', #11653, .T. ) ;
#9010 = APPROVAL_ROLE ( '' ) ;
#9011 = ORIENTED_EDGE ( 'NONE', *, *, #3067, .F. ) ;
#9012 = DATE_AND_TIME ( #7182, #3710 ) ;
#9013 = AXIS2_PLACEMENT_3D ( 'NONE', #11971, #11040, #2583 ) ;
#9014 = ORIENTED_EDGE ( 'NONE', *, *, #6755, .F. ) ;
#9015 = EDGE_CURVE ( 'NONE', #3713, #3325, #5908, .T. ) ;
#9016 = UNCERTAINTY_MEASURE_WITH_UNIT (LENGTH_MEASURE( 1.000000000000000082E-05 ), #2033, 'distance_accuracy_value', 'NONE');
#9017 = CARTESIAN_POINT ( 'NONE',  ( 85.00000000000000000, 10.00000000000000000, -60.00000000000000000 ) ) ;
#9018 = ADVANCED_FACE ( 'NONE', ( #7757 ), #9636, .F. ) ;
#9019 = CARTESIAN_POINT ( 'NONE',  ( 0.000000000000000000, 22.00000000000000000, 0.000000000000000000 ) ) ;
#9020 = AXIS2_PLACEMENT_3D ( 'NONE', #11395, #11518, #7668 ) ;
#9021 = CARTESIAN_POINT ( 'NONE',  ( 0.000000000000000000, 12.00000000000000000, 0.000000000000000000 ) ) ;
#9022 = FACE_BOUND ( 'NONE', #2418, .T. ) ;
#9023 =( LENGTH_UNIT ( ) NAMED_UNIT ( * ) SI_UNIT ( .MILLI., .METRE. ) );
#9024 = DIRECTION ( 'NONE',  ( 0.000000000000000000, 0.000000000000000000, 1.000000000000000000 ) ) ;
#9025 = APPROVAL_ROLE ( '' ) ;
#9026 = PERSON_AND_ORGANIZATION_ROLE ( 'design_supplier' ) ;
#9027 = CIRCLE ( 'NONE', #870, 5.612716763005752618 ) ;
#9028 = ADVANCED_FACE ( 'NONE', ( #1566 ), #9034, .F. ) ;
#9029 = VERTEX_POINT ( 'NONE', #1500 ) ;
#9030 = VECTOR ( 'NONE', #11021, 1000.000000000000000 ) ;
#9031 = DIRECTION ( 'NONE',  ( -0.000000000000000000, -1.000000000000000000, -0.000000000000000000 ) ) ;
#9032 = DIRECTION ( 'NONE',  ( 0.000000000000000000, 0.000000000000000000, -1.000000000000000000 ) ) ;
#9033 = EDGE_CURVE ( 'NONE', #11738, #5372, #7887, .T. ) ;
#9034 = PLANE ( 'NONE',  #8920 ) ;
#9035 = CARTESIAN_POINT ( 'NONE',  ( 52.50000000000000000, 60.00000000000000000, 30.00000000000000000 ) ) ;
#9036 = DIRECTION ( 'NONE',  ( 0.000000000000000000, 1.000000000000000000, 0.000000000000000000 ) ) ;
#9037 = DIRECTION ( 'NONE',  ( 0.000000000000000000, 0.000000000000000000, 1.000000000000000000 ) ) ;
#9038 = DIRECTION ( 'NONE',  ( -1.000000000000000000, 0.000000000000000000, -0.000000000000000000 ) ) ;
#9039 = MECHANICAL_CONTEXT ( 'NONE', #8074, 'mechanical' ) ;
#9040 = CARTESIAN_POINT ( 'NONE',  ( -280.0000000000000000, 0.000000000000000000, -13.00000000000000000 ) ) ;
#9041 = APPROVAL ( #10164, 'æœª' ) ;
#9042 = ORIENTED_EDGE ( 'NONE', *, *, #9701, .T. ) ;
#9043 = CC_DESIGN_DATE_AND_TIME_ASSIGNMENT ( #464, #1485, ( #11094 ) ) ;
#9044 = VECTOR ( 'NONE', #2611, 1000.000000000000000 ) ;
#9045 = ORIENTED_EDGE ( 'NONE', *, *, #3052, .T. ) ;
#9046 = DIRECTION ( 'NONE',  ( 0.000000000000000000, 0.000000000000000000, -1.000000000000000000 ) ) ;
#9047 = CC_DESIGN_APPROVAL ( #10365, ( #6302 ) ) ;
#9048 = FACE_OUTER_BOUND ( 'NONE', #2149, .T. ) ;
#9049 = DIRECTION ( 'NONE',  ( 0.000000000000000000, 0.000000000000000000, -1.000000000000000000 ) ) ;
#9050 = VECTOR ( 'NONE', #8709, 1000.000000000000000 ) ;
#9051 = DIRECTION ( 'NONE',  ( 0.000000000000000000, 0.000000000000000000, 1.000000000000000000 ) ) ;
#9052 = PRODUCT_DEFINITION_SHAPE ( 'NONE', 'NONE',  #672 ) ;
#9053 = CARTESIAN_POINT ( 'NONE',  ( -60.00000000000000000, 12.00000000000000000, 90.00000000000000000 ) ) ;
#9054 = APPLICATION_PROTOCOL_DEFINITION ( 'international standard', 'config_control_design', 1994, #8847 ) ;
#9055 = ADVANCED_FACE ( 'NONE', ( #3440 ), #542, .F. ) ;
#9057 = VERTEX_POINT ( 'NONE', #7146 ) ;
#9056 = VERTEX_POINT ( 'NONE', #7087 ) ;
#9058 = ORIENTED_EDGE ( 'NONE', *, *, #8573, .T. ) ;
#9059 = ORIENTED_EDGE ( 'NONE', *, *, #4171, .F. ) ;
#9060 = DIRECTION ( 'NONE',  ( -0.000000000000000000, -1.000000000000000000, -0.000000000000000000 ) ) ;
#9061 = EDGE_CURVE ( 'NONE', #6156, #6770, #3482, .T. ) ;
#9062 = DIRECTION ( 'NONE',  ( -0.000000000000000000, -1.000000000000000000, -0.000000000000000000 ) ) ;
#9063 = CARTESIAN_POINT ( 'NONE',  ( 67.50000000000000000, 72.00000000000000000, -36.00000000000000000 ) ) ;
#9064 = ORIENTED_EDGE ( 'NONE', *, *, #2039, .T. ) ;
#9065 = DIRECTION ( 'NONE',  ( -0.000000000000000000, -1.000000000000000000, -0.000000000000000000 ) ) ;
#9066 = PERSON_AND_ORGANIZATION ( #2011, #2802 ) ;
#9067 = ORIENTED_EDGE ( 'NONE', *, *, #4530, .F. ) ;
#9068 = AXIS2_PLACEMENT_3D ( 'NONE', #947, #10065, #11114 ) ;
#9069 = ORIENTED_EDGE ( 'NONE', *, *, #2325, .T. ) ;
#9070 = ADVANCED_FACE ( 'NONE', ( #3261 ), #10742, .F. ) ;
#9071 = LINE ( 'NONE', #922, #591 ) ;
#9072 = CARTESIAN_POINT ( 'NONE',  ( -35.00000000000000000, 18.00000000000000000, 10.00000000000000000 ) ) ;
#9073 = AXIS2_PLACEMENT_3D ( 'NONE', #11906, #769, #935 ) ;
#9074 = PLANE ( 'NONE',  #3949 ) ;
#9075 = LINE ( 'NONE', #1489, #6374 ) ;
#9076 =( REPRESENTATION_RELATIONSHIP ('NONE','NONE', #8109, #9264 ) REPRESENTATION_RELATIONSHIP_WITH_TRANSFORMATION ( #1216 )SHAPE_REPRESENTATION_RELATIONSHIP( ) );
#9077 = AXIS2_PLACEMENT_3D ( 'NONE', #374, #4072, #11506 ) ;
#9078 = DIRECTION ( 'NONE',  ( -0.000000000000000000, -1.000000000000000000, -0.000000000000000000 ) ) ;
#9079 = ORIENTED_EDGE ( 'NONE', *, *, #6185, .T. ) ;
#9080 = DATE_AND_TIME ( #6271, #7296 ) ;
#9081 = PERSON_AND_ORGANIZATION ( #2011, #2802 ) ;
#9082 = VECTOR ( 'NONE', #6430, 1000.000000000000000 ) ;
#9083 = CYLINDRICAL_SURFACE ( 'NONE', #3602, 3.249999999999999556 ) ;
#9084 = CIRCLE ( 'NONE', #3467, 5.499999999999998224 ) ;
#9085 = CARTESIAN_POINT ( 'NONE',  ( 55.15432893255066205, 90.00000000000000000, 55.15432893255064783 ) ) ;
#9086 = DIRECTION ( 'NONE',  ( 0.000000000000000000, 0.000000000000000000, -1.000000000000000000 ) ) ;
#9087 = CARTESIAN_POINT ( 'NONE',  ( -30.00000000000000000, 560.0000000000000000, 30.00000000000000000 ) ) ;
#9088 = CARTESIAN_POINT ( 'NONE',  ( -51.28027681660898907, 0.000000000000000000, 24.25900559081614816 ) ) ;
#9089 = DIRECTION ( 'NONE',  ( -1.000000000000000000, -0.000000000000000000, -0.000000000000000000 ) ) ;
#9090 = CIRCLE ( 'NONE', #7735, 5.653846153846162181 ) ;
#9091 = CARTESIAN_POINT ( 'NONE',  ( 29.94973070017958960, 18.00000000000000000, 22.06822262118494393 ) ) ;
#9092 = CALENDAR_DATE ( 2026, 29, 7 ) ;
#9093 = AXIS2_PLACEMENT_3D ( 'NONE', #10918, #9036, #5363 ) ;
#9094 = EDGE_CURVE ( 'NONE', #4426, #3521, #11656, .T. ) ;
#9095 = DIRECTION ( 'NONE',  ( -0.000000000000000000, -0.000000000000000000, 1.000000000000000000 ) ) ;
#9096 = ORIENTED_EDGE ( 'NONE', *, *, #6071, .F. ) ;
#9097 = ORIENTED_EDGE ( 'NONE', *, *, #3902, .T. ) ;
#9098 = VECTOR ( 'NONE', #5265, 1000.000000000000000 ) ;
#9099 = DIRECTION ( 'NONE',  ( 0.000000000000000000, 1.000000000000000000, 0.000000000000000000 ) ) ;
#9100 = LINE ( 'NONE', #786, #7422 ) ;
#9101 = DIRECTION ( 'NONE',  ( 0.000000000000000000, 0.000000000000000000, 1.000000000000000000 ) ) ;
#9102 = VECTOR ( 'NONE', #5048, 1000.000000000000000 ) ;
#9103 = CARTESIAN_POINT ( 'NONE',  ( -385.0000000000002274, 8.000000000000000000, 130.0000000000000284 ) ) ;
#9104 = VERTEX_POINT ( 'NONE', #3389 ) ;
#9105 = VECTOR ( 'NONE', #4574, 1000.000000000000000 ) ;
#9106 = EDGE_CURVE ( 'NONE', #6016, #3697, #6162, .T. ) ;
#9107 = CARTESIAN_POINT ( 'NONE',  ( -280.0000000000000000, 0.000000000000000000, 13.00000000000000000 ) ) ;
#9108 = MECHANICAL_CONTEXT ( 'NONE', #8847, 'mechanical' ) ;
#9109 = AXIS2_PLACEMENT_3D ( 'NONE', #4786, #4675, #2740 ) ;
#9111 = ORIENTED_EDGE ( 'NONE', *, *, #8223, .T. ) ;
#9110 = ORIENTED_EDGE ( 'NONE', *, *, #2409, .F. ) ;
#9112 = ORIENTED_EDGE ( 'NONE', *, *, #686, .T. ) ;
#9113 = ORIENTED_EDGE ( 'NONE', *, *, #5302, .F. ) ;
#9114 = FACE_OUTER_BOUND ( 'NONE', #6927, .T. ) ;
#9115 = VECTOR ( 'NONE', #3181, 1000.000000000000000 ) ;
#9116 = CC_DESIGN_PERSON_AND_ORGANIZATION_ASSIGNMENT ( #2209, #11666, ( #8748 ) ) ;
#9117 = DIRECTION ( 'NONE',  ( 0.000000000000000000, 0.000000000000000000, 1.000000000000000000 ) ) ;
#9118 = ORIENTED_EDGE ( 'NONE', *, *, #336, .F. ) ;
#9119 = CARTESIAN_POINT ( 'NONE',  ( 46.15384615384618172, 12.00000000000000000, 72.57692307692305178 ) ) ;
#9120 = APPLICATION_PROTOCOL_DEFINITION ( 'international standard', 'config_control_design', 1994, #6985 ) ;
#9121 = CC_DESIGN_SECURITY_CLASSIFICATION ( #9708, ( #1362 ) ) ;
#9122 = VECTOR ( 'NONE', #3231, 1000.000000000000000 ) ;
#9123 = ORIENTED_EDGE ( 'NONE', *, *, #2962, .T. ) ;
#9124 = SECURITY_CLASSIFICATION_LEVEL ( 'unclassified' ) ;
#9125 = ADVANCED_FACE ( 'NONE', ( #10676 ), #5976, .T. ) ;
#9126 = ORIENTED_EDGE ( 'NONE', *, *, #1432, .F. ) ;
#9127 = LOCAL_TIME ( 1, 42, 14.00000000000000000, #8395 ) ;
#9128 = DESIGN_CONTEXT ( 'detailed design', #995, 'design' ) ;
#9129 = FACE_OUTER_BOUND ( 'NONE', #8603, .T. ) ;
#9130 = LOCAL_TIME ( 1, 42, 14.00000000000000000, #8333 ) ;
#9132 = DIRECTION ( 'NONE',  ( 0.000000000000000000, 1.000000000000000000, 0.000000000000000000 ) ) ;
#9131 = CC_DESIGN_DATE_AND_TIME_ASSIGNMENT ( #3132, #1495, ( #672 ) ) ;
#9133 = CYLINDRICAL_SURFACE ( 'NONE', #3386, 2.877277303556587285 ) ;
#9134 = DIRECTION ( 'NONE',  ( 1.000000000000000000, 0.000000000000000000, -0.000000000000000000 ) ) ;
#9135 =( NAMED_UNIT ( * ) SI_UNIT ( $, .STERADIAN. ) SOLID_ANGLE_UNIT ( ) );
#9136 = PERSON ( 'NAUO-PER17', 'UNSPECIFIED', 'UNSPECIFIED', ('UNSPECIFIED'), ('UNSPECIFIED'), ('UNSPECIFIED') ) ;
#9137 = LINE ( 'NONE', #2456, #6682 ) ;
#9138 = ORIENTED_EDGE ( 'NONE', *, *, #8186, .T. ) ;
#9139 = PERSON_AND_ORGANIZATION_ROLE ( 'design_supplier' ) ;
#9140 = CALENDAR_DATE ( 2026, 29, 7 ) ;
#9141 = CC_DESIGN_SECURITY_CLASSIFICATION ( #2348, ( #12040 ) ) ;
#9142 = SECURITY_CLASSIFICATION ( '', '', #6330 ) ;
#9143 = ORIENTED_EDGE ( 'NONE', *, *, #10299, .T. ) ;
#9144 = DIRECTION ( 'NONE',  ( 0.000000000000000000, -0.000000000000000000, -1.000000000000000000 ) ) ;
#9145 = CARTESIAN_POINT ( 'NONE',  ( 57.50000000000000000, 22.00000000000000000, 54.00000000000000000 ) ) ;
#9146 = PRODUCT_DEFINITION_SHAPE ( 'NONE', 'NONE',  #12044 ) ;
#9147 = DIRECTION ( 'NONE',  ( 0.000000000000000000, 0.000000000000000000, 1.000000000000000000 ) ) ;
#9148 = DIRECTION ( 'NONE',  ( -0.000000000000000000, -1.000000000000000000, -0.000000000000000000 ) ) ;
#9149 = LINE ( 'NONE', #8188, #10850 ) ;
#9150 = CC_DESIGN_APPROVAL ( #4937, ( #8189 ) ) ;
#9151 = CARTESIAN_POINT ( 'NONE',  ( 280.0000000000000000, 0.000000000000000000, 13.00000000000000000 ) ) ;
#9152 = CYLINDRICAL_SURFACE ( 'NONE', #11162, 3.550269299820409952 ) ;
#9153 = EDGE_CURVE ( 'NONE', #285, #10772, #4239, .T. ) ;
#9154 = APPROVAL_STATUS ( 'not_yet_approved' ) ;
#9155 = CARTESIAN_POINT ( 'NONE',  ( -46.15384615384615330, 0.000000000000000000, 74.88461538461540101 ) ) ;
#9156 = VERTEX_POINT ( 'NONE', #7951 ) ;
#9157 = APPROVAL_PERSON_ORGANIZATION ( #7243, #659, #3538 ) ;
#9158 = ORIENTED_EDGE ( 'NONE', *, *, #4617, .F. ) ;
#9159 = PLANE ( 'NONE',  #11804 ) ;
#9160 = VECTOR ( 'NONE', #5464, 1000.000000000000000 ) ;
#9161 = FACE_OUTER_BOUND ( 'NONE', #7526, .T. ) ;
#9162 = CARTESIAN_POINT ( 'NONE',  ( 18.12278137398209310, 85.00000000000000000, -11.21199624138660411 ) ) ;
#9163 = ADVANCED_FACE ( 'NONE', ( #6225 ), #714, .F. ) ;
#9164 = FACE_BOUND ( 'NONE', #7409, .T. ) ;
#9165 = EDGE_CURVE ( 'NONE', #1560, #7464, #10255, .T. ) ;
#9166 = VECTOR ( 'NONE', #6120, 1000.000000000000000 ) ;
#9167 = DIRECTION ( 'NONE',  ( -0.000000000000000000, -1.000000000000000000, -0.000000000000000000 ) ) ;
#9168 = SHAPE_DEFINITION_REPRESENTATION ( #10012, #1030 ) ;
#9170 = VERTEX_POINT ( 'NONE', #10798 ) ;
#9169 = ORIENTED_EDGE ( 'NONE', *, *, #3183, .T. ) ;
#9171 = ORIENTED_EDGE ( 'NONE', *, *, #8881, .F. ) ;
#9172 = VERTEX_POINT ( 'NONE', #9824 ) ;
#9173 = PLANE ( 'NONE',  #8268 ) ;
#9174 = DIRECTION ( 'NONE',  ( 0.000000000000000000, 0.000000000000000000, -1.000000000000000000 ) ) ;
#9175 = VECTOR ( 'NONE', #9390, 1000.000000000000000 ) ;
#9176 = ADVANCED_FACE ( 'NONE', ( #2406 ), #3332, .F. ) ;
#9177 = LINE ( 'NONE', #860, #2221 ) ;
#9178 = DIRECTION ( 'NONE',  ( 0.000000000000000000, 0.000000000000000000, 1.000000000000000000 ) ) ;
#9179 = DATE_AND_TIME ( #1817, #2720 ) ;
#9180 = VERTEX_POINT ( 'NONE', #7205 ) ;
#9181 = CALENDAR_DATE ( 2026, 29, 7 ) ;
#9182 = ORIENTED_EDGE ( 'NONE', *, *, #5753, .F. ) ;
#9183 = PRODUCT_RELATED_PRODUCT_CATEGORY ( 'detail', '', ( #1502 ) ) ;
#9184 = CARTESIAN_POINT ( 'NONE',  ( 450.0000000000000000, 0.000000000000000000, 210.0000000000000000 ) ) ;
#9185 = DIRECTION ( 'NONE',  ( -0.000000000000000000, -1.000000000000000000, -0.000000000000000000 ) ) ;
#9186 = DIRECTION ( 'NONE',  ( 0.000000000000000000, 0.000000000000000000, -1.000000000000000000 ) ) ;
#9187 = DIRECTION ( 'NONE',  ( 0.000000000000000000, 1.000000000000000000, 0.000000000000000000 ) ) ;
#9188 = DIRECTION ( 'NONE',  ( -0.000000000000000000, -0.000000000000000000, 1.000000000000000000 ) ) ;
#9189 = VERTEX_POINT ( 'NONE', #477 ) ;
#9190 = PERSON_AND_ORGANIZATION_ROLE ( 'design_supplier' ) ;
#9191 = APPROVAL_DATE_TIME ( #5472, #1031 ) ;
#9192 = EDGE_CURVE ( 'NONE', #7989, #6977, #602, .T. ) ;
#9193 = FACE_OUTER_BOUND ( 'NONE', #4028, .T. ) ;
#9194 = DIRECTION ( 'NONE',  ( 0.000000000000000000, 1.000000000000000000, 0.000000000000000000 ) ) ;
#9195 = CIRCLE ( 'NONE', #3575, 52.50000000000000000 ) ;
#9196 = CARTESIAN_POINT ( 'NONE',  ( -297.5999999999999659, 0.000000000000000000, 39.00000000000000711 ) ) ;
#9197 = ORIENTED_EDGE ( 'NONE', *, *, #3659, .T. ) ;
#9198 = LINE ( 'NONE', #4688, #5503 ) ;
#9199 = EDGE_CURVE ( 'NONE', #2503, #244, #2505, .T. ) ;
#9200 = DIRECTION ( 'NONE',  ( 0.000000000000000000, 1.000000000000000000, 0.000000000000000000 ) ) ;
#9201 = DIRECTION ( 'NONE',  ( -0.000000000000000000, -0.000000000000000000, 1.000000000000000000 ) ) ;
#9202 = CARTESIAN_POINT ( 'NONE',  ( -67.50000000000000000, 72.00000000000000000, 36.00000000000000000 ) ) ;
#9203 = ORIENTED_EDGE ( 'NONE', *, *, #9346, .F. ) ;
#9204 = APPROVAL_STATUS ( 'not_yet_approved' ) ;
#9205 = VECTOR ( 'NONE', #9539, 1000.000000000000000 ) ;
#9206 = FACE_OUTER_BOUND ( 'NONE', #9786, .T. ) ;
#9207 = AXIS2_PLACEMENT_3D ( 'NONE', #5522, #2483, #5823 ) ;
#9208 = VECTOR ( 'NONE', #5710, 1000.000000000000000 ) ;
#9209 = ORIENTED_EDGE ( 'NONE', *, *, #1299, .F. ) ;
#9210 = VERTEX_POINT ( 'NONE', #5532 ) ;
#9211 = DIRECTION ( 'NONE',  ( 0.000000000000000000, 0.000000000000000000, 1.000000000000000000 ) ) ;
#9212 = EDGE_CURVE ( 'NONE', #4488, #5030, #3730, .T. ) ;
#9213 = FACE_OUTER_BOUND ( 'NONE', #11180, .T. ) ;
#9214 = CARTESIAN_POINT ( 'NONE',  ( 11.00000000000000000, 10.00000000000000000, 15.58891454965356793 ) ) ;
#9215 = VECTOR ( 'NONE', #4102, 1000.000000000000000 ) ;
#9216 =( GEOMETRIC_REPRESENTATION_CONTEXT ( 3 ) GLOBAL_UNCERTAINTY_ASSIGNED_CONTEXT ( ( #9016 ) ) GLOBAL_UNIT_ASSIGNED_CONTEXT ( ( #2033, #8553, #8429 ) ) REPRESENTATION_CONTEXT ( 'NONE', 'WORKASPACE' ) );
#9217 = CARTESIAN_POINT ( 'NONE',  ( 29.94973070017960382, 18.00000000000000000, -25.61849192100537920 ) ) ;
#9218 = PLANE ( 'NONE',  #6149 ) ;
#9219 = COORDINATED_UNIVERSAL_TIME_OFFSET ( 8, 0, .AHEAD. ) ;
#9220 = VECTOR ( 'NONE', #9612, 1000.000000000000000 ) ;
#9222 = ORIENTED_EDGE ( 'NONE', *, *, #2845, .F. ) ;
#9221 = ORIENTED_EDGE ( 'NONE', *, *, #1635, .T. ) ;
#9223 = CC_DESIGN_SECURITY_CLASSIFICATION ( #4558, ( #7480 ) ) ;
#9224 = ADVANCED_FACE ( 'NONE', ( #6456 ), #10168, .F. ) ;
#9225 = EDGE_LOOP ( 'NONE', ( #2549, #9713, #11942, #5460 ) ) ;
#9226 = CIRCLE ( 'NONE', #5914, 7.000000000000033751 ) ;
#9227 = EDGE_LOOP ( 'NONE', ( #2609, #9325, #6775, #11014 ) ) ;
#9228 = CARTESIAN_POINT ( 'NONE',  ( -75.00000000000000000, 18.00000000000000000, 55.00000000000000000 ) ) ;
#9229 =( REPRESENTATION_RELATIONSHIP ('NONE','NONE', #8109, #1433 ) REPRESENTATION_RELATIONSHIP_WITH_TRANSFORMATION ( #5662 )SHAPE_REPRESENTATION_RELATIONSHIP( ) );
#9230 = CARTESIAN_POINT ( 'NONE',  ( 170.0000000000000000, 10.00000000000000000, 65.00000000000000000 ) ) ;
#9231 = DIRECTION ( 'NONE',  ( 0.000000000000000000, 0.000000000000000000, 1.000000000000000000 ) ) ;
#9232 = ORIENTED_EDGE ( 'NONE', *, *, #3734, .F. ) ;
#9233 = DIRECTION ( 'NONE',  ( 1.000000000000000000, 0.000000000000000000, -0.000000000000000000 ) ) ;
#9234 = SHAPE_DEFINITION_REPRESENTATION ( #713, #8417 ) ;
#9235 = EDGE_CURVE ( 'NONE', #11368, #5055, #1840, .T. ) ;
#9236 = EDGE_LOOP ( 'NONE', ( #8217, #504, #4311, #5476 ) ) ;
#9237 = CALENDAR_DATE ( 2026, 29, 7 ) ;
#9238 = PRODUCT ( 'FD-007_track_support', 'FD-007_track_support', '', ( #3712 ) ) ;
#9239 = VERTEX_POINT ( 'NONE', #770 ) ;
#9240 = DESIGN_CONTEXT ( 'detailed design', #10716, 'design' ) ;
#9241 = DIRECTION ( 'NONE',  ( 0.000000000000000000, 1.000000000000000000, 0.000000000000000000 ) ) ;
#9242 = PLANE ( 'NONE',  #8806 ) ;
#9243 = LINE ( 'NONE', #5694, #3854 ) ;
#9244 = CC_DESIGN_DATE_AND_TIME_ASSIGNMENT ( #2241, #7714, ( #11047 ) ) ;
#9245 = CARTESIAN_POINT ( 'NONE',  ( -49.74884620746166775, 0.000000000000000000, 120.1043392264672889 ) ) ;
#9246 = APPROVAL ( #3865, 'UNKNOWN' ) ;
#9247 = ORIENTED_EDGE ( 'NONE', *, *, #7523, .T. ) ;
#9248 = DATE_TIME_ROLE ( 'creation_date' ) ;
#9249 = VECTOR ( 'NONE', #4470, 1000.000000000000000 ) ;
#9250 = EDGE_CURVE ( 'NONE', #4358, #1884, #10064, .T. ) ;
#9251 = COORDINATED_UNIVERSAL_TIME_OFFSET ( 8, 0, .AHEAD. ) ;
#9252 = COORDINATED_UNIVERSAL_TIME_OFFSET ( 8, 0, .AHEAD. ) ;
#9253 = FACE_BOUND ( 'NONE', #1352, .T. ) ;
#9254 = CARTESIAN_POINT ( 'NONE',  ( -170.0000000000000000, 0.000000000000000000, 65.00000000000000000 ) ) ;
#9255 = CARTESIAN_POINT ( 'NONE',  ( -27.50000000000000000, 28.00000000000000000, -18.00000000000000000 ) ) ;
#9256 = DIRECTION ( 'NONE',  ( 0.000000000000000000, 1.000000000000000000, 0.000000000000000000 ) ) ;
#9257 = LINE ( 'NONE', #6516, #4062 ) ;
#9258 = CARTESIAN_POINT ( 'NONE',  ( -85.00000000000000000, 10.00000000000000000, 60.00000000000000000 ) ) ;
#9259 = PRODUCT_DEFINITION ( 'æœ', '', #6896, #754 ) ;
#9260 = CC_DESIGN_PERSON_AND_ORGANIZATION_ASSIGNMENT ( #10139, #4652, ( #993 ) ) ;
#9261 = DIRECTION ( 'NONE',  ( 0.000000000000000000, 0.000000000000000000, 1.000000000000000000 ) ) ;
#9262 = ORIENTED_EDGE ( 'NONE', *, *, #1992, .T. ) ;
#9263 = CALENDAR_DATE ( 2026, 29, 7 ) ;
#9264 = SHAPE_REPRESENTATION ( 'FD-011_vblock_jaw', ( #2596 ), #6876 ) ;
#9265 = AXIS2_PLACEMENT_3D ( 'NONE', #6275, #39, #11842 ) ;
#9266 = AXIS2_PLACEMENT_3D ( 'NONE', #6051, #548, #10060 ) ;
#9267 = VERTEX_POINT ( 'NONE', #832 ) ;
#9268 = EDGE_CURVE ( 'NONE', #8904, #5371, #11154, .T. ) ;
#9269 = ORIENTED_EDGE ( 'NONE', *, *, #5092, .T. ) ;
#9270 = FACE_OUTER_BOUND ( 'NONE', #10486, .T. ) ;
#9271 = LINE ( 'NONE', #9329, #11523 ) ;
#9272 = DIRECTION ( 'NONE',  ( 0.000000000000000000, 1.000000000000000000, 0.000000000000000000 ) ) ;
#9273 = ORIENTED_EDGE ( 'NONE', *, *, #4760, .F. ) ;
#9274 = AXIS2_PLACEMENT_3D ( 'NONE', #11698, #11935, #2435 ) ;
#9275 = DIRECTION ( 'NONE',  ( 0.000000000000000000, 0.000000000000000000, 1.000000000000000000 ) ) ;
#9276 = CARTESIAN_POINT ( 'NONE',  ( -18.12278137398203270, 0.000000000000000000, -16.71649217096105033 ) ) ;
#9277 = VECTOR ( 'NONE', #3365, 1000.000000000000000 ) ;
#9278 = CONTEXT_DEPENDENT_SHAPE_REPRESENTATION ( #5484, #1766 ) ;
#9279 = CC_DESIGN_PERSON_AND_ORGANIZATION_ASSIGNMENT ( #10044, #8569, ( #9142 ) ) ;
#9280 = ORIENTED_EDGE ( 'NONE', *, *, #9800, .F. ) ;
#9281 = PERSON_AND_ORGANIZATION ( #2011, #2802 ) ;
#9282 = CARTESIAN_POINT ( 'NONE',  ( 170.0000000000000000, 0.000000000000000000, -65.00000000000000000 ) ) ;
#9283 = EDGE_CURVE ( 'NONE', #6366, #5344, #582, .T. ) ;
#9284 = DATE_AND_TIME ( #6477, #2340 ) ;
#9285 = VECTOR ( 'NONE', #2648, 1000.000000000000000 ) ;
#9287 = EDGE_LOOP ( 'NONE', ( #10548, #3236 ) ) ;
#9286 = ORIENTED_EDGE ( 'NONE', *, *, #1243, .F. ) ;
#9288 = ORIENTED_EDGE ( 'NONE', *, *, #2493, .T. ) ;
#9289 = CIRCLE ( 'NONE', #4613, 5.653846153846162181 ) ;
#9290 = CARTESIAN_POINT ( 'NONE',  ( 55.15432893255069047, 90.00000000000000000, -49.65432893255067626 ) ) ;
#9291 = DIRECTION ( 'NONE',  ( 0.000000000000000000, 1.000000000000000000, 0.000000000000000000 ) ) ;
#9292 = VECTOR ( 'NONE', #4169, 1000.000000000000000 ) ;
#9293 = DIRECTION ( 'NONE',  ( -0.000000000000000000, -1.000000000000000000, -0.000000000000000000 ) ) ;
#9294 = ORIENTED_EDGE ( 'NONE', *, *, #4658, .F. ) ;
#9295 = CARTESIAN_POINT ( 'NONE',  ( 55.15432893255069047, 90.00000000000000000, -60.65432893255071178 ) ) ;
#9296 = PERSON_AND_ORGANIZATION ( #2011, #2802 ) ;
#9297 = ORIENTED_EDGE ( 'NONE', *, *, #8328, .F. ) ;
#9298 = CALENDAR_DATE ( 2026, 29, 7 ) ;
#9299 = EDGE_LOOP ( 'NONE', ( #2062, #1545, #9067, #11946 ) ) ;
#9300 = AXIS2_PLACEMENT_3D ( 'NONE', #2122, #9550, #4782 ) ;
#9301 = DIRECTION ( 'NONE',  ( -0.000000000000000000, -1.000000000000000000, -0.000000000000000000 ) ) ;
#9302 = EDGE_CURVE ( 'NONE', #9845, #6986, #9992, .T. ) ;
#9303 = DIRECTION ( 'NONE',  ( 0.000000000000000000, 0.000000000000000000, 1.000000000000000000 ) ) ;
#9304 = CARTESIAN_POINT ( 'NONE',  ( -53.88728323699420741, 18.00000000000000000, 39.51734104046241924 ) ) ;
#9306 = EDGE_CURVE ( 'NONE', #10833, #612, #91, .T. ) ;
#9305 = LOCAL_TIME ( 1, 42, 14.00000000000000000, #877 ) ;
#9307 = VECTOR ( 'NONE', #479, 1000.000000000000000 ) ;
#9308 = DIRECTION ( 'NONE',  ( -1.000000000000000000, 0.000000000000000000, -0.000000000000000000 ) ) ;
#9309 = ORIENTED_EDGE ( 'NONE', *, *, #678, .T. ) ;
#9310 = APPROVAL_ROLE ( '' ) ;
#9311 = EDGE_CURVE ( 'NONE', #11037, #1459, #2635, .T. ) ;
#9312 = APPROVAL_ROLE ( '' ) ;
#9313 = DIRECTION ( 'NONE',  ( 0.000000000000000000, 1.000000000000000000, 0.000000000000000000 ) ) ;
#9314 = LOCAL_TIME ( 1, 42, 14.00000000000000000, #4868 ) ;
#9315 = DIRECTION ( 'NONE',  ( 0.000000000000000000, 0.000000000000000000, -1.000000000000000000 ) ) ;
#9316 = CC_DESIGN_PERSON_AND_ORGANIZATION_ASSIGNMENT ( #8051, #11713, ( #2145 ) ) ;
#9317 = CARTESIAN_POINT ( 'NONE',  ( -55.15432893255071889, 0.000000000000000000, 60.65432893255073310 ) ) ;
#9318 = ADVANCED_FACE ( 'NONE', ( #4517 ), #885, .F. ) ;
#9319 = CARTESIAN_POINT ( 'NONE',  ( 0.000000000000000000, 225.0000000000000000, 0.000000000000000000 ) ) ;
#9320 = DIRECTION ( 'NONE',  ( 0.000000000000000000, 0.000000000000000000, 1.000000000000000000 ) ) ;
#9321 = DIRECTION ( 'NONE',  ( -0.000000000000000000, -0.000000000000000000, 1.000000000000000000 ) ) ;
#9322 = ORGANIZATION ( 'NAUO-ORG25', 'UNSPECIFIED', 'UNSPECIFIED' ) ;
#9323 = CALENDAR_DATE ( 2026, 29, 7 ) ;
#9324 = PRODUCT_DEFINITION_FORMATION_WITH_SPECIFIED_SOURCE ( 'ä»', '', #993, .NOT_KNOWN. ) ;
#9325 = ORIENTED_EDGE ( 'NONE', *, *, #4827, .T. ) ;
#9326 = VERTEX_POINT ( 'NONE', #8239 ) ;
#9327 = CC_DESIGN_PERSON_AND_ORGANIZATION_ASSIGNMENT ( #6197, #9796, ( #5239 ) ) ;
#9328 = CARTESIAN_POINT ( 'NONE',  ( 51.28027681660910986, 0.000000000000000000, -27.34948096885818103 ) ) ;
#9329 = CARTESIAN_POINT ( 'NONE',  ( -41.00000000000000000, 0.000000000000000000, 70.00000000000000000 ) ) ;
#9330 = DIRECTION ( 'NONE',  ( 0.000000000000000000, -0.000000000000000000, -1.000000000000000000 ) ) ;
#9331 = ORIENTED_EDGE ( 'NONE', *, *, #4695, .T. ) ;
#9332 = SECURITY_CLASSIFICATION ( '', '', #2981 ) ;
#9333 = CARTESIAN_POINT ( 'NONE',  ( -420.0000000000000000, 8.000000000000000000, 180.0000000000000000 ) ) ;
#9334 = FACE_BOUND ( 'NONE', #9983, .T. ) ;
#9335 = DATE_AND_TIME ( #109, #8751 ) ;
#9336 = PRODUCT_DEFINITION_SHAPE ( 'NONE', 'NONE',  #12023 ) ;
#9337 = ADVANCED_FACE ( 'NONE', ( #6512 ), #8185, .F. ) ;
#9338 = CARTESIAN_POINT ( 'NONE',  ( 0.000000000000000000, 0.000000000000000000, 0.000000000000000000 ) ) ;
#9339 = VERTEX_POINT ( 'NONE', #11966 ) ;
#9340 = CYLINDRICAL_SURFACE ( 'NONE', #11013, 2.627218626017904679 ) ;
#9341 = CC_DESIGN_SECURITY_CLASSIFICATION ( #7801, ( #12028 ) ) ;
#9342 = VECTOR ( 'NONE', #5827, 1000.000000000000000 ) ;
#9344 = ORIENTED_EDGE ( 'NONE', *, *, #8499, .F. ) ;
#9343 = VERTEX_POINT ( 'NONE', #9317 ) ;
#9345 = ORIENTED_EDGE ( 'NONE', *, *, #4792, .F. ) ;
#9346 = EDGE_CURVE ( 'NONE', #4108, #2621, #6277, .T. ) ;
#9347 = AXIS2_PLACEMENT_3D ( 'NONE', #1668, #6454, #3497 ) ;
#9348 = DIRECTION ( 'NONE',  ( 0.000000000000000000, 0.000000000000000000, 1.000000000000000000 ) ) ;
#9349 = FACE_OUTER_BOUND ( 'NONE', #2394, .T. ) ;
#9350 = ORIENTED_EDGE ( 'NONE', *, *, #7999, .F. ) ;
#9351 = CIRCLE ( 'NONE', #10916, 5.653846153846162181 ) ;
#9352 = EDGE_CURVE ( 'NONE', #5686, #5229, #3559, .T. ) ;
#9353 = CARTESIAN_POINT ( 'NONE',  ( 170.0000000000000000, 10.00000000000000000, 65.00000000000000000 ) ) ;
#9354 = EDGE_LOOP ( 'NONE', ( #813, #5555 ) ) ;
#9355 = CYLINDRICAL_SURFACE ( 'NONE', #7288, 5.653846153846162181 ) ;
#9356 = PERSON_AND_ORGANIZATION ( #2011, #2802 ) ;
#9357 = VERTEX_POINT ( 'NONE', #11098 ) ;
#9358 = CONTEXT_DEPENDENT_SHAPE_REPRESENTATION ( #3643, #10895 ) ;
#9359 = ORIENTED_EDGE ( 'NONE', *, *, #10413, .F. ) ;
#9360 = AXIS2_PLACEMENT_3D ( 'NONE', #7886, #601, #8013 ) ;
#9361 = EDGE_CURVE ( 'NONE', #8479, #11138, #1726, .T. ) ;
#9362 = CLOSED_SHELL ( 'NONE', ( #7957, #6321, #1503, #6670, #9384, #5801, #3064, #2447, #7342, #9907, #4514, #6410, #11389, #7269, #8144, #1670, #3363, #2692, #9424 ) ) ;
#9363 = CARTESIAN_POINT ( 'NONE',  ( -310.0000000000000000, 12.00000000000000000, 48.00000000000000000 ) ) ;
#9364 = CARTESIAN_POINT ( 'NONE',  ( 27.50000000000000000, 28.00000000000000000, 18.00000000000000000 ) ) ;
#9365 = CARTESIAN_POINT ( 'NONE',  ( 55.15432893255069047, 90.00000000000000000, -55.15432893255069047 ) ) ;
#9366 = DIRECTION ( 'NONE',  ( 0.000000000000000000, 0.000000000000000000, 1.000000000000000000 ) ) ;
#9367 = DIRECTION ( 'NONE',  ( 0.000000000000000000, 1.000000000000000000, 0.000000000000000000 ) ) ;
#9368 = ORIENTED_EDGE ( 'NONE', *, *, #7220, .F. ) ;
#9369 = DATE_AND_TIME ( #8406, #4076 ) ;
#9370 = COORDINATED_UNIVERSAL_TIME_OFFSET ( 8, 0, .AHEAD. ) ;
#9371 = EDGE_CURVE ( 'NONE', #516, #9170, #5986, .T. ) ;
#9372 = CARTESIAN_POINT ( 'NONE',  ( 420.0000000000000000, 0.000000000000000000, -180.0000000000000000 ) ) ;
#9373 = EDGE_CURVE ( 'NONE', #8330, #1271, #8297, .T. ) ;
#9374 = PLANE ( 'NONE',  #11627 ) ;
#9375 = CONTEXT_DEPENDENT_SHAPE_REPRESENTATION ( #9697, #2733 ) ;
#9376 = FACE_OUTER_BOUND ( 'NONE', #10443, .T. ) ;
#9377 = EDGE_LOOP ( 'NONE', ( #8593, #10247, #5568, #11639 ) ) ;
#9378 = CIRCLE ( 'NONE', #7255, 2.627218626017904679 ) ;
#9379 = CARTESIAN_POINT ( 'NONE',  ( -140.5000000000000000, 10.00000000000000000, 31.00000000000000000 ) ) ;
#9380 = LINE ( 'NONE', #8301, #4428 ) ;
#9381 =( NAMED_UNIT ( * ) PLANE_ANGLE_UNIT ( ) SI_UNIT ( $, .RADIAN. ) );
#9382 = DIRECTION ( 'NONE',  ( -0.000000000000000000, -1.000000000000000000, -0.000000000000000000 ) ) ;
#9383 = APPROVAL_ROLE ( '' ) ;
#9384 = ADVANCED_FACE ( 'NONE', ( #7382, #148, #1050, #3125, #7740 ), #6828, .F. ) ;
#9385 = ADVANCED_FACE ( 'NONE', ( #3846 ), #8592, .F. ) ;
#9386 =( GEOMETRIC_REPRESENTATION_CONTEXT ( 3 ) GLOBAL_UNCERTAINTY_ASSIGNED_CONTEXT ( ( #2566 ) ) GLOBAL_UNIT_ASSIGNED_CONTEXT ( ( #2994, #9381, #11158 ) ) REPRESENTATION_CONTEXT ( 'NONE', 'WORKASPACE' ) );
#9387 = EDGE_CURVE ( 'NONE', #854, #10843, #4258, .T. ) ;
#9388 = ORIENTED_EDGE ( 'NONE', *, *, #1610, .F. ) ;
#9389 = DIRECTION ( 'NONE',  ( 0.000000000000000000, -0.000000000000000000, -1.000000000000000000 ) ) ;
#9390 = DIRECTION ( 'NONE',  ( -0.000000000000000000, -1.000000000000000000, -0.000000000000000000 ) ) ;
#9391 = DIRECTION ( 'NONE',  ( 0.000000000000000000, 0.000000000000000000, 1.000000000000000000 ) ) ;
#9392 = ORIENTED_EDGE ( 'NONE', *, *, #10988, .F. ) ;
#9393 = CARTESIAN_POINT ( 'NONE',  ( -51.28027681660898907, 72.00000000000000000, 30.43995634690010732 ) ) ;
#9394 = CARTESIAN_POINT ( 'NONE',  ( -55.15432893255070468, 0.000000000000000000, -55.15432893255069757 ) ) ;
#9395 = AXIS2_PLACEMENT_3D ( 'NONE', #4578, #4406, #3446 ) ;
#9396 = ITEM_DEFINED_TRANSFORMATION ( 'NONE', 'NONE', #3764,  #2596 ) ;
#9397 = CC_DESIGN_PERSON_AND_ORGANIZATION_ASSIGNMENT ( #8377, #5495, ( #7984 ) ) ;
#9398 = LINE ( 'NONE', #958, #10040 ) ;
#9399 = APPROVAL ( #3035, 'UNKNOWN' ) ;
#9402 = EDGE_LOOP ( 'NONE', ( #7841, #6911, #3465, #1804 ) ) ;
#9401 = EDGE_CURVE ( 'NONE', #8323, #10896, #270, .T. ) ;
#9400 = ORIENTED_EDGE ( 'NONE', *, *, #2157, .F. ) ;
#9403 = AXIS2_PLACEMENT_3D ( 'NONE', #4508, #11956, #9024 ) ;
#9404 = EDGE_LOOP ( 'NONE', ( #99, #1863, #10077, #1248 ) ) ;
#9405 = FACE_OUTER_BOUND ( 'NONE', #10268, .T. ) ;
#9406 = CC_DESIGN_APPROVAL ( #6562, ( #7092 ) ) ;
#9407 = CARTESIAN_POINT ( 'NONE',  ( -50.22628862590825349, 28.00000000000000000, -35.26296589018186012 ) ) ;
#9408 = AXIS2_PLACEMENT_3D ( 'NONE', #10474, #2141, #152 ) ;
#9409 = CARTESIAN_POINT ( 'NONE',  ( -53.88728323699420741, 18.00000000000000000, 35.80573605599902010 ) ) ;
#9410 = ORIENTED_EDGE ( 'NONE', *, *, #9538, .F. ) ;
#9411 = VERTEX_POINT ( 'NONE', #2203 ) ;
#9412 = CARTESIAN_POINT ( 'NONE',  ( -64.58429561200924240, 10.00000000000000000, 45.58891454965358037 ) ) ;
#9413 = DIRECTION ( 'NONE',  ( 0.000000000000000000, 1.000000000000000000, 0.000000000000000000 ) ) ;
#9414 = EDGE_LOOP ( 'NONE', ( #7246, #6451, #8231, #1244 ) ) ;
#9415 = AXIS2_PLACEMENT_3D ( 'NONE', #5580, #8404, #7607 ) ;
#9416 = EDGE_CURVE ( 'NONE', #10952, #9784, #4032, .T. ) ;
#9417 = FACE_OUTER_BOUND ( 'NONE', #5939, .T. ) ;
#9418 = LOCAL_TIME ( 1, 42, 14.00000000000000000, #10410 ) ;
#9419 = COORDINATED_UNIVERSAL_TIME_OFFSET ( 8, 0, .AHEAD. ) ;
#9420 = ORIENTED_EDGE ( 'NONE', *, *, #3858, .F. ) ;
#9421 = CALENDAR_DATE ( 2026, 29, 7 ) ;
#9422 = ORIENTED_EDGE ( 'NONE', *, *, #11186, .F. ) ;
#9423 = EDGE_CURVE ( 'NONE', #65, #7459, #11844, .T. ) ;
#9424 = ADVANCED_FACE ( 'NONE', ( #11405 ), #4743, .F. ) ;
#9425 = CIRCLE ( 'NONE', #2629, 4.500000000000031974 ) ;
#9426 = CC_DESIGN_APPROVAL ( #2504, ( #8853 ) ) ;
#9427 = DIRECTION ( 'NONE',  ( 0.000000000000000000, 1.000000000000000000, 0.000000000000000000 ) ) ;
#9428 = VERTEX_POINT ( 'NONE', #8654 ) ;
#9429 = LINE ( 'NONE', #8581, #8257 ) ;
#9430 = ORIENTED_EDGE ( 'NONE', *, *, #2906, .T. ) ;
#9431 = CARTESIAN_POINT ( 'NONE',  ( 40.00000000000000000, 60.00000000000000000, 20.00000000000000000 ) ) ;
#9432 = DIRECTION ( 'NONE',  ( 1.000000000000000000, 0.000000000000000000, 0.000000000000000000 ) ) ;
#9433 = LINE ( 'NONE', #9923, #8829 ) ;
#9434 = ORIENTED_EDGE ( 'NONE', *, *, #6125, .F. ) ;
#9435 = APPLICATION_PROTOCOL_DEFINITION ( 'international standard', 'config_control_design', 1994, #11250 ) ;
#9436 = DIRECTION ( 'NONE',  ( 0.000000000000000000, 1.000000000000000000, 0.000000000000000000 ) ) ;
#9437 = ITEM_DEFINED_TRANSFORMATION ( 'NONE', 'NONE', #2612,  #8421 ) ;
#9438 = ADVANCED_FACE ( 'NONE', ( #6637 ), #7617, .F. ) ;
#9439 = CARTESIAN_POINT ( 'NONE',  ( 18.12278137398209310, 85.00000000000000000, -13.83921486740450746 ) ) ;
#9440 = DIRECTION ( 'NONE',  ( 1.000000000000000000, 0.000000000000000000, -0.000000000000000000 ) ) ;
#9441 = DIRECTION ( 'NONE',  ( -0.000000000000000000, -1.000000000000000000, -0.000000000000000000 ) ) ;
#9442 = CARTESIAN_POINT ( 'NONE',  ( -64.58429561200924240, 10.00000000000000000, 45.58891454965358037 ) ) ;
#9443 = CARTESIAN_POINT ( 'NONE',  ( -500.0000000000000000, 18.00000000000000000, -325.0000000000000000 ) ) ;
#9444 = VECTOR ( 'NONE', #5430, 1000.000000000000000 ) ;
#9445 = LINE ( 'NONE', #216, #2430 ) ;
#9446 = APPROVAL_DATE_TIME ( #1901, #5665 ) ;
#9447 = ORIENTED_EDGE ( 'NONE', *, *, #10132, .T. ) ;
#9448 = AXIS2_PLACEMENT_3D ( 'NONE', #1795, #9099, #10235 ) ;
#9449 = ORIENTED_EDGE ( 'NONE', *, *, #2636, .F. ) ;
#9450 = DIRECTION ( 'NONE',  ( -0.000000000000000000, -0.000000000000000000, 1.000000000000000000 ) ) ;
#9451 = DIRECTION ( 'NONE',  ( 0.000000000000000000, 0.000000000000000000, 1.000000000000000000 ) ) ;
#9452 = CARTESIAN_POINT ( 'NONE',  ( 35.00000000000000000, 26.00000000000000000, 10.00000000000000000 ) ) ;
#9453 = EDGE_LOOP ( 'NONE', ( #1123, #8251 ) ) ;
#9454 = ADVANCED_FACE ( 'NONE', ( #6761 ), #8467, .T. ) ;
#9455 = CARTESIAN_POINT ( 'NONE',  ( 284.3874821936960871, 12.00000000000000000, -39.00000000000000000 ) ) ;
#9456 = CARTESIAN_POINT ( 'NONE',  ( 0.000000000000000000, 0.000000000000000000, 0.000000000000000000 ) ) ;
#9457 = APPROVAL_ROLE ( '' ) ;
#9458 = VECTOR ( 'NONE', #7948, 1000.000000000000000 ) ;
#9459 = EDGE_CURVE ( 'NONE', #9002, #11757, #4859, .T. ) ;
#9460 = APPLICATION_CONTEXT ( 'configuration controlled 3d designs of mechanical parts and assemblies' ) ;
#9461 = CIRCLE ( 'NONE', #11812, 3.450405226897625965 ) ;
#9462 = EDGE_CURVE ( 'NONE', #10155, #10018, #2863, .T. ) ;
#9463 = LINE ( 'NONE', #2288, #8298 ) ;
#9465 = VERTEX_POINT ( 'NONE', #1108 ) ;
#9464 = ORIENTED_EDGE ( 'NONE', *, *, #5991, .T. ) ;
#9466 = EDGE_LOOP ( 'NONE', ( #4650, #3806 ) ) ;
#9467 = CIRCLE ( 'NONE', #1704, 4.500000000000031974 ) ;
#9468 = CARTESIAN_POINT ( 'NONE',  ( -46.15384615384615330, 12.00000000000000000, 74.88461538461540101 ) ) ;
#9469 = CARTESIAN_POINT ( 'NONE',  ( 55.15432893255066205, 0.000000000000000000, 60.65432893255067626 ) ) ;
#9470 = FACE_OUTER_BOUND ( 'NONE', #10735, .T. ) ;
#9471 = AXIS2_PLACEMENT_3D ( 'NONE', #6255, #7238, #9117 ) ;
#9472 = ORIENTED_EDGE ( 'NONE', *, *, #3420, .F. ) ;
#9473 = VERTEX_POINT ( 'NONE', #6697 ) ;
#9474 = DIRECTION ( 'NONE',  ( 0.000000000000000000, 1.000000000000000000, 0.000000000000000000 ) ) ;
#9475 = EDGE_CURVE ( 'NONE', #1014, #5272, #2009, .T. ) ;
#9476 = ORIENTED_EDGE ( 'NONE', *, *, #5345, .F. ) ;
#9477 = CARTESIAN_POINT ( 'NONE',  ( 46.15384615384618172, 0.000000000000000000, -69.23076923076924061 ) ) ;
#9478 = ORIENTED_EDGE ( 'NONE', *, *, #3971, .T. ) ;
#9479 = CIRCLE ( 'NONE', #2092, 4.219723183390894583 ) ;
#9480 = LINE ( 'NONE', #8687, #741 ) ;
#9481 = APPROVAL_DATE_TIME ( #2967, #2929 ) ;
#9482 = AXIS2_PLACEMENT_3D ( 'NONE', #4838, #11347, #8470 ) ;
#9483 = ORIENTED_EDGE ( 'NONE', *, *, #8684, .F. ) ;
#9484 = APPROVAL_DATE_TIME ( #2056, #3330 ) ;
#9485 = VERTEX_POINT ( 'NONE', #2928 ) ;
#9486 = APPROVAL ( #9154, 'æœª' ) ;
#9487 = VECTOR ( 'NONE', #10970, 1000.000000000000000 ) ;
#9488 = DIRECTION ( 'NONE',  ( 1.000000000000000000, 0.000000000000000000, 0.000000000000000000 ) ) ;
#9489 = AXIS2_PLACEMENT_3D ( 'NONE', #11088, #9187, #4616 ) ;
#9490 = DIRECTION ( 'NONE',  ( 0.000000000000000000, 1.000000000000000000, 0.000000000000000000 ) ) ;
#9491 = VERTEX_POINT ( 'NONE', #10469 ) ;
#9492 = FACE_OUTER_BOUND ( 'NONE', #4721, .T. ) ;
#9493 = FACE_OUTER_BOUND ( 'NONE', #4424, .T. ) ;
#9494 = ORIENTED_EDGE ( 'NONE', *, *, #10477, .F. ) ;
#9495 = ADVANCED_FACE ( 'NONE', ( #9376 ), #10402, .F. ) ;
#9496 = APPROVAL_ROLE ( '' ) ;
#9497 = AXIS2_PLACEMENT_3D ( 'NONE', #10451, #7481, #3107 ) ;
#9498 = DIRECTION ( 'NONE',  ( 0.000000000000000000, 1.000000000000000000, 0.000000000000000000 ) ) ;
#9499 = CARTESIAN_POINT ( 'NONE',  ( 27.50000000000000000, 18.00000000000000000, -18.00000000000000000 ) ) ;
#9500 = ADVANCED_FACE ( 'NONE', ( #5837 ), #4919, .F. ) ;
#9501 = COORDINATED_UNIVERSAL_TIME_OFFSET ( 8, 0, .AHEAD. ) ;
#9502 = CARTESIAN_POINT ( 'NONE',  ( -41.00000000000000000, 20.00000000000000000, -70.00000000000000000 ) ) ;
#9503 = APPROVAL_PERSON_ORGANIZATION ( #10215, #9558, #9310 ) ;
#9504 = AXIS2_PLACEMENT_3D ( 'NONE', #1532, #5091, #9605 ) ;
#9505 = CARTESIAN_POINT ( 'NONE',  ( 46.15384615384618172, 12.00000000000000000, 69.23076923076925482 ) ) ;
#9506 = DIRECTION ( 'NONE',  ( 0.000000000000000000, 1.000000000000000000, 0.000000000000000000 ) ) ;
#9507 = DIRECTION ( 'NONE',  ( 0.000000000000000000, 0.000000000000000000, 1.000000000000000000 ) ) ;
#9508 = DIRECTION ( 'NONE',  ( 0.000000000000000000, 1.000000000000000000, 0.000000000000000000 ) ) ;
#9509 = DATE_AND_TIME ( #9263, #8446 ) ;
#9510 = CALENDAR_DATE ( 2026, 29, 7 ) ;
#9511 = CC_DESIGN_APPROVAL ( #4704, ( #8453 ) ) ;
#9512 = VECTOR ( 'NONE', #6338, 1000.000000000000000 ) ;
#9513 = ORIENTED_EDGE ( 'NONE', *, *, #1684, .T. ) ;
#9514 = CARTESIAN_POINT ( 'NONE',  ( -275.6125178063039698, 12.00000000000000000, 39.00000000000000711 ) ) ;
#9515 = CARTESIAN_POINT ( 'NONE',  ( 40.00000000000000000, 0.000000000000000000, 0.000000000000000000 ) ) ;
#9516 = DIRECTION ( 'NONE',  ( -0.000000000000000000, -1.000000000000000000, -0.000000000000000000 ) ) ;
#9517 = EDGE_CURVE ( 'NONE', #2643, #11539, #2452, .T. ) ;
#9518 = DIRECTION ( 'NONE',  ( 0.000000000000000000, 0.000000000000000000, -1.000000000000000000 ) ) ;
#9519 = CC_DESIGN_SECURITY_CLASSIFICATION ( #7981, ( #12034 ) ) ;
#9520 = DIRECTION ( 'NONE',  ( 0.000000000000000000, -1.000000000000000000, 0.000000000000000000 ) ) ;
#9521 = CC_DESIGN_APPROVAL ( #2929, ( #1931 ) ) ;
#9522 = CONTEXT_DEPENDENT_SHAPE_REPRESENTATION ( #9229, #5248 ) ;
#9523 = COORDINATED_UNIVERSAL_TIME_OFFSET ( 8, 0, .AHEAD. ) ;
#9524 = VERTEX_POINT ( 'NONE', #4098 ) ;
#9525 = DIRECTION ( 'NONE',  ( 0.000000000000000000, 1.000000000000000000, 0.000000000000000000 ) ) ;
#9527 = ORIENTED_EDGE ( 'NONE', *, *, #8953, .T. ) ;
#9526 = ORIENTED_EDGE ( 'NONE', *, *, #450, .F. ) ;
#9528 = CC_DESIGN_APPROVAL ( #1311, ( #11094 ) ) ;
#9529 = APPROVAL_PERSON_ORGANIZATION ( #4928, #6232, #11538 ) ;
#9530 = VERTEX_POINT ( 'NONE', #4222 ) ;
#9531 = LINE ( 'NONE', #2230, #4583 ) ;
#9532 = EDGE_CURVE ( 'NONE', #5030, #11938, #7807, .T. ) ;
#9533 = DIRECTION ( 'NONE',  ( -0.000000000000000000, -0.000000000000000000, 1.000000000000000000 ) ) ;
#9534 = CARTESIAN_POINT ( 'NONE',  ( -60.00000000000000000, 0.000000000000000000, -90.00000000000000000 ) ) ;
#9535 = ADVANCED_FACE ( 'NONE', ( #11530 ), #9748, .F. ) ;
#9536 = VERTEX_POINT ( 'NONE', #9925 ) ;
#9537 = CARTESIAN_POINT ( 'NONE',  ( -284.3874821936960871, 0.000000000000000000, 39.00000000000000711 ) ) ;
#9538 = EDGE_CURVE ( 'NONE', #5539, #8927, #8963, .T. ) ;
#9539 = DIRECTION ( 'NONE',  ( 0.000000000000000000, 0.000000000000000000, -1.000000000000000000 ) ) ;
#9540 = EDGE_LOOP ( 'NONE', ( #2308, #5614, #5794, #5868 ) ) ;
#9541 = LOCAL_TIME ( 1, 42, 14.00000000000000000, #10894 ) ;
#9542 = AXIS2_PLACEMENT_3D ( 'NONE', #3813, #9474, #10099 ) ;
#9543 = DIRECTION ( 'NONE',  ( -0.000000000000000000, -1.000000000000000000, -0.000000000000000000 ) ) ;
#9544 = PERSON_AND_ORGANIZATION ( #2011, #2802 ) ;
#9545 = VERTEX_POINT ( 'NONE', #6087 ) ;
#9546 = COORDINATED_UNIVERSAL_TIME_OFFSET ( 8, 0, .AHEAD. ) ;
#9547 = EDGE_LOOP ( 'NONE', ( #5930, #1987 ) ) ;
#9548 = EDGE_CURVE ( 'NONE', #10131, #4843, #3374, .T. ) ;
#9549 = VECTOR ( 'NONE', #4187, 1000.000000000000000 ) ;
#9550 = DIRECTION ( 'NONE',  ( 0.000000000000000000, 0.000000000000000000, -1.000000000000000000 ) ) ;
#9551 = DIRECTION ( 'NONE',  ( 0.000000000000000000, 0.000000000000000000, 1.000000000000000000 ) ) ;
#9552 = DIRECTION ( 'NONE',  ( -1.000000000000000000, -0.000000000000000000, -0.000000000000000000 ) ) ;
#9553 = VERTEX_POINT ( 'NONE', #3311 ) ;
#9554 =( NAMED_UNIT ( * ) SI_UNIT ( $, .STERADIAN. ) SOLID_ANGLE_UNIT ( ) );
#9555 = DIRECTION ( 'NONE',  ( 0.000000000000000000, 1.000000000000000000, 0.000000000000000000 ) ) ;
#9556 = ORIENTED_EDGE ( 'NONE', *, *, #2020, .F. ) ;
#9557 = APPROVAL_STATUS ( 'not_yet_approved' ) ;
#9558 = APPROVAL ( #5640, 'æœª' ) ;
#9559 = CIRCLE ( 'NONE', #4328, 3.500000000000000000 ) ;
#9560 = DIRECTION ( 'NONE',  ( 0.000000000000000000, 0.000000000000000000, 1.000000000000000000 ) ) ;
#9561 = PERSON_AND_ORGANIZATION_ROLE ( 'classification_officer' ) ;
#9562 = ORIENTED_EDGE ( 'NONE', *, *, #3227, .T. ) ;
#9563 = DIRECTION ( 'NONE',  ( 0.000000000000000000, 1.000000000000000000, 0.000000000000000000 ) ) ;
#9564 = COORDINATED_UNIVERSAL_TIME_OFFSET ( 8, 0, .AHEAD. ) ;
#9565 = DIRECTION ( 'NONE',  ( 0.000000000000000000, 1.000000000000000000, 0.000000000000000000 ) ) ;
#9566 = ORIENTED_EDGE ( 'NONE', *, *, #3225, .F. ) ;
#9567 = VECTOR ( 'NONE', #4854, 1000.000000000000000 ) ;
#9568 = CARTESIAN_POINT ( 'NONE',  ( 420.0000000000000000, 8.000000000000000000, 184.5000000000000284 ) ) ;
#9569 = CARTESIAN_POINT ( 'NONE',  ( 29.94973070017958960, 18.00000000000000000, 18.51795332136453354 ) ) ;
#9570 = DIRECTION ( 'NONE',  ( 0.000000000000000000, 0.000000000000000000, 1.000000000000000000 ) ) ;
#9571 = LINE ( 'NONE', #2208, #7090 ) ;
#9572 = APPROVAL_STATUS ( 'not_yet_approved' ) ;
#9573 = PRODUCT_RELATED_PRODUCT_CATEGORY ( 'detail', '', ( #3241 ) ) ;
#9574 = COORDINATED_UNIVERSAL_TIME_OFFSET ( 8, 0, .AHEAD. ) ;
#9575 = ORIENTED_EDGE ( 'NONE', *, *, #6352, .F. ) ;
#9576 = FACE_OUTER_BOUND ( 'NONE', #3106, .T. ) ;
#9577 = CARTESIAN_POINT ( 'NONE',  ( -120.1043392264672747, 0.000000000000000000, -56.74884620746168196 ) ) ;
#9578 = EDGE_CURVE ( 'NONE', #1417, #3019, #6145, .T. ) ;
#9579 = FACE_OUTER_BOUND ( 'NONE', #3147, .T. ) ;
#9580 = ORIENTED_EDGE ( 'NONE', *, *, #7736, .F. ) ;
#9581 = FACE_BOUND ( 'NONE', #10320, .T. ) ;
#9582 = CARTESIAN_POINT ( 'NONE',  ( -450.0000000000000000, 8.000000000000000000, -210.0000000000000000 ) ) ;
#9583 = LINE ( 'NONE', #6778, #506 ) ;
#9584 = APPROVAL_ROLE ( '' ) ;
#9585 = DIRECTION ( 'NONE',  ( 0.000000000000000000, 0.000000000000000000, 1.000000000000000000 ) ) ;
#9586 = CIRCLE ( 'NONE', #1465, 1.223591395445790209 ) ;
#9588 = VERTEX_POINT ( 'NONE', #10782 ) ;
#9587 = ORIENTED_EDGE ( 'NONE', *, *, #5945, .T. ) ;
#9589 = EDGE_CURVE ( 'NONE', #8957, #7049, #1550, .T. ) ;
#9590 = ORIENTED_EDGE ( 'NONE', *, *, #11034, .T. ) ;
#9591 = CARTESIAN_POINT ( 'NONE',  ( 51.28027681660910986, 72.00000000000000000, -27.34948096885818103 ) ) ;
#9592 = DIRECTION ( 'NONE',  ( 0.000000000000000000, -1.000000000000000000, 0.000000000000000000 ) ) ;
#9593 = LINE ( 'NONE', #8620, #3267 ) ;
#9594 = AXIS2_PLACEMENT_3D ( 'NONE', #9642, #4942, #10551 ) ;
#9595 = DIRECTION ( 'NONE',  ( -0.000000000000000000, -1.000000000000000000, -0.000000000000000000 ) ) ;
#9596 = FACE_OUTER_BOUND ( 'NONE', #5220, .T. ) ;
#9597 = EDGE_LOOP ( 'NONE', ( #11206, #9286 ) ) ;
#9598 = CARTESIAN_POINT ( 'NONE',  ( 500.0000000000000000, 0.000000000000000000, -325.0000000000000000 ) ) ;
#9599 = APPROVAL_STATUS ( 'not_yet_approved' ) ;
#9600 = VECTOR ( 'NONE', #2050, 1000.000000000000000 ) ;
#9601 = ORIENTED_EDGE ( 'NONE', *, *, #10936, .T. ) ;
#9602 = DATE_AND_TIME ( #4012, #9933 ) ;
#9603 = AXIS2_PLACEMENT_3D ( 'NONE', #1841, #11909, #43 ) ;
#9604 = EDGE_LOOP ( 'NONE', ( #1378, #4966, #7229, #6056 ) ) ;
#9605 = DIRECTION ( 'NONE',  ( 0.000000000000000000, 0.000000000000000000, 1.000000000000000000 ) ) ;
#9606 = CIRCLE ( 'NONE', #4174, 2.877277303556590393 ) ;
#9607 = ADVANCED_FACE ( 'NONE', ( #11598 ), #528, .F. ) ;
#9608 = CARTESIAN_POINT ( 'NONE',  ( -297.5999999999999659, 12.00000000000000000, -27.00000000000000355 ) ) ;
#9609 = DIRECTION ( 'NONE',  ( 0.000000000000000000, 1.000000000000000000, 0.000000000000000000 ) ) ;
#9610 = ORIENTED_EDGE ( 'NONE', *, *, #3687, .T. ) ;
#9611 = EDGE_CURVE ( 'NONE', #5089, #6084, #5168, .T. ) ;
#9612 = DIRECTION ( 'NONE',  ( -1.000000000000000000, -0.000000000000000000, -0.000000000000000000 ) ) ;
#9613 = EDGE_LOOP ( 'NONE', ( #4182, #6563 ) ) ;
#9614 = MECHANICAL_CONTEXT ( 'NONE', #11887, 'mechanical' ) ;
#9615 = FACE_OUTER_BOUND ( 'NONE', #7827, .T. ) ;
#9616 = CALENDAR_DATE ( 2026, 29, 7 ) ;
#9617 = VECTOR ( 'NONE', #1598, 1000.000000000000000 ) ;
#9618 = EDGE_LOOP ( 'NONE', ( #5709, #10113 ) ) ;
#9619 = LOCAL_TIME ( 1, 42, 14.00000000000000000, #11603 ) ;
#9620 = DIRECTION ( 'NONE',  ( 0.000000000000000000, -0.000000000000000000, -1.000000000000000000 ) ) ;
#9621 = AXIS2_PLACEMENT_3D ( 'NONE', #8896, #3179, #4282 ) ;
#9622 = SECURITY_CLASSIFICATION_LEVEL ( 'unclassified' ) ;
#9623 = DIRECTION ( 'NONE',  ( -0.000000000000000000, -1.000000000000000000, -0.000000000000000000 ) ) ;
#9624 = CC_DESIGN_DATE_AND_TIME_ASSIGNMENT ( #6492, #7472, ( #608 ) ) ;
#9625 = DIRECTION ( 'NONE',  ( 0.000000000000000000, 0.000000000000000000, 1.000000000000000000 ) ) ;
#9626 = APPROVAL ( #10340, 'UNKNOWN' ) ;
#9627 = LINE ( 'NONE', #2264, #9102 ) ;
#9628 = CARTESIAN_POINT ( 'NONE',  ( 420.0000000000000000, 0.000000000000000000, 245.0000000000000000 ) ) ;
#9629 = EDGE_CURVE ( 'NONE', #7257, #5045, #2262, .T. ) ;
#9630 = CARTESIAN_POINT ( 'NONE',  ( 49.74884620746168196, 0.000000000000000000, -127.1043392264672747 ) ) ;
#9631 = DATE_AND_TIME ( #3253, #2618 ) ;
#9632 = APPROVAL_STATUS ( 'not_yet_approved' ) ;
#9633 = ORIENTED_EDGE ( 'NONE', *, *, #7069, .T. ) ;
#9634 = CARTESIAN_POINT ( 'NONE',  ( 0.000000000000000000, 12.00000000000000000, -39.00000000000000000 ) ) ;
#9635 = CARTESIAN_POINT ( 'NONE',  ( -55.15432893255071889, 0.000000000000000000, 55.15432893255073310 ) ) ;
#9636 = PLANE ( 'NONE',  #7745 ) ;
#9637 = ORIENTED_EDGE ( 'NONE', *, *, #9346, .T. ) ;
#9638 = CC_DESIGN_DATE_AND_TIME_ASSIGNMENT ( #11475, #10603, ( #6302 ) ) ;
#9639 = CC_DESIGN_PERSON_AND_ORGANIZATION_ASSIGNMENT ( #280, #6703, ( #9324 ) ) ;
#9640 = CARTESIAN_POINT ( 'NONE',  ( 0.000000000000000000, 0.000000000000000000, 0.000000000000000000 ) ) ;
#9641 = CARTESIAN_POINT ( 'NONE',  ( -27.50000000000000000, 0.000000000000000000, -21.00000000000000000 ) ) ;
#9642 = CARTESIAN_POINT ( 'NONE',  ( 40.00000000000000000, 60.00000000000000000, 20.00000000000000000 ) ) ;
#9643 = APPLICATION_PROTOCOL_DEFINITION ( 'international standard', 'config_control_design', 1994, #8228 ) ;
#9644 = PLANE ( 'NONE',  #2472 ) ;
#9645 = EDGE_CURVE ( 'NONE', #6837, #2853, #7364, .T. ) ;
#9646 = AXIS2_PLACEMENT_3D ( 'NONE', #9328, #6288, #9211 ) ;
#9647 = VERTEX_POINT ( 'NONE', #8052 ) ;
#9648 = VERTEX_POINT ( 'NONE', #11772 ) ;
#9649 = DIRECTION ( 'NONE',  ( 0.000000000000000000, 0.000000000000000000, 1.000000000000000000 ) ) ;
#9650 = PLANE ( 'NONE',  #1006 ) ;
#9651 = CARTESIAN_POINT ( 'NONE',  ( 67.50000000000000000, 0.000000000000000000, 36.00000000000000000 ) ) ;
#9652 = CC_DESIGN_PERSON_AND_ORGANIZATION_ASSIGNMENT ( #6895, #2270, ( #672 ) ) ;
#9653 = CARTESIAN_POINT ( 'NONE',  ( -27.50000000000000000, 0.000000000000000000, 21.00000000000000000 ) ) ;
#9654 = AXIS2_PLACEMENT_3D ( 'NONE', #7112, #4421, #10876 ) ;
#9655 = EDGE_CURVE ( 'NONE', #6734, #6596, #4811, .T. ) ;
#9656 = ORIENTED_EDGE ( 'NONE', *, *, #1700, .T. ) ;
#9657 = ORIENTED_EDGE ( 'NONE', *, *, #3838, .F. ) ;
#9658 = CYLINDRICAL_SURFACE ( 'NONE', #3761, 4.219723183390904353 ) ;
#9659 = EDGE_LOOP ( 'NONE', ( #6063, #7987, #6990, #3986 ) ) ;
#9660 = CARTESIAN_POINT ( 'NONE',  ( -500.0000000000000000, 18.00000000000000000, 325.0000000000000000 ) ) ;
#9661 = CALENDAR_DATE ( 2026, 29, 7 ) ;
#9662 = AXIS2_PLACEMENT_3D ( 'NONE', #8975, #657, #6959 ) ;
#9663 = EDGE_CURVE ( 'NONE', #10926, #11074, #10724, .T. ) ;
#9664 = EDGE_LOOP ( 'NONE', ( #1043, #3262, #9892, #379 ) ) ;
#9665 = SECURITY_CLASSIFICATION_LEVEL ( 'unclassified' ) ;
#9666 = VERTEX_POINT ( 'NONE', #6888 ) ;
#9667 = VECTOR ( 'NONE', #7605, 1000.000000000000000 ) ;
#9668 = DIRECTION ( 'NONE',  ( -0.000000000000000000, -1.000000000000000000, -0.000000000000000000 ) ) ;
#9669 = DIRECTION ( 'NONE',  ( -0.000000000000000000, -1.000000000000000000, -0.000000000000000000 ) ) ;
#9670 = AXIS2_PLACEMENT_3D ( 'NONE', #966, #9291, #2893 ) ;
#9671 = DIRECTION ( 'NONE',  ( 0.000000000000000000, 0.000000000000000000, 1.000000000000000000 ) ) ;
#9672 = EDGE_CURVE ( 'NONE', #7770, #7357, #8777, .T. ) ;
#9673 = DIRECTION ( 'NONE',  ( 0.000000000000000000, 0.000000000000000000, -1.000000000000000000 ) ) ;
#9674 = ORIENTED_EDGE ( 'NONE', *, *, #7241, .F. ) ;
#9675 =( NAMED_UNIT ( * ) PLANE_ANGLE_UNIT ( ) SI_UNIT ( $, .RADIAN. ) );
#9676 = VECTOR ( 'NONE', #11789, 1000.000000000000000 ) ;
#9677 = CYLINDRICAL_SURFACE ( 'NONE', #2810, 7.000000000000026645 ) ;
#9678 = EDGE_LOOP ( 'NONE', ( #6057, #7457, #11198, #5999 ) ) ;
#9679 = PERSON_AND_ORGANIZATION ( #2011, #2802 ) ;
#9680 = DIRECTION ( 'NONE',  ( 0.000000000000000000, 1.000000000000000000, 0.000000000000000000 ) ) ;
#9681 = CONTEXT_DEPENDENT_SHAPE_REPRESENTATION ( #10939, #10797 ) ;
#9682 = EDGE_LOOP ( 'NONE', ( #12007, #5524, #5095, #1778 ) ) ;
#9683 = AXIS2_PLACEMENT_3D ( 'NONE', #2045, #4887, #3216 ) ;
#9684 = LINE ( 'NONE', #1358, #708 ) ;
#9685 = VECTOR ( 'NONE', #1895, 1000.000000000000000 ) ;
#9686 = EDGE_CURVE ( 'NONE', #5100, #11808, #1486, .T. ) ;
#9687 = COORDINATED_UNIVERSAL_TIME_OFFSET ( 8, 0, .AHEAD. ) ;
#9688 = CYLINDRICAL_SURFACE ( 'NONE', #8523, 3.346153846153804068 ) ;
#9689 = ADVANCED_FACE ( 'NONE', ( #1606 ), #9688, .F. ) ;
#9690 = EDGE_LOOP ( 'NONE', ( #8799, #2656 ) ) ;
#9691 = DIRECTION ( 'NONE',  ( 0.000000000000000000, -0.000000000000000000, -1.000000000000000000 ) ) ;
#9692 = CARTESIAN_POINT ( 'NONE',  ( 40.00000000000000000, 60.00000000000000000, 23.25000000000000000 ) ) ;
#9693 = VECTOR ( 'NONE', #6043, 1000.000000000000000 ) ;
#9694 = DIRECTION ( 'NONE',  ( 0.000000000000000000, 0.000000000000000000, 1.000000000000000000 ) ) ;
#9695 = PERSON_AND_ORGANIZATION ( #2011, #2802 ) ;
#9696 = PERSON_AND_ORGANIZATION ( #2011, #2802 ) ;
#9697 =( REPRESENTATION_RELATIONSHIP ('NONE','NONE', #3053, #3980 ) REPRESENTATION_RELATIONSHIP_WITH_TRANSFORMATION ( #90 )SHAPE_REPRESENTATION_RELATIONSHIP( ) );
#9698 = ORIENTED_EDGE ( 'NONE', *, *, #2953, .T. ) ;
#9699 = VECTOR ( 'NONE', #9488, 1000.000000000000000 ) ;
#9700 = DIRECTION ( 'NONE',  ( 0.000000000000000000, 1.000000000000000000, 0.000000000000000000 ) ) ;
#9701 = EDGE_CURVE ( 'NONE', #1407, #4900, #11948, .T. ) ;
#9702 = DIRECTION ( 'NONE',  ( -0.000000000000000000, -1.000000000000000000, -0.000000000000000000 ) ) ;
#9703 = CARTESIAN_POINT ( 'NONE',  ( -310.0000000000000000, 12.00000000000000000, 48.00000000000000000 ) ) ;
#9704 = CARTESIAN_POINT ( 'NONE',  ( 51.28027681660910275, 0.000000000000000000, 27.34948096885814550 ) ) ;
#9705 = CARTESIAN_POINT ( 'NONE',  ( -11.00000000000000000, 10.00000000000000000, -45.58891454965356616 ) ) ;
#9706 = DIRECTION ( 'NONE',  ( -0.000000000000000000, -1.000000000000000000, -0.000000000000000000 ) ) ;
#9707 = PERSON_AND_ORGANIZATION ( #2011, #2802 ) ;
#9708 = SECURITY_CLASSIFICATION ( '', '', #5098 ) ;
#9709 = VECTOR ( 'NONE', #2525, 1000.000000000000000 ) ;
#9710 = DIRECTION ( 'NONE',  ( 0.000000000000000000, 0.000000000000000000, -1.000000000000000000 ) ) ;
#9711 = CC_DESIGN_DATE_AND_TIME_ASSIGNMENT ( #7078, #10787, ( #8453 ) ) ;
#9713 = ORIENTED_EDGE ( 'NONE', *, *, #4268, .T. ) ;
#9712 = EDGE_LOOP ( 'NONE', ( #1794, #8773, #10993, #7232 ) ) ;
#9714 = VERTEX_POINT ( 'NONE', #10209 ) ;
#9715 = FACE_OUTER_BOUND ( 'NONE', #4694, .T. ) ;
#9716 = DIRECTION ( 'NONE',  ( -1.000000000000000000, 0.000000000000000000, -0.000000000000000000 ) ) ;
#9717 = APPROVAL_PERSON_ORGANIZATION ( #7474, #8511, #3763 ) ;
#9718 = CARTESIAN_POINT ( 'NONE',  ( 420.0000000000000000, 8.000000000000000000, -184.5000000000000284 ) ) ;
#9719 = APPROVAL_PERSON_ORGANIZATION ( #3523, #4055, #4370 ) ;
#9720 = LINE ( 'NONE', #1394, #1594 ) ;
#9721 = VERTEX_POINT ( 'NONE', #3485 ) ;
#9722 = DIRECTION ( 'NONE',  ( 0.000000000000000000, 0.000000000000000000, 1.000000000000000000 ) ) ;
#9723 = ORIENTED_EDGE ( 'NONE', *, *, #6362, .F. ) ;
#9724 = DIRECTION ( 'NONE',  ( 0.000000000000000000, -0.000000000000000000, -1.000000000000000000 ) ) ;
#9726 = CALENDAR_DATE ( 2026, 29, 7 ) ;
#9725 = SECURITY_CLASSIFICATION ( '', '', #11237 ) ;
#9727 = LOCAL_TIME ( 1, 42, 14.00000000000000000, #5242 ) ;
#9728 = EDGE_CURVE ( 'NONE', #11757, #6986, #7248, .T. ) ;
#9729 = ORIENTED_EDGE ( 'NONE', *, *, #3445, .F. ) ;
#9730 = ORIENTED_EDGE ( 'NONE', *, *, #3108, .T. ) ;
#9731 = CARTESIAN_POINT ( 'NONE',  ( 163.1999999999999886, 42.00000000000000000, 56.99999999999999289 ) ) ;
#9732 = ADVANCED_FACE ( 'NONE', ( #6500 ), #819, .F. ) ;
#9733 = CARTESIAN_POINT ( 'NONE',  ( -51.28027681660898907, 72.00000000000000000, -30.43995634690009666 ) ) ;
#9734 = SECURITY_CLASSIFICATION ( '', '', #10590 ) ;
#9735 = CARTESIAN_POINT ( 'NONE',  ( 0.000000000000000000, 12.00000000000000000, -39.00000000000000000 ) ) ;
#9736 = CARTESIAN_POINT ( 'NONE',  ( 1.224646799147353256E-15, 24.00000000000000000, 10.00000000000000000 ) ) ;
#9737 = ORIENTED_EDGE ( 'NONE', *, *, #537, .F. ) ;
#9738 = DIRECTION ( 'NONE',  ( 0.000000000000000000, 0.000000000000000000, -1.000000000000000000 ) ) ;
#9739 = ORIENTED_EDGE ( 'NONE', *, *, #3765, .T. ) ;
#9740 = PERSON_AND_ORGANIZATION ( #2011, #2802 ) ;
#9741 = VERTEX_POINT ( 'NONE', #9184 ) ;
#9742 = CC_DESIGN_SECURITY_CLASSIFICATION ( #3507, ( #12029 ) ) ;
#9743 = EDGE_LOOP ( 'NONE', ( #10689, #8033, #5732, #8394 ) ) ;
#9744 = AXIS2_PLACEMENT_3D ( 'NONE', #6242, #10989, #7283 ) ;
#9745 = EDGE_CURVE ( 'NONE', #6678, #9210, #8170, .T. ) ;
#9746 = CARTESIAN_POINT ( 'NONE',  ( 30.00000000000000000, 12.00000000000000000, 27.94637722496424459 ) ) ;
#9747 = DATE_AND_TIME ( #11770, #4304 ) ;
#9748 = CYLINDRICAL_SURFACE ( 'NONE', #1916, 2.877277303556587285 ) ;
#9749 = DIRECTION ( 'NONE',  ( 0.000000000000000000, -0.000000000000000000, -1.000000000000000000 ) ) ;
#9750 = DIRECTION ( 'NONE',  ( -1.000000000000000000, 0.000000000000000000, 0.000000000000000000 ) ) ;
#9751 = DIRECTION ( 'NONE',  ( 1.000000000000000000, 0.000000000000000000, 0.000000000000000000 ) ) ;
#9752 = AXIS2_PLACEMENT_3D ( 'NONE', #1630, #11625, #10928 ) ;
#9753 = LINE ( 'NONE', #4292, #7663 ) ;
#9754 = COORDINATED_UNIVERSAL_TIME_OFFSET ( 8, 0, .AHEAD. ) ;
#9755 = EDGE_CURVE ( 'NONE', #4194, #11738, #2791, .T. ) ;
#9756 = CALENDAR_DATE ( 2026, 29, 7 ) ;
#9757 = EDGE_CURVE ( 'NONE', #1932, #2773, #2514, .T. ) ;
#9758 = CARTESIAN_POINT ( 'NONE',  ( -47.50000000000000000, 18.00000000000000000, 35.00000000000000000 ) ) ;
#9759 = DIRECTION ( 'NONE',  ( -0.000000000000000000, -1.000000000000000000, -0.000000000000000000 ) ) ;
#9760 = AXIS2_PLACEMENT_3D ( 'NONE', #2322, #9436, #266 ) ;
#9761 = DIRECTION ( 'NONE',  ( 1.000000000000000000, 0.000000000000000000, 0.000000000000000000 ) ) ;
#9762 = CARTESIAN_POINT ( 'NONE',  ( -27.50000000000000000, 85.00000000000000000, 21.00000000000000000 ) ) ;
#9763 = DIRECTION ( 'NONE',  ( -0.000000000000000000, -1.000000000000000000, -0.000000000000000000 ) ) ;
#9764 = FACE_OUTER_BOUND ( 'NONE', #6719, .T. ) ;
#9765 = DIRECTION ( 'NONE',  ( 0.000000000000000000, 0.000000000000000000, 1.000000000000000000 ) ) ;
#9766 = DATE_TIME_ROLE ( 'creation_date' ) ;
#9767 = EDGE_CURVE ( 'NONE', #6902, #6248, #9071, .T. ) ;
#9768 = DIRECTION ( 'NONE',  ( 0.000000000000000000, 0.000000000000000000, -1.000000000000000000 ) ) ;
#9769 = EDGE_CURVE ( 'NONE', #1398, #3269, #5217, .T. ) ;
#9770 = EDGE_LOOP ( 'NONE', ( #1474, #3812, #2244, #4069 ) ) ;
#9771 = ADVANCED_FACE ( 'NONE', ( #5573 ), #5404, .F. ) ;
#9772 = ORIENTED_EDGE ( 'NONE', *, *, #2415, .T. ) ;
#9773 = DIRECTION ( 'NONE',  ( 0.000000000000000000, 0.000000000000000000, -1.000000000000000000 ) ) ;
#9774 = PLANE ( 'NONE',  #8586 ) ;
#9775 = DIRECTION ( 'NONE',  ( -1.000000000000000000, 0.000000000000000000, 0.000000000000000000 ) ) ;
#9776 = PLANE ( 'NONE',  #3348 ) ;
#9777 = APPROVAL ( #188, 'æœª' ) ;
#9778 = AXIS2_PLACEMENT_3D ( 'NONE', #6743, #4727, #2123 ) ;
#9779 = CC_DESIGN_DATE_AND_TIME_ASSIGNMENT ( #191, #129, ( #3507 ) ) ;
#9780 = ORIENTED_EDGE ( 'NONE', *, *, #6462, .T. ) ;
#9781 = EDGE_CURVE ( 'NONE', #3718, #1527, #10461, .T. ) ;
#9782 = PLANE ( 'NONE',  #6532 ) ;
#9783 = CALENDAR_DATE ( 2026, 29, 7 ) ;
#9784 = VERTEX_POINT ( 'NONE', #5518 ) ;
#9785 = ORIENTED_EDGE ( 'NONE', *, *, #10339, .F. ) ;
#9786 = EDGE_LOOP ( 'NONE', ( #4374, #10375, #1076, #5019 ) ) ;
#9787 = VECTOR ( 'NONE', #4485, 1000.000000000000000 ) ;
#9788 = CARTESIAN_POINT ( 'NONE',  ( -27.94637722496424459, 0.000000000000000000, 30.00000000000000000 ) ) ;
#9789 = DIRECTION ( 'NONE',  ( -1.000000000000000000, -0.000000000000000000, -0.000000000000000000 ) ) ;
#9790 = ADVANCED_FACE ( 'NONE', ( #10034 ), #7306, .T. ) ;
#9791 = CARTESIAN_POINT ( 'NONE',  ( -163.1999999999999886, 42.00000000000000000, -46.99999999999999289 ) ) ;
#9792 = VERTEX_POINT ( 'NONE', #10899 ) ;
#9793 = AXIS2_PLACEMENT_3D ( 'NONE', #2995, #11159, #5713 ) ;
#9794 = DIRECTION ( 'NONE',  ( -0.000000000000000000, -1.000000000000000000, -0.000000000000000000 ) ) ;
#9795 = ORIENTED_EDGE ( 'NONE', *, *, #5849, .F. ) ;
#9796 = PERSON_AND_ORGANIZATION_ROLE ( 'creator' ) ;
#9797 = AXIS2_PLACEMENT_3D ( 'NONE', #8595, #3182, #3912 ) ;
#9798 = ORIENTED_EDGE ( 'NONE', *, *, #4463, .T. ) ;
#9799 = APPROVAL_ROLE ( '' ) ;
#9800 = EDGE_CURVE ( 'NONE', #10200, #4191, #7960, .T. ) ;
#9801 = VERTEX_POINT ( 'NONE', #1714 ) ;
#9802 = AXIS2_PLACEMENT_3D ( 'NONE', #9245, #8459, #138 ) ;
#9803 = ORIENTED_EDGE ( 'NONE', *, *, #3080, .T. ) ;
#9804 = PLANE ( 'NONE',  #3794 ) ;
#9805 = COORDINATED_UNIVERSAL_TIME_OFFSET ( 8, 0, .AHEAD. ) ;
#9806 = AXIS2_PLACEMENT_3D ( 'NONE', #3265, #422, #4118 ) ;
#9807 = CARTESIAN_POINT ( 'NONE',  ( 420.0000000000000000, 8.000000000000000000, 184.5000000000000284 ) ) ;
#9808 = CARTESIAN_POINT ( 'NONE',  ( -310.0000000000000000, 12.00000000000000000, 48.00000000000000000 ) ) ;
#9809 = DIRECTION ( 'NONE',  ( 0.000000000000000000, 0.000000000000000000, -1.000000000000000000 ) ) ;
#9810 = DIRECTION ( 'NONE',  ( 0.000000000000000000, 0.000000000000000000, 1.000000000000000000 ) ) ;
#9811 = ORIENTED_EDGE ( 'NONE', *, *, #3902, .F. ) ;
#9812 = DIRECTION ( 'NONE',  ( -1.000000000000000000, 0.000000000000000000, -0.000000000000000000 ) ) ;
#9813 = ADVANCED_FACE ( 'NONE', ( #9129 ), #8110, .F. ) ;
#9814 = PERSON_AND_ORGANIZATION_ROLE ( 'design_owner' ) ;
#9815 = AXIS2_PLACEMENT_3D ( 'NONE', #8767, #11519, #3958 ) ;
#9816 = CALENDAR_DATE ( 2026, 29, 7 ) ;
#9817 = LOCAL_TIME ( 1, 42, 14.00000000000000000, #2938 ) ;
#9818 = AXIS2_PLACEMENT_3D ( 'NONE', #7202, #10912, #5356 ) ;
#9819 = ORIENTED_EDGE ( 'NONE', *, *, #6011, .T. ) ;
#9820 = CARTESIAN_POINT ( 'NONE',  ( -280.0000000000000000, 12.00000000000000000, -38.00000000000000000 ) ) ;
#9821 = EDGE_LOOP ( 'NONE', ( #445, #655, #4412, #10239 ) ) ;
#9822 = CARTESIAN_POINT ( 'NONE',  ( 40.00000000000000000, 18.00000000000000000, 0.000000000000000000 ) ) ;
#9823 = PRODUCT_DEFINITION_SHAPE ( 'NONE', 'NONE',  #12024 ) ;
#9824 = CARTESIAN_POINT ( 'NONE',  ( -29.94973070017952566, 18.00000000000000000, 25.51862784808254503 ) ) ;
#9825 = CARTESIAN_POINT ( 'NONE',  ( -40.00000000000000000, 0.000000000000000000, 22.48069469178416924 ) ) ;
#9826 = DIRECTION ( 'NONE',  ( 0.000000000000000000, 0.000000000000000000, 1.000000000000000000 ) ) ;
#9827 = FACE_OUTER_BOUND ( 'NONE', #1118, .T. ) ;
#9828 = SECURITY_CLASSIFICATION_LEVEL ( 'unclassified' ) ;
#9829 = FACE_OUTER_BOUND ( 'NONE', #1874, .T. ) ;
#9831 = VERTEX_POINT ( 'NONE', #5347 ) ;
#9830 = VERTEX_POINT ( 'NONE', #1771 ) ;
#9832 = ORIENTED_EDGE ( 'NONE', *, *, #4695, .F. ) ;
#9833 = CARTESIAN_POINT ( 'NONE',  ( 450.0000000000000000, 8.000000000000000000, -210.0000000000000000 ) ) ;
#9834 = LINE ( 'NONE', #4316, #7812 ) ;
#9835 = LINE ( 'NONE', #1515, #11240 ) ;
#9836 = EDGE_CURVE ( 'NONE', #10131, #10926, #5012, .T. ) ;
#9837 = DIRECTION ( 'NONE',  ( 0.000000000000000000, -0.000000000000000000, -1.000000000000000000 ) ) ;
#9838 = ADVANCED_FACE ( 'NONE', ( #6263 ), #25, .F. ) ;
#9839 = VERTEX_POINT ( 'NONE', #9976 ) ;
#9840 = ORIENTED_EDGE ( 'NONE', *, *, #9361, .T. ) ;
#9841 = VECTOR ( 'NONE', #5670, 1000.000000000000000 ) ;
#9842 = DIRECTION ( 'NONE',  ( -0.000000000000000000, -1.000000000000000000, -0.000000000000000000 ) ) ;
#9843 = PERSON_AND_ORGANIZATION_ROLE ( 'design_owner' ) ;
#9845 = VERTEX_POINT ( 'NONE', #11327 ) ;
#9844 = VERTEX_POINT ( 'NONE', #258 ) ;
#9846 = ORIENTED_EDGE ( 'NONE', *, *, #11825, .F. ) ;
#9847 = ORIENTED_EDGE ( 'NONE', *, *, #5320, .F. ) ;
#9849 = VECTOR ( 'NONE', #7828, 1000.000000000000000 ) ;
#9848 = DIRECTION ( 'NONE',  ( 1.000000000000000000, 0.000000000000000000, 0.000000000000000000 ) ) ;
#9850 = EDGE_CURVE ( 'NONE', #9530, #5371, #5591, .T. ) ;
#9851 = LINE ( 'NONE', #3166, #4278 ) ;
#9852 = DIRECTION ( 'NONE',  ( 0.000000000000000000, 0.000000000000000000, -1.000000000000000000 ) ) ;
#9853 = CIRCLE ( 'NONE', #5946, 4.084295612009243293 ) ;
#9854 = DIRECTION ( 'NONE',  ( 0.000000000000000000, -0.000000000000000000, 1.000000000000000000 ) ) ;
#9855 = VERTEX_POINT ( 'NONE', #1993 ) ;
#9856 = SECURITY_CLASSIFICATION_LEVEL ( 'unclassified' ) ;
#9857 =( REPRESENTATION_RELATIONSHIP ('NONE','NONE', #3053, #3980 ) REPRESENTATION_RELATIONSHIP_WITH_TRANSFORMATION ( #11404 )SHAPE_REPRESENTATION_RELATIONSHIP( ) );
#9858 = VECTOR ( 'NONE', #7641, 1000.000000000000000 ) ;
#9859 = ORIENTED_EDGE ( 'NONE', *, *, #855, .T. ) ;
#9860 = DATE_TIME_ROLE ( 'classification_date' ) ;
#9861 = ORIENTED_EDGE ( 'NONE', *, *, #6473, .T. ) ;
#9862 = CC_DESIGN_PERSON_AND_ORGANIZATION_ASSIGNMENT ( #3063, #6892, ( #6302 ) ) ;
#9863 = CARTESIAN_POINT ( 'NONE',  ( -27.50000000000000000, 85.00000000000000000, -21.00000000000000000 ) ) ;
#9864 = VECTOR ( 'NONE', #3875, 1000.000000000000000 ) ;
#9865 = DIRECTION ( 'NONE',  ( 0.000000000000000000, 0.000000000000000000, -1.000000000000000000 ) ) ;
#9866 = CIRCLE ( 'NONE', #7936, 3.346153846153804068 ) ;
#9867 = FACE_OUTER_BOUND ( 'NONE', #7555, .T. ) ;
#9868 = LINE ( 'NONE', #3376, #5118 ) ;
#9869 = EDGE_CURVE ( 'NONE', #1271, #11539, #10073, .T. ) ;
#9870 = DIRECTION ( 'NONE',  ( 0.000000000000000000, 1.000000000000000000, 0.000000000000000000 ) ) ;
#9871 = SHAPE_REPRESENTATION_RELATIONSHIP ( 'NONE' , 'NONE' ,  #5212, #295 ) ;
#9872 = DIRECTION ( 'NONE',  ( 0.000000000000000000, 0.000000000000000000, -1.000000000000000000 ) ) ;
#9873 = PERSON_AND_ORGANIZATION_ROLE ( 'creator' ) ;
#9874 = VECTOR ( 'NONE', #3860, 1000.000000000000000 ) ;
#9875 = PERSON_AND_ORGANIZATION ( #2011, #2802 ) ;
#9876 = AXIS2_PLACEMENT_3D ( 'NONE', #7954, #354, #11674 ) ;
#9877 = EDGE_CURVE ( 'NONE', #455, #9267, #7173, .T. ) ;
#9878 = EDGE_LOOP ( 'NONE', ( #10350, #2697, #4015, #798 ) ) ;
#9879 = DIRECTION ( 'NONE',  ( 0.000000000000000000, 0.000000000000000000, 1.000000000000000000 ) ) ;
#9880 = FACE_OUTER_BOUND ( 'NONE', #2673, .T. ) ;
#9881 = DIRECTION ( 'NONE',  ( -1.000000000000000000, 0.000000000000000000, 0.000000000000000000 ) ) ;
#9882 = VECTOR ( 'NONE', #1951, 1000.000000000000000 ) ;
#9883 = DIRECTION ( 'NONE',  ( -0.000000000000000000, -1.000000000000000000, -0.000000000000000000 ) ) ;
#9884 = EDGE_CURVE ( 'NONE', #3810, #285, #1936, .T. ) ;
#9885 = CARTESIAN_POINT ( 'NONE',  ( -105.0000000000000000, 0.000000000000000000, -105.0000000000000000 ) ) ;
#9886 = AXIS2_PLACEMENT_3D ( 'NONE', #6830, #4923, #10727 ) ;
#9887 = DIRECTION ( 'NONE',  ( -1.000000000000000000, 0.000000000000000000, -0.000000000000000000 ) ) ;
#9888 = PERSON_AND_ORGANIZATION_ROLE ( 'design_supplier' ) ;
#9889 = DIRECTION ( 'NONE',  ( 0.000000000000000000, 0.000000000000000000, 1.000000000000000000 ) ) ;
#9890 = AXIS2_PLACEMENT_3D ( 'NONE', #8454, #11205, #134 ) ;
#9892 = ORIENTED_EDGE ( 'NONE', *, *, #5018, .T. ) ;
#9891 = ORIENTED_EDGE ( 'NONE', *, *, #952, .T. ) ;
#9893 = ORIENTED_EDGE ( 'NONE', *, *, #9958, .T. ) ;
#9894 = DIRECTION ( 'NONE',  ( -1.000000000000000000, 0.000000000000000000, 0.000000000000000000 ) ) ;
#9895 = EDGE_CURVE ( 'NONE', #5485, #7473, #320, .T. ) ;
#9896 = CARTESIAN_POINT ( 'NONE',  ( -35.00000000000000000, 26.00000000000000000, 10.00000000000000000 ) ) ;
#9897 = DIRECTION ( 'NONE',  ( 0.000000000000000000, 0.000000000000000000, -1.000000000000000000 ) ) ;
#9898 = FACE_OUTER_BOUND ( 'NONE', #190, .T. ) ;
#9899 = SECURITY_CLASSIFICATION ( '', '', #3961 ) ;
#9900 = CIRCLE ( 'NONE', #3105, 3.450405226897622413 ) ;
#9901 = ORIENTED_EDGE ( 'NONE', *, *, #5396, .T. ) ;
#9902 = FACE_OUTER_BOUND ( 'NONE', #1960, .T. ) ;
#9903 = DATE_TIME_ROLE ( 'classification_date' ) ;
#9904 = EDGE_CURVE ( 'NONE', #5310, #10520, #2886, .T. ) ;
#9905 = ORIENTED_EDGE ( 'NONE', *, *, #5278, .T. ) ;
#9907 = ADVANCED_FACE ( 'NONE', ( #195 ), #1093, .F. ) ;
#9906 = CC_DESIGN_APPROVAL ( #1679, ( #804 ) ) ;
#9908 = ORIENTED_EDGE ( 'NONE', *, *, #3067, .T. ) ;
#9909 = EDGE_LOOP ( 'NONE', ( #1077, #3437 ) ) ;
#9910 = CARTESIAN_POINT ( 'NONE',  ( 0.000000000000000000, 18.00000000000000000, -18.00000000000000000 ) ) ;
#9911 = LINE ( 'NONE', #3863, #5225 ) ;
#9912 = APPROVAL_PERSON_ORGANIZATION ( #8552, #3470, #8374 ) ;
#9913 = VERTEX_POINT ( 'NONE', #10328 ) ;
#9914 = LINE ( 'NONE', #688, #2087 ) ;
#9915 = ORIENTED_EDGE ( 'NONE', *, *, #494, .T. ) ;
#9916 = APPROVAL_PERSON_ORGANIZATION ( #8719, #4071, #11476 ) ;
#9917 = FACE_OUTER_BOUND ( 'NONE', #6251, .T. ) ;
#9918 = PERSON_AND_ORGANIZATION ( #2011, #2802 ) ;
#9919 = EDGE_CURVE ( 'NONE', #9648, #9545, #2973, .T. ) ;
#9920 = ORIENTED_EDGE ( 'NONE', *, *, #10707, .T. ) ;
#9921 = CALENDAR_DATE ( 2026, 29, 7 ) ;
#9922 = VERTEX_POINT ( 'NONE', #5633 ) ;
#9923 = CARTESIAN_POINT ( 'NONE',  ( -27.50000000000000000, 85.00000000000000000, -21.00000000000000000 ) ) ;
#9924 = PERSON_AND_ORGANIZATION ( #7244, #7993 ) ;
#9925 = CARTESIAN_POINT ( 'NONE',  ( -51.28027681660898907, 0.000000000000000000, -30.43995634690009666 ) ) ;
#9926 = FACE_OUTER_BOUND ( 'NONE', #1027, .T. ) ;
#9927 = FACE_BOUND ( 'NONE', #11621, .T. ) ;
#9928 = DIRECTION ( 'NONE',  ( 0.000000000000000000, 1.000000000000000000, 0.000000000000000000 ) ) ;
#9929 = PRODUCT_RELATED_PRODUCT_CATEGORY ( 'detail', '', ( #330 ) ) ;
#9930 = CARTESIAN_POINT ( 'NONE',  ( -11.00000000000000000, 10.00000000000000000, 15.58891454965356793 ) ) ;
#9931 = CC_DESIGN_DATE_AND_TIME_ASSIGNMENT ( #9012, #751, ( #2147 ) ) ;
#9932 = APPROVAL_DATE_TIME ( #10043, #1961 ) ;
#9933 = LOCAL_TIME ( 1, 42, 14.00000000000000000, #5874 ) ;
#9934 = VECTOR ( 'NONE', #7527, 1000.000000000000000 ) ;
#9935 = PERSON_AND_ORGANIZATION_ROLE ( 'design_owner' ) ;
#9936 = ORIENTED_EDGE ( 'NONE', *, *, #1644, .F. ) ;
#9937 = LINE ( 'NONE', #11669, #1318 ) ;
#9938 = DIRECTION ( 'NONE',  ( 0.000000000000000000, 0.000000000000000000, -1.000000000000000000 ) ) ;
#9939 = AXIS2_PLACEMENT_3D ( 'NONE', #431, #6724, #7647 ) ;
#9940 = DIRECTION ( 'NONE',  ( 0.000000000000000000, 0.000000000000000000, -1.000000000000000000 ) ) ;
#9941 = DIRECTION ( 'NONE',  ( -0.000000000000000000, -0.000000000000000000, 1.000000000000000000 ) ) ;
#9942 = CARTESIAN_POINT ( 'NONE',  ( 120.1043392264672747, 14.00000000000000000, -49.74884620746167485 ) ) ;
#9943 = EDGE_CURVE ( 'NONE', #913, #2213, #2696, .T. ) ;
#9944 = CARTESIAN_POINT ( 'NONE',  ( 280.0000000000000000, 12.00000000000000000, -38.00000000000000000 ) ) ;
#9945 = PERSON_AND_ORGANIZATION ( #2011, #2802 ) ;
#9946 = DIRECTION ( 'NONE',  ( 0.000000000000000000, 1.000000000000000000, 0.000000000000000000 ) ) ;
#9947 = CIRCLE ( 'NONE', #842, 4.219723183390904353 ) ;
#9948 = EDGE_LOOP ( 'NONE', ( #4336, #2416, #1390, #9045 ) ) ;
#9949 = EDGE_CURVE ( 'NONE', #6678, #6364, #10391, .T. ) ;
#9950 = ORIENTED_EDGE ( 'NONE', *, *, #9800, .T. ) ;
#9951 = CARTESIAN_POINT ( 'NONE',  ( 27.50000000000000000, 85.00000000000000000, -21.00000000000000000 ) ) ;
#9952 = DIRECTION ( 'NONE',  ( -0.000000000000000000, -1.000000000000000000, -0.000000000000000000 ) ) ;
#9953 = CARTESIAN_POINT ( 'NONE',  ( 51.28027681660910986, 72.00000000000000000, -27.34948096885818103 ) ) ;
#9954 = CARTESIAN_POINT ( 'NONE',  ( 64.58429561200922819, 10.00000000000000000, 45.58891454965358747 ) ) ;
#9955 = DIRECTION ( 'NONE',  ( 0.000000000000000000, 0.000000000000000000, 1.000000000000000000 ) ) ;
#9956 = ORIENTED_EDGE ( 'NONE', *, *, #6399, .F. ) ;
#9957 = CARTESIAN_POINT ( 'NONE',  ( -57.50000000000000000, 22.00000000000000000, 36.00000000000000000 ) ) ;
#9958 = EDGE_CURVE ( 'NONE', #801, #6084, #11261, .T. ) ;
#9959 = CALENDAR_DATE ( 2026, 29, 7 ) ;
#9961 = ORIENTED_EDGE ( 'NONE', *, *, #7518, .T. ) ;
#9960 = ORIENTED_EDGE ( 'NONE', *, *, #8602, .F. ) ;
#9962 = ORIENTED_EDGE ( 'NONE', *, *, #5103, .F. ) ;
#9963 = ORIENTED_EDGE ( 'NONE', *, *, #11230, .F. ) ;
#9964 = CARTESIAN_POINT ( 'NONE',  ( -50.22628862590825349, 28.00000000000000000, 35.26296589018186012 ) ) ;
#9965 = DIRECTION ( 'NONE',  ( 0.000000000000000000, 0.000000000000000000, 1.000000000000000000 ) ) ;
#9966 = FACE_OUTER_BOUND ( 'NONE', #11512, .T. ) ;
#9967 = EDGE_LOOP ( 'NONE', ( #3090, #8502, #5111, #8910 ) ) ;
#9968 = ADVANCED_FACE ( 'NONE', ( #5752 ), #4724, .F. ) ;
#9969 = LINE ( 'NONE', #635, #8077 ) ;
#9970 = PERSON_AND_ORGANIZATION ( #2011, #2802 ) ;
#9971 = ORIENTED_EDGE ( 'NONE', *, *, #2936, .T. ) ;
#9972 = COORDINATED_UNIVERSAL_TIME_OFFSET ( 8, 0, .AHEAD. ) ;
#9973 = AXIS2_PLACEMENT_3D ( 'NONE', #11912, #8070, #11848 ) ;
#9974 = VERTEX_POINT ( 'NONE', #8400 ) ;
#9975 = UNCERTAINTY_MEASURE_WITH_UNIT (LENGTH_MEASURE( 1.000000000000000082E-05 ), #10332, 'distance_accuracy_value', 'NONE');
#9976 = CARTESIAN_POINT ( 'NONE',  ( -11.00000000000000000, 0.000000000000000000, -45.58891454965356616 ) ) ;
#9977 = CIRCLE ( 'NONE', #5498, 4.500000000000017764 ) ;
#9978 = DIRECTION ( 'NONE',  ( 0.000000000000000000, 0.000000000000000000, 1.000000000000000000 ) ) ;
#9979 = ADVANCED_FACE ( 'NONE', ( #5818 ), #11390, .F. ) ;
#9980 = FACE_OUTER_BOUND ( 'NONE', #5852, .T. ) ;
#9981 = LINE ( 'NONE', #10902, #5990 ) ;
#9982 = CARTESIAN_POINT ( 'NONE',  ( 51.28027681660910986, 0.000000000000000000, -23.12975778546728733 ) ) ;
#9983 = EDGE_LOOP ( 'NONE', ( #4861, #5400 ) ) ;
#9984 = APPLICATION_PROTOCOL_DEFINITION ( 'international standard', 'config_control_design', 1994, #2068 ) ;
#9985 = COORDINATED_UNIVERSAL_TIME_OFFSET ( 8, 0, .AHEAD. ) ;
#9986 = AXIS2_PLACEMENT_3D ( 'NONE', #10394, #9367, #2065 ) ;
#9987 = APPROVAL_PERSON_ORGANIZATION ( #6970, #5832, #5856 ) ;
#9988 = AXIS2_PLACEMENT_3D ( 'NONE', #9319, #6397, #997 ) ;
#9989 = DIRECTION ( 'NONE',  ( 0.000000000000000000, 0.000000000000000000, -1.000000000000000000 ) ) ;
#9990 = LINE ( 'NONE', #1669, #5957 ) ;
#9991 = PERSON ( 'NAUO-PER22', 'UNSPECIFIED', 'UNSPECIFIED', ('UNSPECIFIED'), ('UNSPECIFIED'), ('UNSPECIFIED') ) ;
#9992 = LINE ( 'NONE', #8353, #6765 ) ;
#9993 = EDGE_CURVE ( 'NONE', #4298, #5073, #77, .T. ) ;
#9994 = FACE_OUTER_BOUND ( 'NONE', #762, .T. ) ;
#9995 = CYLINDRICAL_SURFACE ( 'NONE', #8325, 41.00000000000000000 ) ;
#9996 = CIRCLE ( 'NONE', #3987, 5.653846153846162181 ) ;
#9997 = CYLINDRICAL_SURFACE ( 'NONE', #2204, 10.00000000000000000 ) ;
#9998 = CC_DESIGN_APPROVAL ( #3914, ( #4186 ) ) ;
#9999 = DIRECTION ( 'NONE',  ( -0.000000000000000000, -1.000000000000000000, -0.000000000000000000 ) ) ;
#10000 = SECURITY_CLASSIFICATION_LEVEL ( 'unclassified' ) ;
#10001 = CARTESIAN_POINT ( 'NONE',  ( 310.0000000000000000, 12.00000000000000000, 48.00000000000000000 ) ) ;
#10002 = ORIENTED_EDGE ( 'NONE', *, *, #1982, .F. ) ;
#10003 = AXIS2_PLACEMENT_3D ( 'NONE', #1087, #1762, #7593 ) ;
#10004 = VERTEX_POINT ( 'NONE', #1221 ) ;
#10005 = CC_DESIGN_PERSON_AND_ORGANIZATION_ASSIGNMENT ( #778, #4407, ( #1400 ) ) ;
#10006 = CARTESIAN_POINT ( 'NONE',  ( -53.88728323699420741, 18.00000000000000000, 43.22894602492582550 ) ) ;
#10007 = APPROVAL ( #2800, 'UNKNOWN' ) ;
#10008 = PRODUCT_DEFINITION_FORMATION_WITH_SPECIFIED_SOURCE ( 'ä»', '', #8978, .NOT_KNOWN. ) ;
#10009 = CYLINDRICAL_SURFACE ( 'NONE', #2165, 6.999999999999999112 ) ;
#10010 = DIRECTION ( 'NONE',  ( 0.000000000000000000, 0.000000000000000000, 1.000000000000000000 ) ) ;
#10011 = CARTESIAN_POINT ( 'NONE',  ( -55.15432893255071889, 90.00000000000000000, 55.15432893255073310 ) ) ;
#10012 = PRODUCT_DEFINITION_SHAPE ( 'NONE', 'NONE',  #2571 ) ;
#10013 = ADVANCED_FACE ( 'NONE', ( #6741 ), #3827, .F. ) ;
#10014 = SHAPE_REPRESENTATION_RELATIONSHIP ( 'NONE' , 'NONE' ,  #5995, #10577 ) ;
#10015 = VERTEX_POINT ( 'NONE', #2846 ) ;
#10016 = DIRECTION ( 'NONE',  ( -0.000000000000000000, -1.000000000000000000, -0.000000000000000000 ) ) ;
#10017 = COORDINATED_UNIVERSAL_TIME_OFFSET ( 8, 0, .AHEAD. ) ;
#10019 = EDGE_LOOP ( 'NONE', ( #8941, #2301, #4281, #11439 ) ) ;
#10018 = VERTEX_POINT ( 'NONE', #3767 ) ;
#10020 = VERTEX_POINT ( 'NONE', #8635 ) ;
#10021 = ORIENTED_EDGE ( 'NONE', *, *, #5025, .F. ) ;
#10022 = CC_DESIGN_DATE_AND_TIME_ASSIGNMENT ( #2459, #10604, ( #3190 ) ) ;
#10023 = CARTESIAN_POINT ( 'NONE',  ( 0.000000000000000000, 72.00000000000000000, 0.000000000000000000 ) ) ;
#10024 = EDGE_CURVE ( 'NONE', #7609, #2718, #2912, .T. ) ;
#10025 = CARTESIAN_POINT ( 'NONE',  ( -27.50000000000000000, 85.00000000000000000, 21.00000000000000000 ) ) ;
#10026 = DIRECTION ( 'NONE',  ( 0.000000000000000000, 0.000000000000000000, 1.000000000000000000 ) ) ;
#10027 = ORIENTED_EDGE ( 'NONE', *, *, #6952, .F. ) ;
#10028 = CARTESIAN_POINT ( 'NONE',  ( 27.94637722496424459, 12.00000000000000000, 30.00000000000000000 ) ) ;
#10029 = MECHANICAL_CONTEXT ( 'NONE', #8007, 'mechanical' ) ;
#10030 = EDGE_LOOP ( 'NONE', ( #11763, #1333, #2460, #5497 ) ) ;
#10031 = AXIS2_PLACEMENT_3D ( 'NONE', #5198, #11624, #10810 ) ;
#10032 = ORIENTED_EDGE ( 'NONE', *, *, #6473, .F. ) ;
#10033 = EDGE_CURVE ( 'NONE', #2116, #10683, #1470, .T. ) ;
#10034 = FACE_OUTER_BOUND ( 'NONE', #2021, .T. ) ;
#10035 = CARTESIAN_POINT ( 'NONE',  ( 0.000000000000000000, 0.000000000000000000, 0.000000000000000000 ) ) ;
#10036 = AXIS2_PLACEMENT_3D ( 'NONE', #8604, #282, #6707 ) ;
#10037 = DIRECTION ( 'NONE',  ( 0.000000000000000000, 1.000000000000000000, 0.000000000000000000 ) ) ;
#10038 = ORIENTED_EDGE ( 'NONE', *, *, #3595, .T. ) ;
#10039 = DIRECTION ( 'NONE',  ( 0.000000000000000000, 0.000000000000000000, 1.000000000000000000 ) ) ;
#10040 = VECTOR ( 'NONE', #11124, 1000.000000000000000 ) ;
#10041 = CYLINDRICAL_SURFACE ( 'NONE', #5509, 7.000000000000020428 ) ;
#10042 = ORIENTED_EDGE ( 'NONE', *, *, #1992, .F. ) ;
#10043 = DATE_AND_TIME ( #5241, #5712 ) ;
#10044 = PERSON_AND_ORGANIZATION ( #2011, #2802 ) ;
#10045 = VECTOR ( 'NONE', #5009, 1000.000000000000000 ) ;
#10046 = EDGE_CURVE ( 'NONE', #9491, #10712, #5154, .T. ) ;
#10047 = CIRCLE ( 'NONE', #11637, 3.450405226897625965 ) ;
#10048 = PLANE ( 'NONE',  #9347 ) ;
#10049 = ADVANCED_FACE ( 'NONE', ( #8945 ), #10708, .T. ) ;
#10050 = AXIS2_PLACEMENT_3D ( 'NONE', #10888, #3533, #4269 ) ;
#10051 = CYLINDRICAL_SURFACE ( 'NONE', #146, 4.500000000000031974 ) ;
#10052 = DIRECTION ( 'NONE',  ( -0.000000000000000000, -0.000000000000000000, 1.000000000000000000 ) ) ;
#10053 = DIRECTION ( 'NONE',  ( 0.000000000000000000, 0.000000000000000000, -1.000000000000000000 ) ) ;
#10054 = CARTESIAN_POINT ( 'NONE',  ( -27.50000000000000000, 85.00000000000000000, -21.00000000000000000 ) ) ;
#10055 = DIRECTION ( 'NONE',  ( -0.000000000000000000, -1.000000000000000000, -0.000000000000000000 ) ) ;
#10056 = AXIS2_PLACEMENT_3D ( 'NONE', #6177, #492, #9049 ) ;
#10057 = FACE_BOUND ( 'NONE', #9466, .T. ) ;
#10058 = CALENDAR_DATE ( 2026, 29, 7 ) ;
#10059 = VECTOR ( 'NONE', #6967, 1000.000000000000000 ) ;
#10060 = DIRECTION ( 'NONE',  ( 0.000000000000000000, 0.000000000000000000, -1.000000000000000000 ) ) ;
#10062 = ORIENTED_EDGE ( 'NONE', *, *, #4831, .F. ) ;
#10061 = EDGE_CURVE ( 'NONE', #10896, #11808, #1727, .T. ) ;
#10063 = VERTEX_POINT ( 'NONE', #7980 ) ;
#10064 = CIRCLE ( 'NONE', #3851, 2.627218626017918446 ) ;
#10065 = DIRECTION ( 'NONE',  ( 0.000000000000000000, 1.000000000000000000, 0.000000000000000000 ) ) ;
#10066 = DIRECTION ( 'NONE',  ( 0.000000000000000000, 0.000000000000000000, -1.000000000000000000 ) ) ;
#10067 = DIRECTION ( 'NONE',  ( 0.000000000000000000, 1.000000000000000000, 0.000000000000000000 ) ) ;
#10068 = CIRCLE ( 'NONE', #10657, 3.711604984463400037 ) ;
#10069 = CARTESIAN_POINT ( 'NONE',  ( 57.50000000000000000, 22.00000000000000000, 54.00000000000000000 ) ) ;
#10070 =( NAMED_UNIT ( * ) PLANE_ANGLE_UNIT ( ) SI_UNIT ( $, .RADIAN. ) );
#10071 = EDGE_LOOP ( 'NONE', ( #11697, #8615, #10294, #426 ) ) ;
#10072 = CC_DESIGN_PERSON_AND_ORGANIZATION_ASSIGNMENT ( #9679, #1353, ( #1362 ) ) ;
#10073 = CIRCLE ( 'NONE', #5781, 6.999999999999999112 ) ;
#10074 = CARTESIAN_POINT ( 'NONE',  ( 280.0000000000000000, 12.00000000000000000, 13.00000000000000000 ) ) ;
#10075 = PERSON_AND_ORGANIZATION ( #2011, #2802 ) ;
#10077 = ORIENTED_EDGE ( 'NONE', *, *, #10237, .T. ) ;
#10076 = ORIENTED_EDGE ( 'NONE', *, *, #6900, .T. ) ;
#10078 = EDGE_LOOP ( 'NONE', ( #11750, #6920, #9359, #5508 ) ) ;
#10079 = ORIENTED_EDGE ( 'NONE', *, *, #2004, .T. ) ;
#10080 = CARTESIAN_POINT ( 'NONE',  ( 0.000000000000000000, 0.000000000000000000, 0.000000000000000000 ) ) ;
#10081 = APPLICATION_CONTEXT ( 'configuration controlled 3d designs of mechanical parts and assemblies' ) ;
#10082 = DIRECTION ( 'NONE',  ( 0.000000000000000000, 0.000000000000000000, -1.000000000000000000 ) ) ;
#10083 = VECTOR ( 'NONE', #4143, 1000.000000000000000 ) ;
#10084 = CARTESIAN_POINT ( 'NONE',  ( -275.6125178063039698, 12.00000000000000000, 39.00000000000000711 ) ) ;
#10085 = EDGE_LOOP ( 'NONE', ( #1406, #1224, #8151, #5160 ) ) ;
#10086 = EDGE_CURVE ( 'NONE', #9465, #9721, #3415, .T. ) ;
#10087 = CARTESIAN_POINT ( 'NONE',  ( 47.50000000000000000, 18.00000000000000000, -35.00000000000000000 ) ) ;
#10088 = PERSON_AND_ORGANIZATION ( #2011, #2802 ) ;
#10089 = LOCAL_TIME ( 1, 42, 14.00000000000000000, #3477 ) ;
#10090 = CIRCLE ( 'NONE', #5235, 4.084295612009243293 ) ;
#10091 = ORIENTED_EDGE ( 'NONE', *, *, #1253, .F. ) ;
#10092 = DATE_AND_TIME ( #6378, #410 ) ;
#10093 = EDGE_LOOP ( 'NONE', ( #8814, #7415 ) ) ;
#10094 = EDGE_CURVE ( 'NONE', #5195, #4677, #571, .T. ) ;
#10095 = SECURITY_CLASSIFICATION ( '', '', #7496 ) ;
#10096 = UNCERTAINTY_MEASURE_WITH_UNIT (LENGTH_MEASURE( 1.000000000000000082E-05 ), #2192, 'distance_accuracy_value', 'NONE');
#10097 = DIRECTION ( 'NONE',  ( 0.000000000000000000, 0.000000000000000000, -1.000000000000000000 ) ) ;
#10098 = LOCAL_TIME ( 1, 42, 14.00000000000000000, #5457 ) ;
#10099 = DIRECTION ( 'NONE',  ( 0.000000000000000000, 0.000000000000000000, 1.000000000000000000 ) ) ;
#10100 = CARTESIAN_POINT ( 'NONE',  ( -40.00000000000000000, 60.00000000000000000, 20.00000000000000000 ) ) ;
#10101 = DIRECTION ( 'NONE',  ( 0.000000000000000000, 0.000000000000000000, -1.000000000000000000 ) ) ;
#10102 = CARTESIAN_POINT ( 'NONE',  ( 120.0000000000000000, 668.0000000000000000, -6.000000000000000000 ) ) ;
#10103 = CARTESIAN_POINT ( 'NONE',  ( -310.0000000000000000, 12.00000000000000000, 48.00000000000000000 ) ) ;
#10104 = ORIENTED_EDGE ( 'NONE', *, *, #10465, .T. ) ;
#10105 = SECURITY_CLASSIFICATION_LEVEL ( 'unclassified' ) ;
#10106 = APPROVAL_STATUS ( 'not_yet_approved' ) ;
#10107 = ADVANCED_FACE ( 'NONE', ( #11755, #6074, #8761, #11699 ), #1282, .F. ) ;
#10108 = LOCAL_TIME ( 1, 42, 14.00000000000000000, #7130 ) ;
#10109 = CC_DESIGN_APPROVAL ( #6232, ( #672 ) ) ;
#10110 = FACE_OUTER_BOUND ( 'NONE', #5920, .T. ) ;
#10111 = FACE_OUTER_BOUND ( 'NONE', #10698, .T. ) ;
#10112 = DIRECTION ( 'NONE',  ( 0.000000000000000000, 1.000000000000000000, 0.000000000000000000 ) ) ;
#10113 = ORIENTED_EDGE ( 'NONE', *, *, #6866, .F. ) ;
#10114 = CARTESIAN_POINT ( 'NONE',  ( 120.1043392264672747, 0.000000000000000000, 56.74884620746168196 ) ) ;
#10115 = DIRECTION ( 'NONE',  ( 0.000000000000000000, 0.000000000000000000, 1.000000000000000000 ) ) ;
#10116 = LOCAL_TIME ( 1, 42, 14.00000000000000000, #10718 ) ;
#10117 = FACE_OUTER_BOUND ( 'NONE', #11428, .T. ) ;
#10118 = VECTOR ( 'NONE', #900, 1000.000000000000000 ) ;
#10119 = DIRECTION ( 'NONE',  ( 0.000000000000000000, 1.000000000000000000, 0.000000000000000000 ) ) ;
#10120 = PERSON_AND_ORGANIZATION ( #2011, #2802 ) ;
#10121 = SHAPE_REPRESENTATION ( 'FD-000_main_assembly', ( #2432, #2612, #7664, #5903 ), #9216 ) ;
#10122 = ADVANCED_FACE ( 'NONE', ( #631 ), #4963, .F. ) ;
#10123 = LINE ( 'NONE', #11046, #5960 ) ;
#10124 = EDGE_CURVE ( 'NONE', #1447, #9536, #6929, .T. ) ;
#10125 = VERTEX_POINT ( 'NONE', #11514 ) ;
#10126 = ORIENTED_EDGE ( 'NONE', *, *, #3569, .F. ) ;
#10127 = FACE_OUTER_BOUND ( 'NONE', #5337, .T. ) ;
#10128 = CIRCLE ( 'NONE', #10137, 3.249999999999999556 ) ;
#10129 = CARTESIAN_POINT ( 'NONE',  ( 0.000000000000000000, 12.00000000000000000, 0.000000000000000000 ) ) ;
#10130 = FACE_OUTER_BOUND ( 'NONE', #682, .T. ) ;
#10131 = VERTEX_POINT ( 'NONE', #4267 ) ;
#10132 = EDGE_CURVE ( 'NONE', #11818, #628, #7787, .T. ) ;
#10133 = CARTESIAN_POINT ( 'NONE',  ( 0.000000000000000000, 14.00000000000000000, -105.0000000000000000 ) ) ;
#10134 = EDGE_CURVE ( 'NONE', #9974, #3894, #1744, .T. ) ;
#10135 = ADVANCED_FACE ( 'NONE', ( #4205 ), #7059, .T. ) ;
#10136 = DIRECTION ( 'NONE',  ( 1.000000000000000000, 0.000000000000000000, 0.000000000000000000 ) ) ;
#10137 = AXIS2_PLACEMENT_3D ( 'NONE', #2723, #10252, #3427 ) ;
#10138 = DIRECTION ( 'NONE',  ( 0.000000000000000000, 0.000000000000000000, 1.000000000000000000 ) ) ;
#10139 = PERSON_AND_ORGANIZATION ( #2011, #2802 ) ;
#10141 = ORIENTED_EDGE ( 'NONE', *, *, #10149, .F. ) ;
#10140 = VERTEX_POINT ( 'NONE', #10767 ) ;
#10142 = VERTEX_POINT ( 'NONE', #6996 ) ;
#10143 = ORIENTED_EDGE ( 'NONE', *, *, #9672, .T. ) ;
#10144 = DIRECTION ( 'NONE',  ( 0.000000000000000000, 1.000000000000000000, 0.000000000000000000 ) ) ;
#10145 = CARTESIAN_POINT ( 'NONE',  ( -52.50000000000000000, 60.00000000000000000, -30.00000000000000000 ) ) ;
#10146 = APPROVAL ( #10634, 'æœª' ) ;
#10147 = CIRCLE ( 'NONE', #1208, 7.500000000000000000 ) ;
#10148 = APPROVAL ( #522, 'UNKNOWN' ) ;
#10149 = EDGE_CURVE ( 'NONE', #1903, #4263, #2436, .T. ) ;
#10150 = DIRECTION ( 'NONE',  ( 0.000000000000000000, 0.000000000000000000, 1.000000000000000000 ) ) ;
#10151 = LINE ( 'NONE', #3882, #112 ) ;
#10152 = CALENDAR_DATE ( 2026, 29, 7 ) ;
#10153 = ORIENTED_EDGE ( 'NONE', *, *, #11981, .F. ) ;
#10154 = APPROVAL_ROLE ( '' ) ;
#10155 = VERTEX_POINT ( 'NONE', #6134 ) ;
#10156 = CC_DESIGN_PERSON_AND_ORGANIZATION_ASSIGNMENT ( #4177, #3204, ( #3241 ) ) ;
#10157 = DIRECTION ( 'NONE',  ( 0.000000000000000000, 0.000000000000000000, 1.000000000000000000 ) ) ;
#10158 = DIRECTION ( 'NONE',  ( 0.000000000000000000, 1.000000000000000000, 0.000000000000000000 ) ) ;
#10159 = CARTESIAN_POINT ( 'NONE',  ( -120.1043392264672747, 14.00000000000000000, 42.74884620746166064 ) ) ;
#10160 = CYLINDRICAL_SURFACE ( 'NONE', #11381, 4.500000000000031974 ) ;
#10161 = CIRCLE ( 'NONE', #11936, 3.346153846153804068 ) ;
#10162 = ORIENTED_EDGE ( 'NONE', *, *, #6731, .T. ) ;
#10163 = EDGE_CURVE ( 'NONE', #3101, #9913, #9851, .T. ) ;
#10164 = APPROVAL_STATUS ( 'not_yet_approved' ) ;
#10165 = SECURITY_CLASSIFICATION_LEVEL ( 'unclassified' ) ;
#10166 = LINE ( 'NONE', #8235, #7331 ) ;
#10167 = CARTESIAN_POINT ( 'NONE',  ( 29.94973070017960382, 18.00000000000000000, -22.06822262118497591 ) ) ;
#10168 = PLANE ( 'NONE',  #2719 ) ;
#10169 = VERTEX_POINT ( 'NONE', #6869 ) ;
#10170 = ADVANCED_FACE ( 'NONE', ( #2249 ), #1345, .F. ) ;
#10171 = FACE_BOUND ( 'NONE', #447, .T. ) ;
#10172 = DIRECTION ( 'NONE',  ( -0.000000000000000000, -1.000000000000000000, -0.000000000000000000 ) ) ;
#10173 = CYLINDRICAL_SURFACE ( 'NONE', #2982, 6.999999999999999112 ) ;
#10174 = DATE_AND_TIME ( #8416, #5701 ) ;
#10175 = VECTOR ( 'NONE', #5775, 1000.000000000000000 ) ;
#10176 = CIRCLE ( 'NONE', #11164, 2.480694691784170125 ) ;
#10177 = VERTEX_POINT ( 'NONE', #1967 ) ;
#10178 = ORIENTED_EDGE ( 'NONE', *, *, #10856, .F. ) ;
#10179 = DIRECTION ( 'NONE',  ( 0.000000000000000000, 0.000000000000000000, -1.000000000000000000 ) ) ;
#10180 = CARTESIAN_POINT ( 'NONE',  ( -85.00000000000000000, 10.00000000000000000, 60.00000000000000000 ) ) ;
#10181 = LINE ( 'NONE', #1909, #6554 ) ;
#10182 = VERTEX_POINT ( 'NONE', #10300 ) ;
#10183 = CIRCLE ( 'NONE', #9986, 41.00000000000000000 ) ;
#10184 = CC_DESIGN_APPROVAL ( #6509, ( #5511 ) ) ;
#10185 = CARTESIAN_POINT ( 'NONE',  ( 0.000000000000000000, 14.00000000000000000, 0.000000000000000000 ) ) ;
#10186 = DATE_AND_TIME ( #955, #8180 ) ;
#10187 = CARTESIAN_POINT ( 'NONE',  ( 550.0000000000000000, 720.0000000000000000, -150.0000000000000000 ) ) ;
#10188 = DIRECTION ( 'NONE',  ( 1.000000000000000000, 0.000000000000000000, 0.000000000000000000 ) ) ;
#10189 = DATE_TIME_ROLE ( 'classification_date' ) ;
#10190 = AXIS2_PLACEMENT_3D ( 'NONE', #6312, #5397, #7062 ) ;
#10192 = ORIENTED_EDGE ( 'NONE', *, *, #10061, .F. ) ;
#10191 = VERTEX_POINT ( 'NONE', #1701 ) ;
#10193 = CC_DESIGN_APPROVAL ( #7478, ( #4431 ) ) ;
#10194 = ORIENTED_EDGE ( 'NONE', *, *, #3353, .F. ) ;
#10195 = EDGE_CURVE ( 'NONE', #10757, #7964, #8936, .T. ) ;
#10196 = DIRECTION ( 'NONE',  ( 0.000000000000000000, -1.000000000000000000, 0.000000000000000000 ) ) ;
#10197 = CARTESIAN_POINT ( 'NONE',  ( -75.00000000000000000, 18.00000000000000000, -55.00000000000000000 ) ) ;
#10198 = ADVANCED_FACE ( 'NONE', ( #2494 ), #742, .F. ) ;
#10199 = FACE_OUTER_BOUND ( 'NONE', #121, .T. ) ;
#10200 = VERTEX_POINT ( 'NONE', #9393 ) ;
#10201 = DIRECTION ( 'NONE',  ( 0.000000000000000000, 0.000000000000000000, -1.000000000000000000 ) ) ;
#10202 = APPROVAL_DATE_TIME ( #7360, #9777 ) ;
#10203 = ORIENTED_EDGE ( 'NONE', *, *, #4672, .F. ) ;
#10204 = COORDINATED_UNIVERSAL_TIME_OFFSET ( 8, 0, .AHEAD. ) ;
#10205 = PRODUCT_DEFINITION_SHAPE ( 'NONE', 'NONE',  #12038 ) ;
#10206 = ORIENTED_EDGE ( 'NONE', *, *, #8968, .F. ) ;
#10207 = ADVANCED_FACE ( 'NONE', ( #1069 ), #4378, .F. ) ;
#10208 = DESIGN_CONTEXT ( 'detailed design', #3489, 'design' ) ;
#10209 = CARTESIAN_POINT ( 'NONE',  ( 27.50000000000000000, 85.00000000000000000, -21.00000000000000000 ) ) ;
#10210 = CARTESIAN_POINT ( 'NONE',  ( -35.00000000000000000, 26.00000000000000000, 10.00000000000000000 ) ) ;
#10211 = CARTESIAN_POINT ( 'NONE',  ( -57.50000000000000000, 10.00000000000000000, 36.00000000000000000 ) ) ;
#10212 =( LENGTH_UNIT ( ) NAMED_UNIT ( * ) SI_UNIT ( .MILLI., .METRE. ) );
#10213 = CARTESIAN_POINT ( 'NONE',  ( -105.0000000000000000, 0.000000000000000000, 105.0000000000000000 ) ) ;
#10214 = EDGE_LOOP ( 'NONE', ( #1641, #6803, #6019, #9118 ) ) ;
#10215 = PERSON_AND_ORGANIZATION ( #2011, #2802 ) ;
#10216 = CIRCLE ( 'NONE', #9646, 4.219723183390894583 ) ;
#10217 = CC_DESIGN_PERSON_AND_ORGANIZATION_ASSIGNMENT ( #3564, #9888, ( #6896 ) ) ;
#10218 = APPROVAL_DATE_TIME ( #11149, #4937 ) ;
#10219 = DIRECTION ( 'NONE',  ( 0.000000000000000000, -1.000000000000000000, 0.000000000000000000 ) ) ;
#10220 = DIRECTION ( 'NONE',  ( -0.000000000000000000, -1.000000000000000000, -0.000000000000000000 ) ) ;
#10221 = EDGE_CURVE ( 'NONE', #1527, #3718, #3682, .T. ) ;
#10222 = DIRECTION ( 'NONE',  ( -0.000000000000000000, -1.000000000000000000, -0.000000000000000000 ) ) ;
#10223 = AXIS2_PLACEMENT_3D ( 'NONE', #250, #10445, #2114 ) ;
#10224 = ORIENTED_EDGE ( 'NONE', *, *, #11754, .F. ) ;
#10225 = CARTESIAN_POINT ( 'NONE',  ( 18.12278137398209310, 85.00000000000000000, -13.83921486740450746 ) ) ;
#10226 = LINE ( 'NONE', #4689, #7351 ) ;
#10227 = LINE ( 'NONE', #1053, #11944 ) ;
#10228 = CARTESIAN_POINT ( 'NONE',  ( -120.1043392264672747, 14.00000000000000000, -49.74884620746167485 ) ) ;
#10229 = APPROVAL_DATE_TIME ( #3853, #6578 ) ;
#10230 = EDGE_CURVE ( 'NONE', #6659, #11138, #9911, .T. ) ;
#10231 = VECTOR ( 'NONE', #5024, 1000.000000000000000 ) ;
#10232 = AXIS2_PLACEMENT_3D ( 'NONE', #7328, #8193, #11915 ) ;
#10233 = ORIENTED_EDGE ( 'NONE', *, *, #3765, .F. ) ;
#10234 = EDGE_LOOP ( 'NONE', ( #7730, #6287, #1099, #10419 ) ) ;
#10235 = DIRECTION ( 'NONE',  ( 0.000000000000000000, 0.000000000000000000, 1.000000000000000000 ) ) ;
#10236 = DIRECTION ( 'NONE',  ( 0.000000000000000000, -0.000000000000000000, 1.000000000000000000 ) ) ;
#10237 = EDGE_CURVE ( 'NONE', #2718, #387, #8426, .T. ) ;
#10238 = CARTESIAN_POINT ( 'NONE',  ( -30.00000000000000000, 560.0000000000000000, 30.00000000000000000 ) ) ;
#10239 = ORIENTED_EDGE ( 'NONE', *, *, #10566, .F. ) ;
#10240 = AXIS2_PLACEMENT_3D ( 'NONE', #6928, #11577, #10338 ) ;
#10241 = CARTESIAN_POINT ( 'NONE',  ( 163.1999999999999886, 42.00000000000000000, -57.00000000000000000 ) ) ;
#10242 = FACE_BOUND ( 'NONE', #8290, .T. ) ;
#10243 = CIRCLE ( 'NONE', #7341, 3.711604984463400037 ) ;
#10244 = DATE_TIME_ROLE ( 'classification_date' ) ;
#10245 = DIRECTION ( 'NONE',  ( -0.000000000000000000, -1.000000000000000000, -0.000000000000000000 ) ) ;
#10246 = VECTOR ( 'NONE', #1686, 1000.000000000000000 ) ;
#10248 = VERTEX_POINT ( 'NONE', #5333 ) ;
#10247 = ORIENTED_EDGE ( 'NONE', *, *, #1094, .F. ) ;
#10249 = EDGE_CURVE ( 'NONE', #3282, #9647, #10685, .T. ) ;
#10250 = EDGE_LOOP ( 'NONE', ( #1079, #10498, #2771, #1159 ) ) ;
#10251 = VECTOR ( 'NONE', #11485, 1000.000000000000000 ) ;
#10252 = DIRECTION ( 'NONE',  ( 0.000000000000000000, 1.000000000000000000, 0.000000000000000000 ) ) ;
#10253 = CARTESIAN_POINT ( 'NONE',  ( -27.50000000000000000, 0.000000000000000000, 21.00000000000000000 ) ) ;
#10254 = ORIENTED_EDGE ( 'NONE', *, *, #2170, .F. ) ;
#10255 = CIRCLE ( 'NONE', #11051, 4.500000000000017764 ) ;
#10256 = CARTESIAN_POINT ( 'NONE',  ( -105.0000000000000000, 90.00000000000000000, 105.0000000000000000 ) ) ;
#10257 = VECTOR ( 'NONE', #7427, 1000.000000000000000 ) ;
#10258 = EDGE_CURVE ( 'NONE', #8240, #11638, #55, .T. ) ;
#10259 = DIRECTION ( 'NONE',  ( -0.000000000000000000, -1.000000000000000000, -0.000000000000000000 ) ) ;
#10260 = APPROVAL_DATE_TIME ( #7533, #937 ) ;
#10261 = EDGE_CURVE ( 'NONE', #9180, #10833, #6193, .T. ) ;
#10262 = VERTEX_POINT ( 'NONE', #9005 ) ;
#10263 = ITEM_DEFINED_TRANSFORMATION ( 'NONE', 'NONE', #9207,  #2596 ) ;
#10264 = ORIENTED_EDGE ( 'NONE', *, *, #6731, .F. ) ;
#10265 = VECTOR ( 'NONE', #10838, 1000.000000000000000 ) ;
#10266 = ORIENTED_EDGE ( 'NONE', *, *, #3448, .T. ) ;
#10267 = DIRECTION ( 'NONE',  ( 0.000000000000000000, 1.000000000000000000, 0.000000000000000000 ) ) ;
#10268 = EDGE_LOOP ( 'NONE', ( #6171, #2372, #8176, #8958 ) ) ;
#10269 = FACE_OUTER_BOUND ( 'NONE', #5859, .T. ) ;
#10270 = DIRECTION ( 'NONE',  ( -1.000000000000000000, 0.000000000000000000, 0.000000000000000000 ) ) ;
#10271 = APPROVAL_PERSON_ORGANIZATION ( #1100, #11889, #6630 ) ;
#10272 = DIRECTION ( 'NONE',  ( 0.000000000000000000, 0.000000000000000000, 1.000000000000000000 ) ) ;
#10273 = ADVANCED_FACE ( 'NONE', ( #2607 ), #3745, .T. ) ;
#10274 = CARTESIAN_POINT ( 'NONE',  ( -18.12278137398203626, 85.00000000000000000, 13.83921486740446660 ) ) ;
#10275 = VERTEX_POINT ( 'NONE', #8097 ) ;
#10276 = CALENDAR_DATE ( 2026, 29, 7 ) ;
#10277 = DATE_AND_TIME ( #2856, #10298 ) ;
#10278 = CC_DESIGN_APPROVAL ( #5081, ( #3507 ) ) ;
#10279 = DIRECTION ( 'NONE',  ( -0.000000000000000000, -1.000000000000000000, -0.000000000000000000 ) ) ;
#10280 = APPROVAL_PERSON_ORGANIZATION ( #1522, #10284, #8938 ) ;
#10281 = CARTESIAN_POINT ( 'NONE',  ( 55.00000000000000000, 18.00000000000000000, -17.00000000000000000 ) ) ;
#10282 = PERSON_AND_ORGANIZATION ( #6646, #2911 ) ;
#10283 = CARTESIAN_POINT ( 'NONE',  ( 0.000000000000000000, 12.00000000000000000, 70.00000000000000000 ) ) ;
#10284 = APPROVAL ( #4198, 'æœª' ) ;
#10285 = ORIENTED_EDGE ( 'NONE', *, *, #2083, .T. ) ;
#10286 = LINE ( 'NONE', #11100, #19 ) ;
#10287 = APPROVAL ( #8530, 'UNKNOWN' ) ;
#10288 = CARTESIAN_POINT ( 'NONE',  ( -450.0000000000000000, 16.00000000000000000, 186.0000000000000000 ) ) ;
#10289 = LINE ( 'NONE', #6643, #6867 ) ;
#10290 = LINE ( 'NONE', #94, #3779 ) ;
#10291 = SECURITY_CLASSIFICATION ( '', '', #7401 ) ;
#10292 = PERSON_AND_ORGANIZATION ( #2011, #2802 ) ;
#10293 = CC_DESIGN_SECURITY_CLASSIFICATION ( #619, ( #7581 ) ) ;
#10294 = ORIENTED_EDGE ( 'NONE', *, *, #3266, .T. ) ;
#10295 = DIRECTION ( 'NONE',  ( 0.000000000000000000, 1.000000000000000000, 0.000000000000000000 ) ) ;
#10296 = DIRECTION ( 'NONE',  ( 0.000000000000000000, 0.000000000000000000, -1.000000000000000000 ) ) ;
#10297 = LINE ( 'NONE', #10238, #3841 ) ;
#10298 = LOCAL_TIME ( 1, 42, 14.00000000000000000, #10336 ) ;
#10299 = EDGE_CURVE ( 'NONE', #5195, #9588, #3471, .T. ) ;
#10300 = CARTESIAN_POINT ( 'NONE',  ( -50.22628862590825349, 18.00000000000000000, -35.26296589018186012 ) ) ;
#10301 = DIRECTION ( 'NONE',  ( 0.000000000000000000, 1.000000000000000000, 0.000000000000000000 ) ) ;
#10302 = PERSON_AND_ORGANIZATION_ROLE ( 'classification_officer' ) ;
#10303 = DIRECTION ( 'NONE',  ( 1.000000000000000000, 0.000000000000000000, 0.000000000000000000 ) ) ;
#10304 = APPLICATION_CONTEXT ( 'configuration controlled 3d designs of mechanical parts and assemblies' ) ;
#10305 = CARTESIAN_POINT ( 'NONE',  ( 120.1043392264672747, 14.00000000000000000, -42.74884620746167485 ) ) ;
#10306 = EDGE_CURVE ( 'NONE', #3940, #6923, #11175, .T. ) ;
#10307 = CC_DESIGN_SECURITY_CLASSIFICATION ( #1929, ( #12031 ) ) ;
#10308 = VECTOR ( 'NONE', #8680, 1000.000000000000000 ) ;
#10310 = ORIENTED_EDGE ( 'NONE', *, *, #7201, .F. ) ;
#10309 = ORIENTED_EDGE ( 'NONE', *, *, #4569, .F. ) ;
#10311 = ORIENTED_EDGE ( 'NONE', *, *, #2890, .F. ) ;
#10312 = DIRECTION ( 'NONE',  ( -1.000000000000000000, -0.000000000000000000, -0.000000000000000000 ) ) ;
#10313 = CARTESIAN_POINT ( 'NONE',  ( -460.0000000000000000, 18.00000000000000000, 285.0000000000000000 ) ) ;
#10314 = PLANE ( 'NONE',  #4423 ) ;
#10315 = ORIENTED_EDGE ( 'NONE', *, *, #5645, .T. ) ;
#10316 = PLANE ( 'NONE',  #11104 ) ;
#10317 = VECTOR ( 'NONE', #1978, 1000.000000000000000 ) ;
#10318 = EDGE_CURVE ( 'NONE', #11010, #281, #7237, .T. ) ;
#10319 = DIRECTION ( 'NONE',  ( 0.000000000000000000, -0.000000000000000000, 1.000000000000000000 ) ) ;
#10320 = EDGE_LOOP ( 'NONE', ( #560, #824 ) ) ;
#10321 = DIRECTION ( 'NONE',  ( -0.000000000000000000, -1.000000000000000000, -0.000000000000000000 ) ) ;
#10322 = DATE_TIME_ROLE ( 'creation_date' ) ;
#10323 = ORIENTED_EDGE ( 'NONE', *, *, #4648, .T. ) ;
#10324 = COORDINATED_UNIVERSAL_TIME_OFFSET ( 8, 0, .AHEAD. ) ;
#10325 = ORIENTED_EDGE ( 'NONE', *, *, #3569, .T. ) ;
#10326 = VECTOR ( 'NONE', #3071, 1000.000000000000000 ) ;
#10327 = DESIGN_CONTEXT ( 'detailed design', #7598, 'design' ) ;
#10328 = CARTESIAN_POINT ( 'NONE',  ( 0.000000000000000000, 0.000000000000000000, -215.0000000000000000 ) ) ;
#10329 = ORIENTED_EDGE ( 'NONE', *, *, #8455, .F. ) ;
#10330 = CARTESIAN_POINT ( 'NONE',  ( 0.000000000000000000, 12.00000000000000000, -27.00000000000000355 ) ) ;
#10331 = PLANE ( 'NONE',  #9109 ) ;
#10332 =( LENGTH_UNIT ( ) NAMED_UNIT ( * ) SI_UNIT ( .MILLI., .METRE. ) );
#10333 = CARTESIAN_POINT ( 'NONE',  ( -35.00000000000000000, 26.00000000000000000, 10.00000000000000000 ) ) ;
#10334 = ORIENTED_EDGE ( 'NONE', *, *, #11243, .T. ) ;
#10335 = DATE_AND_TIME ( #32, #2521 ) ;
#10336 = COORDINATED_UNIVERSAL_TIME_OFFSET ( 8, 0, .AHEAD. ) ;
#10337 = DIRECTION ( 'NONE',  ( 0.000000000000000000, -0.000000000000000000, -1.000000000000000000 ) ) ;
#10338 = DIRECTION ( 'NONE',  ( 1.000000000000000000, 0.000000000000000000, -0.000000000000000000 ) ) ;
#10339 = EDGE_CURVE ( 'NONE', #10248, #1810, #8344, .T. ) ;
#10340 = APPROVAL_STATUS ( 'not_yet_approved' ) ;
#10341 = DIRECTION ( 'NONE',  ( 1.000000000000000000, 0.000000000000000000, 0.000000000000000000 ) ) ;
#10342 = EDGE_LOOP ( 'NONE', ( #2285, #10389, #11278, #10719 ) ) ;
#10343 = AXIS2_PLACEMENT_3D ( 'NONE', #1096, #5879, #11391 ) ;
#10344 = LINE ( 'NONE', #10404, #10363 ) ;
#10345 = LINE ( 'NONE', #3247, #7748 ) ;
#10346 = CARTESIAN_POINT ( 'NONE',  ( 0.000000000000000000, 0.000000000000000000, 0.000000000000000000 ) ) ;
#10347 = CARTESIAN_POINT ( 'NONE',  ( -64.58429561200924240, 10.00000000000000000, -45.58891454965358037 ) ) ;
#10348 = DATE_AND_TIME ( #2015, #9817 ) ;
#10349 = VECTOR ( 'NONE', #9089, 1000.000000000000000 ) ;
#10350 = ORIENTED_EDGE ( 'NONE', *, *, #867, .T. ) ;
#10351 = ORIENTED_EDGE ( 'NONE', *, *, #3080, .F. ) ;
#10352 = CARTESIAN_POINT ( 'NONE',  ( 170.0000000000000000, 10.00000000000000000, 65.00000000000000000 ) ) ;
#10353 = EDGE_CURVE ( 'NONE', #11808, #10896, #9900, .T. ) ;
#10354 = DIRECTION ( 'NONE',  ( -0.000000000000000000, -1.000000000000000000, -0.000000000000000000 ) ) ;
#10355 = FACE_OUTER_BOUND ( 'NONE', #3570, .T. ) ;
#10356 = ORIENTED_EDGE ( 'NONE', *, *, #6370, .F. ) ;
#10357 = CARTESIAN_POINT ( 'NONE',  ( -27.50000000000000000, 85.00000000000000000, -21.00000000000000000 ) ) ;
#10358 = LINE ( 'NONE', #11360, #3843 ) ;
#10359 = AXIS2_PLACEMENT_3D ( 'NONE', #47, #6518, #3791 ) ;
#10360 = CALENDAR_DATE ( 2026, 29, 7 ) ;
#10361 =( GEOMETRIC_REPRESENTATION_CONTEXT ( 3 ) GLOBAL_UNCERTAINTY_ASSIGNED_CONTEXT ( ( #7186 ) ) GLOBAL_UNIT_ASSIGNED_CONTEXT ( ( #5290, #1490, #11776 ) ) REPRESENTATION_CONTEXT ( 'NONE', 'WORKASPACE' ) );
#10363 = VECTOR ( 'NONE', #9809, 1000.000000000000000 ) ;
#10362 = CARTESIAN_POINT ( 'NONE',  ( 0.000000000000000000, 0.000000000000000000, 0.000000000000000000 ) ) ;
#10364 = LINE ( 'NONE', #10554, #9858 ) ;
#10365 = APPROVAL ( #9572, 'æœª' ) ;
#10367 = EDGE_LOOP ( 'NONE', ( #175, #950, #2772, #11452 ) ) ;
#10366 = ORIENTED_EDGE ( 'NONE', *, *, #4975, .T. ) ;
#10368 = VECTOR ( 'NONE', #2684, 1000.000000000000000 ) ;
#10369 = ORIENTED_EDGE ( 'NONE', *, *, #7316, .F. ) ;
#10370 = DIRECTION ( 'NONE',  ( 0.000000000000000000, 1.000000000000000000, 0.000000000000000000 ) ) ;
#10371 = APPROVAL_PERSON_ORGANIZATION ( #5366, #7478, #10978 ) ;
#10372 = CARTESIAN_POINT ( 'NONE',  ( -280.0000000000000000, 0.000000000000000000, -13.00000000000000000 ) ) ;
#10373 = DIRECTION ( 'NONE',  ( -1.000000000000000000, -0.000000000000000000, -0.000000000000000000 ) ) ;
#10374 = ORIENTED_EDGE ( 'NONE', *, *, #7417, .T. ) ;
#10375 = ORIENTED_EDGE ( 'NONE', *, *, #7058, .T. ) ;
#10376 = EDGE_CURVE ( 'NONE', #8433, #2627, #4700, .T. ) ;
#10377 = DIRECTION ( 'NONE',  ( 1.000000000000000000, 0.000000000000000000, -0.000000000000000000 ) ) ;
#10378 = APPLICATION_CONTEXT ( 'configuration controlled 3d designs of mechanical parts and assemblies' ) ;
#10379 = VERTEX_POINT ( 'NONE', #3199 ) ;
#10380 = DIRECTION ( 'NONE',  ( 0.000000000000000000, -0.000000000000000000, -1.000000000000000000 ) ) ;
#10381 = ORIENTED_EDGE ( 'NONE', *, *, #2599, .F. ) ;
#10382 = CARTESIAN_POINT ( 'NONE',  ( 27.50000000000000000, 85.00000000000000000, 21.00000000000000000 ) ) ;
#10383 = LOCAL_TIME ( 1, 42, 14.00000000000000000, #7212 ) ;
#10384 = PERSON_AND_ORGANIZATION ( #2011, #2802 ) ;
#10385 = VECTOR ( 'NONE', #1548, 1000.000000000000000 ) ;
#10386 = ADVANCED_FACE ( 'NONE', ( #8548, #9581, #5980, #10549, #5853 ), #7693, .T. ) ;
#10387 = EDGE_LOOP ( 'NONE', ( #6851, #2829, #11135, #3133 ) ) ;
#10388 = ORIENTED_EDGE ( 'NONE', *, *, #11034, .F. ) ;
#10389 = ORIENTED_EDGE ( 'NONE', *, *, #5904, .T. ) ;
#10390 = LOCAL_TIME ( 1, 42, 14.00000000000000000, #3550 ) ;
#10391 = LINE ( 'NONE', #9363, #2321 ) ;
#10392 = DIRECTION ( 'NONE',  ( 0.000000000000000000, 0.000000000000000000, -1.000000000000000000 ) ) ;
#10393 = CARTESIAN_POINT ( 'NONE',  ( 0.000000000000000000, 120.0000000000000000, -5.000000000000000000 ) ) ;
#10394 = CARTESIAN_POINT ( 'NONE',  ( 0.000000000000000000, 0.000000000000000000, 0.000000000000000000 ) ) ;
#10395 = ORIENTED_EDGE ( 'NONE', *, *, #5764, .T. ) ;
#10396 = PERSON_AND_ORGANIZATION_ROLE ( 'classification_officer' ) ;
#10397 = CARTESIAN_POINT ( 'NONE',  ( -40.00000000000000000, 0.000000000000000000, 0.000000000000000000 ) ) ;
#10398 = APPROVAL_ROLE ( '' ) ;
#10399 = EDGE_CURVE ( 'NONE', #11565, #10818, #5912, .T. ) ;
#10400 = DIRECTION ( 'NONE',  ( 0.000000000000000000, 1.000000000000000000, 0.000000000000000000 ) ) ;
#10401 = LINE ( 'NONE', #5705, #8689 ) ;
#10402 = CYLINDRICAL_SURFACE ( 'NONE', #3284, 5.499999999999998224 ) ;
#10403 = ORIENTED_EDGE ( 'NONE', *, *, #9663, .F. ) ;
#10404 = CARTESIAN_POINT ( 'NONE',  ( 30.00000000000000000, 12.00000000000001066, 30.00000000000000000 ) ) ;
#10405 = DIRECTION ( 'NONE',  ( 1.000000000000000000, 0.000000000000000000, -0.000000000000000000 ) ) ;
#10406 = CLOSED_SHELL ( 'NONE', ( #11403, #1456, #6705, #10013, #5437, #10558, #9163, #11728, #9732, #11972, #906, #4389, #8628, #7800, #884, #9224, #10662, #3484, #11369 ) ) ;
#10407 = AXIS2_PLACEMENT_3D ( 'NONE', #1449, #7100, #10691 ) ;
#10408 = CARTESIAN_POINT ( 'NONE',  ( -300.0000000000000000, 672.0000000000001137, 0.000000000000000000 ) ) ;
#10409 = CARTESIAN_POINT ( 'NONE',  ( -55.00000000000000000, 18.00000000000000000, -17.00000000000000000 ) ) ;
#10410 = COORDINATED_UNIVERSAL_TIME_OFFSET ( 8, 0, .AHEAD. ) ;
#10411 = EDGE_CURVE ( 'NONE', #10704, #3412, #231, .T. ) ;
#10412 = SECURITY_CLASSIFICATION_LEVEL ( 'unclassified' ) ;
#10413 = EDGE_CURVE ( 'NONE', #4121, #629, #3075, .T. ) ;
#10414 = VECTOR ( 'NONE', #622, 1000.000000000000000 ) ;
#10415 = ORIENTED_EDGE ( 'NONE', *, *, #7316, .T. ) ;
#10416 = DIRECTION ( 'NONE',  ( -0.000000000000000000, -1.000000000000000000, -0.000000000000000000 ) ) ;
#10417 = CARTESIAN_POINT ( 'NONE',  ( 60.00000000000000000, 12.00000000000000000, 90.00000000000000000 ) ) ;
#10418 = CARTESIAN_POINT ( 'NONE',  ( -297.5999999999999659, 34.00000000000000000, -27.00000000000000355 ) ) ;
#10419 = ORIENTED_EDGE ( 'NONE', *, *, #5657, .T. ) ;
#10420 = CARTESIAN_POINT ( 'NONE',  ( 0.000000000000000000, 44.00000000000000000, 0.000000000000000000 ) ) ;
#10421 = DIRECTION ( 'NONE',  ( 0.000000000000000000, 0.000000000000000000, 1.000000000000000000 ) ) ;
#10422 = PERSON_AND_ORGANIZATION_ROLE ( 'classification_officer' ) ;
#10423 = AXIS2_PLACEMENT_3D ( 'NONE', #991, #4741, #9315 ) ;
#10424 = DATE_AND_TIME ( #6713, #6109 ) ;
#10425 = EDGE_LOOP ( 'NONE', ( #7667, #9269, #5881, #6599 ) ) ;
#10426 = AXIS2_PLACEMENT_3D ( 'NONE', #8926, #610, #11735 ) ;
#10427 = EDGE_CURVE ( 'NONE', #1798, #6189, #968, .T. ) ;
#10428 = PLANE ( 'NONE',  #3049 ) ;
#10430 = ORIENTED_EDGE ( 'NONE', *, *, #2097, .T. ) ;
#10429 = ORIENTED_EDGE ( 'NONE', *, *, #1939, .T. ) ;
#10431 = ORIENTED_EDGE ( 'NONE', *, *, #9401, .F. ) ;
#10432 = AXIS2_PLACEMENT_3D ( 'NONE', #5672, #2775, #5558 ) ;
#10433 = CARTESIAN_POINT ( 'NONE',  ( -18.12278137398203270, 85.00000000000000000, -10.96193756384787577 ) ) ;
#10434 = CARTESIAN_POINT ( 'NONE',  ( -41.00000000000000000, 20.00000000000000000, 70.00000000000000000 ) ) ;
#10436 = VECTOR ( 'NONE', #7189, 1000.000000000000000 ) ;
#10435 = LINE ( 'NONE', #5925, #5189 ) ;
#10437 = AXIS2_PLACEMENT_3D ( 'NONE', #7726, #8699, #5821 ) ;
#10438 = ORIENTED_EDGE ( 'NONE', *, *, #4155, .T. ) ;
#10439 = CARTESIAN_POINT ( 'NONE',  ( -420.0000000000000000, 8.000000000000000000, 184.5000000000000284 ) ) ;
#10440 = PRODUCT_DEFINITION ( 'æœ', '', #1362, #9128 ) ;
#10441 = ORIENTED_EDGE ( 'NONE', *, *, #11790, .T. ) ;
#10442 = DIRECTION ( 'NONE',  ( 1.000000000000000000, 0.000000000000000000, 0.000000000000000000 ) ) ;
#10443 = EDGE_LOOP ( 'NONE', ( #1323, #8382, #2026, #4059 ) ) ;
#10444 = VECTOR ( 'NONE', #3798, 1000.000000000000000 ) ;
#10445 = DIRECTION ( 'NONE',  ( 0.000000000000000000, -1.000000000000000000, 0.000000000000000000 ) ) ;
#10446 = DATE_AND_TIME ( #9661, #3885 ) ;
#10447 = AXIS2_PLACEMENT_3D ( 'NONE', #8792, #10489, #480 ) ;
#10448 = EDGE_LOOP ( 'NONE', ( #478, #5822, #10079, #1340 ) ) ;
#10449 = CONTEXT_DEPENDENT_SHAPE_REPRESENTATION ( #4275, #5343 ) ;
#10450 = ORIENTED_EDGE ( 'NONE', *, *, #2315, .T. ) ;
#10451 = CARTESIAN_POINT ( 'NONE',  ( -29.94973070017952566, 18.00000000000000000, 22.06822262118491906 ) ) ;
#10452 = AXIS2_PLACEMENT_3D ( 'NONE', #4159, #3127, #7019 ) ;
#10453 = CC_DESIGN_PERSON_AND_ORGANIZATION_ASSIGNMENT ( #6909, #11676, ( #10593 ) ) ;
#10454 = LINE ( 'NONE', #10330, #676 ) ;
#10455 = LINE ( 'NONE', #4904, #8317 ) ;
#10456 = ORIENTED_EDGE ( 'NONE', *, *, #10960, .F. ) ;
#10457 = CARTESIAN_POINT ( 'NONE',  ( 40.00000000000000000, 780.0000000000000000, -30.00000000000000000 ) ) ;
#10458 = PLANE ( 'NONE',  #10591 ) ;
#10459 = ORIENTED_EDGE ( 'NONE', *, *, #8864, .F. ) ;
#10460 = DATE_AND_TIME ( #6752, #400 ) ;
#10461 = CIRCLE ( 'NONE', #7754, 3.550269299820402846 ) ;
#10462 = DIRECTION ( 'NONE',  ( -0.000000000000000000, -1.000000000000000000, -0.000000000000000000 ) ) ;
#10463 = ITEM_DEFINED_TRANSFORMATION ( 'NONE', 'NONE', #1058,  #2596 ) ;
#10464 = EDGE_CURVE ( 'NONE', #5229, #10952, #2946, .T. ) ;
#10465 = EDGE_CURVE ( 'NONE', #6044, #272, #1157, .T. ) ;
#10466 = ORIENTED_EDGE ( 'NONE', *, *, #4078, .T. ) ;
#10467 = CARTESIAN_POINT ( 'NONE',  ( 0.000000000000000000, 70.00000000000000000, -52.50000000000000000 ) ) ;
#10468 = SECURITY_CLASSIFICATION_LEVEL ( 'unclassified' ) ;
#10469 = CARTESIAN_POINT ( 'NONE',  ( 310.0000000000000000, 0.000000000000000000, -48.00000000000000000 ) ) ;
#10470 =( REPRESENTATION_RELATIONSHIP ('NONE','NONE', #3053, #3980 ) REPRESENTATION_RELATIONSHIP_WITH_TRANSFORMATION ( #1049 )SHAPE_REPRESENTATION_RELATIONSHIP( ) );
#10471 = SECURITY_CLASSIFICATION ( '', '', #8741 ) ;
#10472 = VECTOR ( 'NONE', #10824, 1000.000000000000000 ) ;
#10473 = ORIENTED_EDGE ( 'NONE', *, *, #1657, .F. ) ;
#10474 = CARTESIAN_POINT ( 'NONE',  ( 0.000000000000000000, 120.0000000000000000, 0.000000000000000000 ) ) ;
#10475 = DIRECTION ( 'NONE',  ( 0.000000000000000000, 0.000000000000000000, 1.000000000000000000 ) ) ;
#10476 = CARTESIAN_POINT ( 'NONE',  ( -120.1043392264672747, 0.000000000000000000, 49.74884620746166064 ) ) ;
#10477 = EDGE_CURVE ( 'NONE', #236, #1652, #11483, .T. ) ;
#10478 = SHAPE_DEFINITION_REPRESENTATION ( #543, #11782 ) ;
#10479 = APPROVAL_DATE_TIME ( #1748, #11283 ) ;
#10480 = CC_DESIGN_APPROVAL ( #937, ( #2118 ) ) ;
#10481 = AXIS2_PLACEMENT_3D ( 'NONE', #938, #8241, #3786 ) ;
#10482 = VERTEX_POINT ( 'NONE', #9455 ) ;
#10483 = CARTESIAN_POINT ( 'NONE',  ( -40.00000000000000000, 60.00000000000000000, 17.51930530821583076 ) ) ;
#10484 = CARTESIAN_POINT ( 'NONE',  ( 0.000000000000000000, 24.00000000000000000, 0.000000000000000000 ) ) ;
#10485 = DIRECTION ( 'NONE',  ( 0.000000000000000000, 0.000000000000000000, -1.000000000000000000 ) ) ;
#10486 = EDGE_LOOP ( 'NONE', ( #10609, #6817, #9494, #1258, #239, #2101, #1215, #453 ) ) ;
#10487 = FACE_BOUND ( 'NONE', #10748, .T. ) ;
#10488 = CC_DESIGN_APPROVAL ( #10287, ( #10095 ) ) ;
#10489 = DIRECTION ( 'NONE',  ( 0.000000000000000000, 0.000000000000000000, 1.000000000000000000 ) ) ;
#10490 = LOCAL_TIME ( 1, 42, 14.00000000000000000, #1102 ) ;
#10491 = CARTESIAN_POINT ( 'NONE',  ( -64.58429561200924240, 10.00000000000000000, -49.67321016166282277 ) ) ;
#10492 = APPROVAL_ROLE ( '' ) ;
#10493 = CARTESIAN_POINT ( 'NONE',  ( -140.5000000000000000, 10.00000000000000000, -31.00000000000000000 ) ) ;
#10495 = ORIENTED_EDGE ( 'NONE', *, *, #9611, .F. ) ;
#10494 = ORIENTED_EDGE ( 'NONE', *, *, #2343, .T. ) ;
#10496 = LOCAL_TIME ( 1, 42, 14.00000000000000000, #9687 ) ;
#10497 = LOCAL_TIME ( 1, 42, 14.00000000000000000, #8165 ) ;
#10498 = ORIENTED_EDGE ( 'NONE', *, *, #2052, .T. ) ;
#10499 = CARTESIAN_POINT ( 'NONE',  ( 105.0000000000000000, 90.00000000000000000, 105.0000000000000000 ) ) ;
#10500 = LINE ( 'NONE', #2171, #8780 ) ;
#10501 = CARTESIAN_POINT ( 'NONE',  ( -30.00000000000000000, 0.000000000000000000, -30.00000000000000000 ) ) ;
#10502 = EDGE_CURVE ( 'NONE', #9326, #10142, #11864, .T. ) ;
#10503 = DIRECTION ( 'NONE',  ( -0.000000000000000000, -1.000000000000000000, -0.000000000000000000 ) ) ;
#10504 = DIRECTION ( 'NONE',  ( 0.000000000000000000, 0.000000000000000000, -1.000000000000000000 ) ) ;
#10505 = ORIENTED_EDGE ( 'NONE', *, *, #8986, .T. ) ;
#10506 = LOCAL_TIME ( 1, 42, 14.00000000000000000, #3654 ) ;
#10507 = PRODUCT_DEFINITION_SHAPE ( 'NONE', 'NONE',  #5239 ) ;
#10508 = VECTOR ( 'NONE', #8202, 1000.000000000000000 ) ;
#10509 = DIRECTION ( 'NONE',  ( -0.000000000000000000, -1.000000000000000000, -0.000000000000000000 ) ) ;
#10510 = PERSON_AND_ORGANIZATION_ROLE ( 'classification_officer' ) ;
#10511 = ORIENTED_EDGE ( 'NONE', *, *, #2017, .F. ) ;
#10512 = DATE_AND_TIME ( #6804, #7387 ) ;
#10513 = ORIENTED_EDGE ( 'NONE', *, *, #7900, .T. ) ;
#10514 = CC_DESIGN_PERSON_AND_ORGANIZATION_ASSIGNMENT ( #11807, #2545, ( #8743 ) ) ;
#10515 = CC_DESIGN_DATE_AND_TIME_ASSIGNMENT ( #11341, #2074, ( #9725 ) ) ;
#10516 = AXIS2_PLACEMENT_3D ( 'NONE', #10623, #179, #5735 ) ;
#10517 = ADVANCED_FACE ( 'NONE', ( #353 ), #1249, .F. ) ;
#10518 = CARTESIAN_POINT ( 'NONE',  ( 60.00000000000000000, 12.00000000000000000, 90.00000000000000000 ) ) ;
#10519 = DIRECTION ( 'NONE',  ( -0.000000000000000000, -1.000000000000000000, -0.000000000000000000 ) ) ;
#10520 = VERTEX_POINT ( 'NONE', #8791 ) ;
#10521 = CARTESIAN_POINT ( 'NONE',  ( 120.1043392264672747, 14.00000000000000000, -56.74884620746167485 ) ) ;
#10522 = ORIENTED_EDGE ( 'NONE', *, *, #1359, .F. ) ;
#10523 = LINE ( 'NONE', #3170, #5910 ) ;
#10524 = ORIENTED_EDGE ( 'NONE', *, *, #1692, .F. ) ;
#10525 = DATE_AND_TIME ( #1227, #6991 ) ;
#10526 = VECTOR ( 'NONE', #6650, 1000.000000000000000 ) ;
#10527 = LINE ( 'NONE', #4026, #8787 ) ;
#10528 = PERSON_AND_ORGANIZATION_ROLE ( 'classification_officer' ) ;
#10529 = ORIENTED_EDGE ( 'NONE', *, *, #3214, .T. ) ;
#10530 = CC_DESIGN_PERSON_AND_ORGANIZATION_ASSIGNMENT ( #4293, #9873, ( #2788 ) ) ;
#10531 = APPROVAL ( #11338, 'UNKNOWN' ) ;
#10532 = PLANE ( 'NONE',  #2441 ) ;
#10533 = CALENDAR_DATE ( 2026, 29, 7 ) ;
#10534 = DIRECTION ( 'NONE',  ( 0.000000000000000000, 1.000000000000000000, 0.000000000000000000 ) ) ;
#10535 = CARTESIAN_POINT ( 'NONE',  ( -27.50000000000000000, 85.00000000000000000, 21.00000000000000000 ) ) ;
#10536 = EDGE_CURVE ( 'NONE', #3371, #64, #4172, .T. ) ;
#10537 = DIRECTION ( 'NONE',  ( 0.000000000000000000, 0.000000000000000000, -1.000000000000000000 ) ) ;
#10538 = DIRECTION ( 'NONE',  ( 0.000000000000000000, 0.000000000000000000, 1.000000000000000000 ) ) ;
#10539 = LINE ( 'NONE', #8781, #96 ) ;
#10540 = PERSON_AND_ORGANIZATION ( #2011, #2802 ) ;
#10541 = APPROVAL_ROLE ( '' ) ;
#10542 = APPROVAL ( #8589, 'UNKNOWN' ) ;
#10543 = ORIENTED_EDGE ( 'NONE', *, *, #5039, .T. ) ;
#10544 = PLANE ( 'NONE',  #2847 ) ;
#10545 = ADVANCED_FACE ( 'NONE', ( #2093 ), #5785, .T. ) ;
#10546 = CARTESIAN_POINT ( 'NONE',  ( 0.000000000000000000, 18.00000000000000000, 0.000000000000000000 ) ) ;
#10547 = CARTESIAN_POINT ( 'NONE',  ( 51.28027681660910275, 72.00000000000000000, 23.12975778546724115 ) ) ;
#10548 = ORIENTED_EDGE ( 'NONE', *, *, #8854, .T. ) ;
#10549 = FACE_BOUND ( 'NONE', #905, .T. ) ;
#10550 = DIRECTION ( 'NONE',  ( 0.000000000000000000, 1.000000000000000000, 0.000000000000000000 ) ) ;
#10551 = DIRECTION ( 'NONE',  ( 0.000000000000000000, 0.000000000000000000, -1.000000000000000000 ) ) ;
#10552 = PERSON_AND_ORGANIZATION ( #2011, #2802 ) ;
#10553 = ORIENTED_EDGE ( 'NONE', *, *, #110, .T. ) ;
#10554 = CARTESIAN_POINT ( 'NONE',  ( -47.50000000000000000, 18.00000000000000000, 35.00000000000000000 ) ) ;
#10555 = ORIENTED_EDGE ( 'NONE', *, *, #9836, .F. ) ;
#10556 = EDGE_LOOP ( 'NONE', ( #7217, #10645, #5205, #5576 ) ) ;
#10557 = PLANE ( 'NONE',  #6337 ) ;
#10558 = ADVANCED_FACE ( 'NONE', ( #1195, #10487, #287, #4050, #4875 ), #2158, .T. ) ;
#10559 = LINE ( 'NONE', #1327, #5071 ) ;
#10560 = DIRECTION ( 'NONE',  ( 0.000000000000000000, -0.000000000000000000, -1.000000000000000000 ) ) ;
#10561 = VECTOR ( 'NONE', #2177, 1000.000000000000000 ) ;
#10562 =( GEOMETRIC_REPRESENTATION_CONTEXT ( 3 ) GLOBAL_UNCERTAINTY_ASSIGNED_CONTEXT ( ( #9975 ) ) GLOBAL_UNIT_ASSIGNED_CONTEXT ( ( #10332, #11266, #3833 ) ) REPRESENTATION_CONTEXT ( 'NONE', 'WORKASPACE' ) );
#10563 = LINE ( 'NONE', #11563, #11901 ) ;
#10564 = CARTESIAN_POINT ( 'NONE',  ( -420.0000000000000000, 8.000000000000000000, -180.0000000000000000 ) ) ;
#10565 = ORIENTED_EDGE ( 'NONE', *, *, #510, .F. ) ;
#10566 = EDGE_CURVE ( 'NONE', #614, #5270, #11295, .T. ) ;
#10567 = CARTESIAN_POINT ( 'NONE',  ( -275.6125178063039698, 12.00000000000000000, -39.00000000000000000 ) ) ;
#10568 = COORDINATED_UNIVERSAL_TIME_OFFSET ( 8, 0, .AHEAD. ) ;
#10569 = VECTOR ( 'NONE', #592, 1000.000000000000000 ) ;
#10570 = ADVANCED_FACE ( 'NONE', ( #6652 ), #11545, .F. ) ;
#10571 = EDGE_LOOP ( 'NONE', ( #9936, #3871 ) ) ;
#10572 = DATE_TIME_ROLE ( 'classification_date' ) ;
#10573 = APPROVAL_PERSON_ORGANIZATION ( #6519, #5665, #218 ) ;
#10574 = VECTOR ( 'NONE', #6502, 1000.000000000000000 ) ;
#10575 = EDGE_CURVE ( 'NONE', #1944, #11751, #6164, .T. ) ;
#10576 = ORIENTED_EDGE ( 'NONE', *, *, #2807, .F. ) ;
#10577 = ADVANCED_BREP_SHAPE_REPRESENTATION ( '', ( #3100, #2596 ), #11174 ) ;
#10578 = CARTESIAN_POINT ( 'NONE',  ( -49.74884620746166775, 14.00000000000000000, 127.1043392264673315 ) ) ;
#10579 = VECTOR ( 'NONE', #9188, 1000.000000000000000 ) ;
#10580 = LINE ( 'NONE', #5942, #4152 ) ;
#10581 = EDGE_LOOP ( 'NONE', ( #2827, #11386, #11269, #11165 ) ) ;
#10582 = DIRECTION ( 'NONE',  ( 0.000000000000000000, -1.000000000000000000, 0.000000000000000000 ) ) ;
#10583 = VERTEX_POINT ( 'NONE', #772 ) ;
#10584 = CARTESIAN_POINT ( 'NONE',  ( 390.0000000000000000, 780.0000000000000000, -30.00000000000000000 ) ) ;
#10585 = DIRECTION ( 'NONE',  ( 0.000000000000000000, 0.000000000000000000, -1.000000000000000000 ) ) ;
#10586 = EDGE_LOOP ( 'NONE', ( #8322, #4608, #2784, #10042 ) ) ;
#10587 = PERSON_AND_ORGANIZATION ( #2011, #2802 ) ;
#10588 = EDGE_CURVE ( 'NONE', #2433, #10142, #8921, .T. ) ;
#10589 = DIRECTION ( 'NONE',  ( 0.000000000000000000, 0.000000000000000000, -1.000000000000000000 ) ) ;
#10590 = SECURITY_CLASSIFICATION_LEVEL ( 'unclassified' ) ;
#10591 = AXIS2_PLACEMENT_3D ( 'NONE', #1416, #2128, #5096 ) ;
#10592 = ORIENTED_EDGE ( 'NONE', *, *, #10588, .T. ) ;
#10593 = PRODUCT_DEFINITION_FORMATION_WITH_SPECIFIED_SOURCE ( 'ä»', '', #3241, .NOT_KNOWN. ) ;
#10594 = CARTESIAN_POINT ( 'NONE',  ( 40.00000000000000000, 60.00000000000000000, -20.00000000000000000 ) ) ;
#10595 = AXIS2_PLACEMENT_3D ( 'NONE', #9372, #9563, #1047 ) ;
#10596 = APPROVAL_DATE_TIME ( #6886, #6562 ) ;
#10597 = CARTESIAN_POINT ( 'NONE',  ( 0.000000000000000000, 170.0000000000000000, -10.00000000000000000 ) ) ;
#10598 = CARTESIAN_POINT ( 'NONE',  ( -75.00000000000000000, 0.000000000000000000, 55.00000000000000000 ) ) ;
#10599 = DIRECTION ( 'NONE',  ( 0.000000000000000000, 0.000000000000000000, -1.000000000000000000 ) ) ;
#10600 = CARTESIAN_POINT ( 'NONE',  ( -420.0000000000000000, 0.000000000000000000, 245.0000000000000000 ) ) ;
#10601 = CC_DESIGN_PERSON_AND_ORGANIZATION_ASSIGNMENT ( #1706, #5398, ( #2634 ) ) ;
#10602 = DIRECTION ( 'NONE',  ( -0.000000000000000000, -1.000000000000000000, -0.000000000000000000 ) ) ;
#10603 = DATE_TIME_ROLE ( 'classification_date' ) ;
#10604 = DATE_TIME_ROLE ( 'creation_date' ) ;
#10605 = ORIENTED_EDGE ( 'NONE', *, *, #11932, .T. ) ;
#10606 = CARTESIAN_POINT ( 'NONE',  ( -64.58429561200924240, 0.000000000000000000, -45.58891454965358037 ) ) ;
#10607 = DIRECTION ( 'NONE',  ( 0.000000000000000000, 0.000000000000000000, -1.000000000000000000 ) ) ;
#10608 = LINE ( 'NONE', #7568, #6174 ) ;
#10609 = ORIENTED_EDGE ( 'NONE', *, *, #9268, .F. ) ;
#10610 = CARTESIAN_POINT ( 'NONE',  ( -460.0000000000000000, 24.00000000000000000, 285.0000000000000000 ) ) ;
#10611 = CARTESIAN_POINT ( 'NONE',  ( 64.58429561200922819, 0.000000000000000000, 50.50461893764436638 ) ) ;
#10612 = DIRECTION ( 'NONE',  ( 0.000000000000000000, 0.000000000000000000, -1.000000000000000000 ) ) ;
#10613 = EDGE_CURVE ( 'NONE', #11079, #8024, #4303, .T. ) ;
#10614 = PERSON_AND_ORGANIZATION ( #2011, #2802 ) ;
#10615 = FACE_OUTER_BOUND ( 'NONE', #3698, .T. ) ;
#10616 = APPLICATION_CONTEXT ( 'configuration controlled 3d designs of mechanical parts and assemblies' ) ;
#10617 = VECTOR ( 'NONE', #4885, 1000.000000000000000 ) ;
#10619 = ORIENTED_EDGE ( 'NONE', *, *, #3315, .F. ) ;
#10618 = ORIENTED_EDGE ( 'NONE', *, *, #2482, .T. ) ;
#10620 = ADVANCED_FACE ( 'NONE', ( #3334 ), #5186, .F. ) ;
#10621 = ORIENTED_EDGE ( 'NONE', *, *, #10124, .F. ) ;
#10622 = CARTESIAN_POINT ( 'NONE',  ( -49.74884620746166775, 14.00000000000000000, -113.1043392264672747 ) ) ;
#10623 = CARTESIAN_POINT ( 'NONE',  ( 0.000000000000000000, 12.00000000000000000, 0.000000000000000000 ) ) ;
#10624 = LINE ( 'NONE', #10501, #6742 ) ;
#10625 = VECTOR ( 'NONE', #10220, 1000.000000000000000 ) ;
#10626 = LINE ( 'NONE', #5997, #5452 ) ;
#10627 = AXIS2_PLACEMENT_3D ( 'NONE', #4196, #1273, #2179 ) ;
#10628 = ORIENTED_EDGE ( 'NONE', *, *, #3300, .F. ) ;
#10629 = ORIENTED_EDGE ( 'NONE', *, *, #10613, .F. ) ;
#10630 = LINE ( 'NONE', #437, #10561 ) ;
#10631 = ORIENTED_EDGE ( 'NONE', *, *, #8266, .T. ) ;
#10632 = CARTESIAN_POINT ( 'NONE',  ( 0.000000000000000000, 0.000000000000000000, 0.000000000000000000 ) ) ;
#10633 = EDGE_CURVE ( 'NONE', #7601, #2255, #4403, .T. ) ;
#10634 = APPROVAL_STATUS ( 'not_yet_approved' ) ;
#10635 = VECTOR ( 'NONE', #3586, 1000.000000000000000 ) ;
#10636 = VERTEX_POINT ( 'NONE', #5250 ) ;
#10637 = CIRCLE ( 'NONE', #8495, 41.00000000000000000 ) ;
#10638 = ORIENTED_EDGE ( 'NONE', *, *, #8407, .T. ) ;
#10639 = VECTOR ( 'NONE', #3473, 1000.000000000000000 ) ;
#10640 = CARTESIAN_POINT ( 'NONE',  ( -41.00000000000000000, 0.000000000000000000, 70.00000000000000000 ) ) ;
#10641 = CARTESIAN_POINT ( 'NONE',  ( 0.000000000000000000, 18.00000000000000000, 0.000000000000000000 ) ) ;
#10642 = AXIS2_PLACEMENT_3D ( 'NONE', #54, #7448, #8200 ) ;
#10643 = ADVANCED_FACE ( 'NONE', ( #9994 ), #11788, .F. ) ;
#10644 = DIRECTION ( 'NONE',  ( -0.000000000000000000, -1.000000000000000000, -0.000000000000000000 ) ) ;
#10645 = ORIENTED_EDGE ( 'NONE', *, *, #10086, .F. ) ;
#10646 = DIRECTION ( 'NONE',  ( -0.000000000000000000, -1.000000000000000000, -0.000000000000000000 ) ) ;
#10647 = ORIENTED_EDGE ( 'NONE', *, *, #10502, .F. ) ;
#10648 = EDGE_CURVE ( 'NONE', #9839, #11565, #5124, .T. ) ;
#10649 = AXIS2_PLACEMENT_3D ( 'NONE', #11613, #10550, #8856 ) ;
#10650 = CYLINDRICAL_SURFACE ( 'NONE', #6903, 3.090475378041975141 ) ;
#10651 = ORIENTED_EDGE ( 'NONE', *, *, #6224, .T. ) ;
#10652 = PERSON_AND_ORGANIZATION ( #2011, #2802 ) ;
#10653 = CARTESIAN_POINT ( 'NONE',  ( 0.000000000000000000, 60.00000000000000000, 0.000000000000000000 ) ) ;
#10654 = EDGE_LOOP ( 'NONE', ( #10403, #8913, #8211, #11306 ) ) ;
#10655 = AXIS2_PLACEMENT_3D ( 'NONE', #1617, #11843, #4301 ) ;
#10656 = CARTESIAN_POINT ( 'NONE',  ( 297.5999999999999659, 12.00000000000000000, -27.00000000000000355 ) ) ;
#10657 = AXIS2_PLACEMENT_3D ( 'NONE', #9304, #3662, #5636 ) ;
#10658 = APPROVAL_ROLE ( '' ) ;
#10659 = DIRECTION ( 'NONE',  ( 1.000000000000000000, 0.000000000000000000, 0.000000000000000000 ) ) ;
#10660 = EDGE_CURVE ( 'NONE', #4367, #11784, #10090, .T. ) ;
#10661 = DIRECTION ( 'NONE',  ( 1.000000000000000000, 0.000000000000000000, 0.000000000000000000 ) ) ;
#10662 = ADVANCED_FACE ( 'NONE', ( #10743 ), #3263, .F. ) ;
#10663 = FACE_OUTER_BOUND ( 'NONE', #6814, .T. ) ;
#10664 = CARTESIAN_POINT ( 'NONE',  ( -420.0000000000000000, 0.000000000000000000, -245.0000000000000000 ) ) ;
#10665 = VECTOR ( 'NONE', #399, 1000.000000000000000 ) ;
#10666 = LINE ( 'NONE', #8716, #11172 ) ;
#10667 = MECHANICAL_CONTEXT ( 'NONE', #8681, 'mechanical' ) ;
#10668 = VECTOR ( 'NONE', #6503, 1000.000000000000000 ) ;
#10669 = PERSON_AND_ORGANIZATION ( #2011, #2802 ) ;
#10670 = LINE ( 'NONE', #9758, #2665 ) ;
#10671 = PRODUCT_RELATED_PRODUCT_CATEGORY ( 'detail', '', ( #2542 ) ) ;
#10672 = AXIS2_PLACEMENT_3D ( 'NONE', #3892, #9427, #2060 ) ;
#10673 = CARTESIAN_POINT ( 'NONE',  ( -85.00000000000000000, 10.00000000000000000, 60.00000000000000000 ) ) ;
#10674 = APPROVAL ( #8221, 'UNKNOWN' ) ;
#10675 = LINE ( 'NONE', #2344, #457 ) ;
#10676 = FACE_OUTER_BOUND ( 'NONE', #550, .T. ) ;
#10677 = VERTEX_POINT ( 'NONE', #4352 ) ;
#10678 = EDGE_CURVE ( 'NONE', #10982, #2331, #6393, .T. ) ;
#10679 = LINE ( 'NONE', #3442, #11678 ) ;
#10680 = LINE ( 'NONE', #3076, #4798 ) ;
#10681 = CARTESIAN_POINT ( 'NONE',  ( -163.1999999999999886, 10.00000000000000000, 56.99999999999999289 ) ) ;
#10682 = PERSON_AND_ORGANIZATION_ROLE ( 'creator' ) ;
#10683 = VERTEX_POINT ( 'NONE', #663 ) ;
#10684 = PRODUCT_DEFINITION_FORMATION_WITH_SPECIFIED_SOURCE ( 'ä»', '', #330, .NOT_KNOWN. ) ;
#10685 = CIRCLE ( 'NONE', #7371, 1.223591395445790209 ) ;
#10686 = FACE_OUTER_BOUND ( 'NONE', #7924, .T. ) ;
#10688 = VERTEX_POINT ( 'NONE', #6279 ) ;
#10687 = ORIENTED_EDGE ( 'NONE', *, *, #2374, .F. ) ;
#10689 = ORIENTED_EDGE ( 'NONE', *, *, #9755, .T. ) ;
#10690 = ADVANCED_FACE ( 'NONE', ( #1673 ), #7890, .T. ) ;
#10691 = DIRECTION ( 'NONE',  ( 0.000000000000000000, 0.000000000000000000, 1.000000000000000000 ) ) ;
#10692 = LINE ( 'NONE', #7966, #9549 ) ;
#10693 = LOCAL_TIME ( 1, 42, 14.00000000000000000, #10204 ) ;
#10694 = LINE ( 'NONE', #3350, #3074 ) ;
#10695 = SECURITY_CLASSIFICATION ( '', '', #8629 ) ;
#10696 = CARTESIAN_POINT ( 'NONE',  ( 55.00000000000000000, 18.00000000000000000, 17.00000000000000000 ) ) ;
#10697 = EDGE_CURVE ( 'NONE', #9530, #8023, #8067, .T. ) ;
#10698 = EDGE_LOOP ( 'NONE', ( #10266, #9859, #429, #255 ) ) ;
#10699 = LINE ( 'NONE', #1585, #10414 ) ;
#10701 = PERSON_AND_ORGANIZATION ( #2011, #2802 ) ;
#10700 = APPROVAL_PERSON_ORGANIZATION ( #3124, #1681, #7739 ) ;
#10702 = APPROVAL_PERSON_ORGANIZATION ( #595, #6983, #2211 ) ;
#10703 = ORIENTED_EDGE ( 'NONE', *, *, #10046, .F. ) ;
#10704 = VERTEX_POINT ( 'NONE', #5362 ) ;
#10705 = VERTEX_POINT ( 'NONE', #9825 ) ;
#10706 = CARTESIAN_POINT ( 'NONE',  ( 49.74884620746168196, 14.00000000000000000, -120.1043392264672747 ) ) ;
#10707 = EDGE_CURVE ( 'NONE', #2218, #7992, #10679, .T. ) ;
#10708 = CYLINDRICAL_SURFACE ( 'NONE', #6380, 12.50000000000000000 ) ;
#10709 = CC_DESIGN_APPROVAL ( #4445, ( #6423 ) ) ;
#10710 = CARTESIAN_POINT ( 'NONE',  ( -55.00000000000000000, 18.00000000000000000, -17.00000000000000000 ) ) ;
#10711 = DIRECTION ( 'NONE',  ( -0.000000000000000000, -1.000000000000000000, -0.000000000000000000 ) ) ;
#10712 = VERTEX_POINT ( 'NONE', #7206 ) ;
#10713 = CARTESIAN_POINT ( 'NONE',  ( -35.00000000000000000, 26.00000000000000000, -10.00000000000000000 ) ) ;
#10714 = ORIENTED_EDGE ( 'NONE', *, *, #10856, .T. ) ;
#10715 = PERSON_AND_ORGANIZATION_ROLE ( 'design_supplier' ) ;
#10716 = APPLICATION_CONTEXT ( 'configuration controlled 3d designs of mechanical parts and assemblies' ) ;
#10717 = ORIENTED_EDGE ( 'NONE', *, *, #6998, .T. ) ;
#10718 = COORDINATED_UNIVERSAL_TIME_OFFSET ( 8, 0, .AHEAD. ) ;
#10719 = ORIENTED_EDGE ( 'NONE', *, *, #2216, .F. ) ;
#10720 = VECTOR ( 'NONE', #2541, 1000.000000000000000 ) ;
#10721 = LINE ( 'NONE', #642, #9050 ) ;
#10722 = EDGE_CURVE ( 'NONE', #9210, #3921, #1619, .T. ) ;
#10723 = CALENDAR_DATE ( 2026, 29, 7 ) ;
#10724 = LINE ( 'NONE', #9807, #4266 ) ;
#10725 = CARTESIAN_POINT ( 'NONE',  ( 29.94973070017958960, 18.00000000000000000, 22.06822262118494393 ) ) ;
#10726 = CARTESIAN_POINT ( 'NONE',  ( 420.0000000000000000, 0.000000000000000000, 184.5000000000000284 ) ) ;
#10727 = DIRECTION ( 'NONE',  ( 0.000000000000000000, 0.000000000000000000, 1.000000000000000000 ) ) ;
#10728 = EDGE_LOOP ( 'NONE', ( #3319, #896, #7411, #1003, #3775, #3947, #1870, #1760 ) ) ;
#10729 = VECTOR ( 'NONE', #7221, 1000.000000000000000 ) ;
#10730 = LINE ( 'NONE', #1368, #7469 ) ;
#10731 = DATE_TIME_ROLE ( 'creation_date' ) ;
#10732 = EDGE_CURVE ( 'NONE', #7357, #5073, #5303, .T. ) ;
#10733 = DATE_AND_TIME ( #7025, #10890 ) ;
#10734 = EDGE_CURVE ( 'NONE', #2166, #5195, #4240, .T. ) ;
#10735 = EDGE_LOOP ( 'NONE', ( #9698, #6993, #4088, #6860 ) ) ;
#10736 = EDGE_CURVE ( 'NONE', #2615, #7803, #5800, .T. ) ;
#10737 = LINE ( 'NONE', #10673, #11226 ) ;
#10738 = AXIS2_PLACEMENT_3D ( 'NONE', #1499, #7145, #5247 ) ;
#10739 = PERSON ( 'NAUO-PER19', 'UNSPECIFIED', 'UNSPECIFIED', ('UNSPECIFIED'), ('UNSPECIFIED'), ('UNSPECIFIED') ) ;
#10740 = ORIENTED_EDGE ( 'NONE', *, *, #9895, .T. ) ;
#10741 = CARTESIAN_POINT ( 'NONE',  ( -420.0000000000000000, 8.000000000000000000, 175.4999999999999716 ) ) ;
#10742 = PLANE ( 'NONE',  #10655 ) ;
#10743 = FACE_OUTER_BOUND ( 'NONE', #5533, .T. ) ;
#10744 = DIRECTION ( 'NONE',  ( 0.000000000000000000, 1.000000000000000000, 0.000000000000000000 ) ) ;
#10745 = CARTESIAN_POINT ( 'NONE',  ( 165.0000000000000000, 14.00000000000000000, 165.0000000000000000 ) ) ;
#10746 = APPROVAL_DATE_TIME ( #1319, #4867 ) ;
#10747 = CARTESIAN_POINT ( 'NONE',  ( -51.28027681660898907, 0.000000000000000000, -27.34948096885812063 ) ) ;
#10750 = ORIENTED_EDGE ( 'NONE', *, *, #7885, .T. ) ;
#10749 = EDGE_CURVE ( 'NONE', #10875, #5015, #8413, .T. ) ;
#10748 = EDGE_LOOP ( 'NONE', ( #2517, #298 ) ) ;
#10751 = ORIENTED_EDGE ( 'NONE', *, *, #6834, .F. ) ;
#10752 = CARTESIAN_POINT ( 'NONE',  ( -105.0000000000000000, 90.00000000000000000, 105.0000000000000000 ) ) ;
#10753 = DIRECTION ( 'NONE',  ( -1.000000000000000000, -0.000000000000000000, -0.000000000000000000 ) ) ;
#10754 = CARTESIAN_POINT ( 'NONE',  ( -41.00000000000000000, 0.000000000000000000, 70.00000000000000000 ) ) ;
#10755 = FACE_BOUND ( 'NONE', #2489, .T. ) ;
#10756 = AXIS2_PLACEMENT_3D ( 'NONE', #197, #5820, #9551 ) ;
#10757 = VERTEX_POINT ( 'NONE', #886 ) ;
#10758 = CC_DESIGN_DATE_AND_TIME_ASSIGNMENT ( #3678, #8984, ( #4431 ) ) ;
#10759 = DIRECTION ( 'NONE',  ( 0.000000000000000000, 0.000000000000000000, 1.000000000000000000 ) ) ;
#10760 = SECURITY_CLASSIFICATION_LEVEL ( 'unclassified' ) ;
#10762 = EDGE_LOOP ( 'NONE', ( #4708, #9971 ) ) ;
#10761 = ORIENTED_EDGE ( 'NONE', *, *, #5210, .T. ) ;
#10763 = VERTEX_POINT ( 'NONE', #8300 ) ;
#10764 = ORIENTED_EDGE ( 'NONE', *, *, #10914, .T. ) ;
#10765 = EDGE_CURVE ( 'NONE', #6659, #2675, #10286, .T. ) ;
#10766 = CARTESIAN_POINT ( 'NONE',  ( -450.0000000000000000, 16.00000000000000000, 186.0000000000000000 ) ) ;
#10767 = CARTESIAN_POINT ( 'NONE',  ( -163.1999999999999886, 10.00000000000000000, 47.00000000000000000 ) ) ;
#10768 = DIRECTION ( 'NONE',  ( 1.000000000000000000, 0.000000000000000000, 0.000000000000000000 ) ) ;
#10769 = EDGE_CURVE ( 'NONE', #9830, #5749, #4287, .T. ) ;
#10770 = FACE_OUTER_BOUND ( 'NONE', #5722, .T. ) ;
#10771 =( GEOMETRIC_REPRESENTATION_CONTEXT ( 3 ) GLOBAL_UNCERTAINTY_ASSIGNED_CONTEXT ( ( #3891 ) ) GLOBAL_UNIT_ASSIGNED_CONTEXT ( ( #6748, #2127, #9554 ) ) REPRESENTATION_CONTEXT ( 'NONE', 'WORKASPACE' ) );
#10772 = VERTEX_POINT ( 'NONE', #7437 ) ;
#10773 = DATE_AND_TIME ( #7064, #6582 ) ;
#10774 = CIRCLE ( 'NONE', #7274, 2.627218626017904679 ) ;
#10775 = ORIENTED_EDGE ( 'NONE', *, *, #8167, .F. ) ;
#10776 = PERSON_AND_ORGANIZATION_ROLE ( 'classification_officer' ) ;
#10777 = ORIENTED_EDGE ( 'NONE', *, *, #678, .F. ) ;
#10778 = AXIS2_PLACEMENT_3D ( 'NONE', #11602, #469, #9694 ) ;
#10779 = CARTESIAN_POINT ( 'NONE',  ( 27.50000000000000000, 0.000000000000000000, 21.00000000000000000 ) ) ;
#10780 = PERSON_AND_ORGANIZATION ( #3898, #8558 ) ;
#10781 = LOCAL_TIME ( 1, 42, 14.00000000000000000, #9523 ) ;
#10782 = CARTESIAN_POINT ( 'NONE',  ( 163.1999999999999886, 10.00000000000000000, -57.00000000000000000 ) ) ;
#10783 = DIRECTION ( 'NONE',  ( 0.000000000000000000, 0.000000000000000000, -1.000000000000000000 ) ) ;
#10784 = LINE ( 'NONE', #6147, #8061 ) ;
#10785 = CARTESIAN_POINT ( 'NONE',  ( -120.1043392264672747, 14.00000000000000000, 49.74884620746166064 ) ) ;
#10786 = DIRECTION ( 'NONE',  ( 1.000000000000000000, 0.000000000000000000, 0.000000000000000000 ) ) ;
#10787 = DATE_TIME_ROLE ( 'classification_date' ) ;
#10788 = CALENDAR_DATE ( 2026, 29, 7 ) ;
#10789 = LOCAL_TIME ( 1, 42, 14.00000000000000000, #3143 ) ;
#10790 = ADVANCED_FACE ( 'NONE', ( #5418 ), #2698, .F. ) ;
#10791 = AXIS2_PLACEMENT_3D ( 'NONE', #526, #11527, #5105 ) ;
#10792 = ORIENTED_EDGE ( 'NONE', *, *, #3420, .T. ) ;
#10793 = FACE_OUTER_BOUND ( 'NONE', #1596, .T. ) ;
#10794 = VERTEX_POINT ( 'NONE', #9379 ) ;
#10795 = ORIENTED_EDGE ( 'NONE', *, *, #5515, .T. ) ;
#10796 = CARTESIAN_POINT ( 'NONE',  ( -18.12278137398203270, 0.000000000000000000, -10.96193756384787577 ) ) ;
#10797 = PRODUCT_DEFINITION_SHAPE ( 'NONE', 'NONE',  #12021 ) ;
#10798 = CARTESIAN_POINT ( 'NONE',  ( 49.74884620746168196, 14.00000000000000000, 127.1043392264673315 ) ) ;
#10799 = DIRECTION ( 'NONE',  ( 0.000000000000000000, 0.000000000000000000, 1.000000000000000000 ) ) ;
#10800 = FACE_OUTER_BOUND ( 'NONE', #3148, .T. ) ;
#10801 = CARTESIAN_POINT ( 'NONE',  ( -47.50000000000000000, 18.00000000000000000, 35.00000000000000000 ) ) ;
#10802 = EDGE_CURVE ( 'NONE', #1991, #6076, #3692, .T. ) ;
#10803 = PERSON_AND_ORGANIZATION_ROLE ( 'creator' ) ;
#10804 = EDGE_CURVE ( 'NONE', #4183, #6201, #4459, .T. ) ;
#10805 = CARTESIAN_POINT ( 'NONE',  ( -51.28027681660898907, 72.00000000000000000, -27.34948096885812063 ) ) ;
#10806 = EDGE_CURVE ( 'NONE', #596, #2134, #8187, .T. ) ;
#10808 = ORIENTED_EDGE ( 'NONE', *, *, #10897, .T. ) ;
#10807 = ORIENTED_EDGE ( 'NONE', *, *, #2374, .T. ) ;
#10809 = ORIENTED_EDGE ( 'NONE', *, *, #1493, .F. ) ;
#10810 = DIRECTION ( 'NONE',  ( 0.000000000000000000, 0.000000000000000000, 1.000000000000000000 ) ) ;
#10811 = DIRECTION ( 'NONE',  ( -1.000000000000000000, 0.000000000000000000, 0.000000000000000000 ) ) ;
#10812 = CARTESIAN_POINT ( 'NONE',  ( -120.1043392264672747, 14.00000000000000000, -49.74884620746167485 ) ) ;
#10813 = CARTESIAN_POINT ( 'NONE',  ( 27.50000000000000000, 28.00000000000000000, -18.00000000000000000 ) ) ;
#10814 = ADVANCED_FACE ( 'NONE', ( #10171, #836 ), #11968, .T. ) ;
#10815 = VECTOR ( 'NONE', #301, 1000.000000000000000 ) ;
#10816 = LINE ( 'NONE', #1521, #11629 ) ;
#10817 = PERSON_AND_ORGANIZATION ( #2011, #2802 ) ;
#10818 = VERTEX_POINT ( 'NONE', #1728 ) ;
#10819 = ORIENTED_EDGE ( 'NONE', *, *, #10427, .T. ) ;
#10820 = ORIENTED_EDGE ( 'NONE', *, *, #8877, .F. ) ;
#10822 = VECTOR ( 'NONE', #9543, 1000.000000000000000 ) ;
#10821 = PLANE ( 'NONE',  #5754 ) ;
#10823 = CC_DESIGN_PERSON_AND_ORGANIZATION_ASSIGNMENT ( #3650, #2730, ( #2118 ) ) ;
#10824 = DIRECTION ( 'NONE',  ( -0.000000000000000000, -1.000000000000000000, -0.000000000000000000 ) ) ;
#10825 = CARTESIAN_POINT ( 'NONE',  ( 11.00000000000000000, 10.00000000000000000, -45.58891454965356616 ) ) ;
#10826 = EDGE_LOOP ( 'NONE', ( #2939, #1984, #9420, #5 ) ) ;
#10827 = VECTOR ( 'NONE', #10416, 1000.000000000000000 ) ;
#10828 = DIRECTION ( 'NONE',  ( 0.000000000000000000, 1.000000000000000000, 0.000000000000000000 ) ) ;
#10829 = PERSON_AND_ORGANIZATION ( #2011, #2802 ) ;
#10830 = AXIS2_PLACEMENT_3D ( 'NONE', #1678, #1735, #10981 ) ;
#10831 = ORIENTED_EDGE ( 'NONE', *, *, #1275, .T. ) ;
#10832 = APPROVAL_STATUS ( 'not_yet_approved' ) ;
#10833 = VERTEX_POINT ( 'NONE', #2808 ) ;
#10834 = EDGE_CURVE ( 'NONE', #8735, #8557, #10774, .T. ) ;
#10835 = CIRCLE ( 'NONE', #11432, 4.499999999999997335 ) ;
#10836 = ITEM_DEFINED_TRANSFORMATION ( 'NONE', 'NONE', #7857,  #2596 ) ;
#10837 = UNCERTAINTY_MEASURE_WITH_UNIT (LENGTH_MEASURE( 1.000000000000000082E-05 ), #1367, 'distance_accuracy_value', 'NONE');
#10838 = DIRECTION ( 'NONE',  ( 1.000000000000000000, 0.000000000000000000, 0.000000000000000000 ) ) ;
#10839 = VECTOR ( 'NONE', #260, 1000.000000000000000 ) ;
#10840 = DIRECTION ( 'NONE',  ( 0.000000000000000000, 1.000000000000000000, 0.000000000000000000 ) ) ;
#10841 = FACE_OUTER_BOUND ( 'NONE', #9664, .T. ) ;
#10842 = CARTESIAN_POINT ( 'NONE',  ( -105.0000000000000000, 90.00000000000000000, -105.0000000000000000 ) ) ;
#10843 = VERTEX_POINT ( 'NONE', #5592 ) ;
#10844 = DIRECTION ( 'NONE',  ( -0.000000000000000000, -1.000000000000000000, -0.000000000000000000 ) ) ;
#10845 = ADVANCED_FACE ( 'NONE', ( #7322 ), #3560, .T. ) ;
#10846 = APPROVAL_ROLE ( '' ) ;
#10847 = CIRCLE ( 'NONE', #4611, 5.500000000000018652 ) ;
#10848 = ORIENTED_EDGE ( 'NONE', *, *, #806, .F. ) ;
#10849 = PERSON_AND_ORGANIZATION ( #2011, #2802 ) ;
#10850 = VECTOR ( 'NONE', #8127, 1000.000000000000000 ) ;
#10851 = ORIENTED_EDGE ( 'NONE', *, *, #10884, .T. ) ;
#10852 = CARTESIAN_POINT ( 'NONE',  ( -500.0000000000000000, 18.00000000000000000, 325.0000000000000000 ) ) ;
#10853 = CYLINDRICAL_SURFACE ( 'NONE', #4879, 4.499999999999997335 ) ;
#10854 = DIRECTION ( 'NONE',  ( 0.000000000000000000, 0.000000000000000000, 1.000000000000000000 ) ) ;
#10855 = AXIS2_PLACEMENT_3D ( 'NONE', #6395, #10112, #1784 ) ;
#10856 = EDGE_CURVE ( 'NONE', #6596, #6734, #7082, .T. ) ;
#10857 = DIRECTION ( 'NONE',  ( -0.000000000000000000, -1.000000000000000000, -0.000000000000000000 ) ) ;
#10858 = CARTESIAN_POINT ( 'NONE',  ( 2.449293598294706434E-14, 130.0000000000000000, 200.0000000000000000 ) ) ;
#10859 = CIRCLE ( 'NONE', #11454, 4.500000000000031974 ) ;
#10860 = FACE_OUTER_BOUND ( 'NONE', #1809, .T. ) ;
#10861 = PLANE ( 'NONE',  #2603 ) ;
#10862 = CALENDAR_DATE ( 2026, 29, 7 ) ;
#10863 = PLANE ( 'NONE',  #5559 ) ;
#10864 = VECTOR ( 'NONE', #644, 1000.000000000000000 ) ;
#10865 = ORIENTED_EDGE ( 'NONE', *, *, #4371, .T. ) ;
#10866 = ORIENTED_EDGE ( 'NONE', *, *, #336, .T. ) ;
#10867 = DIRECTION ( 'NONE',  ( 0.000000000000000000, 0.000000000000000000, -1.000000000000000000 ) ) ;
#10868 = DIRECTION ( 'NONE',  ( 1.000000000000000000, -0.000000000000000000, 0.000000000000000000 ) ) ;
#10869 = CARTESIAN_POINT ( 'NONE',  ( 450.0000000000000000, 0.000000000000000000, 210.0000000000000000 ) ) ;
#10870 = EDGE_CURVE ( 'NONE', #5270, #5143, #9198, .T. ) ;
#10871 = CARTESIAN_POINT ( 'NONE',  ( -67.50000000000000000, 72.00000000000000000, 36.00000000000000000 ) ) ;
#10872 = PRODUCT_DEFINITION_FORMATION_WITH_SPECIFIED_SOURCE ( 'ä»', '', #4008, .NOT_KNOWN. ) ;
#10873 = EDGE_CURVE ( 'NONE', #10926, #10131, #4729, .T. ) ;
#10874 = VECTOR ( 'NONE', #4116, 1000.000000000000000 ) ;
#10875 = VERTEX_POINT ( 'NONE', #11221 ) ;
#10876 = DIRECTION ( 'NONE',  ( 1.000000000000000000, 0.000000000000000000, -0.000000000000000000 ) ) ;
#10877 = APPROVAL_STATUS ( 'not_yet_approved' ) ;
#10879 = ORIENTED_EDGE ( 'NONE', *, *, #7650, .T. ) ;
#10878 = ORIENTED_EDGE ( 'NONE', *, *, #8527, .T. ) ;
#10880 = APPROVAL_PERSON_ORGANIZATION ( #6494, #5081, #6438 ) ;
#10881 = APPROVAL_PERSON_ORGANIZATION ( #7845, #3824, #3032 ) ;
#10882 = EDGE_LOOP ( 'NONE', ( #7109, #11874 ) ) ;
#10883 = ORIENTED_EDGE ( 'NONE', *, *, #7417, .F. ) ;
#10884 = EDGE_CURVE ( 'NONE', #6785, #5499, #2865, .T. ) ;
#10885 = DIRECTION ( 'NONE',  ( 0.000000000000000000, 0.000000000000000000, 1.000000000000000000 ) ) ;
#10886 = DIRECTION ( 'NONE',  ( -0.000000000000000000, -1.000000000000000000, -0.000000000000000000 ) ) ;
#10887 = SECURITY_CLASSIFICATION ( '', '', #11362 ) ;
#10888 = CARTESIAN_POINT ( 'NONE',  ( -280.0000000000000000, 0.000000000000000000, 38.00000000000000000 ) ) ;
#10889 = ORIENTED_EDGE ( 'NONE', *, *, #10353, .T. ) ;
#10890 = LOCAL_TIME ( 1, 42, 14.00000000000000000, #8660 ) ;
#10891 = CYLINDRICAL_SURFACE ( 'NONE', #7673, 3.090475378041978249 ) ;
#10892 = CALENDAR_DATE ( 2026, 29, 7 ) ;
#10893 = VERTEX_POINT ( 'NONE', #10114 ) ;
#10894 = COORDINATED_UNIVERSAL_TIME_OFFSET ( 8, 0, .AHEAD. ) ;
#10895 = PRODUCT_DEFINITION_SHAPE ( 'NONE', 'NONE',  #12029 ) ;
#10896 = VERTEX_POINT ( 'NONE', #4575 ) ;
#10897 = EDGE_CURVE ( 'NONE', #466, #1091, #274, .T. ) ;
#10898 = LOCAL_TIME ( 1, 42, 14.00000000000000000, #2384 ) ;
#10899 = CARTESIAN_POINT ( 'NONE',  ( 0.000000000000000000, 18.00000000000000355, -52.50000000000000000 ) ) ;
#10900 = DIRECTION ( 'NONE',  ( 0.000000000000000000, 0.000000000000000000, 1.000000000000000000 ) ) ;
#10901 = CARTESIAN_POINT ( 'NONE',  ( -27.50000000000000000, 18.00000000000000000, 0.000000000000000000 ) ) ;
#10902 = CARTESIAN_POINT ( 'NONE',  ( -55.00000000000000000, 18.00000000000000000, -17.00000000000000000 ) ) ;
#10903 = LINE ( 'NONE', #3548, #3589 ) ;
#10904 = ORIENTED_EDGE ( 'NONE', *, *, #4582, .T. ) ;
#10905 = DATE_TIME_ROLE ( 'creation_date' ) ;
#10906 = CC_DESIGN_APPROVAL ( #10674, ( #7571 ) ) ;
#10907 = CC_DESIGN_DATE_AND_TIME_ASSIGNMENT ( #11106, #95, ( #6215 ) ) ;
#10908 = VECTOR ( 'NONE', #108, 1000.000000000000000 ) ;
#10909 = CC_DESIGN_DATE_AND_TIME_ASSIGNMENT ( #6390, #2630, ( #11444 ) ) ;
#10910 = ORIENTED_EDGE ( 'NONE', *, *, #1773, .F. ) ;
#10911 = DATE_AND_TIME ( #879, #7389 ) ;
#10912 = DIRECTION ( 'NONE',  ( 0.000000000000000000, 1.000000000000000000, 0.000000000000000000 ) ) ;
#10913 = CARTESIAN_POINT ( 'NONE',  ( -163.1999999999999886, 10.00000000000000000, -46.99999999999999289 ) ) ;
#10914 = EDGE_CURVE ( 'NONE', #3019, #4249, #5896, .T. ) ;
#10915 = DIRECTION ( 'NONE',  ( -0.000000000000000000, -1.000000000000000000, -0.000000000000000000 ) ) ;
#10916 = AXIS2_PLACEMENT_3D ( 'NONE', #3688, #2819, #102 ) ;
#10917 = DIRECTION ( 'NONE',  ( -0.000000000000000000, -1.000000000000000000, -0.000000000000000000 ) ) ;
#10918 = CARTESIAN_POINT ( 'NONE',  ( 0.000000000000000000, 130.0000000000000000, 0.000000000000000000 ) ) ;
#10919 = DIRECTION ( 'NONE',  ( 0.000000000000000000, 0.000000000000000000, 1.000000000000000000 ) ) ;
#10920 = LINE ( 'NONE', #7325, #6098 ) ;
#10921 = MECHANICAL_CONTEXT ( 'NONE', #3092, 'mechanical' ) ;
#10922 = CC_DESIGN_DATE_AND_TIME_ASSIGNMENT ( #6633, #988, ( #1185 ) ) ;
#10923 = DIRECTION ( 'NONE',  ( 0.000000000000000000, 0.000000000000000000, -1.000000000000000000 ) ) ;
#10924 = ORIENTED_EDGE ( 'NONE', *, *, #6779, .T. ) ;
#10925 = EDGE_CURVE ( 'NONE', #516, #1651, #4745, .T. ) ;
#10926 = VERTEX_POINT ( 'NONE', #9568 ) ;
#10927 = CYLINDRICAL_SURFACE ( 'NONE', #1868, 105.0000000000000000 ) ;
#10928 = DIRECTION ( 'NONE',  ( 0.000000000000000000, 0.000000000000000000, 1.000000000000000000 ) ) ;
#10929 = LINE ( 'NONE', #6060, #11643 ) ;
#10930 = ADVANCED_FACE ( 'NONE', ( #7681 ), #1236, .F. ) ;
#10931 = DIRECTION ( 'NONE',  ( 0.000000000000000000, 0.000000000000000000, -1.000000000000000000 ) ) ;
#10932 = LINE ( 'NONE', #6297, #6346 ) ;
#10933 = PERSON_AND_ORGANIZATION_ROLE ( 'creator' ) ;
#10935 = ORIENTED_EDGE ( 'NONE', *, *, #412, .F. ) ;
#10934 = ORIENTED_EDGE ( 'NONE', *, *, #6866, .T. ) ;
#10936 = EDGE_CURVE ( 'NONE', #5447, #9326, #338, .T. ) ;
#10937 = ORIENTED_EDGE ( 'NONE', *, *, #2536, .F. ) ;
#10938 = ORIENTED_EDGE ( 'NONE', *, *, #1143, .F. ) ;
#10939 =( REPRESENTATION_RELATIONSHIP ('NONE','NONE', #7247, #11782 ) REPRESENTATION_RELATIONSHIP_WITH_TRANSFORMATION ( #5161 )SHAPE_REPRESENTATION_RELATIONSHIP( ) );
#10940 = DIRECTION ( 'NONE',  ( -0.000000000000000000, -1.000000000000000000, -0.000000000000000000 ) ) ;
#10941 = AXIS2_PLACEMENT_3D ( 'NONE', #4561, #7367, #12011 ) ;
#10942 = DIRECTION ( 'NONE',  ( -0.000000000000000000, -1.000000000000000000, -0.000000000000000000 ) ) ;
#10943 = LINE ( 'NONE', #9791, #749 ) ;
#10944 = ORIENTED_EDGE ( 'NONE', *, *, #5284, .F. ) ;
#10945 = EDGE_CURVE ( 'NONE', #1903, #1560, #2263, .T. ) ;
#10946 = CARTESIAN_POINT ( 'NONE',  ( 11.00000000000000000, 0.000000000000000000, 15.58891454965356793 ) ) ;
#10947 = DATE_AND_TIME ( #1540, #3312 ) ;
#10948 = EDGE_CURVE ( 'NONE', #5485, #10875, #11573, .T. ) ;
#10949 = ORIENTED_EDGE ( 'NONE', *, *, #9578, .T. ) ;
#10950 = SECURITY_CLASSIFICATION_LEVEL ( 'unclassified' ) ;
#10951 = ORIENTED_EDGE ( 'NONE', *, *, #6185, .F. ) ;
#10952 = VERTEX_POINT ( 'NONE', #4035 ) ;
#10953 = UNCERTAINTY_MEASURE_WITH_UNIT (LENGTH_MEASURE( 1.000000000000000082E-05 ), #8087, 'distance_accuracy_value', 'NONE');
#10954 = DIRECTION ( 'NONE',  ( 0.000000000000000000, 0.000000000000000000, 1.000000000000000000 ) ) ;
#10955 = AXIS2_PLACEMENT_3D ( 'NONE', #11440, #3027, #6797 ) ;
#10956 = PLANE ( 'NONE',  #1116 ) ;
#10957 = DIRECTION ( 'NONE',  ( 1.000000000000000000, 0.000000000000000000, 0.000000000000000000 ) ) ;
#10958 = AXIS2_PLACEMENT_3D ( 'NONE', #7018, #7134, #2392 ) ;
#10959 = DIRECTION ( 'NONE',  ( 0.000000000000000000, 0.000000000000000000, 1.000000000000000000 ) ) ;
#10960 = EDGE_CURVE ( 'NONE', #9922, #285, #8533, .T. ) ;
#10961 = CARTESIAN_POINT ( 'NONE',  ( 55.00000000000000000, 0.000000000000000000, 44.01734104046241924 ) ) ;
#10962 = EDGE_LOOP ( 'NONE', ( #11503, #8785, #7515, #4262 ) ) ;
#10963 = DATE_AND_TIME ( #4510, #10390 ) ;
#10964 = COORDINATED_UNIVERSAL_TIME_OFFSET ( 8, 0, .AHEAD. ) ;
#10965 = CIRCLE ( 'NONE', #698, 5.653846153846162181 ) ;
#10966 = APPROVAL_PERSON_ORGANIZATION ( #2702, #3551, #6403 ) ;
#10967 = VECTOR ( 'NONE', #1110, 1000.000000000000000 ) ;
#10968 = CARTESIAN_POINT ( 'NONE',  ( 40.00000000000000000, 60.00000000000000000, -20.00000000000000000 ) ) ;
#10969 = FACE_BOUND ( 'NONE', #3369, .T. ) ;
#10970 = DIRECTION ( 'NONE',  ( -1.000000000000000000, -0.000000000000000000, -0.000000000000000000 ) ) ;
#10971 = APPROVAL ( #6313, 'æœª' ) ;
#10972 = CARTESIAN_POINT ( 'NONE',  ( -55.15432893255071889, 90.00000000000000000, 49.65432893255073310 ) ) ;
#10973 = CARTESIAN_POINT ( 'NONE',  ( 140.5000000000000000, 10.00000000000000000, -31.00000000000000000 ) ) ;
#10974 = VECTOR ( 'NONE', #7299, 1000.000000000000000 ) ;
#10975 = DIRECTION ( 'NONE',  ( -0.000000000000000000, -1.000000000000000000, -0.000000000000000000 ) ) ;
#10976 = LOCAL_TIME ( 1, 42, 14.00000000000000000, #666 ) ;
#10977 = DIRECTION ( 'NONE',  ( -0.000000000000000000, -0.000000000000000000, 1.000000000000000000 ) ) ;
#10978 = APPROVAL_ROLE ( '' ) ;
#10979 = SHAPE_REPRESENTATION ( 'FD-007_track_support', ( #2596 ), #10361 ) ;
#10980 = AXIS2_PLACEMENT_3D ( 'NONE', #2073, #10279, #1173 ) ;
#10981 = DIRECTION ( 'NONE',  ( 0.000000000000000000, 0.000000000000000000, -1.000000000000000000 ) ) ;
#10982 = VERTEX_POINT ( 'NONE', #1051 ) ;
#10983 = ORIENTED_EDGE ( 'NONE', *, *, #711, .T. ) ;
#10984 = CARTESIAN_POINT ( 'NONE',  ( -420.0000000000000000, 0.000000000000000000, -184.5000000000000284 ) ) ;
#10985 = CC_DESIGN_APPROVAL ( #11133, ( #10008 ) ) ;
#10986 = CARTESIAN_POINT ( 'NONE',  ( 40.00000000000000000, 0.000000000000000000, 3.500000000000000000 ) ) ;
#10987 = DIRECTION ( 'NONE',  ( -0.000000000000000000, -1.000000000000000000, -0.000000000000000000 ) ) ;
#10988 = EDGE_CURVE ( 'NONE', #6016, #5825, #6294, .T. ) ;
#10989 = DIRECTION ( 'NONE',  ( 0.000000000000000000, 1.000000000000000000, 0.000000000000000000 ) ) ;
#10990 = PRODUCT_DEFINITION_SHAPE ( 'NONE', 'NONE',  #12022 ) ;
#10991 = ORIENTED_EDGE ( 'NONE', *, *, #6001, .T. ) ;
#10992 = ORIENTED_EDGE ( 'NONE', *, *, #10299, .F. ) ;
#10993 = ORIENTED_EDGE ( 'NONE', *, *, #3792, .T. ) ;
#10994 = CARTESIAN_POINT ( 'NONE',  ( 165.0000000000000000, 14.00000000000000000, -165.0000000000000000 ) ) ;
#10995 = CALENDAR_DATE ( 2026, 29, 7 ) ;
#10996 = EDGE_CURVE ( 'NONE', #6489, #10705, #10176, .T. ) ;
#10998 = ORIENTED_EDGE ( 'NONE', *, *, #382, .T. ) ;
#10997 = EDGE_LOOP ( 'NONE', ( #8828, #9331, #11994, #594 ) ) ;
#10999 = ORIENTED_EDGE ( 'NONE', *, *, #6112, .T. ) ;
#11000 = ORIENTED_EDGE ( 'NONE', *, *, #6001, .F. ) ;
#11001 = MANIFOLD_SOLID_BREP ( '02_Reinforcement_Boss', #3741 ) ;
#11002 = CARTESIAN_POINT ( 'NONE',  ( -11.00000000000000000, 10.00000000000000000, 15.58891454965356793 ) ) ;
#11003 = FACE_OUTER_BOUND ( 'NONE', #3069, .T. ) ;
#11004 = VECTOR ( 'NONE', #4949, 1000.000000000000000 ) ;
#11005 = EDGE_CURVE ( 'NONE', #7361, #5742, #6829, .T. ) ;
#11006 = LINE ( 'NONE', #12000, #3270 ) ;
#11007 = ORIENTED_EDGE ( 'NONE', *, *, #8130, .T. ) ;
#11008 = CARTESIAN_POINT ( 'NONE',  ( 55.00000000000000000, 18.00000000000000000, 17.00000000000000000 ) ) ;
#11009 = PERSON_AND_ORGANIZATION ( #2011, #2802 ) ;
#11010 = VERTEX_POINT ( 'NONE', #10535 ) ;
#11011 = CALENDAR_DATE ( 2026, 29, 7 ) ;
#11012 = PERSON ( 'NAUO-PER10', 'UNSPECIFIED', 'UNSPECIFIED', ('UNSPECIFIED'), ('UNSPECIFIED'), ('UNSPECIFIED') ) ;
#11013 = AXIS2_PLACEMENT_3D ( 'NONE', #61, #9167, #11181 ) ;
#11014 = ORIENTED_EDGE ( 'NONE', *, *, #2004, .F. ) ;
#11015 = ADVANCED_FACE ( 'NONE', ( #11346, #2205 ), #1301, .T. ) ;
#11016 = DIRECTION ( 'NONE',  ( 0.000000000000000000, 0.000000000000000000, 1.000000000000000000 ) ) ;
#11017 = EDGE_CURVE ( 'NONE', #10182, #6675, #11532, .T. ) ;
#11018 = MANIFOLD_SOLID_BREP ( '02_Reinforcement_Boss', #10406 ) ;
#11019 = CARTESIAN_POINT ( 'NONE',  ( 29.94973070017958960, 0.000000000000000000, 22.06822262118494393 ) ) ;
#11020 = VECTOR ( 'NONE', #3292, 1000.000000000000000 ) ;
#11021 = DIRECTION ( 'NONE',  ( -0.000000000000000000, -1.000000000000000000, -0.000000000000000000 ) ) ;
#11022 = DIRECTION ( 'NONE',  ( -0.000000000000000000, -1.000000000000000000, -0.000000000000000000 ) ) ;
#11023 = AXIS2_PLACEMENT_3D ( 'NONE', #3804, #5441, #10138 ) ;
#11024 = DIRECTION ( 'NONE',  ( 1.000000000000000000, 0.000000000000000000, 0.000000000000000000 ) ) ;
#11025 = CARTESIAN_POINT ( 'NONE',  ( -163.1999999999999886, 42.00000000000000000, 56.99999999999999289 ) ) ;
#11026 = ORIENTED_EDGE ( 'NONE', *, *, #1228, .T. ) ;
#11027 = PERSON_AND_ORGANIZATION_ROLE ( 'classification_officer' ) ;
#11028 = PERSON_AND_ORGANIZATION ( #2011, #2802 ) ;
#11029 = AXIS2_PLACEMENT_3D ( 'NONE', #9964, #1642, #4327 ) ;
#11030 = AXIS2_PLACEMENT_3D ( 'NONE', #7697, #3207, #171 ) ;
#11031 = FACE_OUTER_BOUND ( 'NONE', #11401, .T. ) ;
#11032 = AXIS2_PLACEMENT_3D ( 'NONE', #5276, #10711, #743 ) ;
#11033 = FACE_BOUND ( 'NONE', #4987, .T. ) ;
#11034 = EDGE_CURVE ( 'NONE', #4714, #2167, #3585, .T. ) ;
#11035 = EDGE_CURVE ( 'NONE', #10772, #6348, #6889, .T. ) ;
#11036 = DIRECTION ( 'NONE',  ( 0.000000000000000000, 0.000000000000000000, 1.000000000000000000 ) ) ;
#11037 = VERTEX_POINT ( 'NONE', #3059 ) ;
#11038 = DIRECTION ( 'NONE',  ( 0.000000000000000000, 1.000000000000000000, 0.000000000000000000 ) ) ;
#11039 = DIRECTION ( 'NONE',  ( -0.000000000000000000, -1.000000000000000000, -0.000000000000000000 ) ) ;
#11040 = DIRECTION ( 'NONE',  ( 0.000000000000000000, -1.000000000000000000, 0.000000000000000000 ) ) ;
#11041 = CIRCLE ( 'NONE', #2495, 52.50000000000000000 ) ;
#11042 = CARTESIAN_POINT ( 'NONE',  ( 0.000000000000000000, 12.00000000000000000, 39.00000000000000711 ) ) ;
#11043 = DATE_AND_TIME ( #3622, #6904 ) ;
#11044 = CIRCLE ( 'NONE', #5202, 5.499999999999998224 ) ;
#11045 = MANIFOLD_SOLID_BREP ( '02_Reinforcement_Boss', #9362 ) ;
#11046 = CARTESIAN_POINT ( 'NONE',  ( -450.0000000000000000, 0.000000000000000000, 210.0000000000000000 ) ) ;
#11047 = PRODUCT_DEFINITION ( 'æœ', '', #11477, #11947 ) ;
#11048 = ORIENTED_EDGE ( 'NONE', *, *, #2083, .F. ) ;
#11049 = APPROVAL ( #1914, 'UNKNOWN' ) ;
#11050 = ORIENTED_EDGE ( 'NONE', *, *, #4133, .F. ) ;
#11051 = AXIS2_PLACEMENT_3D ( 'NONE', #661, #6962, #4401 ) ;
#11052 = CARTESIAN_POINT ( 'NONE',  ( -30.00000000000000000, 560.0000000000000000, 30.00000000000000000 ) ) ;
#11053 = EDGE_CURVE ( 'NONE', #9357, #3713, #4545, .T. ) ;
#11054 = CARTESIAN_POINT ( 'NONE',  ( 120.1043392264672747, 0.000000000000000000, 49.74884620746166064 ) ) ;
#11055 = CARTESIAN_POINT ( 'NONE',  ( -310.0000000000000000, 12.00000000000000000, -48.00000000000000000 ) ) ;
#11056 = CIRCLE ( 'NONE', #584, 4.915704387990771806 ) ;
#11057 = CARTESIAN_POINT ( 'NONE',  ( 0.000000000000000000, 22.00000000000000000, -105.0000000000000000 ) ) ;
#11058 = CARTESIAN_POINT ( 'NONE',  ( 455.0000000000000000, 780.0000000000000000, -36.00000000000000000 ) ) ;
#11059 = VECTOR ( 'NONE', #8834, 1000.000000000000000 ) ;
#11060 = FACE_OUTER_BOUND ( 'NONE', #9659, .T. ) ;
#11061 = APPROVAL_ROLE ( '' ) ;
#11062 = EDGE_CURVE ( 'NONE', #6126, #11189, #292, .T. ) ;
#11064 = ORIENTED_EDGE ( 'NONE', *, *, #5544, .T. ) ;
#11063 = ORIENTED_EDGE ( 'NONE', *, *, #10411, .F. ) ;
#11065 = ORIENTED_EDGE ( 'NONE', *, *, #1873, .F. ) ;
#11066 = VERTEX_POINT ( 'NONE', #2992 ) ;
#11067 = DIRECTION ( 'NONE',  ( 0.000000000000000000, 1.000000000000000000, 0.000000000000000000 ) ) ;
#11068 = LINE ( 'NONE', #9409, #2283 ) ;
#11069 = APPROVAL_PERSON_ORGANIZATION ( #4497, #590, #1478 ) ;
#11070 = AXIS2_PLACEMENT_3D ( 'NONE', #3364, #511, #5878 ) ;
#11071 = ORIENTED_EDGE ( 'NONE', *, *, #10261, .F. ) ;
#11072 = EDGE_CURVE ( 'NONE', #3847, #3964, #10344, .T. ) ;
#11073 = CARTESIAN_POINT ( 'NONE',  ( 420.0000000000000000, 0.000000000000000000, 180.0000000000000000 ) ) ;
#11074 = VERTEX_POINT ( 'NONE', #10726 ) ;
#11075 = CARTESIAN_POINT ( 'NONE',  ( -47.50000000000000000, 18.00000000000000000, 35.00000000000000000 ) ) ;
#11076 = DATE_AND_TIME ( #7419, #5790 ) ;
#11077 = PRODUCT_DEFINITION_FORMATION_WITH_SPECIFIED_SOURCE ( 'ä»', '', #9238, .NOT_KNOWN. ) ;
#11078 = AXIS2_PLACEMENT_3D ( 'NONE', #8126, #6104, #2581 ) ;
#11079 = VERTEX_POINT ( 'NONE', #4288 ) ;
#11080 = DATE_TIME_ROLE ( 'classification_date' ) ;
#11081 = ORIENTED_EDGE ( 'NONE', *, *, #11715, .T. ) ;
#11082 = EDGE_CURVE ( 'NONE', #5211, #8220, #1488, .T. ) ;
#11083 = SECURITY_CLASSIFICATION ( '', '', #10468 ) ;
#11084 = DESIGN_CONTEXT ( 'detailed design', #11343, 'design' ) ;
#11085 = DIRECTION ( 'NONE',  ( 0.000000000000000000, 0.000000000000000000, -1.000000000000000000 ) ) ;
#11086 = CC_DESIGN_APPROVAL ( #3163, ( #11274 ) ) ;
#11087 = CARTESIAN_POINT ( 'NONE',  ( -53.88728323699420741, 0.000000000000000000, -38.00000000000000000 ) ) ;
#11088 = CARTESIAN_POINT ( 'NONE',  ( -40.00000000000000000, 0.000000000000000000, 20.00000000000000000 ) ) ;
#11089 = CARTESIAN_POINT ( 'NONE',  ( 315.0000000000000000, 770.0000000000000000, 0.000000000000000000 ) ) ;
#11090 = DIRECTION ( 'NONE',  ( 1.000000000000000000, 0.000000000000000000, -0.000000000000000000 ) ) ;
#11091 = ORIENTED_EDGE ( 'NONE', *, *, #6444, .F. ) ;
#11092 = PERSON_AND_ORGANIZATION ( #2011, #2802 ) ;
#11093 = APPROVAL_ROLE ( '' ) ;
#11094 = SECURITY_CLASSIFICATION ( '', '', #2389 ) ;
#11095 = SECURITY_CLASSIFICATION ( '', '', #10412 ) ;
#11096 = DIRECTION ( 'NONE',  ( 0.000000000000000000, 0.000000000000000000, -1.000000000000000000 ) ) ;
#11097 = DIRECTION ( 'NONE',  ( 0.000000000000000000, 0.000000000000000000, -1.000000000000000000 ) ) ;
#11098 = CARTESIAN_POINT ( 'NONE',  ( 6.123233995736766282E-16, 120.0000000000000000, 5.000000000000000000 ) ) ;
#11099 = ORIENTED_EDGE ( 'NONE', *, *, #8063, .T. ) ;
#11100 = CARTESIAN_POINT ( 'NONE',  ( 0.000000000000000000, 12.00000000000000000, 39.00000000000000711 ) ) ;
#11101 = CARTESIAN_POINT ( 'NONE',  ( -420.0000000000000000, 8.000000000000000000, -180.0000000000000000 ) ) ;
#11102 = CC_DESIGN_SECURITY_CLASSIFICATION ( #2147, ( #12025 ) ) ;
#11103 = SHAPE_REPRESENTATION_RELATIONSHIP ( 'NONE' , 'NONE' ,  #8962, #1725 ) ;
#11104 = AXIS2_PLACEMENT_3D ( 'NONE', #1981, #8500, #2424 ) ;
#11105 = DIRECTION ( 'NONE',  ( 1.000000000000000000, 0.000000000000000000, 0.000000000000000000 ) ) ;
#11106 = DATE_AND_TIME ( #2755, #6691 ) ;
#11107 = MANIFOLD_SOLID_BREP ( '03_Output_Shaft', #3554 ) ;
#11108 = EDGE_CURVE ( 'NONE', #2621, #11441, #4224, .T. ) ;
#11109 = FACE_OUTER_BOUND ( 'NONE', #2501, .T. ) ;
#11110 = APPLICATION_CONTEXT ( 'configuration controlled 3d designs of mechanical parts and assemblies' ) ;
#11111 = EDGE_CURVE ( 'NONE', #8577, #413, #8112, .T. ) ;
#11112 = EDGE_LOOP ( 'NONE', ( #10951, #9064, #7156, #565 ) ) ;
#11113 = ORIENTED_EDGE ( 'NONE', *, *, #9235, .T. ) ;
#11114 = DIRECTION ( 'NONE',  ( 0.000000000000000000, 0.000000000000000000, 1.000000000000000000 ) ) ;
#11115 = CIRCLE ( 'NONE', #4321, 4.500000000000031974 ) ;
#11116 = DIRECTION ( 'NONE',  ( 0.000000000000000000, 1.000000000000000000, 0.000000000000000000 ) ) ;
#11117 = CARTESIAN_POINT ( 'NONE',  ( 0.000000000000000000, 0.000000000000000000, 0.000000000000000000 ) ) ;
#11118 = CARTESIAN_POINT ( 'NONE',  ( -11.00000000000000000, 10.00000000000000000, 15.58891454965356793 ) ) ;
#11119 = DATE_AND_TIME ( #169, #4655 ) ;
#11120 = APPROVAL ( #4283, 'UNKNOWN' ) ;
#11121 =( LENGTH_UNIT ( ) NAMED_UNIT ( * ) SI_UNIT ( .MILLI., .METRE. ) );
#11122 = CIRCLE ( 'NONE', #2572, 3.500000000000000000 ) ;
#11123 = EDGE_CURVE ( 'NONE', #7803, #2615, #1454, .T. ) ;
#11124 = DIRECTION ( 'NONE',  ( -1.000000000000000000, -0.000000000000000000, -0.000000000000000000 ) ) ;
#11125 = PERSON_AND_ORGANIZATION ( #2011, #2802 ) ;
#11127 = VERTEX_POINT ( 'NONE', #3246 ) ;
#11126 = EDGE_LOOP ( 'NONE', ( #7544, #1466, #3275, #6638 ) ) ;
#11128 = ORIENTED_EDGE ( 'NONE', *, *, #5103, .T. ) ;
#11129 = EDGE_LOOP ( 'NONE', ( #7906, #7898, #2828, #6506 ) ) ;
#11130 = DIRECTION ( 'NONE',  ( -0.000000000000000000, -1.000000000000000000, -0.000000000000000000 ) ) ;
#11131 = CARTESIAN_POINT ( 'NONE',  ( 140.5000000000000000, 0.000000000000000000, 31.00000000000000000 ) ) ;
#11132 = VECTOR ( 'NONE', #7860, 1000.000000000000000 ) ;
#11133 = APPROVAL ( #11899, 'æœª' ) ;
#11134 = CARTESIAN_POINT ( 'NONE',  ( -18.12278137398203270, 85.00000000000000000, -13.83921486740446305 ) ) ;
#11135 = ORIENTED_EDGE ( 'NONE', *, *, #10678, .F. ) ;
#11136 = DIRECTION ( 'NONE',  ( -1.000000000000000000, 0.000000000000000000, -0.000000000000000000 ) ) ;
#11137 = APPROVAL_ROLE ( '' ) ;
#11138 = VERTEX_POINT ( 'NONE', #11661 ) ;
#11139 = PERSON_AND_ORGANIZATION_ROLE ( 'classification_officer' ) ;
#11140 = ADVANCED_FACE ( 'NONE', ( #3487 ), #11599, .T. ) ;
#11141 = ORIENTED_EDGE ( 'NONE', *, *, #8483, .T. ) ;
#11142 = CARTESIAN_POINT ( 'NONE',  ( -51.28027681660898907, 72.00000000000000000, 27.34948096885812774 ) ) ;
#11143 = EDGE_CURVE ( 'NONE', #236, #7609, #10784, .T. ) ;
#11144 = CARTESIAN_POINT ( 'NONE',  ( -53.88728323699420741, 18.00000000000000000, -39.22359139544578710 ) ) ;
#11145 = DIRECTION ( 'NONE',  ( 0.000000000000000000, 0.000000000000000000, 1.000000000000000000 ) ) ;
#11146 = DIRECTION ( 'NONE',  ( 0.000000000000000000, 1.000000000000000000, 0.000000000000000000 ) ) ;
#11147 = VERTEX_POINT ( 'NONE', #5236 ) ;
#11148 = MECHANICAL_CONTEXT ( 'NONE', #11250, 'mechanical' ) ;
#11149 = DATE_AND_TIME ( #3727, #3524 ) ;
#11150 = ADVANCED_FACE ( 'NONE', ( #5109 ), #6210, .F. ) ;
#11151 = FACE_BOUND ( 'NONE', #3396, .T. ) ;
#11152 = FACE_BOUND ( 'NONE', #7640, .T. ) ;
#11153 = CIRCLE ( 'NONE', #2212, 52.50000000000000000 ) ;
#11154 = LINE ( 'NONE', #4628, #5583 ) ;
#11155 = ORIENTED_EDGE ( 'NONE', *, *, #9611, .T. ) ;
#11156 = DIRECTION ( 'NONE',  ( 1.000000000000000000, 0.000000000000000000, 0.000000000000000000 ) ) ;
#11157 = CARTESIAN_POINT ( 'NONE',  ( -120.1043392264672747, 14.00000000000000000, 42.74884620746166064 ) ) ;
#11158 =( NAMED_UNIT ( * ) SI_UNIT ( $, .STERADIAN. ) SOLID_ANGLE_UNIT ( ) );
#11159 = DIRECTION ( 'NONE',  ( 0.000000000000000000, 1.000000000000000000, 0.000000000000000000 ) ) ;
#11160 = EDGE_CURVE ( 'NONE', #2797, #8432, #8778, .T. ) ;
#11161 = SHAPE_DEFINITION_REPRESENTATION ( #5830, #4739 ) ;
#11162 = AXIS2_PLACEMENT_3D ( 'NONE', #9091, #7386, #11849 ) ;
#11163 =( GEOMETRIC_REPRESENTATION_CONTEXT ( 3 ) GLOBAL_UNCERTAINTY_ASSIGNED_CONTEXT ( ( #6680 ) ) GLOBAL_UNIT_ASSIGNED_CONTEXT ( ( #10212, #8403, #2918 ) ) REPRESENTATION_CONTEXT ( 'NONE', 'WORKASPACE' ) );
#11164 = AXIS2_PLACEMENT_3D ( 'NONE', #1178, #5839, #3848 ) ;
#11165 = ORIENTED_EDGE ( 'NONE', *, *, #2017, .T. ) ;
#11166 = PERSON ( 'NAUO-PER3', 'UNSPECIFIED', 'UNSPECIFIED', ('UNSPECIFIED'), ('UNSPECIFIED'), ('UNSPECIFIED') ) ;
#11167 = ORIENTED_EDGE ( 'NONE', *, *, #2519, .F. ) ;
#11168 = FACE_OUTER_BOUND ( 'NONE', #489, .T. ) ;
#11169 = FACE_OUTER_BOUND ( 'NONE', #4538, .T. ) ;
#11170 = DIRECTION ( 'NONE',  ( 0.000000000000000000, 1.000000000000000000, 0.000000000000000000 ) ) ;
#11171 = ORIENTED_EDGE ( 'NONE', *, *, #9061, .F. ) ;
#11172 = VECTOR ( 'NONE', #6833, 1000.000000000000000 ) ;
#11173 = ADVANCED_FACE ( 'NONE', ( #647 ), #2454, .T. ) ;
#11174 =( GEOMETRIC_REPRESENTATION_CONTEXT ( 3 ) GLOBAL_UNCERTAINTY_ASSIGNED_CONTEXT ( ( #1713 ) ) GLOBAL_UNIT_ASSIGNED_CONTEXT ( ( #11121, #10070, #7224 ) ) REPRESENTATION_CONTEXT ( 'NONE', 'WORKASPACE' ) );
#11175 = LINE ( 'NONE', #11878, #201 ) ;
#11176 = DIRECTION ( 'NONE',  ( 0.000000000000000000, 1.000000000000000000, 0.000000000000000000 ) ) ;
#11177 = EDGE_CURVE ( 'NONE', #11459, #10379, #530, .T. ) ;
#11178 = DATE_TIME_ROLE ( 'classification_date' ) ;
#11179 = EDGE_CURVE ( 'NONE', #2129, #253, #11717, .T. ) ;
#11180 = EDGE_LOOP ( 'NONE', ( #797, #10505, #10848, #3926 ) ) ;
#11181 = DIRECTION ( 'NONE',  ( 0.000000000000000000, 0.000000000000000000, -1.000000000000000000 ) ) ;
#11182 = AXIS2_PLACEMENT_3D ( 'NONE', #1816, #1985, #5564 ) ;
#11184 = EDGE_LOOP ( 'NONE', ( #3228, #6131, #11987, #2951 ) ) ;
#11183 = EDGE_LOOP ( 'NONE', ( #10555, #7896 ) ) ;
#11185 = CC_DESIGN_SECURITY_CLASSIFICATION ( #6302, ( #5911 ) ) ;
#11186 = EDGE_CURVE ( 'NONE', #2643, #8330, #2423, .T. ) ;
#11187 = VECTOR ( 'NONE', #2578, 1000.000000000000000 ) ;
#11188 = ORIENTED_EDGE ( 'NONE', *, *, #178, .T. ) ;
#11189 = VERTEX_POINT ( 'NONE', #587 ) ;
#11190 = FACE_OUTER_BOUND ( 'NONE', #783, .T. ) ;
#11191 = DIRECTION ( 'NONE',  ( 0.000000000000000000, 0.000000000000000000, -1.000000000000000000 ) ) ;
#11192 = EDGE_CURVE ( 'NONE', #9428, #4898, #9868, .T. ) ;
#11193 = ORIENTED_EDGE ( 'NONE', *, *, #7751, .T. ) ;
#11194 = LINE ( 'NONE', #808, #11829 ) ;
#11195 = EDGE_LOOP ( 'NONE', ( #11739, #1281, #3410, #7928 ) ) ;
#11196 = LINE ( 'NONE', #972, #3788 ) ;
#11197 = APPROVAL_STATUS ( 'not_yet_approved' ) ;
#11198 = ORIENTED_EDGE ( 'NONE', *, *, #1597, .T. ) ;
#11199 = ITEM_DEFINED_TRANSFORMATION ( 'NONE', 'NONE', #6483,  #2596 ) ;
#11200 = PRODUCT ( 'FD-004_vibratory_bowl', 'FD-004_vibratory_bowl', '', ( #9108 ) ) ;
#11201 = ORIENTED_EDGE ( 'NONE', *, *, #3296, .T. ) ;
#11202 = CC_DESIGN_PERSON_AND_ORGANIZATION_ASSIGNMENT ( #7671, #8824, ( #9708 ) ) ;
#11203 = CC_DESIGN_PERSON_AND_ORGANIZATION_ASSIGNMENT ( #3161, #4842, ( #7216 ) ) ;
#11204 = DESIGN_CONTEXT ( 'detailed design', #4703, 'design' ) ;
#11205 = DIRECTION ( 'NONE',  ( -1.000000000000000000, 0.000000000000000000, 0.000000000000000000 ) ) ;
#11206 = ORIENTED_EDGE ( 'NONE', *, *, #2329, .F. ) ;
#11207 = DIRECTION ( 'NONE',  ( 0.000000000000000000, 0.000000000000000000, -1.000000000000000000 ) ) ;
#11208 = CARTESIAN_POINT ( 'NONE',  ( 120.1043392264672747, 14.00000000000000000, 49.74884620746166064 ) ) ;
#11209 = DIRECTION ( 'NONE',  ( -1.000000000000000000, -0.000000000000000000, -0.000000000000000000 ) ) ;
#11210 = EDGE_LOOP ( 'NONE', ( #10254, #11871 ) ) ;
#11211 = PERSON_AND_ORGANIZATION ( #2011, #2802 ) ;
#11212 = CALENDAR_DATE ( 2026, 29, 7 ) ;
#11213 = EDGE_CURVE ( 'NONE', #10177, #9839, #6090, .T. ) ;
#11214 = CARTESIAN_POINT ( 'NONE',  ( 30.00000000000000000, 560.0000000000000000, 30.00000000000000000 ) ) ;
#11216 = CIRCLE ( 'NONE', #738, 5.500000000000025757 ) ;
#11215 = LINE ( 'NONE', #2860, #5745 ) ;
#11217 = CALENDAR_DATE ( 2026, 29, 7 ) ;
#11218 = DIRECTION ( 'NONE',  ( 0.000000000000000000, 0.000000000000000000, -1.000000000000000000 ) ) ;
#11219 = AXIS2_PLACEMENT_3D ( 'NONE', #2239, #5932, #5016 ) ;
#11220 = ORIENTED_EDGE ( 'NONE', *, *, #3459, .F. ) ;
#11221 = CARTESIAN_POINT ( 'NONE',  ( 46.15384615384618172, 12.00000000000000000, 65.88461538461544365 ) ) ;
#11222 = ADVANCED_FACE ( 'NONE', ( #8055, #10841, #2569, #9927 ), #1608, .F. ) ;
#11223 = CARTESIAN_POINT ( 'NONE',  ( -53.88728323699420741, 0.000000000000000000, 39.51734104046241924 ) ) ;
#11224 = LINE ( 'NONE', #3852, #880 ) ;
#11225 = APPROVAL_STATUS ( 'not_yet_approved' ) ;
#11226 = VECTOR ( 'NONE', #7884, 1000.000000000000000 ) ;
#11227 = VECTOR ( 'NONE', #10646, 1000.000000000000000 ) ;
#11228 = ORIENTED_EDGE ( 'NONE', *, *, #1767, .F. ) ;
#11229 = FACE_BOUND ( 'NONE', #8384, .T. ) ;
#11230 = EDGE_CURVE ( 'NONE', #1719, #7169, #1365, .T. ) ;
#11231 = CARTESIAN_POINT ( 'NONE',  ( 49.74884620746168196, 14.00000000000000000, 120.1043392264672889 ) ) ;
#11232 = DIRECTION ( 'NONE',  ( -0.000000000000000000, -1.000000000000000000, -0.000000000000000000 ) ) ;
#11233 = VECTOR ( 'NONE', #211, 1000.000000000000000 ) ;
#11234 = DIRECTION ( 'NONE',  ( -0.000000000000000000, -0.000000000000000000, 1.000000000000000000 ) ) ;
#11235 = DIRECTION ( 'NONE',  ( 0.000000000000000000, 0.000000000000000000, 1.000000000000000000 ) ) ;
#11236 = CIRCLE ( 'NONE', #575, 3.500000000000000000 ) ;
#11237 = SECURITY_CLASSIFICATION_LEVEL ( 'unclassified' ) ;
#11238 = APPROVAL_ROLE ( '' ) ;
#11239 = LINE ( 'NONE', #7344, #549 ) ;
#11240 = VECTOR ( 'NONE', #7103, 1000.000000000000000 ) ;
#11242 = ORIENTED_EDGE ( 'NONE', *, *, #1529, .T. ) ;
#11241 = ORIENTED_EDGE ( 'NONE', *, *, #3426, .T. ) ;
#11243 = EDGE_CURVE ( 'NONE', #10004, #10191, #3772, .T. ) ;
#11244 = ORIENTED_EDGE ( 'NONE', *, *, #12010, .F. ) ;
#11245 = DIRECTION ( 'NONE',  ( 0.000000000000000000, 0.000000000000000000, 1.000000000000000000 ) ) ;
#11246 = LINE ( 'NONE', #5619, #11827 ) ;
#11247 = EDGE_CURVE ( 'NONE', #2034, #11967, #4505, .T. ) ;
#11248 = ORIENTED_EDGE ( 'NONE', *, *, #9645, .F. ) ;
#11249 = DIRECTION ( 'NONE',  ( -0.000000000000000000, -1.000000000000000000, -0.000000000000000000 ) ) ;
#11250 = APPLICATION_CONTEXT ( 'configuration controlled 3d designs of mechanical parts and assemblies' ) ;
#11251 = VECTOR ( 'NONE', #10052, 1000.000000000000000 ) ;
#11252 = DIRECTION ( 'NONE',  ( 0.000000000000000000, 0.000000000000000000, 1.000000000000000000 ) ) ;
#11253 = CIRCLE ( 'NONE', #3086, 4.500000000000017764 ) ;
#11254 = DIRECTION ( 'NONE',  ( 0.000000000000000000, 0.000000000000000000, 1.000000000000000000 ) ) ;
#11255 = PERSON_AND_ORGANIZATION ( #2011, #2802 ) ;
#11256 = ADVANCED_FACE ( 'NONE', ( #3771 ), #5406, .F. ) ;
#11257 = VERTEX_POINT ( 'NONE', #5577 ) ;
#11258 = CONTEXT_DEPENDENT_SHAPE_REPRESENTATION ( #2235, #8085 ) ;
#11259 = ORIENTED_EDGE ( 'NONE', *, *, #4540, .T. ) ;
#11260 = VECTOR ( 'NONE', #9789, 1000.000000000000000 ) ;
#11261 = LINE ( 'NONE', #1036, #6771 ) ;
#11262 = ORIENTED_EDGE ( 'NONE', *, *, #6299, .T. ) ;
#11263 = CARTESIAN_POINT ( 'NONE',  ( 67.50000000000000000, 0.000000000000000000, -36.00000000000000000 ) ) ;
#11264 = DIRECTION ( 'NONE',  ( 0.000000000000000000, 0.000000000000000000, 1.000000000000000000 ) ) ;
#11265 = APPROVAL_PERSON_ORGANIZATION ( #637, #10971, #7300 ) ;
#11266 =( NAMED_UNIT ( * ) PLANE_ANGLE_UNIT ( ) SI_UNIT ( $, .RADIAN. ) );
#11267 = VECTOR ( 'NONE', #107, 1000.000000000000000 ) ;
#11268 = CARTESIAN_POINT ( 'NONE',  ( 420.0000000000000000, 8.000000000000000000, -180.0000000000000000 ) ) ;
#11269 = ORIENTED_EDGE ( 'NONE', *, *, #10318, .F. ) ;
#11270 = COORDINATED_UNIVERSAL_TIME_OFFSET ( 8, 0, .AHEAD. ) ;
#11271 = EDGE_CURVE ( 'NONE', #3282, #8542, #2739, .T. ) ;
#11272 = LOCAL_TIME ( 1, 42, 14.00000000000000000, #3888 ) ;
#11273 = CARTESIAN_POINT ( 'NONE',  ( 280.0000000000000000, 12.00000000000000000, 38.00000000000000000 ) ) ;
#11274 = SECURITY_CLASSIFICATION ( '', '', #10760 ) ;
#11275 = DIRECTION ( 'NONE',  ( 0.000000000000000000, 0.000000000000000000, 1.000000000000000000 ) ) ;
#11276 = CONTEXT_DEPENDENT_SHAPE_REPRESENTATION ( #7214, #2824 ) ;
#11277 = CARTESIAN_POINT ( 'NONE',  ( 0.000000000000000000, 28.00000000000000000, 0.000000000000000000 ) ) ;
#11278 = ORIENTED_EDGE ( 'NONE', *, *, #10769, .F. ) ;
#11279 = CARTESIAN_POINT ( 'NONE',  ( 53.88728323699425005, 18.00000000000000000, -39.51734104046245477 ) ) ;
#11280 = CARTESIAN_POINT ( 'NONE',  ( 40.00000000000000000, 18.00000000000000000, 0.000000000000000000 ) ) ;
#11281 =( NAMED_UNIT ( * ) PLANE_ANGLE_UNIT ( ) SI_UNIT ( $, .RADIAN. ) );
#11282 = APPROVAL ( #6034, 'æœª' ) ;
#11283 = APPROVAL ( #3918, 'æœª' ) ;
#11284 = CARTESIAN_POINT ( 'NONE',  ( -53.88728323699420741, 18.00000000000000000, 39.51734104046241924 ) ) ;
#11285 = LOCAL_TIME ( 1, 42, 14.00000000000000000, #1969 ) ;
#11286 = PERSON_AND_ORGANIZATION ( #2011, #2802 ) ;
#11287 = APPROVAL_PERSON_ORGANIZATION ( #7816, #11298, #10541 ) ;
#11288 = EDGE_CURVE ( 'NONE', #7989, #7257, #8285, .T. ) ;
#11289 = ORIENTED_EDGE ( 'NONE', *, *, #2798, .F. ) ;
#11290 = DIRECTION ( 'NONE',  ( 0.000000000000000000, 0.000000000000000000, 1.000000000000000000 ) ) ;
#11291 = DIRECTION ( 'NONE',  ( 1.000000000000000000, 0.000000000000000000, 0.000000000000000000 ) ) ;
#11292 = DIRECTION ( 'NONE',  ( 0.000000000000000000, 0.000000000000000000, -1.000000000000000000 ) ) ;
#11293 = ORIENTED_EDGE ( 'NONE', *, *, #858, .T. ) ;
#11294 = APPROVAL_PERSON_ORGANIZATION ( #4972, #4922, #1293 ) ;
#11295 = LINE ( 'NONE', #418, #10874 ) ;
#11296 = FACE_BOUND ( 'NONE', #4499, .T. ) ;
#11297 = DATE_AND_TIME ( #6712, #5808 ) ;
#11298 = APPROVAL ( #8006, 'æœª' ) ;
#11299 = DIRECTION ( 'NONE',  ( 0.000000000000000000, 0.000000000000000000, 1.000000000000000000 ) ) ;
#11300 = ORIENTED_EDGE ( 'NONE', *, *, #8186, .F. ) ;
#11301 = EDGE_LOOP ( 'NONE', ( #5746, #4199, #6003, #6603 ) ) ;
#11302 = CARTESIAN_POINT ( 'NONE',  ( 500.0000000000000000, 18.00000000000000000, 325.0000000000000000 ) ) ;
#11303 = APPROVAL_PERSON_ORGANIZATION ( #12005, #3330, #4554 ) ;
#11304 = VECTOR ( 'NONE', #5738, 1000.000000000000000 ) ;
#11306 = ORIENTED_EDGE ( 'NONE', *, *, #8107, .F. ) ;
#11305 = ORIENTED_EDGE ( 'NONE', *, *, #8352, .T. ) ;
#11307 = ORIENTED_EDGE ( 'NONE', *, *, #11378, .F. ) ;
#11308 = CARTESIAN_POINT ( 'NONE',  ( -41.00000000000000000, 0.000000000000000000, -66.90615180980591958 ) ) ;
#11309 = DIRECTION ( 'NONE',  ( 0.000000000000000000, 0.000000000000000000, 1.000000000000000000 ) ) ;
#11310 = CARTESIAN_POINT ( 'NONE',  ( 0.000000000000000000, 42.00000000000000000, 0.000000000000000000 ) ) ;
#11311 = ORIENTED_EDGE ( 'NONE', *, *, #6256, .T. ) ;
#11312 = ORIENTED_EDGE ( 'NONE', *, *, #3930, .F. ) ;
#11313 = LINE ( 'NONE', #2961, #440 ) ;
#11314 = AXIS2_PLACEMENT_3D ( 'NONE', #7045, #10811, #6980 ) ;
#11315 = CYLINDRICAL_SURFACE ( 'NONE', #10955, 3.346153846153804068 ) ;
#11316 = ORIENTED_EDGE ( 'NONE', *, *, #2901, .F. ) ;
#11317 = CARTESIAN_POINT ( 'NONE',  ( -85.00000000000000000, 10.00000000000000000, -60.00000000000000000 ) ) ;
#11318 = ADVANCED_FACE ( 'NONE', ( #11952 ), #6445, .F. ) ;
#11319 = SECURITY_CLASSIFICATION_LEVEL ( 'unclassified' ) ;
#11320 = ORIENTED_EDGE ( 'NONE', *, *, #9268, .T. ) ;
#11321 = APPROVAL_DATE_TIME ( #3714, #11957 ) ;
#11322 = ORIENTED_EDGE ( 'NONE', *, *, #5070, .F. ) ;
#11323 = CIRCLE ( 'NONE', #2751, 7.000000000000026645 ) ;
#11324 = PERSON ( 'NAUO-PER4', 'UNSPECIFIED', 'UNSPECIFIED', ('UNSPECIFIED'), ('UNSPECIFIED'), ('UNSPECIFIED') ) ;
#11325 = EDGE_LOOP ( 'NONE', ( #462, #2759 ) ) ;
#11326 = DESIGN_CONTEXT ( 'detailed design', #6985, 'design' ) ;
#11327 = CARTESIAN_POINT ( 'NONE',  ( -41.00000000000000000, 12.00000000000000000, -66.90615180980591958 ) ) ;
#11328 = ADVANCED_FACE ( 'NONE', ( #7250 ), #9133, .F. ) ;
#11329 = DIRECTION ( 'NONE',  ( -0.000000000000000000, -1.000000000000000000, -0.000000000000000000 ) ) ;
#11330 = DIRECTION ( 'NONE',  ( 0.000000000000000000, 0.000000000000000000, -1.000000000000000000 ) ) ;
#11331 = EDGE_CURVE ( 'NONE', #2667, #9189, #6265, .T. ) ;
#11332 = SHAPE_REPRESENTATION_RELATIONSHIP ( 'NONE' , 'NONE' ,  #11782, #4619 ) ;
#11333 = DIRECTION ( 'NONE',  ( 0.000000000000000000, 1.000000000000000000, 0.000000000000000000 ) ) ;
#11334 = EDGE_LOOP ( 'NONE', ( #7349, #3936 ) ) ;
#11335 = COORDINATED_UNIVERSAL_TIME_OFFSET ( 8, 0, .AHEAD. ) ;
#11336 = CLOSED_SHELL ( 'NONE', ( #10545, #6108, #9535, #1179, #1057, #1976, #3333, #9838, #10570, #11813, #9055, #9318, #9385, #11328, #9000, #6439, #1637 ) ) ;
#11337 = CARTESIAN_POINT ( 'NONE',  ( 0.000000000000000000, 18.00000000000000355, 0.000000000000000000 ) ) ;
#11338 = APPROVAL_STATUS ( 'not_yet_approved' ) ;
#11339 = FACE_BOUND ( 'NONE', #1603, .T. ) ;
#11340 = LINE ( 'NONE', #6695, #8485 ) ;
#11341 = DATE_AND_TIME ( #11217, #208 ) ;
#11342 = CARTESIAN_POINT ( 'NONE',  ( 18.12278137398207889, 85.00000000000000000, 13.83921486740448081 ) ) ;
#11343 = APPLICATION_CONTEXT ( 'configuration controlled 3d designs of mechanical parts and assemblies' ) ;
#11344 = EDGE_CURVE ( 'NONE', #11079, #574, #4551, .T. ) ;
#11345 = AXIS2_PLACEMENT_3D ( 'NONE', #451, #514, #4206 ) ;
#11346 = FACE_OUTER_BOUND ( 'NONE', #7291, .T. ) ;
#11347 = DIRECTION ( 'NONE',  ( 0.000000000000000000, 1.000000000000000000, 0.000000000000000000 ) ) ;
#11348 = LINE ( 'NONE', #8302, #6666 ) ;
#11349 = DIRECTION ( 'NONE',  ( -0.000000000000000000, -1.000000000000000000, -0.000000000000000000 ) ) ;
#11350 = EDGE_CURVE ( 'NONE', #8542, #10636, #9586, .T. ) ;
#11351 = COORDINATED_UNIVERSAL_TIME_OFFSET ( 8, 0, .AHEAD. ) ;
#11352 = PERSON_AND_ORGANIZATION_ROLE ( 'creator' ) ;
#11353 = ORIENTED_EDGE ( 'NONE', *, *, #3165, .T. ) ;
#11354 = EDGE_LOOP ( 'NONE', ( #4127, #4765, #2102, #9449 ) ) ;
#11355 = CC_DESIGN_DATE_AND_TIME_ASSIGNMENT ( #6329, #8003, ( #2788 ) ) ;
#11356 = DIRECTION ( 'NONE',  ( 1.000000000000000000, 0.000000000000000000, 0.000000000000000000 ) ) ;
#11357 = LINE ( 'NONE', #10417, #5274 ) ;
#11358 = CARTESIAN_POINT ( 'NONE',  ( 0.000000000000000000, 0.000000000000000000, 0.000000000000000000 ) ) ;
#11359 = DIRECTION ( 'NONE',  ( 0.000000000000000000, 0.000000000000000000, 1.000000000000000000 ) ) ;
#11360 = CARTESIAN_POINT ( 'NONE',  ( -64.58429561200924240, 10.00000000000000000, -41.50461893764433796 ) ) ;
#11361 = VECTOR ( 'NONE', #6002, 1000.000000000000000 ) ;
#11362 = SECURITY_CLASSIFICATION_LEVEL ( 'unclassified' ) ;
#11363 = AXIS2_PLACEMENT_3D ( 'NONE', #1426, #7190, #9749 ) ;
#11364 = LINE ( 'NONE', #10493, #9849 ) ;
#11366 = ORIENTED_EDGE ( 'NONE', *, *, #9655, .T. ) ;
#11365 = EDGE_LOOP ( 'NONE', ( #7430, #6513, #10935, #750 ) ) ;
#11367 = CIRCLE ( 'NONE', #9802, 7.000000000000033751 ) ;
#11368 = VERTEX_POINT ( 'NONE', #821 ) ;
#11369 = ADVANCED_FACE ( 'NONE', ( #11894 ), #9242, .F. ) ;
#11370 = DIRECTION ( 'NONE',  ( -0.000000000000000000, -1.000000000000000000, -0.000000000000000000 ) ) ;
#11371 = APPROVAL_PERSON_ORGANIZATION ( #1131, #2584, #11238 ) ;
#11372 = CARTESIAN_POINT ( 'NONE',  ( -18.12278137398203626, 0.000000000000000000, 13.83921486740446660 ) ) ;
#11373 = VECTOR ( 'NONE', #3992, 1000.000000000000000 ) ;
#11374 = CARTESIAN_POINT ( 'NONE',  ( -85.00000000000000000, 10.00000000000000000, 60.00000000000000000 ) ) ;
#11375 = ORIENTED_EDGE ( 'NONE', *, *, #5715, .T. ) ;
#11376 = ORIENTED_EDGE ( 'NONE', *, *, #5426, .T. ) ;
#11377 = LINE ( 'NONE', #11950, #11304 ) ;
#11378 = EDGE_CURVE ( 'NONE', #6923, #7831, #2681, .T. ) ;
#11379 = DIRECTION ( 'NONE',  ( 0.000000000000000000, 0.000000000000000000, 1.000000000000000000 ) ) ;
#11380 = ORIENTED_EDGE ( 'NONE', *, *, #8480, .T. ) ;
#11381 = AXIS2_PLACEMENT_3D ( 'NONE', #11268, #82, #1831 ) ;
#11382 = CARTESIAN_POINT ( 'NONE',  ( 0.000000000000000000, 18.00000000000000000, -35.26296589018186012 ) ) ;
#11383 = CC_DESIGN_APPROVAL ( #1016, ( #4558 ) ) ;
#11384 = PERSON_AND_ORGANIZATION ( #2011, #2802 ) ;
#11385 = VECTOR ( 'NONE', #143, 1000.000000000000000 ) ;
#11386 = ORIENTED_EDGE ( 'NONE', *, *, #5716, .F. ) ;
#11387 = PERSON_AND_ORGANIZATION_ROLE ( 'classification_officer' ) ;
#11388 = ORIENTED_EDGE ( 'NONE', *, *, #4171, .T. ) ;
#11389 = ADVANCED_FACE ( 'NONE', ( #9980 ), #7309, .F. ) ;
#11390 = PLANE ( 'NONE',  #9890 ) ;
#11391 = DIRECTION ( 'NONE',  ( 0.000000000000000000, 0.000000000000000000, -1.000000000000000000 ) ) ;
#11392 = ORIENTED_EDGE ( 'NONE', *, *, #8483, .F. ) ;
#11393 = CARTESIAN_POINT ( 'NONE',  ( -280.0000000000000000, 12.00000000000000000, -13.00000000000000000 ) ) ;
#11394 = ORIENTED_EDGE ( 'NONE', *, *, #2921, .F. ) ;
#11395 = CARTESIAN_POINT ( 'NONE',  ( 385.0000000000000000, 780.0000000000000000, 18.00000000000000000 ) ) ;
#11396 = CYLINDRICAL_SURFACE ( 'NONE', #2027, 5.500000000000018652 ) ;
#11397 = VERTEX_POINT ( 'NONE', #872 ) ;
#11398 = PERSON_AND_ORGANIZATION_ROLE ( 'classification_officer' ) ;
#11399 = LINE ( 'NONE', #6689, #9567 ) ;
#11400 = DATE_TIME_ROLE ( 'classification_date' ) ;
#11401 = EDGE_LOOP ( 'NONE', ( #895, #11508, #8334, #844 ) ) ;
#11402 = DIRECTION ( 'NONE',  ( 0.000000000000000000, 1.000000000000000000, 0.000000000000000000 ) ) ;
#11403 = ADVANCED_FACE ( 'NONE', ( #5520 ), #3721, .F. ) ;
#11404 = ITEM_DEFINED_TRANSFORMATION ( 'NONE', 'NONE', #3395,  #2596 ) ;
#11405 = FACE_OUTER_BOUND ( 'NONE', #1905, .T. ) ;
#11406 = ORIENTED_EDGE ( 'NONE', *, *, #9459, .F. ) ;
#11407 = DIRECTION ( 'NONE',  ( 0.000000000000000000, 1.000000000000000000, 0.000000000000000000 ) ) ;
#11408 = DIRECTION ( 'NONE',  ( 0.000000000000000000, 1.000000000000000000, 0.000000000000000000 ) ) ;
#11409 = CARTESIAN_POINT ( 'NONE',  ( -55.15432893255071889, 90.00000000000000000, 60.65432893255073310 ) ) ;
#11410 = DATE_AND_TIME ( #1848, #9418 ) ;
#11411 = PERSON_AND_ORGANIZATION_ROLE ( 'classification_officer' ) ;
#11412 = ADVANCED_FACE ( 'NONE', ( #5349 ), #9074, .F. ) ;
#11413 = VECTOR ( 'NONE', #3933, 1000.000000000000000 ) ;
#11414 = ORIENTED_EDGE ( 'NONE', *, *, #2097, .F. ) ;
#11415 = DIRECTION ( 'NONE',  ( -0.000000000000000000, -1.000000000000000000, -0.000000000000000000 ) ) ;
#11416 = DIRECTION ( 'NONE',  ( 0.000000000000000000, 0.000000000000000000, 1.000000000000000000 ) ) ;
#11417 = CYLINDRICAL_SURFACE ( 'NONE', #1334, 2.627218626017904679 ) ;
#11418 = EDGE_LOOP ( 'NONE', ( #636, #4896 ) ) ;
#11419 = DIRECTION ( 'NONE',  ( -0.000000000000000000, -0.000000000000000000, 1.000000000000000000 ) ) ;
#11420 = PLANE ( 'NONE',  #10447 ) ;
#11421 = CARTESIAN_POINT ( 'NONE',  ( 163.1999999999999886, 42.00000000000000000, 47.00000000000000000 ) ) ;
#11422 = AXIS2_PLACEMENT_3D ( 'NONE', #1245, #10295, #11290 ) ;
#11423 = DIRECTION ( 'NONE',  ( 1.000000000000000000, 0.000000000000000000, 0.000000000000000000 ) ) ;
#11424 = CIRCLE ( 'NONE', #6737, 12.50000000000000000 ) ;
#11425 = PRODUCT_RELATED_PRODUCT_CATEGORY ( 'detail', '', ( #2634 ) ) ;
#11426 = CARTESIAN_POINT ( 'NONE',  ( 55.15432893255066205, 90.00000000000000000, 55.15432893255064783 ) ) ;
#11427 = CC_DESIGN_DATE_AND_TIME_ASSIGNMENT ( #6735, #10572, ( #439 ) ) ;
#11430 = EDGE_LOOP ( 'NONE', ( #8370, #907, #5795, #6975 ) ) ;
#11429 = ADVANCED_FACE ( 'NONE', ( #7791 ), #11455, .F. ) ;
#11428 = EDGE_LOOP ( 'NONE', ( #9811, #10592, #10647, #7921 ) ) ;
#11431 = VERTEX_POINT ( 'NONE', #3042 ) ;
#11432 = AXIS2_PLACEMENT_3D ( 'NONE', #2005, #7551, #11275 ) ;
#11433 = DIRECTION ( 'NONE',  ( 0.000000000000000000, 0.000000000000000000, -1.000000000000000000 ) ) ;
#11434 = DIRECTION ( 'NONE',  ( -0.000000000000000000, -1.000000000000000000, -0.000000000000000000 ) ) ;
#11435 = LINE ( 'NONE', #9718, #11635 ) ;
#11436 = AXIS2_PLACEMENT_3D ( 'NONE', #4713, #5507, #9231 ) ;
#11437 = ORIENTED_EDGE ( 'NONE', *, *, #8908, .T. ) ;
#11438 = DIRECTION ( 'NONE',  ( 0.000000000000000000, 1.000000000000000000, 0.000000000000000000 ) ) ;
#11439 = ORIENTED_EDGE ( 'NONE', *, *, #9311, .T. ) ;
#11440 = CARTESIAN_POINT ( 'NONE',  ( 46.15384615384618172, 12.00000000000000000, -69.23076923076924061 ) ) ;
#11441 = VERTEX_POINT ( 'NONE', #1995 ) ;
#11442 = CC_DESIGN_PERSON_AND_ORGANIZATION_ASSIGNMENT ( #471, #6835, ( #5911 ) ) ;
#11443 = VECTOR ( 'NONE', #10987, 1000.000000000000000 ) ;
#11444 = PRODUCT_DEFINITION ( 'æœ', '', #8948, #11204 ) ;
#11445 = CARTESIAN_POINT ( 'NONE',  ( 29.94973070017960382, 0.000000000000000000, -18.51795332136457262 ) ) ;
#11446 = PERSON_AND_ORGANIZATION_ROLE ( 'creator' ) ;
#11447 = VECTOR ( 'NONE', #4117, 1000.000000000000000 ) ;
#11448 = ORIENTED_EDGE ( 'NONE', *, *, #11072, .F. ) ;
#11449 = ORIENTED_EDGE ( 'NONE', *, *, #2690, .T. ) ;
#11450 = EDGE_CURVE ( 'NONE', #247, #9792, #9429, .T. ) ;
#11451 = ADVANCED_FACE ( 'NONE', ( #1284 ), #7541, .F. ) ;
#11452 = ORIENTED_EDGE ( 'NONE', *, *, #3778, .F. ) ;
#11453 = DIRECTION ( 'NONE',  ( 0.000000000000000000, 0.000000000000000000, 1.000000000000000000 ) ) ;
#11454 = AXIS2_PLACEMENT_3D ( 'NONE', #4225, #1237, #4981 ) ;
#11455 = CYLINDRICAL_SURFACE ( 'NONE', #10343, 7.000000000000033751 ) ;
#11456 = CARTESIAN_POINT ( 'NONE',  ( 163.1999999999999886, 42.00000000000000000, 56.99999999999999289 ) ) ;
#11457 = ORIENTED_EDGE ( 'NONE', *, *, #2756, .F. ) ;
#11458 = CARTESIAN_POINT ( 'NONE',  ( 41.00000000000000000, 12.00000000000000000, 70.00000000000000000 ) ) ;
#11459 = VERTEX_POINT ( 'NONE', #11263 ) ;
#11460 = PERSON_AND_ORGANIZATION ( #2011, #2802 ) ;
#11461 = AXIS2_PLACEMENT_3D ( 'NONE', #2619, #9241, #10954 ) ;
#11462 = DIRECTION ( 'NONE',  ( -0.000000000000000000, 1.000000000000000000, -0.000000000000000000 ) ) ;
#11463 = APPROVAL_DATE_TIME ( #1480, #10542 ) ;
#11464 = EDGE_CURVE ( 'NONE', #11784, #3583, #1162, .T. ) ;
#11465 = ORIENTED_EDGE ( 'NONE', *, *, #4454, .T. ) ;
#11466 = CARTESIAN_POINT ( 'NONE',  ( 0.000000000000000000, 8.000000000000000000, 0.000000000000000000 ) ) ;
#11467 = COORDINATED_UNIVERSAL_TIME_OFFSET ( 8, 0, .AHEAD. ) ;
#11468 = DIRECTION ( 'NONE',  ( 0.000000000000000000, 0.000000000000000000, -1.000000000000000000 ) ) ;
#11469 = CC_DESIGN_APPROVAL ( #9041, ( #10471 ) ) ;
#11470 = VECTOR ( 'NONE', #6905, 1000.000000000000000 ) ;
#11471 = DIRECTION ( 'NONE',  ( -0.000000000000000000, -1.000000000000000000, -0.000000000000000000 ) ) ;
#11472 = CARTESIAN_POINT ( 'NONE',  ( -41.00000000000000000, 20.00000000000000000, 70.00000000000000000 ) ) ;
#11473 =( NAMED_UNIT ( * ) SI_UNIT ( $, .STERADIAN. ) SOLID_ANGLE_UNIT ( ) );
#11474 = DIRECTION ( 'NONE',  ( 0.000000000000000000, 0.000000000000000000, -1.000000000000000000 ) ) ;
#11475 = DATE_AND_TIME ( #4103, #9619 ) ;
#11476 = APPROVAL_ROLE ( '' ) ;
#11477 = PRODUCT_DEFINITION_FORMATION_WITH_SPECIFIED_SOURCE ( 'ä»', '', #621, .NOT_KNOWN. ) ;
#11478 = ORIENTED_EDGE ( 'NONE', *, *, #10722, .F. ) ;
#11479 = FACE_BOUND ( 'NONE', #8106, .T. ) ;
#11480 = PLANE ( 'NONE',  #2176 ) ;
#11481 = CARTESIAN_POINT ( 'NONE',  ( 0.000000000000000000, 60.00000000000000000, -10.00000000000000000 ) ) ;
#11482 = ORIENTED_EDGE ( 'NONE', *, *, #7509, .F. ) ;
#11483 = LINE ( 'NONE', #2280, #7765 ) ;
#11484 = CC_DESIGN_APPROVAL ( #2778, ( #9725 ) ) ;
#11485 = DIRECTION ( 'NONE',  ( -1.000000000000000000, -0.000000000000000000, -0.000000000000000000 ) ) ;
#11486 = CC_DESIGN_APPROVAL ( #4071, ( #3190 ) ) ;
#11487 = CARTESIAN_POINT ( 'NONE',  ( 450.0000000000000000, 8.000000000000000000, 186.0000000000000000 ) ) ;
#11488 = EDGE_CURVE ( 'NONE', #6033, #11493, #3109, .T. ) ;
#11489 = APPROVAL_STATUS ( 'not_yet_approved' ) ;
#11490 = ADVANCED_FACE ( 'NONE', ( #4903 ), #2916, .F. ) ;
#11491 = FACE_OUTER_BOUND ( 'NONE', #10234, .T. ) ;
#11493 = VERTEX_POINT ( 'NONE', #9608 ) ;
#11492 = ORIENTED_EDGE ( 'NONE', *, *, #11072, .T. ) ;
#11494 = APPROVAL_PERSON_ORGANIZATION ( #4280, #6203, #5954 ) ;
#11495 = ORIENTED_EDGE ( 'NONE', *, *, #2830, .T. ) ;
#11496 = CARTESIAN_POINT ( 'NONE',  ( -140.5000000000000000, 10.00000000000000000, -31.00000000000000000 ) ) ;
#11497 = CARTESIAN_POINT ( 'NONE',  ( 53.88728323699425005, 18.00000000000000000, -45.13005780346821183 ) ) ;
#11498 = CARTESIAN_POINT ( 'NONE',  ( 67.50000000000000000, 72.00000000000000000, 36.00000000000000000 ) ) ;
#11499 = CARTESIAN_POINT ( 'NONE',  ( -35.00000000000000000, 26.00000000000000000, 10.00000000000000000 ) ) ;
#11500 = EDGE_CURVE ( 'NONE', #7169, #4061, #11963, .T. ) ;
#11501 = ORIENTED_EDGE ( 'NONE', *, *, #5421, .T. ) ;
#11502 = CARTESIAN_POINT ( 'NONE',  ( -55.15432893255070468, 90.00000000000000000, -49.65432893255069757 ) ) ;
#11503 = ORIENTED_EDGE ( 'NONE', *, *, #10399, .T. ) ;
#11504 = CC_DESIGN_SECURITY_CLASSIFICATION ( #7571, ( #12027 ) ) ;
#11505 = AXIS2_PLACEMENT_3D ( 'NONE', #8608, #56, #8373 ) ;
#11506 = DIRECTION ( 'NONE',  ( 0.000000000000000000, 0.000000000000000000, 1.000000000000000000 ) ) ;
#11507 = APPROVAL_DATE_TIME ( #4959, #5079 ) ;
#11508 = ORIENTED_EDGE ( 'NONE', *, *, #9423, .T. ) ;
#11509 = CALENDAR_DATE ( 2026, 29, 7 ) ;
#11510 = ORIENTED_EDGE ( 'NONE', *, *, #9629, .T. ) ;
#11511 = CC_DESIGN_DATE_AND_TIME_ASSIGNMENT ( #8102, #2560, ( #9708 ) ) ;
#11512 = EDGE_LOOP ( 'NONE', ( #11706, #8086, #11826, #2290 ) ) ;
#11513 = AXIS2_PLACEMENT_3D ( 'NONE', #10434, #5008, #9716 ) ;
#11514 = CARTESIAN_POINT ( 'NONE',  ( 64.58429561200922819, 10.00000000000000000, -40.67321016166279435 ) ) ;
#11515 = FACE_OUTER_BOUND ( 'NONE', #8521, .T. ) ;
#11516 = CARTESIAN_POINT ( 'NONE',  ( 55.15432893255066205, 90.00000000000000000, 60.65432893255067626 ) ) ;
#11517 = ORIENTED_EDGE ( 'NONE', *, *, #8695, .T. ) ;
#11518 = DIRECTION ( 'NONE',  ( 0.000000000000000000, 0.4539904997395467490, 0.8910065241883678988 ) ) ;
#11519 = DIRECTION ( 'NONE',  ( 0.000000000000000000, 1.000000000000000000, 0.000000000000000000 ) ) ;
#11520 = EDGE_LOOP ( 'NONE', ( #11810, #370, #120, #5394 ) ) ;
#11521 = ADVANCED_FACE ( 'NONE', ( #8698 ), #6558, .F. ) ;
#11522 = PERSON_AND_ORGANIZATION ( #2011, #2802 ) ;
#11523 = VECTOR ( 'NONE', #3797, 1000.000000000000000 ) ;
#11524 = DIRECTION ( 'NONE',  ( -0.000000000000000000, -1.000000000000000000, -0.000000000000000000 ) ) ;
#11525 = PERSON_AND_ORGANIZATION_ROLE ( 'classification_officer' ) ;
#11526 = EDGE_LOOP ( 'NONE', ( #9309, #10194, #5388, #2914 ) ) ;
#11527 = DIRECTION ( 'NONE',  ( 0.000000000000000000, 0.000000000000000000, 1.000000000000000000 ) ) ;
#11528 = EDGE_CURVE ( 'NONE', #7183, #1286, #3895, .T. ) ;
#11529 = CALENDAR_DATE ( 2026, 29, 7 ) ;
#11530 = FACE_OUTER_BOUND ( 'NONE', #8039, .T. ) ;
#11531 = ORIENTED_EDGE ( 'NONE', *, *, #4016, .T. ) ;
#11532 = LINE ( 'NONE', #6698, #6676 ) ;
#11533 = DIRECTION ( 'NONE',  ( 0.000000000000000000, 0.000000000000000000, -1.000000000000000000 ) ) ;
#11534 = DIRECTION ( 'NONE',  ( 0.000000000000000000, 0.000000000000000000, 1.000000000000000000 ) ) ;
#11535 = LINE ( 'NONE', #5899, #1261 ) ;
#11536 = EDGE_CURVE ( 'NONE', #9473, #2162, #10161, .T. ) ;
#11537 = COORDINATED_UNIVERSAL_TIME_OFFSET ( 8, 0, .AHEAD. ) ;
#11538 = APPROVAL_ROLE ( '' ) ;
#11539 = VERTEX_POINT ( 'NONE', #2974 ) ;
#11540 = LINE ( 'NONE', #4299, #8305 ) ;
#11541 = CARTESIAN_POINT ( 'NONE',  ( 385.0000000000000000, 0.000000000000000000, 130.0000000000000284 ) ) ;
#11542 = LINE ( 'NONE', #9452, #9874 ) ;
#11543 = VERTEX_POINT ( 'NONE', #4081 ) ;
#11544 = EDGE_CURVE ( 'NONE', #2213, #913, #6111, .T. ) ;
#11545 = PLANE ( 'NONE',  #2895 ) ;
#11546 = CARTESIAN_POINT ( 'NONE',  ( -41.00000000000000000, 20.00000000000000000, 70.00000000000000000 ) ) ;
#11547 = CARTESIAN_POINT ( 'NONE',  ( -35.00000000000000000, 18.00000000000000000, 0.000000000000000000 ) ) ;
#11548 = APPROVAL_DATE_TIME ( #1444, #5832 ) ;
#11549 = ORIENTED_EDGE ( 'NONE', *, *, #1094, .T. ) ;
#11550 = DIRECTION ( 'NONE',  ( -0.000000000000000000, -1.000000000000000000, -0.000000000000000000 ) ) ;
#11551 = AXIS2_PLACEMENT_3D ( 'NONE', #10801, #2469, #9887 ) ;
#11553 = EDGE_LOOP ( 'NONE', ( #3639, #8475, #3028, #6868 ) ) ;
#11552 = VERTEX_POINT ( 'NONE', #6812 ) ;
#11554 = VERTEX_POINT ( 'NONE', #9364 ) ;
#11555 = MANIFOLD_SOLID_BREP ( '02_Guide_Rails', #4518 ) ;
#11556 = CARTESIAN_POINT ( 'NONE',  ( 500.0000000000000000, 18.00000000000000000, -325.0000000000000000 ) ) ;
#11557 = ADVANCED_FACE ( 'NONE', ( #10269 ), #1940, .F. ) ;
#11558 = FACE_BOUND ( 'NONE', #1590, .T. ) ;
#11559 = FACE_OUTER_BOUND ( 'NONE', #5677, .T. ) ;
#11560 = VECTOR ( 'NONE', #8537, 1000.000000000000000 ) ;
#11561 = EDGE_CURVE ( 'NONE', #1220, #10677, #9378, .T. ) ;
#11562 =( GEOMETRIC_REPRESENTATION_CONTEXT ( 3 ) GLOBAL_UNCERTAINTY_ASSIGNED_CONTEXT ( ( #980 ) ) GLOBAL_UNIT_ASSIGNED_CONTEXT ( ( #2767, #794, #729 ) ) REPRESENTATION_CONTEXT ( 'NONE', 'WORKASPACE' ) );
#11563 = CARTESIAN_POINT ( 'NONE',  ( -27.50000000000000000, 85.00000000000000000, 21.00000000000000000 ) ) ;
#11564 = EDGE_CURVE ( 'NONE', #8631, #10843, #6625, .T. ) ;
#11565 = VERTEX_POINT ( 'NONE', #259 ) ;
#11566 = CARTESIAN_POINT ( 'NONE',  ( 30.00000000000000000, 0.000000000000000000, -27.94637722496424459 ) ) ;
#11567 = ORIENTED_EDGE ( 'NONE', *, *, #4648, .F. ) ;
#11568 = CARTESIAN_POINT ( 'NONE',  ( 40.00000000000000000, 60.00000000000000000, -23.25000000000000000 ) ) ;
#11569 = PERSON_AND_ORGANIZATION ( #2011, #2802 ) ;
#11570 = AXIS2_PLACEMENT_3D ( 'NONE', #5759, #11146, #6628 ) ;
#11571 = ORIENTED_EDGE ( 'NONE', *, *, #3384, .T. ) ;
#11572 = CC_DESIGN_APPROVAL ( #2584, ( #7635 ) ) ;
#11573 = CIRCLE ( 'NONE', #1828, 3.346153846153804068 ) ;
#11574 = VERTEX_POINT ( 'NONE', #3952 ) ;
#11575 = EDGE_CURVE ( 'NONE', #11493, #372, #10454, .T. ) ;
#11576 = EDGE_CURVE ( 'NONE', #5988, #3398, #10580, .T. ) ;
#11577 = DIRECTION ( 'NONE',  ( 0.000000000000000000, 0.000000000000000000, 1.000000000000000000 ) ) ;
#11578 = DIRECTION ( 'NONE',  ( -0.000000000000000000, -1.000000000000000000, -0.000000000000000000 ) ) ;
#11579 = AXIS2_PLACEMENT_3D ( 'NONE', #3649, #7359, #9233 ) ;
#11580 = MANIFOLD_SOLID_BREP ( '02_Face_Locating_Boss', #4513 ) ;
#11581 = SECURITY_CLASSIFICATION ( '', '', #10000 ) ;
#11582 = DIRECTION ( 'NONE',  ( 0.000000000000000000, 1.000000000000000000, 0.000000000000000000 ) ) ;
#11583 = DIRECTION ( 'NONE',  ( 1.000000000000000000, 0.000000000000000000, 0.000000000000000000 ) ) ;
#11584 = VERTEX_POINT ( 'NONE', #6870 ) ;
#11585 = FACE_OUTER_BOUND ( 'NONE', #1089, .T. ) ;
#11586 = ORIENTED_EDGE ( 'NONE', *, *, #6998, .F. ) ;
#11587 = CALENDAR_DATE ( 2026, 29, 7 ) ;
#11588 =( REPRESENTATION_RELATIONSHIP ('NONE','NONE', #7247, #5517 ) REPRESENTATION_RELATIONSHIP_WITH_TRANSFORMATION ( #8348 )SHAPE_REPRESENTATION_RELATIONSHIP( ) );
#11589 = CC_DESIGN_PERSON_AND_ORGANIZATION_ASSIGNMENT ( #10088, #862, ( #11077 ) ) ;
#11590 = DIRECTION ( 'NONE',  ( -0.000000000000000000, -1.000000000000000000, -0.000000000000000000 ) ) ;
#11591 = APPROVAL ( #7996, 'UNKNOWN' ) ;
#11592 = VECTOR ( 'NONE', #6799, 1000.000000000000000 ) ;
#11593 = ORIENTED_EDGE ( 'NONE', *, *, #992, .F. ) ;
#11594 = EDGE_CURVE ( 'NONE', #10520, #4183, #3000, .T. ) ;
#11595 = LOCAL_TIME ( 1, 42, 14.00000000000000000, #7878 ) ;
#11596 = LINE ( 'NONE', #9746, #10385 ) ;
#11597 = DATE_TIME_ROLE ( 'classification_date' ) ;
#11598 = FACE_OUTER_BOUND ( 'NONE', #6543, .T. ) ;
#11599 = PLANE ( 'NONE',  #11363 ) ;
#11600 = CYLINDRICAL_SURFACE ( 'NONE', #384, 41.00000000000000000 ) ;
#11601 = DIRECTION ( 'NONE',  ( 0.000000000000000000, 0.000000000000000000, 1.000000000000000000 ) ) ;
#11602 = CARTESIAN_POINT ( 'NONE',  ( 420.0000000000000000, 0.000000000000000000, -180.0000000000000000 ) ) ;
#11603 = COORDINATED_UNIVERSAL_TIME_OFFSET ( 8, 0, .AHEAD. ) ;
#11604 = EDGE_CURVE ( 'NONE', #5865, #7796, #4527, .T. ) ;
#11605 = COORDINATED_UNIVERSAL_TIME_OFFSET ( 8, 0, .AHEAD. ) ;
#11606 = ORIENTED_EDGE ( 'NONE', *, *, #5702, .T. ) ;
#11607 = CARTESIAN_POINT ( 'NONE',  ( -49.74884620746166775, 14.00000000000000000, -120.1043392264672747 ) ) ;
#11608 = DIRECTION ( 'NONE',  ( -1.000000000000000000, 0.000000000000000000, 0.000000000000000000 ) ) ;
#11609 = EDGE_CURVE ( 'NONE', #4639, #3706, #1347, .T. ) ;
#11610 = CARTESIAN_POINT ( 'NONE',  ( 0.000000000000000000, 10.00000000000000000, 56.99999999999999289 ) ) ;
#11611 = EDGE_LOOP ( 'NONE', ( #8850, #6756 ) ) ;
#11612 = DIRECTION ( 'NONE',  ( -0.000000000000000000, -1.000000000000000000, -0.000000000000000000 ) ) ;
#11613 = CARTESIAN_POINT ( 'NONE',  ( -280.0000000000000000, 0.000000000000000000, -38.00000000000000000 ) ) ;
#11614 = CYLINDRICAL_SURFACE ( 'NONE', #9594, 3.249999999999999556 ) ;
#11615 = APPLICATION_PROTOCOL_DEFINITION ( 'international standard', 'config_control_design', 1994, #10378 ) ;
#11616 = ORIENTED_EDGE ( 'NONE', *, *, #3696, .F. ) ;
#11617 = CARTESIAN_POINT ( 'NONE',  ( 64.58429561200922819, 0.000000000000000000, 40.67321016166280856 ) ) ;
#11618 = PERSON ( 'NAUO-PER13', 'UNSPECIFIED', 'UNSPECIFIED', ('UNSPECIFIED'), ('UNSPECIFIED'), ('UNSPECIFIED') ) ;
#11619 = VECTOR ( 'NONE', #11683, 1000.000000000000000 ) ;
#11621 = EDGE_LOOP ( 'NONE', ( #1321, #8869, #2226, #5935, #9003, #5325, #2113, #1753 ) ) ;
#11620 = EDGE_LOOP ( 'NONE', ( #11823, #6585, #8166, #7752 ) ) ;
#11622 = ADVANCED_FACE ( 'NONE', ( #5027 ), #7918, .T. ) ;
#11623 = ORIENTED_EDGE ( 'NONE', *, *, #6826, .T. ) ;
#11624 = DIRECTION ( 'NONE',  ( 0.000000000000000000, 1.000000000000000000, 0.000000000000000000 ) ) ;
#11625 = DIRECTION ( 'NONE',  ( 0.000000000000000000, 1.000000000000000000, 0.000000000000000000 ) ) ;
#11626 = LINE ( 'NONE', #3455, #3276 ) ;
#11627 = AXIS2_PLACEMENT_3D ( 'NONE', #9731, #1105, #5588 ) ;
#11628 = DIRECTION ( 'NONE',  ( 1.000000000000000000, 0.000000000000000000, 0.000000000000000000 ) ) ;
#11629 = VECTOR ( 'NONE', #5207, 1000.000000000000000 ) ;
#11630 = VERTEX_POINT ( 'NONE', #3232 ) ;
#11631 = CARTESIAN_POINT ( 'NONE',  ( 0.000000000000000000, 18.00000000000000355, 0.000000000000000000 ) ) ;
#11632 = VERTEX_POINT ( 'NONE', #2314 ) ;
#11633 = LINE ( 'NONE', #6988, #1699 ) ;
#11634 = APPROVAL_DATE_TIME ( #7908, #10284 ) ;
#11635 = VECTOR ( 'NONE', #8563, 1000.000000000000000 ) ;
#11636 = ORIENTED_EDGE ( 'NONE', *, *, #1128, .F. ) ;
#11637 = AXIS2_PLACEMENT_3D ( 'NONE', #7937, #11716, #9978 ) ;
#11638 = VERTEX_POINT ( 'NONE', #8763 ) ;
#11639 = ORIENTED_EDGE ( 'NONE', *, *, #5361, .T. ) ;
#11640 = AXIS2_PLACEMENT_3D ( 'NONE', #8216, #7356, #10319 ) ;
#11641 = CARTESIAN_POINT ( 'NONE',  ( 0.000000000000000000, 24.00000000000000000, 0.000000000000000000 ) ) ;
#11642 = CARTESIAN_POINT ( 'NONE',  ( -297.5999999999999659, 0.000000000000000000, 39.00000000000000711 ) ) ;
#11643 = VECTOR ( 'NONE', #9775, 1000.000000000000000 ) ;
#11644 = DIRECTION ( 'NONE',  ( -0.000000000000000000, -1.000000000000000000, -0.000000000000000000 ) ) ;
#11645 = CARTESIAN_POINT ( 'NONE',  ( -105.0000000000000000, 90.00000000000000000, 105.0000000000000000 ) ) ;
#11646 = EDGE_LOOP ( 'NONE', ( #3387, #2831, #6661, #4719 ) ) ;
#11647 = AXIS2_PLACEMENT_3D ( 'NONE', #167, #11176, #5661 ) ;
#11648 = EDGE_CURVE ( 'NONE', #5697, #10482, #6013, .T. ) ;
#11649 = DIRECTION ( 'NONE',  ( 0.000000000000000000, 0.000000000000000000, -1.000000000000000000 ) ) ;
#11650 = VERTEX_POINT ( 'NONE', #8818 ) ;
#11651 = APPROVAL_ROLE ( '' ) ;
#11652 = EDGE_CURVE ( 'NONE', #3220, #9553, #475, .T. ) ;
#11653 = EDGE_LOOP ( 'NONE', ( #5311, #3169, #4218, #3580 ) ) ;
#11654 = DATE_AND_TIME ( #9616, #1389 ) ;
#11655 = ORIENTED_EDGE ( 'NONE', *, *, #2636, .T. ) ;
#11656 = CIRCLE ( 'NONE', #946, 2.627218626017918446 ) ;
#11657 = CARTESIAN_POINT ( 'NONE',  ( 27.94637722496424459, 12.00000000000000000, -30.00000000000000000 ) ) ;
#11658 = AXIS2_PLACEMENT_3D ( 'NONE', #9365, #925, #11264 ) ;
#11659 = DIRECTION ( 'NONE',  ( 0.000000000000000000, 0.000000000000000000, -1.000000000000000000 ) ) ;
#11660 = DIRECTION ( 'NONE',  ( 0.000000000000000000, 0.000000000000000000, -1.000000000000000000 ) ) ;
#11661 = CARTESIAN_POINT ( 'NONE',  ( 284.3874821936960871, 0.000000000000000000, 39.00000000000000711 ) ) ;
#11662 = CARTESIAN_POINT ( 'NONE',  ( -85.00000000000000000, 10.00000000000000000, -60.00000000000000000 ) ) ;
#11663 = AXIS2_PLACEMENT_3D ( 'NONE', #6681, #4673, #11453 ) ;
#11664 = ADVANCED_FACE ( 'NONE', ( #11515 ), #1317, .T. ) ;
#11665 = FACE_OUTER_BOUND ( 'NONE', #7298, .T. ) ;
#11666 = PERSON_AND_ORGANIZATION_ROLE ( 'creator' ) ;
#11667 = PERSON_AND_ORGANIZATION ( #2011, #2802 ) ;
#11668 = ORIENTED_EDGE ( 'NONE', *, *, #9033, .F. ) ;
#11669 = CARTESIAN_POINT ( 'NONE',  ( 40.00000000000000000, 60.00000000000000000, -16.75000000000000000 ) ) ;
#11670 = DIRECTION ( 'NONE',  ( 0.000000000000000000, 0.000000000000000000, 1.000000000000000000 ) ) ;
#11671 = DIRECTION ( 'NONE',  ( 0.000000000000000000, 0.000000000000000000, 1.000000000000000000 ) ) ;
#11672 = CC_DESIGN_PERSON_AND_ORGANIZATION_ASSIGNMENT ( #4579, #840, ( #11581 ) ) ;
#11673 = DIRECTION ( 'NONE',  ( 0.000000000000000000, 0.000000000000000000, 1.000000000000000000 ) ) ;
#11674 = DIRECTION ( 'NONE',  ( 0.000000000000000000, 0.000000000000000000, 1.000000000000000000 ) ) ;
#11675 = LINE ( 'NONE', #8857, #4899 ) ;
#11676 = PERSON_AND_ORGANIZATION_ROLE ( 'creator' ) ;
#11677 = CC_DESIGN_APPROVAL ( #10971, ( #10684 ) ) ;
#11678 = VECTOR ( 'NONE', #1504, 1000.000000000000000 ) ;
#11679 = FACE_OUTER_BOUND ( 'NONE', #5944, .T. ) ;
#11680 = EDGE_CURVE ( 'NONE', #5143, #6787, #2410, .T. ) ;
#11681 = VERTEX_POINT ( 'NONE', #10745 ) ;
#11682 = ORIENTED_EDGE ( 'NONE', *, *, #4106, .T. ) ;
#11683 = DIRECTION ( 'NONE',  ( -0.000000000000000000, -1.000000000000000000, -0.000000000000000000 ) ) ;
#11684 = DIRECTION ( 'NONE',  ( 1.000000000000000000, 0.000000000000000000, -0.000000000000000000 ) ) ;
#11685 = CC_DESIGN_SECURITY_CLASSIFICATION ( #9725, ( #12038 ) ) ;
#11686 = DIRECTION ( 'NONE',  ( 0.000000000000000000, 0.000000000000000000, 1.000000000000000000 ) ) ;
#11687 = CC_DESIGN_SECURITY_CLASSIFICATION ( #1931, ( #11077 ) ) ;
#11688 = EDGE_CURVE ( 'NONE', #6977, #5045, #6107, .T. ) ;
#11689 = CARTESIAN_POINT ( 'NONE',  ( -55.00000000000000000, 18.00000000000000000, 17.00000000000000000 ) ) ;
#11690 = LINE ( 'NONE', #9107, #5549 ) ;
#11692 = APPROVAL_DATE_TIME ( #3356, #1679 ) ;
#11691 = LOCAL_TIME ( 1, 42, 14.00000000000000000, #7806 ) ;
#11693 = CC_DESIGN_APPROVAL ( #1031, ( #11444 ) ) ;
#11695 = ORIENTED_EDGE ( 'NONE', *, *, #6973, .F. ) ;
#11694 = ORIENTED_EDGE ( 'NONE', *, *, #9106, .T. ) ;
#11696 = EDGE_LOOP ( 'NONE', ( #2397, #1420, #6600, #11394 ) ) ;
#11697 = ORIENTED_EDGE ( 'NONE', *, *, #76, .F. ) ;
#11698 = CARTESIAN_POINT ( 'NONE',  ( 0.000000000000000000, 24.00000000000000000, 0.000000000000000000 ) ) ;
#11699 = FACE_BOUND ( 'NONE', #8756, .T. ) ;
#11700 = CC_DESIGN_APPROVAL ( #10531, ( #9332 ) ) ;
#11701 = EDGE_CURVE ( 'NONE', #1925, #8577, #11675, .T. ) ;
#11702 = DIRECTION ( 'NONE',  ( 0.000000000000000000, 1.000000000000000000, 0.000000000000000000 ) ) ;
#11703 = LINE ( 'NONE', #3366, #8649 ) ;
#11704 = ORIENTED_EDGE ( 'NONE', *, *, #10769, .T. ) ;
#11705 = DATE_AND_TIME ( #6258, #10089 ) ;
#11706 = ORIENTED_EDGE ( 'NONE', *, *, #2329, .T. ) ;
#11707 = CALENDAR_DATE ( 2026, 29, 7 ) ;
#11708 = PRODUCT_DEFINITION_SHAPE ( 'NONE', 'NONE',  #2788 ) ;
#11709 = ORIENTED_EDGE ( 'NONE', *, *, #8314, .F. ) ;
#11710 = CIRCLE ( 'NONE', #6432, 2.877277303556590393 ) ;
#11711 = FACE_BOUND ( 'NONE', #7393, .T. ) ;
#11712 = ADVANCED_FACE ( 'NONE', ( #9827 ), #3142, .F. ) ;
#11713 = PERSON_AND_ORGANIZATION_ROLE ( 'classification_officer' ) ;
#11714 = CARTESIAN_POINT ( 'NONE',  ( -41.00000000000000000, 12.00000000000000000, 66.90615180980591958 ) ) ;
#11715 = EDGE_CURVE ( 'NONE', #4191, #10200, #7067, .T. ) ;
#11716 = DIRECTION ( 'NONE',  ( 0.000000000000000000, 1.000000000000000000, 0.000000000000000000 ) ) ;
#11717 = LINE ( 'NONE', #7872, #4178 ) ;
#11718 = FACE_OUTER_BOUND ( 'NONE', #11696, .T. ) ;
#11719 = ORIENTED_EDGE ( 'NONE', *, *, #5462, .T. ) ;
#11720 = CIRCLE ( 'NONE', #5080, 3.090475378041975141 ) ;
#11721 = CARTESIAN_POINT ( 'NONE',  ( -385.0000000000002274, 8.000000000000000000, 130.0000000000000284 ) ) ;
#11722 = ORIENTED_EDGE ( 'NONE', *, *, #5849, .T. ) ;
#11723 = COORDINATED_UNIVERSAL_TIME_OFFSET ( 8, 0, .AHEAD. ) ;
#11724 = PERSON_AND_ORGANIZATION ( #2011, #2802 ) ;
#11725 = VERTEX_POINT ( 'NONE', #11487 ) ;
#11726 = CARTESIAN_POINT ( 'NONE',  ( 55.15432893255066205, 90.00000000000000000, 55.15432893255064783 ) ) ;
#11727 = VECTOR ( 'NONE', #458, 1000.000000000000000 ) ;
#11728 = ADVANCED_FACE ( 'NONE', ( #7892 ), #7956, .F. ) ;
#11729 = CARTESIAN_POINT ( 'NONE',  ( -280.0000000000000000, 12.00000000000000000, -38.00000000000000000 ) ) ;
#11730 = CARTESIAN_POINT ( 'NONE',  ( -18.12278137398203626, 85.00000000000000000, 13.83921486740446660 ) ) ;
#11731 = DIRECTION ( 'NONE',  ( 0.000000000000000000, 1.000000000000000000, 0.000000000000000000 ) ) ;
#11732 = LINE ( 'NONE', #7323, #1537 ) ;
#11733 = CYLINDRICAL_SURFACE ( 'NONE', #2977, 5.499999999999998224 ) ;
#11734 = SECURITY_CLASSIFICATION_LEVEL ( 'unclassified' ) ;
#11735 = DIRECTION ( 'NONE',  ( 0.000000000000000000, -0.000000000000000000, 1.000000000000000000 ) ) ;
#11736 = CC_DESIGN_DATE_AND_TIME_ASSIGNMENT ( #10335, #3776, ( #10471 ) ) ;
#11738 = VERTEX_POINT ( 'NONE', #10681 ) ;
#11737 = VERTEX_POINT ( 'NONE', #11421 ) ;
#11739 = ORIENTED_EDGE ( 'NONE', *, *, #7814, .T. ) ;
#11740 = LINE ( 'NONE', #10622, #2652 ) ;
#11741 = CARTESIAN_POINT ( 'NONE',  ( -297.5999999999999659, 34.00000000000000000, -27.00000000000000355 ) ) ;
#11742 = PLANE ( 'NONE',  #6363 ) ;
#11743 = DIRECTION ( 'NONE',  ( -0.000000000000000000, -1.000000000000000000, -0.000000000000000000 ) ) ;
#11744 =( REPRESENTATION_RELATIONSHIP ('NONE','NONE', #3053, #5586 ) REPRESENTATION_RELATIONSHIP_WITH_TRANSFORMATION ( #5043 )SHAPE_REPRESENTATION_RELATIONSHIP( ) );
#11745 = VECTOR ( 'NONE', #10644, 1000.000000000000000 ) ;
#11746 = LINE ( 'NONE', #5145, #2843 ) ;
#11747 = DATE_TIME_ROLE ( 'creation_date' ) ;
#11748 = APPROVAL ( #11489, 'æœª' ) ;
#11749 = ORIENTED_EDGE ( 'NONE', *, *, #2807, .T. ) ;
#11750 = ORIENTED_EDGE ( 'NONE', *, *, #1432, .T. ) ;
#11751 = VERTEX_POINT ( 'NONE', #5855 ) ;
#11752 = AXIS2_PLACEMENT_3D ( 'NONE', #9628, #6951, #2334 ) ;
#11753 = CARTESIAN_POINT ( 'NONE',  ( 0.000000000000000000, 18.00000000000000000, 18.00000000000000000 ) ) ;
#11754 = EDGE_CURVE ( 'NONE', #2717, #6522, #2777, .T. ) ;
#11755 = FACE_BOUND ( 'NONE', #5846, .T. ) ;
#11756 = DIRECTION ( 'NONE',  ( 0.000000000000000000, 1.000000000000000000, 0.000000000000000000 ) ) ;
#11757 = VERTEX_POINT ( 'NONE', #7036 ) ;
#11758 = VECTOR ( 'NONE', #9999, 1000.000000000000000 ) ;
#11759 = FACE_BOUND ( 'NONE', #8760, .T. ) ;
#11760 =( GEOMETRIC_REPRESENTATION_CONTEXT ( 3 ) GLOBAL_UNCERTAINTY_ASSIGNED_CONTEXT ( ( #1092 ) ) GLOBAL_UNIT_ASSIGNED_CONTEXT ( ( #200, #9675, #5032 ) ) REPRESENTATION_CONTEXT ( 'NONE', 'WORKASPACE' ) );
#11761 = PERSON_AND_ORGANIZATION_ROLE ( 'design_owner' ) ;
#11762 = AXIS2_PLACEMENT_3D ( 'NONE', #2078, #8656, #4803 ) ;
#11763 = ORIENTED_EDGE ( 'NONE', *, *, #11536, .T. ) ;
#11764 = CALENDAR_DATE ( 2026, 29, 7 ) ;
#11765 = ADVANCED_BREP_SHAPE_REPRESENTATION ( '', ( #6918, #2596 ), #11562 ) ;
#11766 = EDGE_LOOP ( 'NONE', ( #3026, #5905, #5196, #4201 ) ) ;
#11767 = EDGE_CURVE ( 'NONE', #4273, #4135, #9583, .T. ) ;
#11768 = VECTOR ( 'NONE', #7746, 1000.000000000000000 ) ;
#11769 = FACE_BOUND ( 'NONE', #4653, .T. ) ;
#11770 = CALENDAR_DATE ( 2026, 29, 7 ) ;
#11771 = LOCAL_TIME ( 1, 42, 14.00000000000000000, #8020 ) ;
#11772 = CARTESIAN_POINT ( 'NONE',  ( -85.00000000000000000, 0.000000000000000000, -60.00000000000000000 ) ) ;
#11773 = CARTESIAN_POINT ( 'NONE',  ( -120.1043392264672747, 0.000000000000000000, 42.74884620746166064 ) ) ;
#11774 = CARTESIAN_POINT ( 'NONE',  ( -50.22628862590825349, 28.00000000000000000, 35.26296589018186012 ) ) ;
#11775 = FACE_BOUND ( 'NONE', #9690, .T. ) ;
#11776 =( NAMED_UNIT ( * ) SI_UNIT ( $, .STERADIAN. ) SOLID_ANGLE_UNIT ( ) );
#11777 = CARTESIAN_POINT ( 'NONE',  ( 85.00000000000000000, 0.000000000000000000, -60.00000000000000000 ) ) ;
#11778 = PERSON_AND_ORGANIZATION ( #2011, #2802 ) ;
#11779 = AXIS2_PLACEMENT_3D ( 'NONE', #4022, #9555, #1351 ) ;
#11780 = COORDINATED_UNIVERSAL_TIME_OFFSET ( 8, 0, .AHEAD. ) ;
#11781 = LOCAL_TIME ( 1, 42, 14.00000000000000000, #1623 ) ;
#11782 = SHAPE_REPRESENTATION ( 'FD-013_sensor_body', ( #2596 ), #11760 ) ;
#11783 = AXIS2_PLACEMENT_3D ( 'NONE', #7460, #1865, #6368 ) ;
#11784 = VERTEX_POINT ( 'NONE', #10491 ) ;
#11785 = CYLINDRICAL_SURFACE ( 'NONE', #5367, 4.500000000000017764 ) ;
#11786 = DIRECTION ( 'NONE',  ( -0.000000000000000000, -1.000000000000000000, -0.000000000000000000 ) ) ;
#11787 = CARTESIAN_POINT ( 'NONE',  ( 85.00000000000000000, 10.00000000000000000, 60.00000000000000000 ) ) ;
#11788 = CYLINDRICAL_SURFACE ( 'NONE', #3314, 7.000000000000033751 ) ;
#11789 = DIRECTION ( 'NONE',  ( -0.000000000000000000, -1.000000000000000000, -0.000000000000000000 ) ) ;
#11790 = EDGE_CURVE ( 'NONE', #8957, #1286, #2018, .T. ) ;
#11791 = FACE_OUTER_BOUND ( 'NONE', #11766, .T. ) ;
#11792 = COORDINATED_UNIVERSAL_TIME_OFFSET ( 8, 0, .AHEAD. ) ;
#11793 = EDGE_CURVE ( 'NONE', #6189, #455, #2160, .T. ) ;
#11794 = CARTESIAN_POINT ( 'NONE',  ( -450.0000000000000000, 8.000000000000000000, 210.0000000000000000 ) ) ;
#11795 = ORIENTED_EDGE ( 'NONE', *, *, #7753, .F. ) ;
#11796 = EDGE_LOOP ( 'NONE', ( #8644, #5737, #7337, #10450 ) ) ;
#11797 = FACE_OUTER_BOUND ( 'NONE', #5386, .T. ) ;
#11798 = FACE_OUTER_BOUND ( 'NONE', #10586, .T. ) ;
#11799 = PLANE ( 'NONE',  #7944 ) ;
#11800 = LINE ( 'NONE', #8315, #8198 ) ;
#11801 = CC_DESIGN_DATE_AND_TIME_ASSIGNMENT ( #6989, #9903, ( #11274 ) ) ;
#11802 = VECTOR ( 'NONE', #9031, 1000.000000000000000 ) ;
#11803 = CC_DESIGN_PERSON_AND_ORGANIZATION_ASSIGNMENT ( #147, #2202, ( #9725 ) ) ;
#11804 = AXIS2_PLACEMENT_3D ( 'NONE', #845, #4529, #8366 ) ;
#11805 = ADVANCED_FACE ( 'NONE', ( #5915 ), #11614, .F. ) ;
#11806 = DIRECTION ( 'NONE',  ( 0.000000000000000000, 0.000000000000000000, -1.000000000000000000 ) ) ;
#11807 = PERSON_AND_ORGANIZATION ( #2011, #2802 ) ;
#11808 = VERTEX_POINT ( 'NONE', #2351 ) ;
#11809 = ORIENTED_EDGE ( 'NONE', *, *, #9767, .F. ) ;
#11810 = ORIENTED_EDGE ( 'NONE', *, *, #776, .T. ) ;
#11812 = AXIS2_PLACEMENT_3D ( 'NONE', #3460, #8937, #795 ) ;
#11811 = CARTESIAN_POINT ( 'NONE',  ( 2.449293598294706434E-14, 130.0000000000000000, 200.0000000000000000 ) ) ;
#11813 = ADVANCED_FACE ( 'NONE', ( #8729 ), #2222, .F. ) ;
#11814 = CARTESIAN_POINT ( 'NONE',  ( 165.0000000000000000, 14.00000000000000000, 165.0000000000000000 ) ) ;
#11815 = CC_DESIGN_PERSON_AND_ORGANIZATION_ASSIGNMENT ( #5177, #8842, ( #4114 ) ) ;
#11816 = CC_DESIGN_PERSON_AND_ORGANIZATION_ASSIGNMENT ( #5828, #9561, ( #5625 ) ) ;
#11817 = CYLINDRICAL_SURFACE ( 'NONE', #11032, 4.219723183390904353 ) ;
#11818 = VERTEX_POINT ( 'NONE', #2282 ) ;
#11819 = VECTOR ( 'NONE', #11415, 1000.000000000000000 ) ;
#11820 = DIRECTION ( 'NONE',  ( 0.000000000000000000, 0.000000000000000000, 1.000000000000000000 ) ) ;
#11821 = PERSON_AND_ORGANIZATION ( #2011, #2802 ) ;
#11822 = CIRCLE ( 'NONE', #6542, 5.612716763005752618 ) ;
#11823 = ORIENTED_EDGE ( 'NONE', *, *, #8276, .T. ) ;
#11824 = SECURITY_CLASSIFICATION_LEVEL ( 'unclassified' ) ;
#11825 = EDGE_CURVE ( 'NONE', #3220, #8062, #5983, .T. ) ;
#11826 = ORIENTED_EDGE ( 'NONE', *, *, #11960, .F. ) ;
#11827 = VECTOR ( 'NONE', #67, 1000.000000000000000 ) ;
#11828 = CARTESIAN_POINT ( 'NONE',  ( 27.50000000000000000, 85.00000000000000000, 21.00000000000000000 ) ) ;
#11829 = VECTOR ( 'NONE', #2726, 1000.000000000000000 ) ;
#11831 = FACE_OUTER_BOUND ( 'NONE', #10030, .T. ) ;
#11830 = CC_DESIGN_PERSON_AND_ORGANIZATION_ASSIGNMENT ( #5116, #5969, ( #7581 ) ) ;
#11832 = CARTESIAN_POINT ( 'NONE',  ( 297.5999999999999659, 34.00000000000000000, 27.00000000000000000 ) ) ;
#11833 = DIRECTION ( 'NONE',  ( 0.000000000000000000, -1.000000000000000000, 0.000000000000000000 ) ) ;
#11834 = CYLINDRICAL_SURFACE ( 'NONE', #3409, 4.219723183390898136 ) ;
#11835 = EDGE_CURVE ( 'NONE', #7974, #4298, #6049, .T. ) ;
#11836 = ORIENTED_EDGE ( 'NONE', *, *, #6720, .T. ) ;
#11837 = CALENDAR_DATE ( 2026, 29, 7 ) ;
#11838 = VECTOR ( 'NONE', #284, 1000.000000000000000 ) ;
#11839 = APPROVAL_ROLE ( '' ) ;
#11840 = CIRCLE ( 'NONE', #2498, 4.500000000000017764 ) ;
#11841 = CARTESIAN_POINT ( 'NONE',  ( 105.0000000000000000, 0.000000000000000000, -105.0000000000000000 ) ) ;
#11842 = DIRECTION ( 'NONE',  ( -1.000000000000000000, 0.000000000000000000, -0.000000000000000000 ) ) ;
#11843 = DIRECTION ( 'NONE',  ( 0.000000000000000000, 0.000000000000000000, -1.000000000000000000 ) ) ;
#11844 = CIRCLE ( 'NONE', #771, 2.480694691784170125 ) ;
#11845 = CARTESIAN_POINT ( 'NONE',  ( 280.0000000000000000, 0.000000000000000000, -38.00000000000000000 ) ) ;
#11846 = CARTESIAN_POINT ( 'NONE',  ( -170.0000000000000000, 10.00000000000000000, -65.00000000000000000 ) ) ;
#11847 = VECTOR ( 'NONE', #939, 1000.000000000000000 ) ;
#11848 = DIRECTION ( 'NONE',  ( 0.000000000000000000, 0.000000000000000000, -1.000000000000000000 ) ) ;
#11849 = DIRECTION ( 'NONE',  ( 0.000000000000000000, 0.000000000000000000, -1.000000000000000000 ) ) ;
#11850 = EDGE_CURVE ( 'NONE', #6574, #2404, #1998, .T. ) ;
#11851 = PERSON_AND_ORGANIZATION ( #2011, #2802 ) ;
#11852 = CARTESIAN_POINT ( 'NONE',  ( -51.28027681660898907, 72.00000000000000000, 27.34948096885812774 ) ) ;
#11853 = VECTOR ( 'NONE', #11659, 1000.000000000000000 ) ;
#11854 = ORIENTED_EDGE ( 'NONE', *, *, #4752, .T. ) ;
#11855 = EDGE_LOOP ( 'NONE', ( #7564, #6722, #164, #6850 ) ) ;
#11856 = CARTESIAN_POINT ( 'NONE',  ( 0.000000000000000000, 12.00000000000000000, 0.000000000000000000 ) ) ;
#11857 = ADVANCED_FACE ( 'NONE', ( #10117 ), #2528, .T. ) ;
#11858 = CARTESIAN_POINT ( 'NONE',  ( -450.0000000000000000, 0.000000000000000000, 210.0000000000000000 ) ) ;
#11859 = DIRECTION ( 'NONE',  ( 0.000000000000000000, 1.000000000000000000, 0.000000000000000000 ) ) ;
#11860 = ADVANCED_FACE ( 'NONE', ( #11791 ), #11733, .F. ) ;
#11861 = CARTESIAN_POINT ( 'NONE',  ( -280.0000000000000000, 12.00000000000000000, 13.00000000000000000 ) ) ;
#11863 = EDGE_CURVE ( 'NONE', #2513, #2657, #2786, .T. ) ;
#11862 = APPROVAL_PERSON_ORGANIZATION ( #9066, #1469, #5159 ) ;
#11864 = CIRCLE ( 'NONE', #6583, 6.000000000000000888 ) ;
#11865 =( NAMED_UNIT ( * ) PLANE_ANGLE_UNIT ( ) SI_UNIT ( $, .RADIAN. ) );
#11866 = ORIENTED_EDGE ( 'NONE', *, *, #10536, .T. ) ;
#11867 = EDGE_CURVE ( 'NONE', #10125, #104, #8190, .T. ) ;
#11868 = LINE ( 'NONE', #6245, #7926 ) ;
#11869 = DATE_AND_TIME ( #8036, #2531 ) ;
#11871 = ORIENTED_EDGE ( 'NONE', *, *, #10948, .F. ) ;
#11870 = ORIENTED_EDGE ( 'NONE', *, *, #3749, .F. ) ;
#11872 = CC_DESIGN_APPROVAL ( #9399, ( #439 ) ) ;
#11873 = CC_DESIGN_SECURITY_CLASSIFICATION ( #608, ( #2118 ) ) ;
#11874 = ORIENTED_EDGE ( 'NONE', *, *, #3607, .T. ) ;
#11875 = EDGE_LOOP ( 'NONE', ( #7784, #4495 ) ) ;
#11876 = DIRECTION ( 'NONE',  ( 0.000000000000000000, 1.000000000000000000, 0.000000000000000000 ) ) ;
#11877 = EDGE_CURVE ( 'NONE', #7181, #247, #9195, .T. ) ;
#11878 = CARTESIAN_POINT ( 'NONE',  ( -105.0000000000000000, 90.00000000000000000, 105.0000000000000000 ) ) ;
#11879 = ORGANIZATION ( 'NAUO-ORG21', 'UNSPECIFIED', 'UNSPECIFIED' ) ;
#11880 = CARTESIAN_POINT ( 'NONE',  ( -46.15384615384615330, 0.000000000000000000, -69.23076923076924061 ) ) ;
#11881 = CC_DESIGN_APPROVAL ( #11283, ( #6579 ) ) ;
#11882 = CARTESIAN_POINT ( 'NONE',  ( -51.28027681660898907, 72.00000000000000000, 27.34948096885812774 ) ) ;
#11883 = CALENDAR_DATE ( 2026, 29, 7 ) ;
#11884 = ORIENTED_EDGE ( 'NONE', *, *, #10566, .T. ) ;
#11885 = DATE_AND_TIME ( #11011, #4464 ) ;
#11886 = PRODUCT_DEFINITION_SHAPE ( 'NONE', 'NONE',  #12019 ) ;
#11887 = APPLICATION_CONTEXT ( 'configuration controlled 3d designs of mechanical parts and assemblies' ) ;
#11888 = ORIENTED_EDGE ( 'NONE', *, *, #3749, .T. ) ;
#11889 = APPROVAL ( #8461, 'æœª' ) ;
#11890 = ORGANIZATION ( 'NAUO-ORG4', 'UNSPECIFIED', 'UNSPECIFIED' ) ;
#11891 = PERSON_AND_ORGANIZATION_ROLE ( 'classification_officer' ) ;
#11892 = DIRECTION ( 'NONE',  ( 0.000000000000000000, 0.000000000000000000, 1.000000000000000000 ) ) ;
#11893 = DIRECTION ( 'NONE',  ( 0.000000000000000000, 0.000000000000000000, 1.000000000000000000 ) ) ;
#11894 = FACE_OUTER_BOUND ( 'NONE', #6262, .T. ) ;
#11895 = DIRECTION ( 'NONE',  ( 0.000000000000000000, 0.000000000000000000, -1.000000000000000000 ) ) ;
#11896 = ORIENTED_EDGE ( 'NONE', *, *, #7392, .F. ) ;
#11897 = DIRECTION ( 'NONE',  ( 0.000000000000000000, 0.000000000000000000, -1.000000000000000000 ) ) ;
#11898 = EDGE_LOOP ( 'NONE', ( #6181, #6303 ) ) ;
#11899 = APPROVAL_STATUS ( 'not_yet_approved' ) ;
#11900 = CC_DESIGN_APPROVAL ( #8511, ( #5606 ) ) ;
#11901 = VECTOR ( 'NONE', #11743, 1000.000000000000000 ) ;
#11902 = PERSON_AND_ORGANIZATION ( #2011, #2802 ) ;
#11903 = ADVANCED_FACE ( 'NONE', ( #3562 ), #9997, .T. ) ;
#11904 = ORIENTED_EDGE ( 'NONE', *, *, #11035, .T. ) ;
#11905 = DIRECTION ( 'NONE',  ( 1.000000000000000000, -0.000000000000000000, 0.000000000000000000 ) ) ;
#11906 = CARTESIAN_POINT ( 'NONE',  ( 0.000000000000000000, 0.000000000000000000, 0.000000000000000000 ) ) ;
#11907 = CARTESIAN_POINT ( 'NONE',  ( -57.50000000000000000, 22.00000000000000000, 54.00000000000000000 ) ) ;
#11908 = CIRCLE ( 'NONE', #6053, 5.612716763005752618 ) ;
#11909 = DIRECTION ( 'NONE',  ( 0.000000000000000000, 1.000000000000000000, 0.000000000000000000 ) ) ;
#11910 = EDGE_CURVE ( 'NONE', #6823, #10704, #7149, .T. ) ;
#11911 = CARTESIAN_POINT ( 'NONE',  ( 297.5999999999999659, 12.00000000000000000, 39.00000000000000711 ) ) ;
#11912 = CARTESIAN_POINT ( 'NONE',  ( 0.000000000000000000, 60.00000000000000000, 0.000000000000000000 ) ) ;
#11913 = CARTESIAN_POINT ( 'NONE',  ( -52.50000000000000000, 0.000000000000000000, 30.00000000000000000 ) ) ;
#11914 = DATE_AND_TIME ( #4465, #11973 ) ;
#11915 = DIRECTION ( 'NONE',  ( 0.000000000000000000, 0.000000000000000000, -1.000000000000000000 ) ) ;
#11916 = CIRCLE ( 'NONE', #7048, 4.915704387990771806 ) ;
#11917 = ORIENTED_EDGE ( 'NONE', *, *, #9061, .T. ) ;
#11918 = PERSON ( 'NAUO-PER11', 'UNSPECIFIED', 'UNSPECIFIED', ('UNSPECIFIED'), ('UNSPECIFIED'), ('UNSPECIFIED') ) ;
#11919 = ORIENTED_EDGE ( 'NONE', *, *, #3631, .F. ) ;
#11920 = CYLINDRICAL_SURFACE ( 'NONE', #1501, 6.999999999999992006 ) ;
#11921 = ADVANCED_FACE ( 'NONE', ( #8243 ), #4522, .F. ) ;
#11922 = CYLINDRICAL_SURFACE ( 'NONE', #4124, 7.000000000000020428 ) ;
#11923 = CLOSED_SHELL ( 'NONE', ( #6576, #11256, #10107, #7490, #2002, #1007, #3004, #7715, #11150, #4189, #9979, #7985, #9771, #8486, #10930 ) ) ;
#11924 = LINE ( 'NONE', #11055, #5765 ) ;
#11925 = DIRECTION ( 'NONE',  ( 0.000000000000000000, 0.000000000000000000, -1.000000000000000000 ) ) ;
#11926 = ORIENTED_EDGE ( 'NONE', *, *, #8398, .T. ) ;
#11927 = EDGE_LOOP ( 'NONE', ( #8354, #7114 ) ) ;
#11928 = CARTESIAN_POINT ( 'NONE',  ( 0.000000000000000000, 12.00000000000000000, -39.00000000000000000 ) ) ;
#11929 = SHAPE_DEFINITION_REPRESENTATION ( #8184, #189 ) ;
#11930 = ADVANCED_FACE ( 'NONE', ( #6166 ), #4405, .F. ) ;
#11931 = ORIENTED_EDGE ( 'NONE', *, *, #5875, .T. ) ;
#11932 = EDGE_CURVE ( 'NONE', #2119, #11066, #6281, .T. ) ;
#11933 = EDGE_LOOP ( 'NONE', ( #4728, #1038, #7949, #8679 ) ) ;
#11934 = ORIENTED_EDGE ( 'NONE', *, *, #9153, .T. ) ;
#11935 = DIRECTION ( 'NONE',  ( -0.000000000000000000, -1.000000000000000000, -0.000000000000000000 ) ) ;
#11936 = AXIS2_PLACEMENT_3D ( 'NONE', #8638, #7604, #7724 ) ;
#11937 = DIRECTION ( 'NONE',  ( -0.000000000000000000, -1.000000000000000000, -0.000000000000000000 ) ) ;
#11938 = VERTEX_POINT ( 'NONE', #5254 ) ;
#11939 = DIRECTION ( 'NONE',  ( 0.000000000000000000, 1.000000000000000000, 0.000000000000000000 ) ) ;
#11940 = APPROVAL_STATUS ( 'not_yet_approved' ) ;
#11941 = ADVANCED_FACE ( 'NONE', ( #10860 ), #2639, .F. ) ;
#11942 = ORIENTED_EDGE ( 'NONE', *, *, #7679, .F. ) ;
#11943 = APPROVAL_DATE_TIME ( #3370, #10148 ) ;
#11944 = VECTOR ( 'NONE', #5480, 1000.000000000000000 ) ;
#11945 = EDGE_CURVE ( 'NONE', #247, #7181, #11153, .T. ) ;
#11946 = ORIENTED_EDGE ( 'NONE', *, *, #8576, .F. ) ;
#11947 = DESIGN_CONTEXT ( 'detailed design', #11979, 'design' ) ;
#11948 = LINE ( 'NONE', #3720, #193 ) ;
#11949 = CIRCLE ( 'NONE', #7080, 7.500000000000000000 ) ;
#11950 = CARTESIAN_POINT ( 'NONE',  ( 35.00000000000000000, 26.00000000000000000, 10.00000000000000000 ) ) ;
#11951 =( GEOMETRIC_REPRESENTATION_CONTEXT ( 3 ) GLOBAL_UNCERTAINTY_ASSIGNED_CONTEXT ( ( #1605 ) ) GLOBAL_UNIT_ASSIGNED_CONTEXT ( ( #2143, #6267, #6150 ) ) REPRESENTATION_CONTEXT ( 'NONE', 'WORKASPACE' ) );
#11952 = FACE_OUTER_BOUND ( 'NONE', #1278, .T. ) ;
#11953 = VECTOR ( 'NONE', #10661, 1000.000000000000000 ) ;
#11954 = DIRECTION ( 'NONE',  ( 0.000000000000000000, 0.000000000000000000, -1.000000000000000000 ) ) ;
#11955 = APPROVAL ( #903, 'æœª' ) ;
#11956 = DIRECTION ( 'NONE',  ( 0.000000000000000000, 1.000000000000000000, 0.000000000000000000 ) ) ;
#11957 = APPROVAL ( #919, 'UNKNOWN' ) ;
#11958 = VERTEX_POINT ( 'NONE', #9151 ) ;
#11959 = PERSON_AND_ORGANIZATION ( #2011, #2802 ) ;
#11960 = EDGE_CURVE ( 'NONE', #272, #6044, #6276, .T. ) ;
#11961 = PERSON_AND_ORGANIZATION ( #2011, #2802 ) ;
#11962 = CIRCLE ( 'NONE', #6884, 3.090475378041975141 ) ;
#11963 = CIRCLE ( 'NONE', #9778, 5.653846153846162181 ) ;
#11964 = CARTESIAN_POINT ( 'NONE',  ( -40.00000000000000000, 60.00000000000000000, 20.00000000000000000 ) ) ;
#11965 = CYLINDRICAL_SURFACE ( 'NONE', #7141, 5.500000000000018652 ) ;
#11966 = CARTESIAN_POINT ( 'NONE',  ( -297.5999999999999659, 12.00000000000000000, 27.00000000000000000 ) ) ;
#11967 = VERTEX_POINT ( 'NONE', #7324 ) ;
#11968 = PLANE ( 'NONE',  #9603 ) ;
#11969 = CARTESIAN_POINT ( 'NONE',  ( -40.00000000000000000, 60.00000000000000000, -17.51930530821583076 ) ) ;
#11970 = VECTOR ( 'NONE', #10321, 1000.000000000000000 ) ;
#11971 = CARTESIAN_POINT ( 'NONE',  ( 0.000000000000000000, 22.00000000000000000, 0.000000000000000000 ) ) ;
#11972 = ADVANCED_FACE ( 'NONE', ( #4307 ), #8019, .F. ) ;
#11973 = LOCAL_TIME ( 1, 42, 14.00000000000000000, #8132 ) ;
#11974 = FACE_BOUND ( 'NONE', #8674, .T. ) ;
#11975 = ORIENTED_EDGE ( 'NONE', *, *, #5753, .T. ) ;
#11976 = COORDINATED_UNIVERSAL_TIME_OFFSET ( 8, 0, .AHEAD. ) ;
#11977 = AXIS2_PLACEMENT_3D ( 'NONE', #8493, #3754, #7412 ) ;
#11978 = DIRECTION ( 'NONE',  ( 0.000000000000000000, 0.000000000000000000, 1.000000000000000000 ) ) ;
#11979 = APPLICATION_CONTEXT ( 'configuration controlled 3d designs of mechanical parts and assemblies' ) ;
#11980 = ORIENTED_EDGE ( 'NONE', *, *, #9094, .F. ) ;
#11981 = EDGE_CURVE ( 'NONE', #5055, #5697, #8983, .T. ) ;
#11982 = ORIENTED_EDGE ( 'NONE', *, *, #11945, .T. ) ;
#11983 = DIRECTION ( 'NONE',  ( -0.000000000000000000, -1.000000000000000000, -0.000000000000000000 ) ) ;
#11984 = APPROVAL_PERSON_ORGANIZATION ( #2686, #11133, #4397 ) ;
#11985 = CARTESIAN_POINT ( 'NONE',  ( -18.12278137398203626, 85.00000000000000000, 13.83921486740446660 ) ) ;
#11986 = DIRECTION ( 'NONE',  ( -0.000000000000000000, -1.000000000000000000, -0.000000000000000000 ) ) ;
#11987 = ORIENTED_EDGE ( 'NONE', *, *, #9869, .F. ) ;
#11988 = DIRECTION ( 'NONE',  ( 0.000000000000000000, -0.000000000000000000, -1.000000000000000000 ) ) ;
#11989 = PRODUCT_DEFINITION_SHAPE ( 'NONE', 'NONE',  #12033 ) ;
#11990 = CARTESIAN_POINT ( 'NONE',  ( -51.28027681660898907, 0.000000000000000000, -24.25900559081614460 ) ) ;
#11991 = EDGE_CURVE ( 'NONE', #7758, #1560, #10227, .T. ) ;
#11992 = DATE_AND_TIME ( #850, #8361 ) ;
#11994 = ORIENTED_EDGE ( 'NONE', *, *, #4683, .F. ) ;
#11993 = ORIENTED_EDGE ( 'NONE', *, *, #6834, .T. ) ;
#11995 = VERTEX_POINT ( 'NONE', #5652 ) ;
#11996 = EDGE_LOOP ( 'NONE', ( #10808, #8516, #3955, #6212 ) ) ;
#11997 = CARTESIAN_POINT ( 'NONE',  ( 120.1043392264672747, 14.00000000000000000, -49.74884620746167485 ) ) ;
#11998 = LINE ( 'NONE', #11131, #2084 ) ;
#11999 = VECTOR ( 'NONE', #1513, 1000.000000000000000 ) ;
#12000 = CARTESIAN_POINT ( 'NONE',  ( -52.50000000000000000, 0.000000000000000000, -30.00000000000000000 ) ) ;
#12001 = EDGE_CURVE ( 'NONE', #8277, #6126, #10289, .T. ) ;
#12002 = CARTESIAN_POINT ( 'NONE',  ( 0.000000000000000000, 170.0000000000000000, -10.00000000000000000 ) ) ;
#12003 = CALENDAR_DATE ( 2026, 29, 7 ) ;
#12004 = EDGE_LOOP ( 'NONE', ( #7911, #3423, #9963, #3638, #11406, #307 ) ) ;
#12005 = PERSON_AND_ORGANIZATION ( #2873, #799 ) ;
#12006 = AXIS2_PLACEMENT_3D ( 'NONE', #4880, #5858, #5919 ) ;
#12007 = ORIENTED_EDGE ( 'NONE', *, *, #6640, .T. ) ;
#12008 = DIRECTION ( 'NONE',  ( 1.000000000000000000, 0.000000000000000000, 0.000000000000000000 ) ) ;
#12009 = VECTOR ( 'NONE', #11356, 1000.000000000000000 ) ;
#12010 = EDGE_CURVE ( 'NONE', #2255, #4900, #3756, .T. ) ;
#12011 = DIRECTION ( 'NONE',  ( 0.000000000000000000, 0.000000000000000000, -1.000000000000000000 ) ) ;
#12012 = DIRECTION ( 'NONE',  ( 0.000000000000000000, 0.000000000000000000, 1.000000000000000000 ) ) ;
#12013 = CIRCLE ( 'NONE', #158, 4.500000000000017764 ) ;
#12014 = EDGE_CURVE ( 'NONE', #2077, #3290, #11348, .T. ) ;
#12015 = CARTESIAN_POINT ( 'NONE',  ( 110.0000000000000000, 758.0000000000000000, 0.000000000000000000 ) ) ;
#12016 = DIRECTION ( 'NONE',  ( 0.000000000000000000, -1.000000000000000000, 6.123233995736766036E-17 ) ) ;
#12017 = NEXT_ASSEMBLY_USAGE_OCCURRENCE ( 'NAUO1', ' ', ' ', #7635, #804, $ ) ;
#12018 = NEXT_ASSEMBLY_USAGE_OCCURRENCE ( 'NAUO2', ' ', ' ', #7635, #2788, $ ) ;
#12019 = NEXT_ASSEMBLY_USAGE_OCCURRENCE ( 'NAUO3', ' ', ' ', #7635, #8026, $ ) ;
#12020 = NEXT_ASSEMBLY_USAGE_OCCURRENCE ( 'NAUO4', ' ', ' ', #8026, #6964, $ ) ;
#12021 = NEXT_ASSEMBLY_USAGE_OCCURRENCE ( 'NAUO5', ' ', ' ', #8026, #8748, $ ) ;
#12022 = NEXT_ASSEMBLY_USAGE_OCCURRENCE ( 'NAUO6', ' ', ' ', #8026, #6215, $ ) ;
#12023 = NEXT_ASSEMBLY_USAGE_OCCURRENCE ( 'NAUO7', ' ', ' ', #8026, #4431, $ ) ;
#12024 = NEXT_ASSEMBLY_USAGE_OCCURRENCE ( 'NAUO8', ' ', ' ', #8026, #9259, $ ) ;
#12025 = NEXT_ASSEMBLY_USAGE_OCCURRENCE ( 'NAUO9', ' ', ' ', #8026, #9259, $ ) ;
#12026 = NEXT_ASSEMBLY_USAGE_OCCURRENCE ( 'NAUO10', ' ', ' ', #2788, #11047, $ ) ;
#12027 = NEXT_ASSEMBLY_USAGE_OCCURRENCE ( 'NAUO11', ' ', ' ', #2788, #2035, $ ) ;
#12028 = NEXT_ASSEMBLY_USAGE_OCCURRENCE ( 'NAUO12', ' ', ' ', #2788, #2035, $ ) ;
#12029 = NEXT_ASSEMBLY_USAGE_OCCURRENCE ( 'NAUO13', ' ', ' ', #2788, #2035, $ ) ;
#12030 = NEXT_ASSEMBLY_USAGE_OCCURRENCE ( 'NAUO14', ' ', ' ', #2788, #3250, $ ) ;
#12031 = NEXT_ASSEMBLY_USAGE_OCCURRENCE ( 'NAUO15', ' ', ' ', #2788, #5239, $ ) ;
#12032 = NEXT_ASSEMBLY_USAGE_OCCURRENCE ( 'NAUO16', ' ', ' ', #2788, #10440, $ ) ;
#12033 = NEXT_ASSEMBLY_USAGE_OCCURRENCE ( 'NAUO17', ' ', ' ', #2788, #5740, $ ) ;
#12034 = NEXT_ASSEMBLY_USAGE_OCCURRENCE ( 'NAUO18', ' ', ' ', #2788, #5740, $ ) ;
#12035 = NEXT_ASSEMBLY_USAGE_OCCURRENCE ( 'NAUO19', ' ', ' ', #2788, #8662, $ ) ;
#12036 = NEXT_ASSEMBLY_USAGE_OCCURRENCE ( 'NAUO20', ' ', ' ', #2788, #8662, $ ) ;
#12037 = NEXT_ASSEMBLY_USAGE_OCCURRENCE ( 'NAUO21', ' ', ' ', #2788, #8662, $ ) ;
#12038 = NEXT_ASSEMBLY_USAGE_OCCURRENCE ( 'NAUO22', ' ', ' ', #804, #11444, $ ) ;
#12039 = NEXT_ASSEMBLY_USAGE_OCCURRENCE ( 'NAUO23', ' ', ' ', #804, #672, $ ) ;
#12040 = NEXT_ASSEMBLY_USAGE_OCCURRENCE ( 'NAUO24', ' ', ' ', #804, #672, $ ) ;
#12041 = NEXT_ASSEMBLY_USAGE_OCCURRENCE ( 'NAUO25', ' ', ' ', #804, #672, $ ) ;
#12042 = NEXT_ASSEMBLY_USAGE_OCCURRENCE ( 'NAUO26', ' ', ' ', #804, #672, $ ) ;
#12043 = NEXT_ASSEMBLY_USAGE_OCCURRENCE ( 'NAUO27', ' ', ' ', #804, #3190, $ ) ;
#12044 = NEXT_ASSEMBLY_USAGE_OCCURRENCE ( 'NAUO28', ' ', ' ', #804, #6579, $ ) ;
#12045 = NEXT_ASSEMBLY_USAGE_OCCURRENCE ( 'NAUO29', ' ', ' ', #804, #2571, $ ) ;
ENDSEC;
END-ISO-10303-21;
